pair_key,in_reference,in_dataset,reference_magnitude,dataset_magnitude
immune|nerve|A2M|LRP1,True,True,0.85021454,0.86583877
immune|nerve|ACTR2|LDLR,True,True,0.74804884,0.8213612
immune|nerve|ACTR2|LRP2,True,True,0.85586095,0.9335198
immune|nerve|ADAM10|CADM1,True,True,0.89509314,0.90573
immune|nerve|ADAM10|CD44,True,True,0.87095875,0.8567481
immune|nerve|ADAM10|IL6R,True,True,0.75957865,0.79815775
immune|nerve|ADAM10|MET,True,True,0.7801036,0.7773423
immune|nerve|ADAM10|NOTCH1,True,True,0.83855736,0.765509
immune|nerve|ADAM10|NOTCH2,True,True,0.8007035,0.71480477
immune|nerve|ADAM10|NRCAM,True,True,0.9012451,0.8828332
immune|nerve|ADAM10|TSPAN14,True,True,0.7396066,0.7546089
immune|nerve|ADAM10|TSPAN15,True,True,0.7794554,0.86129314
immune|nerve|ADAM10|TSPAN5,True,True,0.87261313,0.8927818
immune|nerve|ADAM17|ERBB4,True,True,0.89231455,0.9093776
immune|nerve|ADAM17|IL6R,True,True,0.7461148,0.7890457
immune|nerve|ADAM17|ITGB1,True,True,0.7988229,0.86650115
immune|nerve|ADAM17|MET,True,True,0.7674372,0.76756424
immune|nerve|ADAM17|NOTCH1,True,True,0.828518,0.7553748
immune|nerve|ADAM9|ITGA6,True,True,0.77566296,0.67429763
immune|nerve|ADAM9|ITGAV,True,True,0.86453396,0.85726744
immune|nerve|ADAM9|ITGB1,True,True,0.8034847,0.8654707
immune|nerve|ADAM9|ITGB5,True,True,0.7229344,0.7040715
immune|nerve|ADM|CALCRL,True,True,0.71267533,0.76165426
immune|nerve|ADM|RAMP1,True,True,0.7298642,0.76293266
immune|nerve|AFDN|EPHB2,True,True,0.7817652,0.72133374
immune|nerve|ALCAM|CHL1,True,True,0.9005219,0.7919423
immune|nerve|ANGPTL4|CDH11,True,True,0.73503536,0.77865547
immune|nerve|ANGPTL4|SDC2,True,True,0.60200727,0.55888325
immune|nerve|ANGPTL4|SDC3,True,True,0.6970046,0.6913585
immune|nerve|ANOS1|FGFR1,True,True,0.8379365,0.7555343
immune|nerve|ANXA1|DYSF,True,True,0.7252969,0.8877553
immune|nerve|ANXA1|EGFR,True,True,0.8850226,0.9037046
immune|nerve|ANXA1|GRM7,True,True,0.8731006,0.8347844
immune|nerve|APOC1|VLDLR,True,True,0.7026184,0.89736766
immune|nerve|APOE|ABCA1,True,True,0.90293384,0.95834893
immune|nerve|APOE|LDLR,True,True,0.7966844,0.8794074
immune|nerve|APOE|LRP1,True,True,0.8698183,0.9147625
immune|nerve|APOE|LRP2,True,True,0.8868333,0.95702827
immune|nerve|APOE|LRP4,True,True,0.8622789,0.9381011
immune|nerve|APOE|LRP5,True,True,0.81038547,0.88995993
immune|nerve|APOE|LRP6,True,True,0.8860219,0.95280504
immune|nerve|APOE|LRP8,True,True,0.8565143,0.8639354
immune|nerve|APOE|SCARB1,True,True,0.8519441,0.9265231
immune|nerve|APOE|SDC2,True,True,0.8002326,0.82818264
immune|nerve|APOE|SORL1,True,True,0.8763053,0.9480819
immune|nerve|APOE|VLDLR,True,True,0.781339,0.91100043
immune|nerve|APP|DCC,True,True,0.88378584,0.87190187
immune|nerve|APP|LRP6,True,True,0.8539782,0.859663
immune|nerve|APP|TSPAN15,True,True,0.768731,0.8330082
immune|nerve|ARF1|CHRM3,True,True,0.8174961,0.8446949
immune|nerve|ARF1|INSR,True,True,0.7887486,0.91442394
immune|nerve|ARF6|PLD1,True,True,0.75103164,0.90993464
immune|nerve|ARF6|SMAP1,True,True,0.6892966,0.8541049
immune|nerve|ARPC5|LDLR,True,True,0.67870146,0.8249299
immune|nerve|ARPC5|LRP2,True,True,0.80859506,0.93502516
immune|nerve|BSG|SLC16A1,True,True,0.6809776,0.8125464
immune|nerve|BSG|SLC16A7,True,True,0.69713724,0.8321229
immune|nerve|C1QB|LRP1,True,True,0.8027368,0.9054363
immune|nerve|C3|CD46,True,True,0.86435074,0.91356635
immune|nerve|C3|CD81,True,True,0.8279407,0.9322955
immune|nerve|C3|GRM7,True,True,0.9126314,0.8369494
immune|nerve|C3|LRP1,True,True,0.8739828,0.88007593
immune|nerve|CALM1|CACNA1C,True,True,0.90288544,0.8679828
immune|nerve|CALM1|GRM3,True,True,0.87509894,0.9446046
immune|nerve|CALM1|GRM5,True,True,0.8936781,0.8366254
immune|nerve|CALM1|GRM7,True,True,0.8914922,0.8468171
immune|nerve|CALM1|INSR,True,True,0.87217396,0.94035244
immune|nerve|CALM1|KCNQ3,True,True,0.89874756,0.8356722
immune|nerve|CALM1|KCNQ5,True,True,0.8986304,0.898639
immune|nerve|CALM1|PDE1A,True,True,0.86256295,0.9436099
immune|nerve|CALM1|PDE1C,True,True,0.88851154,0.95218015
immune|nerve|CALM1|PTPRA,True,True,0.88510686,0.9342125
immune|nerve|CALM1|RYR2,True,True,0.90605307,0.9168959
immune|nerve|CALM3|AR,True,True,0.63517755,0.7751195
immune|nerve|CALM3|CACNA1C,True,True,0.79959756,0.7955213
immune|nerve|CALM3|EGFR,True,True,0.7977631,0.85867214
immune|nerve|CALM3|GRM5,True,True,0.7829517,0.75187254
immune|nerve|CALM3|GRM7,True,True,0.779052,0.7658716
immune|nerve|CALM3|INSR,True,True,0.745432,0.9031823
immune|nerve|CALM3|KCNQ3,True,True,0.7920723,0.75057214
immune|nerve|CALM3|KCNQ5,True,True,0.7918601,0.8399004
immune|nerve|CALM3|PDE1A,True,True,0.7292496,0.9082717
immune|nerve|CALM3|PDE1C,True,True,0.7737667,0.9217674
immune|nerve|CALM3|RYR2,True,True,0.80540806,0.8671733
immune|nerve|CALR|ITGAV,True,True,0.80295146,0.9016478
immune|nerve|CCL5|GRM7,True,True,0.8857715,0.86934686
immune|nerve|CD14|ITGB1,True,True,0.7739767,0.92731786
immune|nerve|CD14|RIPK1,True,True,0.73274446,0.8795769
immune|nerve|CD47|SIRPA,True,True,0.785347,0.80444735
immune|nerve|CD55|ADGRE2,True,True,0.63727844,0.819207
immune|nerve|CD55|ADGRE5,True,True,0.65291864,0.82899946
immune|nerve|CD96|NECTIN1,True,True,0.7868919,0.8673761
immune|nerve|CD99|CD81,True,True,0.74780625,0.9242484
immune|nerve|CD99|CD99L2,True,True,0.7560319,0.88593256
immune|nerve|CD99|PILRA,True,True,0.6797819,0.7619253
immune|nerve|CXCL16|GRM7,True,True,0.76439506,0.7902962
immune|nerve|CXCL8|GRM7,True,True,0.86852753,0.8396497
immune|nerve|CXCL8|SDC2,True,True,0.72448987,0.77076745
immune|nerve|CXCL8|SDC3,True,True,0.799966,0.85600483
immune|nerve|ENTPD1|ADORA1,True,True,0.7635863,0.80399334
immune|nerve|F13A1|ITGB1,True,True,0.78945214,0.8545127
immune|nerve|FAM3C|LAMP1,True,True,0.65481734,0.8581483
immune|nerve|FAM3C|LIFR,True,True,0.75187874,0.8070413
immune|nerve|FARP2|PLXNA2,True,True,0.7970226,0.5361005
immune|nerve|FARP2|PLXNA3,True,True,0.7000762,0.6382718
immune|nerve|FN1|CD44,True,True,0.83226424,0.87501556
immune|nerve|FN1|ITGA2,True,True,0.79413664,0.8884602
immune|nerve|FN1|ITGA6,True,True,0.7263091,0.7210583
immune|nerve|FN1|ITGAV_ITGB1,True,True,0.75834465,0.882343
immune|nerve|FN1|ITGAV_ITGB8,True,True,0.82885295,0.882343
immune|nerve|FN1|MAG,True,True,0.7996982,0.93124783
immune|nerve|FN1|NT5E,True,True,0.67273206,0.71822757
immune|nerve|FN1|SDC2,True,True,0.70199126,0.68062794
immune|nerve|GAS6|TYRO3,True,True,0.7319511,0.8471458
immune|nerve|GNAI2|ADCY9,True,True,0.79498273,0.85604817
immune|nerve|GNAI2|ADORA1,True,True,0.66397697,0.871147
immune|nerve|GNAI2|CAV1,True,True,0.70548093,0.9005963
immune|nerve|GNAI2|EGFR,True,True,0.85739654,0.8948546
immune|nerve|GNAI2|IGF1R,True,True,0.8282148,0.9341915
immune|nerve|GNAI2|UNC5B,True,True,0.7091337,0.90798503
immune|nerve|GNAS|ADCY9,True,True,0.852595,0.8501338
immune|nerve|GNAS|ADORA1,True,True,0.7466722,0.8657557
immune|nerve|GPI|AMFR,True,True,0.7150198,0.80724263
immune|nerve|GRN|EGFR,True,True,0.8698888,0.8951979
immune|nerve|GRN|SORT1,True,True,0.8493597,0.939911
immune|nerve|GRN|TNFRSF1A,True,True,0.70101535,0.80598384
immune|nerve|GSTO1|RYR1,True,True,0.581456,0.83719707
immune|nerve|GSTP1|EGFR,True,True,0.82245046,0.89855933
immune|nerve|GSTP1|TRAF2,True,True,0.5629254,0.7540978
immune|nerve|HBEGF|CD44,True,True,0.7637174,0.8952955
immune|nerve|HBEGF|CD82,True,True,0.6350985,0.89076567
immune|nerve|HBEGF|CD9,True,True,0.6436645,0.9410395
immune|nerve|HGF|CD44,True,True,0.80209535,0.71909565
immune|nerve|HGF|ITGB1,True,True,0.7193637,0.74601096
immune|nerve|HGF|MET,True,True,0.6805391,0.5990928
immune|nerve|HLA-A|APLP2,True,True,0.87051564,0.9201695
immune|nerve|HSPA8|LDLR,True,True,0.68657565,0.83549374
immune|nerve|HSPA8|LRP2,True,True,0.8141576,0.9394335
immune|nerve|ICAM1|CAV1,True,True,0.68516046,0.85338116
immune|nerve|ICAM1|EGFR,True,True,0.8452585,0.84538054
immune|nerve|IGF1|IGF1R,True,True,0.800775,0.8513466
immune|nerve|IGF1|IGF2R,True,True,0.7071798,0.7360453
immune|nerve|IGF1|INSR,True,True,0.78817743,0.8405568
immune|nerve|IGF1|ITGA6_ITGB4,True,True,0.63648,0.5901318
immune|nerve|IL16|CD9,True,True,0.6483907,0.90841043
immune|nerve|IL16|GRIN2A,True,True,0.8098125,0.74329233
immune|nerve|IL16|GRIN2B,True,True,0.8031481,0.7243308
immune|nerve|IL16|KCND2,True,True,0.80512226,0.8761882
immune|nerve|IL16|KCNJ10,True,True,0.63766664,0.850323
immune|nerve|IL18|IL1RAPL1,True,True,0.9021352,0.94636
immune|nerve|ITGAV|THY1,True,True,0.8205032,0.75804913
immune|nerve|ITGB2|THY1,True,True,0.7288419,0.8238182
immune|nerve|JAM2|ITGAV_ITGB1,True,True,0.6461301,0.73661274
immune|nerve|JAML|CXADR,True,True,0.71173567,0.87303555
immune|nerve|LGALS1|ITGB1,True,True,0.7225459,0.9381097
immune|nerve|LGALS3|MCAM,True,True,0.6666982,0.8775472
immune|nerve|LGALS9|CD44,True,True,0.7896378,0.87095755
immune|nerve|LGALS9|CD47,True,True,0.7514524,0.90565306
immune|nerve|LGALS9|LRP1,True,True,0.74826604,0.82060915
immune|nerve|LGALS9|MET,True,True,0.66363865,0.7975672
immune|nerve|LGALS9|PTPRK,True,True,0.8368749,0.9311513
immune|nerve|LMAN1|MCFD2,True,True,0.56905174,0.7410768
immune|nerve|LPL|CD44,True,True,0.7757468,0.8011102
immune|nerve|LPL|LRP2,True,True,0.76262677,0.84996724
immune|nerve|LPL|VLDLR,True,True,0.5943135,0.7225136
immune|nerve|NAMPT|INSR,True,True,0.8852198,0.94311416
immune|nerve|NCAM1|CACNA1C,True,True,0.89940274,0.76190495
immune|nerve|NCAM1|FGFR1,True,True,0.84951717,0.82758296
immune|nerve|NCAM1|FGFR2,True,True,0.8800359,0.9050079
immune|nerve|NCAM1|NCAM2,True,True,0.9007949,0.921235
immune|nerve|NCAM1|PTPRA,True,True,0.88107055,0.8736017
immune|nerve|NCAM1|PTPRZ1,True,True,0.9074746,0.9076141
immune|nerve|NCAM1|ROBO1,True,True,0.8825108,0.900696
immune|nerve|NELL2|ROBO3,True,True,0.6443418,0.5486292
immune|nerve|NUCB2|ERAP1,True,True,0.55805737,0.7744645
immune|nerve|PDGFB|ADGRV1,True,True,0.7512057,0.80133224
immune|nerve|PDGFB|ITGAV,True,True,0.76962215,0.83023185
immune|nerve|PDGFC|PDGFRA,True,True,0.81410193,0.66128784
immune|nerve|PKM|CD44,True,True,0.85989606,0.910254
immune|nerve|PLAU|IGF2R,True,True,0.73593533,0.76039326
immune|nerve|PLAU|ITGB1,True,True,0.7327498,0.8358457
immune|nerve|PLAU|ITGB5,True,True,0.63632894,0.6531485
immune|nerve|PLAU|LRP2,True,True,0.80104506,0.86191225
immune|nerve|PLAU|VLDLR,True,True,0.64737713,0.7415202
immune|nerve|PLTP|ABCA1,True,True,0.82359564,0.91468817
immune|nerve|PROS1|TYRO3,True,True,0.6932098,0.7381541
immune|nerve|PSAP|AR,True,True,0.8311033,0.86161965
immune|nerve|PSAP|GPR37,True,True,0.84481394,0.94938564
immune|nerve|PSAP|LRP1,True,True,0.8687064,0.89415956
immune|nerve|PSAP|SORT1,True,True,0.90386766,0.9526035
immune|nerve|PSEN1|CD44,True,True,0.85839444,0.82116103
immune|nerve|PSEN1|NOTCH1,True,True,0.8234778,0.71480125
immune|nerve|PSEN1|NOTCH2,True,True,0.78300315,0.6580306
immune|nerve|PTDSS1|JMJD6,True,True,0.54375464,0.7554201
immune|nerve|PTDSS1|SCARB1,True,True,0.67834896,0.7415334
immune|nerve|PTPN6|EGFR,True,True,0.8037445,0.8448472
immune|nerve|RTN4|LINGO1,True,True,0.85361505,0.8609812
immune|nerve|S100A10|CFTR,True,True,0.66110116,0.8979727
immune|nerve|S100A4|EGFR,True,True,0.8955844,0.9248153
immune|nerve|S100A4|ERBB3,True,True,0.83866894,0.941276
immune|nerve|SDC2|PTPRJ,True,True,0.8293525,0.8596146
immune|nerve|SEMA4D|MET,True,True,0.7761056,0.7745693
immune|nerve|SEMA4D|PLXNB1,True,True,0.79264593,0.8365456
immune|nerve|SERPINA1|LRP1,True,True,0.73512983,0.8762842
immune|nerve|SERPINE1|ITGB5,True,True,0.61820966,0.71127677
immune|nerve|SERPINE1|LRP2,True,True,0.7884035,0.8908983
immune|nerve|SIRPA|CD47,True,True,0.7988941,0.8916634
immune|nerve|SPON2|ITGB1,True,True,0.68772537,0.8768169
immune|nerve|SPP1|CD44,True,True,0.90541667,0.942129
immune|nerve|SPP1|ITGAV_ITGB1,True,True,0.85824376,0.9457657
immune|nerve|SPP1|ITGAV_ITGB5,True,True,0.7943954,0.8735442
immune|nerve|SPTAN1|PTPRA,True,True,0.8448941,0.8639519
immune|nerve|ST6GAL1|CD22,True,True,0.8899149,0.88607967
immune|nerve|ST6GAL1|EGFR,True,True,0.9262786,0.85744095
immune|nerve|TGFB1|CAV1,True,True,0.7287629,0.87659794
immune|nerve|TGFB1|EGFR,True,True,0.8708676,0.8696706
immune|nerve|TGFB1|ITGB1,True,True,0.7617139,0.8968568
immune|nerve|TGFB1|ITGB5,True,True,0.67105174,0.76279205
immune|nerve|TGFB1|ITGB8,True,True,0.8418179,0.9044284
immune|nerve|TGFB1|LPP,True,True,0.8647257,0.9017227
immune|nerve|TGFB1|SDC2,True,True,0.7058415,0.6976043
immune|nerve|TGFB1|TGFBR3,True,True,0.7126764,0.7953732
immune|nerve|TIMP1|CD63,True,True,0.8154828,0.96424395
immune|nerve|TIMP1|FGFR2,True,True,0.8338048,0.9576792
immune|nerve|TIMP2|CD44,True,True,0.8558946,0.87175846
immune|nerve|TIMP2|ITGB1,True,True,0.789758,0.8863578
immune|nerve|TLN1|ITGB5,True,True,0.6263498,0.7560551
immune|nerve|TNFSF10|RIPK1,True,True,0.63225865,0.7725474
immune|nerve|TNFSF10|TNFRSF10B,True,True,0.6549311,0.6709867
immune|nerve|VCAN|CD44,True,True,0.8771395,0.92879707
immune|nerve|VCAN|EGFR,True,True,0.904998,0.9199079
immune|nerve|VCAN|ITGB1,True,True,0.8186877,0.93736947
immune|nerve|VCL|ALK,True,True,0.73179686,0.60192513
immune|nerve|VEGFA|CD44,True,True,0.8811122,0.89195395
immune|nerve|VEGFA|EGFR,True,True,0.90816426,0.8790642
immune|nerve|VEGFA|EPHB2,True,True,0.86150664,0.891577
immune|nerve|VEGFA|GPC1,True,True,0.79249847,0.81725484
immune|nerve|VEGFA|GRIN2B,True,True,0.9016111,0.80323404
immune|nerve|VEGFA|ITGAV,True,True,0.87975603,0.8984036
immune|nerve|VEGFA|ITGB1,True,True,0.82417154,0.904506
immune|nerve|VEGFA|NRP2,True,True,0.85861784,0.88164485
immune|nerve|VEGFA|SIRPA,True,True,0.81536764,0.8417792
immune|nerve|VEGFA|TYRO3,True,True,0.8267141,0.8992678
immune|nerve|VIM|CD44,True,True,0.87755,0.9349874
immune|nerve|WNT5A|ANTXR1,True,True,0.7450411,0.70064205
immune|nerve|WNT5A|FZD3,True,True,0.75414866,0.66641396
immune|nerve|WNT5A|FZD6,True,True,0.70428437,0.59548795
immune|nerve|WNT5A|LDLR,True,True,0.62578607,0.626061
immune|nerve|WNT5A|LRP2,True,True,0.7698168,0.83641833
immune|nerve|WNT5A|LRP5,True,True,0.64588475,0.6499584
immune|nerve|WNT5A|LRP6,True,True,0.76838547,0.82253945
immune|nerve|WNT5A|MCAM,True,True,0.60119873,0.75089264
immune|nerve|WNT5A|PTK7,True,True,0.6242842,0.6014259
immune|nerve|WNT5A|PTPRK,True,True,0.8311228,0.8792958
immune|nerve|WNT5A|ROR1,True,True,0.6802371,0.7293154
immune|nerve|WNT5A|RYK,True,True,0.702641,0.7400818
immune|nerve|YBX1|NOTCH1,True,True,0.7536971,0.8610293
immune|tumor|A2M|LRP1,True,True,0.8484006,0.8977424
immune|tumor|ADAM10|CADM1,True,True,0.8764299,0.8653739
immune|tumor|ADAM10|CD44,True,True,0.8193032,0.83590806
immune|tumor|ADAM10|NOTCH1,True,True,0.7413589,0.7826923
immune|tumor|ADAM10|NOTCH2,True,True,0.76931244,0.76689756
immune|tumor|ADAM10|NRCAM,True,True,0.89149565,0.8841364
immune|tumor|ADAM10|TSPAN5,True,True,0.8374821,0.82498384
immune|tumor|ADAM17|ERBB4,True,True,0.85238796,0.8211427
immune|tumor|ADAM17|NOTCH1,True,True,0.72724104,0.7730805
immune|tumor|ADAM9|ITGA3,True,True,0.7339049,0.70051646
immune|tumor|ADAM9|ITGA6,True,True,0.6660604,0.69657135
immune|tumor|ADAM9|ITGAV,True,True,0.83335716,0.8303106
immune|tumor|ADM|ADCYAP1R1,True,True,0.55215126,0.6784045
immune|tumor|ADM|CALCRL,True,True,0.6753889,0.7308264
immune|tumor|ADM|RAMP1,True,True,0.68774974,0.8502654
immune|tumor|ALCAM|CHL1,True,True,0.87674075,0.8520727
immune|tumor|ANGPTL4|CDH11,True,True,0.66540396,0.7282538
immune|tumor|ANGPTL4|SDC2,True,True,0.5359523,0.6609755
immune|tumor|ANGPTL4|SDC3,True,True,0.6003414,0.75498414
immune|tumor|ANOS1|FGFR1,True,True,0.7687734,0.71272075
immune|tumor|ANOS1|SDC2,True,True,0.6874392,0.6312443
immune|tumor|ANXA1|EGFR,True,True,0.8689606,0.9369209
immune|tumor|APOE|ABCA1,True,True,0.8588417,0.928382
immune|tumor|APOE|LRP1,True,True,0.8682049,0.9358934
immune|tumor|APOE|LRP4,True,True,0.7909784,0.90771997
immune|tumor|APOE|LRP5,True,True,0.7451994,0.85370225
immune|tumor|APOE|LRP6,True,True,0.8499048,0.9142424
immune|tumor|APOE|LRP8,True,True,0.75429,0.8522685
immune|tumor|APOE|SCARB1,True,True,0.7567351,0.8751833
immune|tumor|APOE|SDC2,True,True,0.7536121,0.8811971
immune|tumor|APOE|SORL1,True,True,0.83951914,0.9018376
immune|tumor|ARF1|INSR,True,True,0.6817625,0.82513535
immune|tumor|ARF6|SMAP1,True,True,0.6127862,0.84245336
immune|tumor|BSG|SLC16A1,True,True,0.53712034,0.81684303
immune|tumor|C1QB|LRP1,True,True,0.80048275,0.928699
immune|tumor|C3|CD46,True,True,0.80868775,0.865775
immune|tumor|C3|CD81,True,True,0.796777,0.9166362
immune|tumor|C3|LRP1,True,True,0.87241346,0.90895003
immune|tumor|C3|NRP1,True,True,0.8225935,0.8443994
immune|tumor|CALM1|ADCYAP1R1,True,True,0.66368526,0.8108129
immune|tumor|CALM1|CACNA1C,True,True,0.8349913,0.8608982
immune|tumor|CALM1|INSR,True,True,0.79653937,0.8744013
immune|tumor|CALM1|PDE1C,True,True,0.825686,0.86416477
immune|tumor|CALM1|PTPRA,True,True,0.8437977,0.9218081
immune|tumor|CALM3|AR,True,True,0.6033425,0.75278556
immune|tumor|CALM3|CACNA1C,True,True,0.68470937,0.78550893
immune|tumor|CALM3|EGFR,True,True,0.77264285,0.90580285
immune|tumor|CALM3|INSR,True,True,0.62688595,0.80466986
immune|tumor|CALM3|PDE1C,True,True,0.67027575,0.7901142
immune|tumor|CALR|ITGA3,True,True,0.6378168,0.7811961
immune|tumor|CALR|ITGAV,True,True,0.7615116,0.88191825
immune|tumor|CALR|LRP1,True,True,0.76318043,0.8875219
immune|tumor|CD14|ITGB1,True,True,0.7330704,0.8898243
immune|tumor|CD14|RIPK1,True,True,0.69638205,0.8166358
immune|tumor|CD47|SIRPA,True,True,0.6724674,0.73163587
immune|tumor|CD55|ADGRE5,True,True,0.5504829,0.77128655
immune|tumor|CD99|CD81,True,True,0.70726025,0.9069137
immune|tumor|CD99|CD99L2,True,True,0.7098086,0.80851597
immune|tumor|CXCL8|SDC2,True,True,0.66753685,0.8380328
immune|tumor|CXCL8|SDC3,True,True,0.7231007,0.8910385
immune|tumor|ENTPD1|ADORA1,True,True,0.7185127,0.69825786
immune|tumor|FAM3C|LIFR,True,True,0.70211655,0.76497996
immune|tumor|FARP2|PLXNA1,True,True,0.60687757,0.51712346
immune|tumor|FN1|CD44,True,True,0.7692236,0.8563876
immune|tumor|FN1|ITGA2,True,True,0.7403683,0.73516774
immune|tumor|FN1|ITGA3_ITGB1,True,True,0.67916423,0.74493676
immune|tumor|FN1|ITGA6,True,True,0.60487694,0.7413608
immune|tumor|FN1|ITGAV_ITGB1,True,True,0.7156486,0.83565766
immune|tumor|FN1|ITGAV_ITGB8,True,True,0.79331386,0.8593449
immune|tumor|FN1|NT5E,True,True,0.58436793,0.7284992
immune|tumor|FN1|SDC2,True,True,0.64268124,0.76632446
immune|tumor|GAS6|TYRO3,True,True,0.55083764,0.6854558
immune|tumor|GNAI2|ADCY1,True,True,0.67070484,0.80119914
immune|tumor|GNAI2|ADCY9,True,True,0.7265589,0.8227417
immune|tumor|GNAI2|ADORA1,True,True,0.60962135,0.79227805
immune|tumor|GNAI2|CAV1,True,True,0.5459954,0.85499674
immune|tumor|GNAI2|CNR1,True,True,0.71052855,0.84427685
immune|tumor|GNAI2|EDNRB,True,True,0.6091086,0.84341806
immune|tumor|GNAI2|EGFR,True,True,0.83818096,0.9308902
immune|tumor|GNAI2|F2R,True,True,0.5630823,0.8028663
immune|tumor|GNAI2|IGF1R,True,True,0.77222633,0.8657298
immune|tumor|GNAS|ADCY1,True,True,0.75236183,0.7935747
immune|tumor|GNAS|ADCY9,True,True,0.7985261,0.81575346
immune|tumor|GNAS|ADORA1,True,True,0.6996423,0.7844035
immune|tumor|GPI|AMFR,True,True,0.6719924,0.734607
immune|tumor|GRN|EGFR,True,True,0.85206604,0.93112487
immune|tumor|GRN|SORT1,True,True,0.7705282,0.86976576
immune|tumor|GRN|TNFRSF1A,True,True,0.6562489,0.8637958
immune|tumor|GSTP1|EGFR,True,True,0.7996264,0.9334197
immune|tumor|HBEGF|CD44,True,True,0.68467516,0.879273
immune|tumor|HBEGF|CD82,True,True,0.52633065,0.8447398
immune|tumor|HBEGF|CD9,True,True,0.52477175,0.9030932
immune|tumor|HGF|SDC2,True,True,0.59500676,0.54527557
immune|tumor|HLA-A|APLP2,True,True,0.8458263,0.93627304
immune|tumor|ICAM1|CAV1,True,True,0.5221247,0.79114556
immune|tumor|ICAM1|EGFR,True,True,0.82474166,0.89640915
immune|tumor|IGF1|IGF1R,True,True,0.7386653,0.7223177
immune|tumor|IGF1|IGF2R,True,True,0.6381915,0.6505222
immune|tumor|IGF1|INSR,True,True,0.6810191,0.6995221
immune|tumor|IGF1|ITGA6_ITGB4,True,True,0.5368331,0.5938732
immune|tumor|IL16|CD9,True,True,0.52992326,0.85275054
immune|tumor|IL16|KCNJ10,True,True,0.49446395,0.6668443
immune|tumor|IL18|IL1RAPL1,True,True,0.8473547,0.8528857
immune|tumor|ITGAV|THY1,True,True,0.7419176,0.8112471
immune|tumor|ITGB2|THY1,True,True,0.62830544,0.8651283
immune|tumor|JAM2|ITGA3_ITGB1,True,True,0.5519071,0.52134144
immune|tumor|JAML|CXADR,True,True,0.61254996,0.8146176
immune|tumor|LGALS1|ITGB1,True,True,0.67622536,0.90561646
immune|tumor|LGALS8|ITGA3,True,True,0.6014993,0.65765417
immune|tumor|LGALS9|CD44,True,True,0.7160426,0.85182726
immune|tumor|LGALS9|CD47,True,True,0.65241563,0.83624
immune|tumor|LGALS9|LRP1,True,True,0.7455868,0.86154854
immune|tumor|LGALS9|MRC2,True,True,0.7031513,0.82034665
immune|tumor|LGALS9|PTPRK,True,True,0.7287644,0.81778073
immune|tumor|LMAN1|MCFD2,True,True,0.52682173,0.7358825
immune|tumor|LPL|LRP1,True,True,0.7297824,0.7878489
immune|tumor|NAMPT|INSR,True,True,0.815673,0.8798264
immune|tumor|NCAM1|PTPRZ1,True,True,0.90228087,0.9112962
immune|tumor|NELL2|ROBO3,True,True,0.5617343,0.5514594
immune|tumor|PDGFB|ADGRV1,True,True,0.6884551,0.753536
immune|tumor|PDGFB|ITGAV,True,True,0.7235859,0.79936403
immune|tumor|PDGFB|LRP1,True,True,0.7254245,0.80803263
immune|tumor|PKM|CD44,True,True,0.80480474,0.8962554
immune|tumor|PLAU|IGF2R,True,True,0.6705658,0.679322
immune|tumor|PLAU|ITGA3,True,True,0.64906394,0.6492864
immune|tumor|PLAU|LRP1,True,True,0.7719267,0.80359685
immune|tumor|PROS1|TYRO3,True,True,0.5036699,0.52571917
immune|tumor|PSAP|AR,True,True,0.8112855,0.84617156
immune|tumor|PSAP|GPR37,True,True,0.73784804,0.82357293
immune|tumor|PSAP|LRP1,True,True,0.8670813,0.91995114
immune|tumor|PSAP|SORT1,True,True,0.8484719,0.89562976
immune|tumor|PSEN1|NCSTN,True,True,0.590114,0.6813331
immune|tumor|PSEN1|NOTCH1,True,True,0.7202294,0.7344112
immune|tumor|PSEN1|NOTCH2,True,True,0.7496956,0.7163789
immune|tumor|PTPN6|EGFR,True,True,0.77916145,0.8960301
immune|tumor|RTN4|LINGO1,True,True,0.67431575,0.8285816
immune|tumor|RTN4|TNFRSF19,True,True,0.78987426,0.8165259
immune|tumor|S100A4|EGFR,True,True,0.8807991,0.9511433
immune|tumor|SEMA4D|PLXNB1,True,True,0.6733468,0.72405434
immune|tumor|SEMA4D|PLXNB2,True,True,0.6730199,0.7259644
immune|tumor|SERPINA1|LRP1,True,True,0.7323608,0.9059736
immune|tumor|SERPINE1|LRP1,True,True,0.75799394,0.8425883
immune|tumor|SERPING1|LRP1,True,True,0.6785685,0.7894819
immune|tumor|SIRPA|CD47,True,True,0.71150357,0.81407076
immune|tumor|SPON2|ITGB1,True,True,0.63850003,0.8183744
immune|tumor|SPP1|CD44,True,True,0.86542344,0.9327349
immune|tumor|SPP1|ITGAV_ITGB1,True,True,0.8292233,0.9220219
immune|tumor|ST6GAL1|EGFR,True,True,0.9154293,0.90493685
immune|tumor|TGFB1|CAV1,True,True,0.57427686,0.82216334
immune|tumor|TGFB1|EGFR,True,True,0.8531564,0.913503
immune|tumor|TGFB1|ITGB1,True,True,0.71939296,0.8462548
immune|tumor|TGFB1|ITGB8,True,True,0.8200553,0.8902109
immune|tumor|TGFB1|LPP,True,True,0.8328966,0.8831946
immune|tumor|TGFB1|SDC2,True,True,0.6469123,0.7802166
immune|tumor|TIMP1|CD63,True,True,0.7595063,0.9541731
immune|tumor|TIMP2|CD44,True,True,0.7995965,0.8527267
immune|tumor|TIMP2|ITGA3,True,True,0.71702975,0.73929965
immune|tumor|TNFSF10|RIPK1,True,True,0.5898766,0.6743752
immune|tumor|TNFSF10|TNFRSF10B,True,True,0.56218684,0.6792722
immune|tumor|TNFSF13B|TFRC,True,True,0.65490764,0.7791105
immune|tumor|VCAN|CD44,True,True,0.8274681,0.91742843
immune|tumor|VCAN|EGFR,True,True,0.8913841,0.94785756
immune|tumor|VCAN|ITGB1,True,True,0.78361094,0.9045272
immune|tumor|VCL|ALK,True,True,0.69172794,0.6085746
immune|tumor|VEGFA|CD44,True,True,0.83274066,0.8754914
immune|tumor|VEGFA|EGFR,True,True,0.8949514,0.9200278
immune|tumor|VEGFA|EPHB2,True,True,0.7561815,0.79510134
immune|tumor|VEGFA|GPC1,True,True,0.7268272,0.8545144
immune|tumor|VEGFA|ITGAV,True,True,0.8514807,0.8781112
immune|tumor|VEGFA|ITGB1,True,True,0.7898835,0.8570587
immune|tumor|VEGFA|NRP1,True,True,0.79689884,0.80534923
immune|tumor|VEGFA|NRP2,True,True,0.8104594,0.8245416
immune|tumor|VEGFA|SIRPA,True,True,0.7124957,0.77904993
immune|tumor|VEGFA|TYRO3,True,True,0.6817938,0.77828264
immune|tumor|VIM|CD44,True,True,0.8280121,0.9245269
immune|tumor|WNT5A|ANTXR1,True,True,0.66979426,0.6862524
immune|tumor|WNT5A|FZD3,True,True,0.71801776,0.7409803
immune|tumor|WNT5A|LRP5,True,True,0.55518734,0.572599
immune|tumor|WNT5A|LRP6,True,True,0.70730615,0.7099407
immune|tumor|WNT5A|PTK7,True,True,0.5521265,0.5899642
immune|tumor|WNT5A|PTPRK,True,True,0.7204735,0.7073714
immune|tumor|WNT5A|RYK,True,True,0.68155485,0.6785083
immune|tumor|WNT5A|VANGL2,True,True,0.4692685,0.5664939
immune|tumor|YBX1|NOTCH1,True,True,0.6280682,0.87237996
nerve|immune|ADAM10|AXL,True,True,0.8464976,0.88553107
nerve|immune|ADAM10|CADM1,True,True,0.8757336,0.8579695
nerve|immune|ADAM10|CD44,True,True,0.8889707,0.9336404
nerve|immune|ADAM10|GPNMB,True,True,0.8536974,0.9010912
nerve|immune|ADAM10|IL6R,True,True,0.84254664,0.87119573
nerve|immune|ADAM10|NOTCH1,True,True,0.7545765,0.78669655
nerve|immune|ADAM10|NOTCH2,True,True,0.8300524,0.84914386
nerve|immune|ADAM10|TREM2,True,True,0.7503758,0.92590433
nerve|immune|ADAM10|TSPAN14,True,True,0.84334576,0.8687997
nerve|immune|ADAM10|TSPAN5,True,True,0.8602958,0.85153586
nerve|immune|ADAM12|ITGB1,True,True,0.8296499,0.86735827
nerve|immune|ADAM15|ITGA5,True,True,0.6382113,0.7849805
nerve|immune|ADAM15|ITGAV,True,True,0.75350845,0.811683
nerve|immune|ADAM15|ITGB1,True,True,0.700445,0.84469265
nerve|immune|ADAM17|IL6R,True,True,0.80761176,0.7985653
nerve|immune|ADAM17|ITGA5,True,True,0.7697509,0.79721236
nerve|immune|ADAM17|ITGB1,True,True,0.8158851,0.8541587
nerve|immune|ADAM17|RHBDF2,True,True,0.82770574,0.8272536
nerve|immune|ADAM23|ITGA4,True,True,0.882201,0.89654005
nerve|immune|ADAM23|ITGA5,True,True,0.8257734,0.87828803
nerve|immune|ADAM9|ITGA6,True,True,0.725887,0.7228193
nerve|immune|ADAM9|ITGAV,True,True,0.8607307,0.8414866
nerve|immune|ADAM9|ITGB1,True,True,0.82540107,0.870108
nerve|immune|ADAM9|ITGB5,True,True,0.78758186,0.75165087
nerve|immune|AFDN|EPHB2,True,True,0.8033331,0.7466433
nerve|immune|AGRN|ITGB1,True,True,0.68751395,0.80956036
nerve|immune|AGRN|LRP1,True,True,0.6938513,0.76792645
nerve|immune|ALCAM|CD6,True,True,0.8825826,0.9111959
nerve|immune|ALCAM|NRP1,True,True,0.89688706,0.88823926
nerve|immune|ANGPT2|ITGA5_ITGB1,True,True,0.6251967,0.76908267
nerve|immune|ANGPTL2|ITGA5_ITGB1,True,True,0.6804394,0.8006777
nerve|immune|ANGPTL2|LILRB3,True,True,0.6193581,0.8175673
nerve|immune|ANGPTL2|TLR4,True,True,0.6117018,0.79963726
nerve|immune|ANGPTL4|ITGA5_ITGB1,True,True,0.67133987,0.68998563
nerve|immune|ANGPTL4|SDC2,True,True,0.64620227,0.659264
nerve|immune|ANXA2|TLR2,True,True,0.8422189,0.8981546
nerve|immune|APOE|TREM2,True,True,0.77383333,0.93811226
nerve|immune|APP|CD74,True,True,0.91332424,0.966733
nerve|immune|APP|LRP1,True,True,0.88663965,0.9143797
nerve|immune|APP|NOTCH2,True,True,0.86781234,0.88543373
nerve|immune|APP|TNFRSF21,True,True,0.7833739,0.8472654
nerve|immune|ARF1|INSR,True,True,0.67266756,0.7741879
nerve|immune|B2M|KLRD1,True,True,0.8389568,0.965182
nerve|immune|BMP7|ACTR2,True,True,0.8058648,0.8609074
nerve|immune|BMP7|ACVR1B,True,True,0.6797115,0.6485167
nerve|immune|BMP7|ENG,True,True,0.75473815,0.7702478
nerve|immune|BSG|SLC16A7,True,True,0.7710747,0.8166954
nerve|immune|CALM1|FAS,True,True,0.7164498,0.8792118
nerve|immune|CALM1|INSR,True,True,0.77489376,0.8480059
nerve|immune|CALM1|KCNQ1,True,True,0.78831834,0.86214906
nerve|immune|CALM1|KCNQ3,True,True,0.88682353,0.9095333
nerve|immune|CALM1|PTPRA,True,True,0.84276044,0.91057
nerve|immune|CALM3|INSR,True,True,0.65468895,0.7730716
nerve|immune|CALM3|KCNQ1,True,True,0.67225015,0.7924813
nerve|immune|CALM3|KCNQ3,True,True,0.81187797,0.85992193
nerve|immune|CALR|ITGAV,True,True,0.8157315,0.883025
nerve|immune|CALR|LRP1,True,True,0.77718925,0.88115984
nerve|immune|CD22|PTPRC,True,True,0.8985101,0.93279314
nerve|immune|CD47|SIRPA,True,True,0.7988941,0.8916634
nerve|immune|CD55|ADGRE2,True,True,0.75714046,0.8294425
nerve|immune|CD55|ADGRE5,True,True,0.77025175,0.8510688
nerve|immune|CD55|CR1,True,True,0.7091233,0.716469
nerve|immune|CD59|CD2,True,True,0.73683226,0.92922467
nerve|immune|CD59|STAB1,True,True,0.7262637,0.8847509
nerve|immune|CDH1|KLRG1,True,True,0.6335665,0.72933996
nerve|immune|CLEC11A|ITGB1,True,True,0.70228696,0.7977794
nerve|immune|CLEC2D|KLRB1,True,True,0.6562144,0.8995957
nerve|immune|CNTN1|NOTCH1,True,True,0.79301226,0.7456403
nerve|immune|CNTN1|NOTCH2,True,True,0.8588785,0.81731623
nerve|immune|CNTN2|NRP1,True,True,0.88160485,0.88825786
nerve|immune|COL11A1|ITGA1_ITGB1,True,True,0.802903,0.85975885
nerve|immune|COL16A1|ITGA1_ITGB1,True,True,0.77554595,0.82215774
nerve|immune|COL18A1|ITGA1_ITGB1,True,True,0.8170917,0.86948395
nerve|immune|COL18A1|ITGA5,True,True,0.7815083,0.86990243
nerve|immune|COL18A1|ITGB5,True,True,0.788068,0.8182082
nerve|immune|COL19A1|ITGA1_ITGB1,True,True,0.7803563,0.63486284
nerve|immune|COL20A1|ITGA1_ITGB1,True,True,0.82311285,0.8219267
nerve|immune|COL27A1|ITGA1_ITGB1,True,True,0.79617494,0.6723938
nerve|immune|COL4A5|CD44,True,True,0.9015376,0.945727
nerve|immune|COL4A5|CD47,True,True,0.8656205,0.9090125
nerve|immune|COL4A5|CD93,True,True,0.7660632,0.9315299
nerve|immune|COL4A5|ITGA1_ITGB1,True,True,0.858888,0.89220005
nerve|immune|COL6A1|CD44,True,True,0.82802945,0.83222497
nerve|immune|COL6A1|ITGA1_ITGB1,True,True,0.7619469,0.7020262
nerve|immune|COL6A1|ITGA6,True,True,0.6555169,0.5783173
nerve|immune|COL9A1|CD44,True,True,0.8142798,0.89492184
nerve|immune|COL9A1|ITGA1_ITGB1,True,True,0.7445438,0.8017897
nerve|immune|COL9A2|CD44,True,True,0.7821767,0.9079081
nerve|immune|COL9A2|ITGA1_ITGB1,True,True,0.7047569,0.82402253
nerve|immune|COL9A3|CD44,True,True,0.81381464,0.9142868
nerve|immune|COL9A3|ITGA1_ITGB1,True,True,0.7439589,0.8351566
nerve|immune|COPA|CD74,True,True,0.886329,0.9546245
nerve|immune|CP|SLC40A1,True,True,0.7180184,0.5652315
nerve|immune|CSF1|CSF2RA,True,True,0.7517058,0.83084977
nerve|immune|CSF1|CSF3R,True,True,0.7132201,0.8292504
nerve|immune|CSF1|SIRPA,True,True,0.6600561,0.7989214
nerve|immune|CXADR|JAML,True,True,0.71173567,0.87303555
nerve|immune|DLL1|NOTCH1,True,True,0.66015583,0.60114807
nerve|immune|DLL1|NOTCH2,True,True,0.7552507,0.69699454
nerve|immune|DLL3|NOTCH1,True,True,0.6500722,0.64751
nerve|immune|DLL3|NOTCH2,True,True,0.74690694,0.7370879
nerve|immune|EDIL3|ITGAV,True,True,0.9138029,0.9241122
nerve|immune|EDIL3|ITGB5,True,True,0.8641291,0.87409747
nerve|immune|EFNB2|EPHB2,True,True,0.6060307,0.5571852
nerve|immune|EFNB2|PECAM1,True,True,0.70574254,0.74865526
nerve|immune|FABP5|RXRA,True,True,0.6122345,0.8697572
nerve|immune|FAM3C|CLEC2D,True,True,0.84308517,0.813541
nerve|immune|FAM3C|LAMP1,True,True,0.7627421,0.79214174
nerve|immune|FBN1|ITGA5,True,True,0.7964935,0.86347747
nerve|immune|FBN1|ITGB1,True,True,0.83839434,0.9040549
nerve|immune|FGF1|CD44,True,True,0.86246467,0.9208099
nerve|immune|FGF1|NRP1,True,True,0.84574497,0.83762145
nerve|immune|FGF1|TGFBR3,True,True,0.761569,0.7792261
nerve|immune|FGF2|CD44,True,True,0.84481716,0.78295505
nerve|immune|FGF2|NRP1,True,True,0.82638407,0.61543214
nerve|immune|FGF2|SDC2,True,True,0.7215216,0.5991954
nerve|immune|FN1|C5AR1,True,True,0.7636146,0.81858176
nerve|immune|FN1|CD44,True,True,0.8565579,0.844699
nerve|immune|FN1|ITGA4_ITGB1,True,True,0.8081709,0.75691426
nerve|immune|FN1|ITGA5_ITGB1,True,True,0.7606707,0.72167677
nerve|immune|FN1|PLAUR,True,True,0.8156617,0.8366619
nerve|immune|FN1|SDC2,True,True,0.7397166,0.692697
nerve|immune|FSTL5|IL6R,True,True,0.85146713,0.789906
nerve|immune|GAS6|AXL,True,True,0.6815207,0.70028377
nerve|immune|GAS6|MERTK,True,True,0.7646148,0.7044508
nerve|immune|GDF11|ACTR2,True,True,0.7155902,0.8128017
nerve|immune|GNAI2|ADCY7,True,True,0.7390893,0.82932764
nerve|immune|GNAI2|C5AR1,True,True,0.71752125,0.91564214
nerve|immune|GNAI2|F2R,True,True,0.6249346,0.82097185
nerve|immune|GNAI2|FPR1,True,True,0.6661307,0.91074777
nerve|immune|GNAI2|P2RY12,True,True,0.7717476,0.8402456
nerve|immune|GNAI2|UNC5B,True,True,0.68328655,0.79339343
nerve|immune|GNAS|ADCY7,True,True,0.8287656,0.85020256
nerve|immune|GPI|AMFR,True,True,0.73547095,0.69675183
nerve|immune|GRN|TNFRSF1B,True,True,0.71044964,0.86891305
nerve|immune|GSTO1|RYR1,True,True,0.6974585,0.810572
nerve|immune|HAS2|CD44,True,True,0.85741395,0.89647657
nerve|immune|HLA-A|APLP2,True,True,0.83680636,0.9489729
nerve|immune|HLA-A|CD8A,True,True,0.7709617,0.9366407
nerve|immune|HLA-A|LILRB1,True,True,0.7919765,0.91235036
nerve|immune|HLA-C|CD8A,True,True,0.6930663,0.9351134
nerve|immune|HLA-C|LILRB1,True,True,0.71861976,0.9102936
nerve|immune|HLA-E|CD8A,True,True,0.6287799,0.9088702
nerve|immune|HMGB1|CXCR4,True,True,0.846487,0.9524665
nerve|immune|HMGB1|HAVCR2,True,True,0.8554964,0.92448384
nerve|immune|HMGB1|TLR2,True,True,0.87706864,0.9222608
nerve|immune|HMGB1|TLR4,True,True,0.76349753,0.8964731
nerve|immune|HSPA1A|TLR4,True,True,0.7117447,0.90498173
nerve|immune|HSPA4|TLR4,True,True,0.7014911,0.7973613
nerve|immune|ICAM1|IL2RG,True,True,0.6979161,0.80064964
nerve|immune|ICAM1|ITGAL_ITGB2,True,True,0.7245375,0.7156557
nerve|immune|ICAM1|ITGAM_ITGB2,True,True,0.7286129,0.7491597
nerve|immune|ICAM1|ITGAX_ITGB2,True,True,0.7286129,0.7744227
nerve|immune|ICAM1|SPN,True,True,0.71615386,0.72815645
nerve|immune|IGSF11|VSIR,True,True,0.8205345,0.9233297
nerve|immune|IRAK4|TLR4,True,True,0.548745,0.71134317
nerve|immune|IRAK4|TLR6,True,True,0.48702568,0.565546
nerve|immune|IRAK4|TLR7,True,True,0.5101476,0.6429371
nerve|immune|ITGB3BP|ITGB5,True,True,0.75609094,0.65406495
nerve|immune|JAG1|NOTCH2,True,True,0.7851031,0.5530335
nerve|immune|JAM2|ITGA4_ITGB1,True,True,0.7828357,0.7128841
nerve|immune|JAM2|ITGAV_ITGB1,True,True,0.77931654,0.7093944
nerve|immune|JAM3|ITGAM_ITGB2,True,True,0.81625766,0.89580035
nerve|immune|JAM3|ITGB1,True,True,0.85248256,0.91444045
nerve|immune|LAMA2|CD44,True,True,0.89272624,0.9211127
nerve|immune|LAMA2|ITGA1,True,True,0.84690803,0.8472312
nerve|immune|LAMA2|ITGA6_ITGB1,True,True,0.7668393,0.7634979
nerve|immune|LAMA2|RPSA,True,True,0.8717498,0.9315872
nerve|immune|LAMA4|CD44,True,True,0.8604715,0.8577823
nerve|immune|LAMA4|ITGA6_ITGB1,True,True,0.7090688,0.6251304
nerve|immune|LAMB1|CD44,True,True,0.8242029,0.8397871
nerve|immune|LAMB1|ITGA1,True,True,0.75708133,0.713436
nerve|immune|LAMB1|ITGA6_ITGB1,True,True,0.64947677,0.59170914
nerve|immune|LAMC1|CD44,True,True,0.8833882,0.82051015
nerve|immune|LAMC1|ITGA1,True,True,0.8343219,0.68466485
nerve|immune|LAMC1|ITGA6_ITGB1,True,True,0.74961656,0.55828345
nerve|immune|LGALS1|CD69,True,True,0.7677581,0.9328643
nerve|immune|LGALS1|ITGB1,True,True,0.7594595,0.9126783
nerve|immune|LGALS1|PTPRC,True,True,0.8409653,0.94156235
nerve|immune|LGALS3BP|ITGB1,True,True,0.7622297,0.92029274
nerve|immune|LGALS3|ENG,True,True,0.72901344,0.81745225
nerve|immune|LGI3|FLOT1,True,True,0.66312605,0.8769644
nerve|immune|LRP1B|PLAUR,True,True,0.90202516,0.9462173
nerve|immune|LRPAP1|LRP1,True,True,0.69860756,0.8453847
nerve|immune|LRPAP1|SORL1,True,True,0.7607673,0.87460756
nerve|immune|LRPAP1|SORT1,True,True,0.642298,0.78768086
nerve|immune|LTBP1|ITGB5,True,True,0.8154661,0.7507129
nerve|immune|LTBP3|ITGB5,True,True,0.7893799,0.6930058
nerve|immune|MAML2|NOTCH1,True,True,0.827659,0.84495056
nerve|immune|MAML2|NOTCH2,True,True,0.88411134,0.8926701
nerve|immune|MDK|ITGA4_ITGB1,True,True,0.75792843,0.83587986
nerve|immune|MDK|ITGA6_ITGB1,True,True,0.6368762,0.710961
nerve|immune|MDK|LRP1,True,True,0.7633293,0.8310327
nerve|immune|MDK|NOTCH2,True,True,0.7302529,0.7806681
nerve|immune|MDK|SDC2,True,True,0.6786736,0.7866432
nerve|immune|MDK|SDC3,True,True,0.6662476,0.72067624
nerve|immune|MDK|SORL1,True,True,0.81566286,0.8625271
nerve|immune|MEGF10|ABCA1,True,True,0.90333796,0.8991967
nerve|immune|MFGE8|ITGAV,True,True,0.7406346,0.82201904
nerve|immune|MFGE8|ITGB5,True,True,0.63141865,0.72475904
nerve|immune|NAMPT|ITGA5_ITGB1,True,True,0.8293083,0.8442242
nerve|immune|NCAM1|PTPRA,True,True,0.89387906,0.90545505
nerve|immune|NCAN|SDC3,True,True,0.74180174,0.6650093
nerve|immune|NECTIN1|CD96,True,True,0.7868919,0.8673761
nerve|immune|NECTIN2|CD226,True,True,0.66380525,0.6227755
nerve|immune|NECTIN2|CD96,True,True,0.78016204,0.78287196
nerve|immune|NECTIN3|CADM1,True,True,0.87244946,0.78702
nerve|immune|NECTIN3|NECTIN2,True,True,0.7759923,0.7425759
nerve|immune|NRG1|MS4A4A,True,True,0.8463018,0.79458463
nerve|immune|NRG2|NRP2,True,True,0.798942,0.810025
nerve|immune|NTN1|UNC5B,True,True,0.7699546,0.7843054
nerve|immune|NUCB2|ERAP1,True,True,0.61182773,0.6591456
nerve|immune|OMG|TNFRSF1B,True,True,0.7090056,0.89941245
nerve|immune|PAM|DPP4,True,True,0.78549397,0.6737734
nerve|immune|PCSK1N|GPR171,True,True,0.60332555,0.81838405
nerve|immune|PDGFC|FLT1,True,True,0.7368548,0.78498137
nerve|immune|PI16|TNFRSF21,True,True,0.58958083,0.71115214
nerve|immune|PIGF|FLT1,True,True,0.595153,0.73389894
nerve|immune|PKM|CD44,True,True,0.8762606,0.9357428
nerve|immune|PROS1|AXL,True,True,0.80007744,0.7976791
nerve|immune|PROS1|MERTK,True,True,0.8586544,0.80087703
nerve|immune|PSAP|LRP1,True,True,0.8480257,0.9191931
nerve|immune|PSAP|SORT1,True,True,0.81212467,0.8852978
nerve|immune|PSEN1|CD44,True,True,0.90701663,0.94600934
nerve|immune|PSEN1|NOTCH1,True,True,0.78928846,0.8212096
nerve|immune|PSEN1|NOTCH2,True,True,0.85612464,0.8751562
nerve|immune|PTDSS1|SCARB1,True,True,0.77054554,0.59093493
nerve|immune|PTN|PLXNB2,True,True,0.82883996,0.86142236
nerve|immune|PTN|SDC2,True,True,0.83868736,0.88027364
nerve|immune|PTN|SDC3,True,True,0.83090746,0.8372673
nerve|immune|RGMB|BMPR2,True,True,0.7707171,0.7482529
nerve|immune|RIMS2|ABCA1,True,True,0.9265109,0.8876473
nerve|immune|RPS19|C5AR1,True,True,0.7944098,0.94765174
nerve|immune|SEMA3A|NRP2,True,True,0.8180135,0.6875464
nerve|immune|SEMA3C|NRP1_NRP2_PLXND1,True,True,0.81236345,0.8380221
nerve|immune|SEMA3E|NRP1,True,True,0.806335,0.7929954
nerve|immune|SEMA3E|NRP2,True,True,0.7471289,0.7998126
nerve|immune|SEMA3E|PLXND1,True,True,0.75231445,0.7666973
nerve|immune|SEMA4C|PLXNB2,True,True,0.6347616,0.74111265
nerve|immune|SEMA4D|PLXNB2,True,True,0.775176,0.8321882
nerve|immune|SERPINE2|LRP1,True,True,0.81499755,0.8244338
nerve|immune|SIRPA|CD47,True,True,0.785347,0.80444735
nerve|immune|SLIT2|APP,True,True,0.84890866,0.78628033
nerve|immune|SORBS1|ITGA1,True,True,0.87110054,0.7870178
nerve|immune|SORBS1|ITGB5,True,True,0.84906375,0.7140005
nerve|immune|SPARC|ENG,True,True,0.806263,0.87865096
nerve|immune|SPP1|CD44,True,True,0.9045226,0.9610677
nerve|immune|SPP1|ITGA4_ITGB1,True,True,0.86985713,0.93391484
nerve|immune|SPP1|ITGA5_ITGB1,True,True,0.83450353,0.92168033
nerve|immune|SPP1|ITGAV_ITGB1,True,True,0.8675095,0.9328586
nerve|immune|SPP1|ITGAV_ITGB5,True,True,0.8397984,0.88790894
nerve|immune|SPP1|PTGER4,True,True,0.7973215,0.9303349
nerve|immune|SPTAN1|PTPRA,True,True,0.8678769,0.84693235
nerve|immune|SPTBN2|PTPRA,True,True,0.7938334,0.6900828
nerve|immune|TAFA4|FPR1,True,True,0.6393758,0.8539567
nerve|immune|TF|TFRC,True,True,0.85318685,0.9236495
nerve|immune|TGS1|RXRA,True,True,0.6635594,0.7708988
nerve|immune|THBS2|CD47,True,True,0.709622,0.8553757
nerve|immune|THBS2|ITGA4,True,True,0.7449855,0.8551913
nerve|immune|THBS2|ITGA6,True,True,0.57855684,0.7404064
nerve|immune|THBS4|CD47,True,True,0.76604354,0.7705927
nerve|immune|THY1|ITGAM_ITGB2,True,True,0.7288419,0.76076996
nerve|immune|THY1|ITGAX_ITGB2,True,True,0.7288419,0.78519887
nerve|immune|TIMP1|CD63,True,True,0.8272225,0.9279931
nerve|immune|TIMP2|CD44,True,True,0.8590441,0.93380266
nerve|immune|TIMP2|ITGB1,True,True,0.81131095,0.90924406
nerve|immune|TLN1|ITGB5,True,True,0.67799175,0.76481307
nerve|immune|TNC|ITGA5,True,True,0.8346181,0.71571875
nerve|immune|TXLNA|STX3,True,True,0.59338,0.6465452
nerve|immune|TXLNA|STX4,True,True,0.56855273,0.73641163
nerve|immune|VCAN|CD44,True,True,0.90612936,0.9455829
nerve|immune|VCAN|ITGA4,True,True,0.89032936,0.90865684
nerve|immune|VCAN|ITGB1,True,True,0.87196463,0.9250439
nerve|immune|VCAN|TLR1,True,True,0.84360886,0.8719133
nerve|immune|VCAN|TLR2,True,True,0.8936254,0.9185366
nerve|immune|VCL|ITGB5,True,True,0.78289396,0.5975246
nerve|immune|VEGFA|CD44,True,True,0.9253948,0.9148221
nerve|immune|VEGFA|EPHB2,True,True,0.84169775,0.7075988
nerve|immune|VEGFA|ITGAV,True,True,0.9196191,0.858054
nerve|immune|VEGFA|ITGB1,True,True,0.8974483,0.88409597
nerve|immune|VEGFA|NRP1,True,True,0.91557646,0.82652855
nerve|immune|VEGFA|NRP2,True,True,0.8850041,0.8324748
nerve|immune|VEGFA|SIRPA,True,True,0.8751512,0.848085
nerve|immune|VIM|CD44,True,True,0.8905159,0.93686813
nerve|tumor|ADAM10|CADM1,True,True,0.8794182,0.9061333
nerve|tumor|ADAM10|CD44,True,True,0.8233947,0.8843968
nerve|tumor|ADAM10|NOTCH1,True,True,0.74666953,0.84397084
nerve|tumor|ADAM10|NOTCH2,True,True,0.7742239,0.83167225
nerve|tumor|ADAM10|NRCAM,True,True,0.8941636,0.919742
nerve|tumor|ADAM10|TSPAN14,True,True,0.69830203,0.76411396
nerve|tumor|ADAM10|TSPAN5,True,True,0.8412418,0.87622255
nerve|tumor|ADAM12|ITGB1,True,True,0.75217867,0.8102116
nerve|tumor|ADAM15|ITGAV,True,True,0.6896694,0.8101129
nerve|tumor|ADAM15|ITGB1,True,True,0.5930372,0.7802547
nerve|tumor|ADAM17|ERBB4,True,True,0.8335473,0.8103329
nerve|tumor|ADAM17|NOTCH1,True,True,0.6980848,0.76021427
nerve|tumor|ADAM9|ITGA3,True,True,0.71247816,0.71524984
nerve|tumor|ADAM9|ITGA6,True,True,0.64183664,0.71141887
nerve|tumor|ADAM9|ITGAV,True,True,0.81795216,0.84011596
nerve|tumor|ADM|ADCYAP1R1,True,True,0.5742688,0.7319822
nerve|tumor|ADM|CALCRL,True,True,0.69478446,0.77852184
nerve|tumor|ADM|RAMP1,True,True,0.70672756,0.88026446
nerve|tumor|AFDN|EPHB2,True,True,0.77561325,0.796945
nerve|tumor|AGRN|DAG1,True,True,0.53240544,0.6987042
nerve|tumor|AGRN|LRP1,True,True,0.67850065,0.7789032
nerve|tumor|AGRN|LRP4,True,True,0.54798776,0.70358735
nerve|tumor|ALCAM|CHL1,True,True,0.8870464,0.9183281
nerve|tumor|ALCAM|NRP1,True,True,0.8203179,0.8514531
nerve|tumor|AMH|EGFR,True,True,0.78416073,0.8047362
nerve|tumor|ANGPTL4|CDH11,True,True,0.6749438,0.6574192
nerve|tumor|ANGPTL4|SDC2,True,True,0.5466685,0.58265394
nerve|tumor|ANGPTL4|SDC3,True,True,0.6106508,0.6881334
nerve|tumor|APP|DCC,True,True,0.89606297,0.8873021
nerve|tumor|APP|GPC1,True,True,0.7700654,0.8976893
nerve|tumor|APP|LRP1,True,True,0.8792737,0.9191587
nerve|tumor|APP|LRP10,True,True,0.72589797,0.8566891
nerve|tumor|APP|LRP6,True,True,0.86226666,0.8925049
nerve|tumor|APP|NCSTN,True,True,0.68901527,0.85168546
nerve|tumor|APP|NOTCH2,True,True,0.8217241,0.8715292
nerve|tumor|APP|TNFRSF21,True,True,0.7921756,0.87131745
nerve|tumor|ARF1|INSR,True,True,0.674316,0.83214504
nerve|tumor|BCAN|EGFR,True,True,0.8943287,0.93769205
nerve|tumor|BCAN|NRCAM,True,True,0.8996234,0.93233496
nerve|tumor|BMP1|BMPR1A,True,True,0.70664483,0.6391
nerve|tumor|BMP1|BMPR1B,True,True,0.7048848,0.62801206
nerve|tumor|BMP1|BMPR2,True,True,0.7504866,0.72200805
nerve|tumor|BMP7|ACVR2A_BMPR1A,True,True,0.70309585,0.6619937
nerve|tumor|BMP7|ACVR2A_BMPR1B,True,True,0.70309585,0.6619937
nerve|tumor|BMP7|BMPR1A_BMPR2,True,True,0.7647028,0.71969473
nerve|tumor|BMP7|BMPR1B_BMPR2,True,True,0.7631744,0.7099592
nerve|tumor|BMP7|PTPRK,True,True,0.77856034,0.7455367
nerve|tumor|BSG|SLC16A1,True,True,0.6225103,0.8462499
nerve|tumor|CALM1|ADCYAP1R1,True,True,0.6361299,0.8323945
nerve|tumor|CALM1|CACNA1C,True,True,0.81761456,0.87762856
nerve|tumor|CALM1|INSR,True,True,0.7761986,0.8897157
nerve|tumor|CALM1|PDE1C,True,True,0.80755514,0.88055676
nerve|tumor|CALM1|PTPRA,True,True,0.8271563,0.93179303
nerve|tumor|CALM3|AR,True,True,0.63361156,0.7845388
nerve|tumor|CALM3|CACNA1C,True,True,0.7117359,0.81409705
nerve|tumor|CALM3|EGFR,True,True,0.79439515,0.91999084
nerve|tumor|CALM3|INSR,True,True,0.65638167,0.8312528
nerve|tumor|CALM3|PDE1C,True,True,0.6979939,0.8182305
nerve|tumor|CALR|ITGA3,True,True,0.6396324,0.7812698
nerve|tumor|CALR|ITGAV,True,True,0.7629376,0.8819632
nerve|tumor|CALR|LRP1,True,True,0.76459956,0.88756496
nerve|tumor|CD47|SIRPA,True,True,0.67078155,0.8119361
nerve|tumor|CD55|ADGRE5,True,True,0.5488886,0.68585324
nerve|tumor|CDH1|CDH2,True,True,0.7720161,0.8240225
nerve|tumor|CDH1|EGFR,True,True,0.80139196,0.85682523
nerve|tumor|CDH1|IGF1R,True,True,0.725356,0.7412433
nerve|tumor|CDH1|ITGA2_ITGB1,True,True,0.6403525,0.63000745
nerve|tumor|CDH1|LRP5,True,True,0.54887736,0.6127868
nerve|tumor|CDH1|PTPRF,True,True,0.5759707,0.697155
nerve|tumor|CNTN1|NOTCH1,True,True,0.78599244,0.8112943
nerve|tumor|CNTN1|NOTCH2,True,True,0.810356,0.7970394
nerve|tumor|CNTN1|NRCAM,True,True,0.9132519,0.90107393
nerve|tumor|CNTN1|PTPRZ1,True,True,0.92339563,0.92817175
nerve|tumor|CNTN2|CNTN1,True,True,0.79818076,0.8809399
nerve|tumor|CNTN2|NRCAM,True,True,0.8998667,0.9358768
nerve|tumor|CNTN2|NRP1,True,True,0.7962654,0.85147685
nerve|tumor|CNTN3|PTPRG,True,True,0.865572,0.78907543
nerve|tumor|COL11A1|ITGA2_ITGB1,True,True,0.72932005,0.765655
nerve|tumor|COL16A1|ITGA2_ITGB1,True,True,0.6956215,0.71129537
nerve|tumor|COL18A1|GPC1,True,True,0.6765068,0.8643267
nerve|tumor|COL18A1|ITGA2_ITGB1,True,True,0.74713755,0.7802377
nerve|tumor|COL18A1|ITGA3,True,True,0.71307355,0.78882176
nerve|tumor|COL18A1|PTPRS,True,True,0.8063639,0.8786293
nerve|tumor|COL19A1|ITGA2_ITGB1,True,True,0.7014854,0.48095536
nerve|tumor|COL20A1|ITGA2_ITGB1,True,True,0.75477046,0.710971
nerve|tumor|COL27A1|ITGA2_ITGB1,True,True,0.7209531,0.5224051
nerve|tumor|COL4A5|CD44,True,True,0.84206533,0.9045353
nerve|tumor|COL4A5|CD47,True,True,0.7987395,0.8938015
nerve|tumor|COL4A5|ITGA2_ITGB1,True,True,0.8010265,0.81518525
nerve|tumor|COL4A5|ITGA3_ITGB1,True,True,0.77200675,0.8227144
nerve|tumor|COL4A5|ITGAV_ITGB8,True,True,0.8599363,0.90660924
nerve|tumor|COL6A1|ITGA2_ITGB1,True,True,0.6791832,0.55665904
nerve|tumor|COL6A1|ITGA3_ITGB1,True,True,0.6403712,0.5691539
nerve|tumor|COL6A1|ITGAV_ITGB8,True,True,0.7635171,0.73428476
nerve|tumor|COL9A1|CD44,True,True,0.7185563,0.8224112
nerve|tumor|COL9A1|ITGA2_ITGB1,True,True,0.6584418,0.6831241
nerve|tumor|COL9A1|ITGA3_ITGB1,True,True,0.61852986,0.69401395
nerve|tumor|COL9A1|ITGAV_ITGB8,True,True,0.7461905,0.825926
nerve|tumor|COL9A2|CD44,True,True,0.6764807,0.84278446
nerve|tumor|COL9A2|ITGA2_ITGB1,True,True,0.612229,0.71391815
nerve|tumor|COL9A2|ITGA3_ITGB1,True,True,0.57043993,0.724177
nerve|tumor|COL9A2|ITGAV_ITGB8,True,True,0.70655906,0.8459716
nerve|tumor|COL9A3|CD44,True,True,0.7179344,0.8529434
nerve|tumor|COL9A3|ITGA2_ITGB1,True,True,0.65775037,0.7297337
nerve|tumor|COL9A3|ITGA3_ITGB1,True,True,0.6178045,0.7396322
nerve|tumor|COL9A3|ITGAV_ITGB8,True,True,0.74560803,0.8559596
nerve|tumor|CSF1|SIRPA,True,True,0.49896726,0.6757615
nerve|tumor|CTHRC1|FZD3,True,True,0.68633324,0.72698665
nerve|tumor|DLL1|NOTCH1,True,True,0.6506154,0.68851787
nerve|tumor|DLL1|NOTCH2,True,True,0.6841987,0.66877496
nerve|tumor|DLL3|NOTCH1,True,True,0.64040285,0.7292973
nerve|tumor|DLL3|NOTCH2,True,True,0.6744766,0.7110544
nerve|tumor|DSCAM|DCC,True,True,0.9007761,0.9032
nerve|tumor|EDIL3|ITGAV,True,True,0.885151,0.923391
nerve|tumor|EFNA1|EPHA4,True,True,0.644767,0.7995407
nerve|tumor|EFNA1|EPHB1,True,True,0.6183699,0.7878807
nerve|tumor|EFNB2|EPHA4,True,True,0.6441127,0.6729823
nerve|tumor|EFNB2|EPHB1,True,True,0.61769575,0.6571178
nerve|tumor|EFNB2|EPHB2,True,True,0.5655413,0.6262741
nerve|tumor|FABP5|RXRA,True,True,0.45739195,0.7778479
nerve|tumor|FAM3C|LIFR,True,True,0.7953574,0.7662513
nerve|tumor|FARP2|PLXNA1,True,True,0.69116116,0.73359644
nerve|tumor|FARP2|PLXNA2,True,True,0.7555856,0.79341453
nerve|tumor|FARP2|PLXNA3,True,True,0.67996585,0.7665734
nerve|tumor|FARP2|PLXNA4,True,True,0.7811601,0.82183915
nerve|tumor|FAT4|DCHS1,True,True,0.48616138,0.60481894
nerve|tumor|FBN1|ITGB1,True,True,0.7637675,0.86016965
nerve|tumor|FGF12|FGFR1,True,True,0.84425575,0.8970186
nerve|tumor|FGF14|FGFR1,True,True,0.85265875,0.87601244
nerve|tumor|FGF1|CD44,True,True,0.7850196,0.8634377
nerve|tumor|FGF1|EGFR,True,True,0.8620392,0.91185164
nerve|tumor|FGF1|FGFR1,True,True,0.74865913,0.8344202
nerve|tumor|FGF1|NRP1,True,True,0.7421185,0.7881482
nerve|tumor|FGF2|FGFR1,True,True,0.7211307,0.6098905
nerve|tumor|FGF2|SDC2,True,True,0.6310802,0.5189348
nerve|tumor|FGF2|SDC3,True,True,0.6899067,0.6303002
nerve|tumor|FSTL5|CHL1,True,True,0.8713152,0.8307551
nerve|tumor|GDF11|ANTXR1,True,True,0.62646234,0.6503151
nerve|tumor|GDF11|BMPR1A,True,True,0.6632851,0.6430025
nerve|tumor|GDF11|BMPR1B,True,True,0.6613896,0.63196546
nerve|tumor|GNAI2|ADCY1,True,True,0.6478558,0.77692205
nerve|tumor|GNAI2|ADCY9,True,True,0.70588607,0.8004401
nerve|tumor|GNAI2|ADORA1,True,True,0.5851555,0.767228
nerve|tumor|GNAI2|CAV1,True,True,0.5206772,0.83594406
nerve|tumor|GNAI2|CNR1,True,True,0.6891622,0.8241054
nerve|tumor|GNAI2|EDNRB,True,True,0.5846326,0.8231587
nerve|tumor|GNAI2|EGFR,True,True,0.82390165,0.9208868
nerve|tumor|GNAI2|F2R,True,True,0.5379106,0.77873653
nerve|tumor|GNAI2|IGF1R,True,True,0.7538363,0.8478364
nerve|tumor|GNAS|ADCY1,True,True,0.7586496,0.8026818
nerve|tumor|GNAS|ADCY9,True,True,0.80394715,0.82409894
nerve|tumor|GNAS|ADORA1,True,True,0.7067469,0.79381
nerve|tumor|GPI|AMFR,True,True,0.6891473,0.7392701
nerve|tumor|GRN|EGFR,True,True,0.7720623,0.88794255
nerve|tumor|GSTP1|EGFR,True,True,0.80858177,0.9372758
nerve|tumor|HAS2|CD44,True,True,0.77785736,0.8248288
nerve|tumor|HLA-A|APLP2,True,True,0.79296154,0.92801553
nerve|tumor|ICAM1|CAV1,True,True,0.53384686,0.6706136
nerve|tumor|ICAM1|EGFR,True,True,0.8314372,0.8230376
nerve|tumor|IL1RAPL1|PTPRD,True,True,0.8941428,0.93027383
nerve|tumor|IL1RAPL1|PTPRF,True,True,0.81388986,0.89925677
nerve|tumor|IL1RAPL1|PTPRS,True,True,0.88985664,0.93085617
nerve|tumor|ITGAV|THY1,True,True,0.7273027,0.8392747
nerve|tumor|JAG1|NOTCH1,True,True,0.6879572,0.54316914
nerve|tumor|JAM2|ITGA3_ITGB1,True,True,0.6539259,0.535971
nerve|tumor|JAM3|ITGB1,True,True,0.782675,0.87464684
nerve|tumor|LAMA2|CD44,True,True,0.8289416,0.8639274
nerve|tumor|LAMA2|DAG1,True,True,0.7523816,0.81896573
nerve|tumor|LAMA2|ITGA2_ITGB1,True,True,0.7853618,0.747193
nerve|tumor|LAMA2|ITGA3_ITGB1,True,True,0.7547569,0.7566653
nerve|tumor|LAMA2|ITGA6_ITGB1,True,True,0.689983,0.7531992
nerve|tumor|LAMA2|ITGA6_ITGB4,True,True,0.689983,0.736509
nerve|tumor|LAMA2|ITGA7_ITGB1,True,True,0.7853618,0.82351935
nerve|tumor|LAMA2|ITGAV_ITGB8,True,True,0.84802955,0.86675364
nerve|tumor|LAMA2|RPSA,True,True,0.7470046,0.9125546
nerve|tumor|LAMA4|CD44,True,True,0.78218764,0.7663347
nerve|tumor|LAMA4|DAG1,True,True,0.6924655,0.7003122
nerve|tumor|LAMA4|ITGA2_ITGB1,True,True,0.7305682,0.60423106
nerve|tumor|LAMA4|ITGA3_ITGB1,True,True,0.6951827,0.6163092
nerve|tumor|LAMA4|ITGA6_ITGB1,True,True,0.62254304,0.6118695
nerve|tumor|LAMA4|ITGA6_ITGB4,True,True,0.62254304,0.59081393
nerve|tumor|LAMA4|ITGA7_ITGB1,True,True,0.7305682,0.7067818
nerve|tumor|LAMA4|ITGAV_ITGB8,True,True,0.8052673,0.7706498
nerve|tumor|LAMB1|CD44,True,True,0.73191005,0.74027205
nerve|tumor|LAMB1|DAG1,True,True,0.63124126,0.67005605
nerve|tumor|LAMB1|ITGA2_ITGB1,True,True,0.6733512,0.57022756
nerve|tumor|LAMB1|ITGA3_ITGB1,True,True,0.6342136,0.5826267
nerve|tumor|LAMB1|ITGA6_ITGB1,True,True,0.5563177,0.57806396
nerve|tumor|LAMB1|ITGA6_ITGB4,True,True,0.5563177,0.55650383
nerve|tumor|LAMB1|ITGA7_ITGB1,True,True,0.6733512,0.6768774
nerve|tumor|LAMB1|ITGAV_ITGB8,True,True,0.7586734,0.74490815
nerve|tumor|LAMC1|DAG1,True,True,0.73446065,0.63913256
nerve|tumor|LAMC1|ITGA2_ITGB1,True,True,0.7690953,0.53642094
nerve|tumor|LAMC1|ITGA3_ITGB1,True,True,0.73694783,0.54902405
nerve|tumor|LAMC1|ITGA6_ITGB1,True,True,0.66952974,0.5443813
nerve|tumor|LAMC1|ITGA6_ITGB4,True,True,0.66952974,0.5225216
nerve|tumor|LAMC1|ITGA7_ITGB1,True,True,0.7690953,0.6462558
nerve|tumor|LAMC1|ITGAV_ITGB8,True,True,0.8355177,0.7180481
nerve|tumor|LGALS3BP|ITGB1,True,True,0.66642517,0.88287234
nerve|tumor|LGALS8|ITGA3,True,True,0.5823533,0.5796642
nerve|tumor|LGI3|ADAM22,True,True,0.68002445,0.8118644
nerve|tumor|LGI3|ADAM23,True,True,0.67536217,0.82222164
nerve|tumor|LGI3|FLOT1,True,True,0.6075776,0.85844576
nerve|tumor|LGI4|ADAM22,True,True,0.7009542,0.76548034
nerve|tumor|LGI4|ADAM23,True,True,0.6964607,0.7776919
nerve|tumor|LMAN1|MCFD2,True,True,0.55647576,0.7776943
nerve|tumor|LRIG1|EGFR,True,True,0.89002293,0.90262824
nerve|tumor|LRIG2|EGFR,True,True,0.84229565,0.8959953
nerve|tumor|LRPAP1|LRP1,True,True,0.68338656,0.8533972
nerve|tumor|LRPAP1|LRP8,True,True,0.50145626,0.69699913
nerve|tumor|LRPAP1|SORT1,True,True,0.6494562,0.8129657
nerve|tumor|LRRC4B|PTPRF,True,True,0.64474833,0.73172086
nerve|tumor|LRRC4B|PTPRS,True,True,0.7702679,0.8044424
nerve|tumor|MAML2|NOTCH1,True,True,0.8215498,0.88879406
nerve|tumor|MAML2|NOTCH2,True,True,0.8426757,0.87952423
nerve|tumor|MDK|ALK,True,True,0.7101482,0.7305864
nerve|tumor|MDK|ITGA6_ITGB1,True,True,0.5427261,0.69927573
nerve|tumor|MDK|LRP1,True,True,0.75020826,0.8396478
nerve|tumor|MDK|NOTCH2,True,True,0.6552564,0.75753033
nerve|tumor|MDK|PTPRZ1,True,True,0.84281236,0.9113502
nerve|tumor|MDK|SDC2,True,True,0.5823712,0.72680455
nerve|tumor|MDK|SDC3,True,True,0.6445905,0.8078655
nerve|tumor|MEGF10|ABCA1,True,True,0.844546,0.88859797
nerve|tumor|NCAM1|CACNA1C,True,True,0.8757023,0.87089664
nerve|tumor|NCAM1|FGFR1,True,True,0.8401421,0.896145
nerve|tumor|NCAM1|NCAM2,True,True,0.89481074,0.9177421
nerve|tumor|NCAM1|PTPRA,True,True,0.88264143,0.92779565
nerve|tumor|NCAM1|PTPRZ1,True,True,0.9304,0.9583453
nerve|tumor|NCAM1|ROBO1,True,True,0.87016153,0.90367764
nerve|tumor|NCAM1|ROBO3,True,True,0.72701323,0.82404095
nerve|tumor|NCAN|CDH2,True,True,0.84229463,0.826536
nerve|tumor|NCAN|SDC3,True,True,0.723009,0.7638816
nerve|tumor|NECTIN3|CADM1,True,True,0.87621754,0.8551823
nerve|tumor|NECTIN3|NECTIN2,True,True,0.68048954,0.7084456
nerve|tumor|NLGN1|NRXN1,True,True,0.9233237,0.9461701
nerve|tumor|NLGN1|NRXN2,True,True,0.8265863,0.89575636
nerve|tumor|NLGN1|NRXN3,True,True,0.90545404,0.91569173
nerve|tumor|NLGN2|NRXN1,True,True,0.79177016,0.8444398
nerve|tumor|NLGN2|NRXN2,True,True,0.60081583,0.726311
nerve|tumor|NLGN2|NRXN3,True,True,0.7514931,0.770343
nerve|tumor|NLGN3|NRXN1,True,True,0.8076366,0.828427
nerve|tumor|NLGN3|NRXN2,True,True,0.62432873,0.70242345
nerve|tumor|NLGN3|NRXN3,True,True,0.7695352,0.74897027
nerve|tumor|NLGN4X|NRXN1,True,True,0.8997347,0.9226005
nerve|tumor|NPTX2|NPTXR,True,True,0.5610137,0.73736525
nerve|tumor|NRG1|ADGRL1,True,True,0.7660243,0.653112
nerve|tumor|NRG1|EGFR,True,True,0.89748263,0.83910525
nerve|tumor|NRG1|GPC1,True,True,0.7321974,0.7269727
nerve|tumor|NRG1|LGR4,True,True,0.8133303,0.64487666
nerve|tumor|NRG1|NETO2,True,True,0.79242176,0.69598275
nerve|tumor|NRG2|LRRTM2,True,True,0.60000616,0.71561843
nerve|tumor|NRG2|NRP2,True,True,0.7620731,0.77005905
nerve|tumor|NRG3|EGFR,True,True,0.9270511,0.8910594
nerve|tumor|NRXN1|NLGN1,True,True,0.9371049,0.9377866
nerve|tumor|NRXN1|NLGN2,True,True,0.7581652,0.8334627
nerve|tumor|NRXN1|NLGN3,True,True,0.8048871,0.85386014
nerve|tumor|NRXN2|NLGN1,True,True,0.8890746,0.86509097
nerve|tumor|NRXN2|NLGN2,True,True,0.6277657,0.68040884
nerve|tumor|NRXN2|NLGN3,True,True,0.68935835,0.7130995
nerve|tumor|NRXN3|NLGN1,True,True,0.94059664,0.9352371
nerve|tumor|NRXN3|NLGN2,True,True,0.7691439,0.8274249
nerve|tumor|NRXN3|NLGN3,True,True,0.81426436,0.8484273
nerve|tumor|NTN1|DCC,True,True,0.85370123,0.83469665
nerve|tumor|NTN1|DSCAM,True,True,0.8231411,0.85221183
nerve|tumor|NTN1|NEO1,True,True,0.8099509,0.82416654
nerve|tumor|NTNG2|LRRC4C,True,True,0.728996,0.7827509
nerve|tumor|NTRK3|PTPRD,True,True,0.8700744,0.83632165
nerve|tumor|NTRK3|PTPRF,True,True,0.7761428,0.7736785
nerve|tumor|NTRK3|PTPRS,True,True,0.8649608,0.8375518
nerve|tumor|NXPH1|NRXN1,True,True,0.8946469,0.907592
nerve|tumor|NXPH1|NRXN2,True,True,0.7707141,0.8276305
nerve|tumor|NXPH1|NRXN3,True,True,0.87102747,0.8585368
nerve|tumor|OLFM2|ROBO2,True,True,0.84406054,0.834097
nerve|tumor|OMG|LINGO1,True,True,0.43110067,0.8067632
nerve|tumor|PI16|TNFRSF21,True,True,0.6022587,0.7503222
nerve|tumor|PKM|CD44,True,True,0.804826,0.8878719
nerve|tumor|PROS1|TYRO3,True,True,0.59284925,0.6606036
nerve|tumor|PSAP|AR,True,True,0.77397466,0.8528688
nerve|tumor|PSAP|GPR37,True,True,0.69153833,0.83105767
nerve|tumor|PSAP|LRP1,True,True,0.8386073,0.9237258
nerve|tumor|PSAP|SORT1,True,True,0.8168534,0.90042704
nerve|tumor|PSEN1|CD44,True,True,0.8503041,0.90501034
nerve|tumor|PSEN1|NCSTN,True,True,0.6675745,0.8389312
nerve|tumor|PSEN1|NOTCH1,True,True,0.78217703,0.87073946
nerve|tumor|PSEN1|NOTCH2,True,True,0.80686826,0.86020124
nerve|tumor|PTN|ALK,True,True,0.8577728,0.8439366
nerve|tumor|PTN|CDH10,True,True,0.8601205,0.8619303
nerve|tumor|PTN|PLXNB2,True,True,0.74718124,0.83599436
nerve|tumor|PTN|PTPRS,True,True,0.8712923,0.901542
nerve|tumor|PTN|PTPRZ1,True,True,0.92957073,0.9534894
nerve|tumor|PTN|SDC2,True,True,0.7744,0.8414005
nerve|tumor|PTN|SDC3,True,True,0.81700027,0.89344424
nerve|tumor|RGMB|BMPR1B,True,True,0.70355725,0.7347024
nerve|tumor|RGMB|NEO1,True,True,0.709446,0.74710983
nerve|tumor|RIMS1|CACNA1C,True,True,0.86271745,0.72450316
nerve|tumor|RIMS2|ABCA1,True,True,0.87994,0.8760017
nerve|tumor|RTN4|LINGO1,True,True,0.71521115,0.8820116
nerve|tumor|RTN4|TNFRSF19,True,True,0.8201298,0.8731383
nerve|tumor|SEMA3A|NRP1_PLXNA1,True,True,0.702502,0.52619755
nerve|tumor|SEMA3A|NRP1_PLXNA2,True,True,0.76536375,0.6034327
nerve|tumor|SEMA3A|NRP1_PLXNA3,True,True,0.6915343,0.569792
nerve|tumor|SEMA3A|NRP1_PLXNA4,True,True,0.7687659,0.6034327
nerve|tumor|SEMA3A|NRP2,True,True,0.783695,0.63347304
nerve|tumor|SEMA3B|NRP1_PLXNA1,True,True,0.65275306,0.75627726
nerve|tumor|SEMA3B|NRP1_PLXNA2,True,True,0.7219665,0.80957943
nerve|tumor|SEMA3B|NRP1_PLXNA3,True,True,0.64088887,0.7872609
nerve|tumor|SEMA3B|NRP1_PLXNA4,True,True,0.72577244,0.80957943
nerve|tumor|SEMA3B|NRP2_PLXNA1,True,True,0.65275306,0.75627726
nerve|tumor|SEMA3B|NRP2_PLXNA2,True,True,0.7219665,0.8123057
nerve|tumor|SEMA3B|NRP2_PLXNA3,True,True,0.64088887,0.7872609
nerve|tumor|SEMA3B|NRP2_PLXNA4,True,True,0.7425477,0.82844347
nerve|tumor|SEMA3C|NRP1_PLXNA1,True,True,0.6946045,0.7604532
nerve|tumor|SEMA3C|NRP1_PLXNA2,True,True,0.75856155,0.81306773
nerve|tumor|SEMA3C|NRP1_PLXNA3,True,True,0.6834768,0.79105264
nerve|tumor|SEMA3C|NRP1_PLXNA4,True,True,0.7620317,0.81306773
nerve|tumor|SEMA3C|NRP2_PLXNA1,True,True,0.6946045,0.7604532
nerve|tumor|SEMA3C|NRP2_PLXNA2,True,True,0.75856155,0.8157555
nerve|tumor|SEMA3C|NRP2_PLXNA3,True,True,0.6834768,0.79105264
nerve|tumor|SEMA3C|NRP2_PLXNA4,True,True,0.7772695,0.8316582
nerve|tumor|SEMA3E|NRP1,True,True,0.68606097,0.73423946
nerve|tumor|SEMA3E|NRP2,True,True,0.70427555,0.7583393
nerve|tumor|SEMA4B|DCBLD2,True,True,0.68736935,0.7711587
nerve|tumor|SEMA4C|PLXNB2,True,True,0.5147222,0.7012644
nerve|tumor|SEMA4D|PLXNB1,True,True,0.6781897,0.8011029
nerve|tumor|SEMA4D|PLXNB2,True,True,0.6778653,0.80262494
nerve|tumor|SEMA5A|PLXNA1,True,True,0.77297914,0.8138663
nerve|tumor|SEMA5A|PLXNA3,True,True,0.7637359,0.83908665
nerve|tumor|SEMA5B|PLXNA1,True,True,0.6910397,0.7697261
nerve|tumor|SEMA5B|PLXNA3,True,True,0.67984205,0.7994534
nerve|tumor|SEMA6A|PLXNA2,True,True,0.77426815,0.8152021
nerve|tumor|SEMA6A|PLXNA4,True,True,0.79840934,0.8412288
nerve|tumor|SERPINE2|LRP1,True,True,0.80400544,0.83331805
nerve|tumor|SIRPA|CD47,True,True,0.6926973,0.7760621
nerve|tumor|SLC6A8|LIFR,True,True,0.70154905,0.8511528
nerve|tumor|SLIT1|GPC1,True,True,0.6737084,0.86622554
nerve|tumor|SLIT1|ROBO1,True,True,0.80075395,0.8704285
nerve|tumor|SLIT1|ROBO2,True,True,0.84684527,0.893728
nerve|tumor|SLIT2|APP,True,True,0.86512774,0.8729561
nerve|tumor|SLIT2|DCC,True,True,0.86088103,0.776516
nerve|tumor|SLIT2|GPC1,True,True,0.70621705,0.79475236
nerve|tumor|SLIT2|PLXNA1,True,True,0.7157355,0.6656383
nerve|tumor|SLIT2|ROBO1,True,True,0.82391334,0.8006842
nerve|tumor|SLIT2|ROBO2,True,True,0.86554676,0.8341353
nerve|tumor|SPARC|FGFR1,True,True,0.78448987,0.865962
nerve|tumor|SPP1|CD44,True,True,0.8465464,0.93066555
nerve|tumor|SPP1|ITGAV_ITGB1,True,True,0.8064043,0.91965145
nerve|tumor|SPTAN1|PTPRA,True,True,0.8543344,0.8812886
nerve|tumor|SPTBN2|PTPRA,True,True,0.7746721,0.7492197
nerve|tumor|ST6GAL1|EGFR,True,True,0.86715746,0.84858686
nerve|tumor|TCTN1|TMEM67,True,True,0.6569162,0.5994288
nerve|tumor|TF|TFRC,True,True,0.77281356,0.8921894
nerve|tumor|TGFA|ERBB4,True,True,0.7092072,0.74609584
nerve|tumor|TGS1|RXRA,True,True,0.512906,0.6382434
nerve|tumor|THBS2|CD47,True,True,0.60089743,0.8328467
nerve|tumor|THBS2|ITGA3_ITGB1,True,True,0.5622868,0.7331399
nerve|tumor|THBS2|ITGA6,True,True,0.48159394,0.7294586
nerve|tumor|THBS4|CD47,True,True,0.6685781,0.73888826
nerve|tumor|THBS4|ITGA3_ITGB1,True,True,0.6325108,0.6094191
nerve|tumor|TIMP1|CD63,True,True,0.81604433,0.92565936
nerve|tumor|TIMP2|CD44,True,True,0.78016394,0.8846644
nerve|tumor|TIMP2|ITGA3,True,True,0.6926682,0.7897709
nerve|tumor|TIMP2|ITGB1,True,True,0.7282315,0.86738414
nerve|tumor|TNC|CNTN1,True,True,0.8149184,0.685609
nerve|tumor|TNC|EGFR,True,True,0.9042846,0.82450855
nerve|tumor|TNC|ITGA7,True,True,0.8238517,0.6785154
nerve|tumor|TNC|PTPRZ1,True,True,0.91971445,0.85920614
nerve|tumor|TXLNA|STX4,True,True,0.44021574,0.6561198
nerve|tumor|VCAN|CD44,True,True,0.8489658,0.90429294
nerve|tumor|VCAN|EGFR,True,True,0.9058242,0.9392421
nerve|tumor|VCAN|ITGB1,True,True,0.8093141,0.8895865
nerve|tumor|VCL|ALK,True,True,0.7825054,0.5851032
nerve|tumor|VEGFA|CD44,True,True,0.87838864,0.8538006
nerve|tumor|VEGFA|EGFR,True,True,0.9251471,0.90525615
nerve|tumor|VEGFA|EPHB2,True,True,0.8181613,0.76319385
nerve|tumor|VEGFA|GPC1,True,True,0.79423857,0.8298794
nerve|tumor|VEGFA|ITGAV,True,True,0.89267343,0.8568023
nerve|tumor|VEGFA|NRP1,True,True,0.8505734,0.7745851
nerve|tumor|VEGFA|NRP2,True,True,0.8611745,0.7960426
nerve|tumor|VEGFA|TYRO3,True,True,0.75659657,0.7445974
nerve|tumor|YBX1|NOTCH1,True,True,0.6536485,0.85885775
tumor|immune|ADAM10|AXL,True,True,0.78665465,0.8002353
tumor|immune|ADAM10|CD44,True,True,0.84260714,0.87930703
tumor|immune|ADAM10|GPNMB,True,True,0.79598486,0.8250999
tumor|immune|ADAM10|IL6R,True,True,0.7815609,0.77789706
tumor|immune|ADAM10|NOTCH2,True,True,0.7655737,0.7445557
tumor|immune|ADAM10|TREM2,True,True,0.66776717,0.86614496
tumor|immune|ADAM10|TSPAN14,True,True,0.7825897,0.7742153
tumor|immune|ADAM10|TSPAN5,True,True,0.80459034,0.7481141
tumor|immune|ADAM12|ITGB1,True,True,0.76905394,0.7877529
tumor|immune|ADAM15|ITGA5,True,True,0.5450752,0.6511795
tumor|immune|ADAM15|ITGAV,True,True,0.6749359,0.68789166
tumor|immune|ADAM15|ITGB1,True,True,0.61363083,0.7355301
tumor|immune|ADAM17|IL6R,True,True,0.7601289,0.7754241
tumor|immune|ADAM17|ITGA5,True,True,0.7162074,0.77395976
tumor|immune|ADAM17|ITGB1,True,True,0.76986235,0.8360933
tumor|immune|ADAM17|RHBDF2,True,True,0.78385496,0.8066099
tumor|immune|ADAM23|ITGA4,True,True,0.8172559,0.7959665
tumor|immune|ADAM23|ITGA5,True,True,0.7389249,0.7646297
tumor|immune|ADAM9|ITGA6,True,True,0.6628083,0.6893106
tumor|immune|ADAM9|ITGAV,True,True,0.8210317,0.81872606
tumor|immune|ADAM9|ITGB1,True,True,0.778226,0.8507281
tumor|immune|ADAM9|ITGB5,True,True,0.7334877,0.72027886
tumor|immune|AFDN|EPHB2,True,True,0.7406781,0.66458964
tumor|immune|AGRN|ITGB1,True,True,0.62145114,0.7642786
tumor|immune|AGRN|LRP1,True,True,0.6284041,0.7162153
tumor|immune|ALCAM|CD6,True,True,0.81509805,0.8281201
tumor|immune|ALCAM|NRP1,True,True,0.836097,0.78866845
tumor|immune|ANGPTL2|ITGA5_ITGB1,True,True,0.5970452,0.6923363
tumor|immune|ANGPTL2|LILRB3,True,True,0.5310105,0.71514
tumor|immune|ANGPTL2|TLR4,True,True,0.52294576,0.6909486
tumor|immune|ANXA1|FPR1,True,True,0.6136589,0.87960535
tumor|immune|ANXA2|TLR2,True,True,0.7878936,0.8775369
tumor|immune|APP|CD74,True,True,0.8911385,0.9548436
tumor|immune|APP|LRP1,True,True,0.85868037,0.88598645
tumor|immune|APP|NOTCH2,True,True,0.8360681,0.8490263
tumor|immune|B2M|KLRD1,True,True,0.78980553,0.9512072
tumor|immune|BMP7|ACTR2,True,True,0.68411624,0.8625669
tumor|immune|BMP7|ACVR1B,True,True,0.5254377,0.65168506
tumor|immune|BMP7|ENG,True,True,0.6161968,0.77270347
tumor|immune|BSG|SLC16A7,True,True,0.72045165,0.8147978
tumor|immune|CALM1|FAS,True,True,0.66940266,0.8414291
tumor|immune|CALM1|KCNQ1,True,True,0.7490184,0.8201213
tumor|immune|CALM1|KCNQ3,True,True,0.86262476,0.87994015
tumor|immune|CALM1|PTPRA,True,True,0.8111465,0.8812718
tumor|immune|CALM3|KCNQ1,True,True,0.59887654,0.74297905
tumor|immune|CALM3|KCNQ3,True,True,0.7585352,0.8229123
tumor|immune|CALR|ITGAV,True,True,0.795929,0.87521344
tumor|immune|CALR|LRP1,True,True,0.7544913,0.8732416
tumor|immune|CD47|SIRPA,True,True,0.71150357,0.81407076
tumor|immune|CD58|CD2,True,True,0.710343,0.81862766
tumor|immune|CD59|CD2,True,True,0.7131159,0.89030886
tumor|immune|CD59|STAB1,True,True,0.7019802,0.82596135
tumor|immune|CD99|CD81,True,True,0.66708446,0.9146199
tumor|immune|CD99|PILRA,True,True,0.6586591,0.85435766
tumor|immune|CLEC2D|KLRB1,True,True,0.59159565,0.82581794
tumor|immune|CNTN1|NOTCH2,True,True,0.740406,0.7423438
tumor|immune|COL11A1|ITGA1_ITGB1,True,True,0.71116173,0.7046014
tumor|immune|COL16A1|ITGA1_ITGB1,True,True,0.7252839,0.7257055
tumor|immune|COL1A2|CD44,True,True,0.78535086,0.82946277
tumor|immune|COL1A2|CD93,True,True,0.56682587,0.79155576
tumor|immune|COL1A2|ITGA1_ITGB1,True,True,0.7086391,0.6978985
tumor|immune|COL27A1|ITGA1_ITGB1,True,True,0.6676738,0.68965954
tumor|immune|COL28A1|ITGA1_ITGB1,True,True,0.6963034,0.68595755
tumor|immune|COL4A1|CD44,True,True,0.74253714,0.8447733
tumor|immune|COL4A1|CD47,True,True,0.66985923,0.75729233
tumor|immune|COL4A1|CD93,True,True,0.5077454,0.80948794
tumor|immune|COL4A1|ITGA1_ITGB1,True,True,0.6572032,0.72104836
tumor|immune|COL4A2|CD44,True,True,0.78885007,0.8628251
tumor|immune|COL4A2|CD93,True,True,0.5719458,0.8308214
tumor|immune|COL4A2|ITGA1_ITGB1,True,True,0.7129317,0.7492171
tumor|immune|COL4A2|ITGB5,True,True,0.6739749,0.6686959
tumor|immune|COL5A2|ITGA1_ITGB1,True,True,0.76369816,0.73032326
tumor|immune|COL6A1|CD44,True,True,0.7597571,0.8868468
tumor|immune|COL6A1|ITGA1_ITGB1,True,True,0.67765284,0.788251
tumor|immune|COL6A1|ITGA6,True,True,0.5555206,0.6842387
tumor|immune|COL6A2|CD44,True,True,0.7007537,0.8391268
tumor|immune|COL6A2|ITGA1_ITGB1,True,True,0.6088658,0.7124333
tumor|immune|COL9A3|CD44,True,True,0.74772763,0.88099605
tumor|immune|COL9A3|ITGA1_ITGB1,True,True,0.663334,0.77857506
tumor|immune|COPA|CD74,True,True,0.8309774,0.92719275
tumor|immune|CSF1|CSF2RA,True,True,0.6714728,0.72852486
tumor|immune|CSF1|CSF3R,True,True,0.6267263,0.7262769
tumor|immune|CSF1|SIRPA,True,True,0.5672567,0.6846136
tumor|immune|CXADR|JAML,True,True,0.61254996,0.8146176
tumor|immune|EFNB2|EPHB2,True,True,0.5500045,0.49290854
tumor|immune|EFNB2|PECAM1,True,True,0.6558436,0.6970605
tumor|immune|FABP5|RXRA,True,True,0.6023347,0.8555338
tumor|immune|FAM3C|CLEC2D,True,True,0.80113465,0.87357175
tumor|immune|FAM3C|LAMP1,True,True,0.7067825,0.85785824
tumor|immune|FBN1|ITGA5,True,True,0.7203838,0.6985019
tumor|immune|FBN1|ITGB1,True,True,0.773499,0.7753568
tumor|immune|FGF1|CD44,True,True,0.8222049,0.81839293
tumor|immune|FGF1|NRP1,True,True,0.8017162,0.6665742
tumor|immune|FGF1|TGFBR3,True,True,0.7019803,0.57768
tumor|immune|FGF2|CD44,True,True,0.79149765,0.8344158
tumor|immune|FGF2|NRP1,True,True,0.76846683,0.6909333
tumor|immune|FGF2|SDC2,True,True,0.64370507,0.6762072
tumor|immune|FGF2|SDC3,True,True,0.6306627,0.59372973
tumor|immune|FN1|C5AR1,True,True,0.6592555,0.8506182
tumor|immune|FN1|CD44,True,True,0.7814898,0.87283975
tumor|immune|FN1|DPP4,True,True,0.5859201,0.6694243
tumor|immune|FN1|ITGA4_ITGB1,True,True,0.716171,0.79714173
tumor|immune|FN1|ITGA5_ITGB1,True,True,0.6555981,0.76593226
tumor|immune|FN1|ITGAV_ITGB1,True,True,0.711969,0.79438066
tumor|immune|FN1|PLAUR,True,True,0.72603655,0.866028
tumor|immune|FN1|SDC2,True,True,0.62992024,0.73989975
tumor|immune|FSTL1|DIP2A,True,True,0.6833281,0.7102064
tumor|immune|GDF11|ACTR2,True,True,0.65321183,0.8030644
tumor|immune|GNAI2|C5AR1,True,True,0.65273976,0.8836394
tumor|immune|GNAI2|FPR1,True,True,0.5961963,0.87713736
tumor|immune|GNAS|ADCY7,True,True,0.7991004,0.8560551
tumor|immune|GPI|AMFR,True,True,0.6681866,0.6908575
tumor|immune|GRN|TNFRSF1B,True,True,0.6722918,0.83697134
tumor|immune|HAS2|CD44,True,True,0.7595213,0.8334215
tumor|immune|HLA-A|APLP2,True,True,0.7992249,0.9349409
tumor|immune|HLA-A|CD8A,True,True,0.7232321,0.9195051
tumor|immune|HLA-C|CD8A,True,True,0.67021596,0.9039568
tumor|immune|HMGB1|CXCR4,True,True,0.8193275,0.9486146
tumor|immune|HMGB1|HAVCR2,True,True,0.82961,0.9185583
tumor|immune|HMGB1|TLR2,True,True,0.8543888,0.9161767
tumor|immune|HMGB1|TLR4,True,True,0.7264011,0.88861454
tumor|immune|HSPA4|TLR4,True,True,0.6142619,0.7694441
tumor|immune|IGSF11|VSIR,True,True,0.7414273,0.82809013
tumor|immune|ITGB3BP|ITGB5,True,True,0.70117044,0.6899319
tumor|immune|JAG1|CD46,True,True,0.6910048,0.7466518
tumor|immune|JAG1|NOTCH1,True,True,0.6263546,0.6441847
tumor|immune|JAG1|NOTCH2,True,True,0.72699624,0.7342609
tumor|immune|JAM2|ITGA4_ITGB1,True,True,0.7471749,0.80046797
tumor|immune|JAM2|ITGAV_ITGB1,True,True,0.7432674,0.7977407
tumor|immune|JAM3|ITGAM_ITGB2,True,True,0.7336588,0.8091322
tumor|immune|JAM3|ITGB1,True,True,0.7818153,0.840516
tumor|immune|LAMA2|CD44,True,True,0.8838362,0.86695904
tumor|immune|LAMA2|ITGA1,True,True,0.8349232,0.75580573
tumor|immune|LAMA2|ITGA6_ITGB1,True,True,0.7504333,0.64307255
tumor|immune|LAMA2|RPSA,True,True,0.8613914,0.8837162
tumor|immune|LAMA4|CD44,True,True,0.8184955,0.851199
tumor|immune|LAMA4|ITGA6_ITGB1,True,True,0.6405706,0.61264086
tumor|immune|LAMA5|CD44,True,True,0.7985907,0.84123755
tumor|immune|LAMA5|ITGA6_ITGB1,True,True,0.61044025,0.59432054
tumor|immune|LAMB1|CD44,True,True,0.787323,0.82428426
tumor|immune|LAMB1|ITGA1,True,True,0.71105677,0.69021696
tumor|immune|LAMB1|ITGA6_ITGB1,True,True,0.593998,0.56464577
tumor|immune|LAMB2|CD44,True,True,0.73167,0.8329044
tumor|immune|LAMB2|ITGA6_ITGB1,True,True,0.51868284,0.57950544
tumor|immune|LAMB2|RPSA,True,True,0.69013196,0.85322475
tumor|immune|LAMC1|CD44,True,True,0.82364243,0.8654726
tumor|immune|LAMC1|ITGA1,True,True,0.7563701,0.75343066
tumor|immune|LAMC1|ITGA6_ITGB1,True,True,0.6485967,0.64012307
tumor|immune|LGALS1|CD69,True,True,0.69929326,0.9317603
tumor|immune|LGALS1|ITGB1,True,True,0.68953747,0.91127396
tumor|immune|LGALS1|PTPRC,True,True,0.78812605,0.9405922
tumor|immune|LGALS3BP|ITGB1,True,True,0.71630585,0.8543055
tumor|immune|LGALS3|ENG,True,True,0.67871505,0.8442098
tumor|immune|LIN7C|ABCA1,True,True,0.7001832,0.7267979
tumor|immune|LPL|CD44,True,True,0.7672662,0.8695036
tumor|immune|LPL|LRP1,True,True,0.7055318,0.7864864
tumor|immune|LRP1B|PLAUR,True,True,0.88975424,0.92146987
tumor|immune|LRPAP1|LRP1,True,True,0.66726124,0.8319146
tumor|immune|LRPAP1|SORL1,True,True,0.733419,0.8632717
tumor|immune|LTBP1|ITGB5,True,True,0.7219081,0.6474319
tumor|immune|LTBP3|ITGB5,True,True,0.71787953,0.7089988
tumor|immune|MAML2|NOTCH2,True,True,0.87087363,0.84428376
tumor|immune|MDK|ITGA4_ITGB1,True,True,0.64444125,0.86428165
tumor|immune|MDK|ITGA6_ITGB1,True,True,0.5037922,0.7546349
tumor|immune|MDK|LRP1,True,True,0.65120894,0.860133
tumor|immune|MDK|NOTCH2,True,True,0.61045945,0.81652737
tumor|immune|MDK|SDC2,True,True,0.55008656,0.8217486
tumor|immune|MDK|SDC3,True,True,0.536087,0.76337075
tumor|immune|MDK|SORL1,True,True,0.71921533,0.8869412
tumor|immune|MFGE8|ITGAV,True,True,0.67891353,0.7685397
tumor|immune|MFGE8|ITGB5,True,True,0.5591766,0.65434396
tumor|immune|MIF|CD44_CD74,True,True,0.6243311,0.927743
tumor|immune|MIF|CD74_CXCR4,True,True,0.5386128,0.9252894
tumor|immune|MIF|TNFRSF10D,True,True,0.43891698,0.7789622
tumor|immune|MIF|TNFRSF14,True,True,0.56806916,0.85881555
tumor|immune|MMP2|PECAM1,True,True,0.6174071,0.7360423
tumor|immune|NAMPT|ITGA5_ITGB1,True,True,0.7393154,0.83495295
tumor|immune|NCAM1|PTPRA,True,True,0.8724751,0.8653214
tumor|immune|NCAN|SDC3,True,True,0.62178105,0.67089957
tumor|immune|NECTIN2|CD226,True,True,0.59642965,0.6199852
tumor|immune|NECTIN2|CD96,True,True,0.7264973,0.78084916
tumor|immune|NECTIN3|NECTIN2,True,True,0.7347547,0.6471221
tumor|immune|NRG2|NRP2,True,True,0.76325023,0.71512794
tumor|immune|NTN1|UNC5B,True,True,0.6819351,0.6448348
tumor|immune|NUCB2|ERAP1,True,True,0.5855236,0.68438345
tumor|immune|PAM|DPP4,True,True,0.7547255,0.7240563
tumor|immune|PCSK1N|GPR171,True,True,0.48983362,0.84454703
tumor|immune|PDGFC|FLT1,True,True,0.7063906,0.743359
tumor|immune|PIGF|FLT1,True,True,0.56042373,0.72901124
tumor|immune|PKM|CD44,True,True,0.84467274,0.93292606
tumor|immune|PLAT|ITGAM,True,True,0.6310606,0.78424734
tumor|immune|PLAT|LRP1,True,True,0.68689877,0.7786413
tumor|immune|POSTN|ITGAV_ITGB5,True,True,0.6034047,0.65338105
tumor|immune|PROS1|AXL,True,True,0.74899364,0.7328348
tumor|immune|PROS1|MERTK,True,True,0.81915486,0.7367194
tumor|immune|PSEN1|CD44,True,True,0.81951565,0.86230975
tumor|immune|PSEN1|NOTCH2,True,True,0.73473835,0.71473765
tumor|immune|PTDSS1|SCARB1,True,True,0.64004016,0.5948997
tumor|immune|PTN|PLXNB2,True,True,0.7930372,0.8722784
tumor|immune|PTN|SDC2,True,True,0.8044584,0.8898417
tumor|immune|PTN|SDC3,True,True,0.7954303,0.8496853
tumor|immune|RGMA|BMPR2,True,True,0.78641486,0.7458941
tumor|immune|RGMB|BMPR2,True,True,0.7249477,0.66003656
tumor|immune|RIMS2|ABCA1,True,True,0.8724435,0.7645789
tumor|immune|RPS19|C5AR1,True,True,0.7351535,0.94113654
tumor|immune|SDC2|PTPRJ,True,True,0.78283423,0.7250812
tumor|immune|SEMA3A|NRP2,True,True,0.75684935,0.7018605
tumor|immune|SERPINE1|PLAUR,True,True,0.6942052,0.8522185
tumor|immune|SERPINE2|LRP1,True,True,0.75088686,0.8435183
tumor|immune|SERPING1|LRP1,True,True,0.68719536,0.7319143
tumor|immune|SIRPA|CD47,True,True,0.6724674,0.73163587
tumor|immune|SORBS1|ITGA1,True,True,0.84453326,0.81343395
tumor|immune|SORBS1|ITGB5,True,True,0.81889886,0.7465566
tumor|immune|SPARC|ENG,True,True,0.7621471,0.851055
tumor|immune|SPTAN1|PTPRA,True,True,0.80540425,0.81128526
tumor|immune|TFPI|LRP1,True,True,0.6558658,0.74404186
tumor|immune|TGFB2|ACVR1B_TGFBR2,True,True,0.6105855,0.5863717
tumor|immune|TGFB2|ENG,True,True,0.69452745,0.72034466
tumor|immune|TGFB2|TGFBR1_TGFBR2,True,True,0.7753921,0.73477006
tumor|immune|TGFB2|TGFBR3,True,True,0.68077075,0.61681503
tumor|immune|TGS1|RXRA,True,True,0.61695117,0.7535482
tumor|immune|THBS4|CD47,True,True,0.71725297,0.71729
tumor|immune|THY1|ITGAM_ITGB2,True,True,0.62830544,0.813517
tumor|immune|THY1|ITGAX_ITGB2,True,True,0.62830544,0.8337367
tumor|immune|TIMP1|CD63,True,True,0.7459825,0.9328614
tumor|immune|TIMP2|CD44,True,True,0.822999,0.8985116
tumor|immune|TIMP2|ITGB1,True,True,0.7663791,0.8627842
tumor|immune|TIMP3|CD44,True,True,0.78608036,0.88335085
tumor|immune|TNC|ITGA5,True,True,0.77177626,0.8332555
tumor|immune|TXLNA|STX3,True,True,0.5299206,0.5969219
tumor|immune|TXLNA|STX4,True,True,0.50445455,0.69342256
tumor|immune|VCAN|CD44,True,True,0.85621166,0.9195034
tumor|immune|VCAN|ITGA4,True,True,0.83355325,0.86736274
tumor|immune|VCAN|ITGB1,True,True,0.8077341,0.8902633
tumor|immune|VCAN|TLR1,True,True,0.7689231,0.8173473
tumor|immune|VCAN|TLR2,True,True,0.8382456,0.88112456
tumor|immune|VCL|ITGB5,True,True,0.7141014,0.64328885
tumor|immune|VEGFA|CD44,True,True,0.865467,0.9251804
tumor|immune|VEGFA|ITGAV,True,True,0.85577494,0.8743676
tumor|immune|VEGFA|ITGB1,True,True,0.8194518,0.8977732
tumor|immune|VEGFA|NRP1,True,True,0.84904855,0.8458143
tumor|immune|VEGFA|NRP2,True,True,0.7996561,0.85121846
tumor|immune|VEGFA|SIRPA,True,True,0.78427297,0.8653647
tumor|immune|VEGFB|NRP1,True,True,0.66419894,0.7335089
tumor|immune|VIM|CD44,True,True,0.8747328,0.94789964
tumor|nerve|ACTR2|LRP2,True,True,0.79410493,0.8867109
tumor|nerve|ADAM10|CADM1,True,True,0.85436124,0.8819585
tumor|nerve|ADAM10|MET,True,True,0.7092287,0.73081785
tumor|nerve|ADAM10|NRCAM,True,True,0.8625351,0.85421723
tumor|nerve|ADAM10|TSPAN15,True,True,0.70844966,0.8284387
tumor|nerve|ADAM10|TSPAN5,True,True,0.8248609,0.86622745
tumor|nerve|ADAM12|ITGB1,True,True,0.7212642,0.7928634
tumor|nerve|ADAM15|ITGAV,True,True,0.6582749,0.72809696
tumor|nerve|ADAM15|ITGB1,True,True,0.552398,0.74148536
tumor|nerve|ADAM17|ERBB4,True,True,0.84434897,0.89051086
tumor|nerve|ADAM17|MET,True,True,0.6835732,0.728004
tumor|nerve|ADAM9|ITGAV,True,True,0.80974805,0.84585416
tumor|nerve|AFDN|EPHB2,True,True,0.82899535,0.8483004
tumor|nerve|AGRN|DAG1,True,True,0.5133661,0.6381794
tumor|nerve|AGRN|ITGB1,True,True,0.5605702,0.76978916
tumor|nerve|AGRN|LRP2,True,True,0.65196687,0.80388385
tumor|nerve|AGRN|LRP4,True,True,0.5994678,0.7361031
tumor|nerve|AGT|GRM7,True,True,0.7236066,0.7362491
tumor|nerve|AGT|LRP2,True,True,0.6709116,0.89226395
tumor|nerve|ANXA1|DYSF,True,True,0.5972646,0.8161024
tumor|nerve|APOE|LRP2,True,True,0.8227907,0.92360705
tumor|nerve|APP|DCC,True,True,0.89671654,0.9270737
tumor|nerve|APP|GPC1,True,True,0.78879124,0.8293845
tumor|nerve|APP|LRP1,True,True,0.85160553,0.85879266
tumor|nerve|APP|LRP6,True,True,0.8697367,0.9196202
tumor|nerve|APP|NOTCH2,True,True,0.8118144,0.7899406
tumor|nerve|APP|TNFRSF21,True,True,0.8138821,0.8975869
tumor|nerve|APP|TSPAN15,True,True,0.79144233,0.9030693
tumor|nerve|ARF1|CHRM3,True,True,0.7518051,0.8103259
tumor|nerve|ARF1|INSR,True,True,0.7163011,0.89354116
tumor|nerve|ARPC5|LRP2,True,True,0.7166115,0.8992272
tumor|nerve|BCAN|EGFR,True,True,0.83657557,0.8850881
tumor|nerve|BCAN|NRCAM,True,True,0.8383798,0.9168104
tumor|nerve|BMP1|BMPR1A,True,True,0.6696421,0.70705885
tumor|nerve|BMP1|BMPR2,True,True,0.73601854,0.7454345
tumor|nerve|BMP7|ACTR2,True,True,0.6402232,0.8278818
tumor|nerve|BMP7|ACVR1B,True,True,0.55489564,0.64763635
tumor|nerve|BMP7|ACVR1_ACVR2A,True,True,0.5902543,0.7155037
tumor|nerve|BMP7|ACVR1_ACVR2B,True,True,0.5134481,0.6340924
tumor|nerve|BMP7|ACVR1_BMPR2,True,True,0.61181134,0.725013
tumor|nerve|BMP7|ACVR2A_BMPR1A,True,True,0.61499965,0.77238095
tumor|nerve|BMP7|ACVR2B_BMPR1A,True,True,0.5171247,0.68008846
tumor|nerve|BMP7|BMPR1A_BMPR2,True,True,0.6875048,0.80272764
tumor|nerve|BMP7|PTPRK,True,True,0.77790225,0.89952916
tumor|nerve|BSG|SLC16A1,True,True,0.6988954,0.84082747
tumor|nerve|BSG|SLC16A7,True,True,0.7145279,0.8579669
tumor|nerve|CALM1|CACNA1C,True,True,0.86842626,0.84742504
tumor|nerve|CALM1|GRM3,True,True,0.8326082,0.9350861
tumor|nerve|CALM1|GRM5,True,True,0.8564712,0.81224096
tumor|nerve|CALM1|GRM7,True,True,0.8536455,0.82363296
tumor|nerve|CALM1|INSR,True,True,0.8288828,0.9301573
tumor|nerve|CALM1|KCNQ5,True,True,0.8628906,0.88220733
tumor|nerve|CALM1|PDE1A,True,True,0.81670076,0.9339324
tumor|nerve|CALM1|PDE1C,True,True,0.8498005,0.943886
tumor|nerve|CALM1|PTPRA,True,True,0.8454193,0.92305374
tumor|nerve|CALM1|RYR2,True,True,0.87255913,0.90310466
tumor|nerve|CALM3|AR,True,True,0.590306,0.7572759
tumor|nerve|CALM3|CACNA1C,True,True,0.767548,0.7788346
tumor|nerve|CALM3|EGFR,True,True,0.76550627,0.8461422
tumor|nerve|CALM3|GRM5,True,True,0.7490755,0.7328202
tumor|nerve|CALM3|GRM7,True,True,0.7447655,0.74753326
tumor|nerve|CALM3|INSR,True,True,0.7078846,0.89411205
tumor|nerve|CALM3|KCNQ5,True,True,0.75894624,0.82604337
tumor|nerve|CALM3|PDE1A,True,True,0.690307,0.89962524
tumor|nerve|CALM3|PDE1C,True,True,0.7389349,0.91427296
tumor|nerve|CALM3|RYR2,True,True,0.77402514,0.8552701
tumor|nerve|CALR|ITGAV,True,True,0.78348005,0.8949725
tumor|nerve|CD47|SIRPA,True,True,0.6926973,0.7760621
tumor|nerve|CD99|CD81,True,True,0.64262575,0.9086101
tumor|nerve|CD99|CD99L2,True,True,0.6526886,0.8635522
tumor|nerve|CNTN1|NOTCH1,True,True,0.75722027,0.7150538
tumor|nerve|CNTN1|NOTCH2,True,True,0.70695966,0.65830934
tumor|nerve|CNTN1|NRCAM,True,True,0.8456786,0.8527671
tumor|nerve|CNTN1|PTPRZ1,True,True,0.8571517,0.8883637
tumor|nerve|COL11A1|ITGA2_ITGB1,True,True,0.6700293,0.74015325
tumor|nerve|COL16A1|ITGA2_ITGB1,True,True,0.6852725,0.7595841
tumor|nerve|COL1A2|CD44,True,True,0.7602777,0.75639397
tumor|nerve|COL1A2|ITGA2_ITGB1,True,True,0.66731536,0.7339525
tumor|nerve|COL1A2|ITGAV_ITGB8,True,True,0.75583184,0.7688385
tumor|nerve|COL27A1|ITGA2_ITGB1,True,True,0.6236259,0.7263112
tumor|nerve|COL28A1|ITGA2_ITGB1,True,True,0.65408427,0.72287077
tumor|nerve|COL4A1|CD44,True,True,0.7142824,0.7764968
tumor|nerve|COL4A1|CD47,True,True,0.6681666,0.83168167
tumor|nerve|COL4A1|ITGA2_ITGB1,True,True,0.6125728,0.7553082
tumor|nerve|COL4A1|ITGAV_ITGB8,True,True,0.70930964,0.788202
tumor|nerve|COL4A2|CD44,True,True,0.7640629,0.8006147
tumor|nerve|COL4A2|ITGA2_ITGB1,True,True,0.671935,0.7810678
tumor|nerve|COL4A2|ITGAV_ITGB8,True,True,0.759665,0.81136364
tumor|nerve|COL5A2|ITGA2_ITGB1,True,True,0.727177,0.76381713
tumor|nerve|COL6A1|CD44,True,True,0.73271185,0.8334273
tumor|nerve|COL6A1|ITGA2_ITGB1,True,True,0.63420296,0.81635934
tumor|nerve|COL6A1|ITGA6,True,True,0.59451,0.64880234
tumor|nerve|COL6A1|ITGAV_ITGB8,True,True,0.7279377,0.8427547
tumor|nerve|COL6A2|CD44,True,True,0.6699516,0.7690457
tumor|nerve|COL6A2|ITGA2_ITGB1,True,True,0.56213504,0.7473805
tumor|nerve|COL6A2|ITGAV_ITGB8,True,True,0.6645697,0.7810311
tumor|nerve|COL9A3|CD44,True,True,0.7198276,0.8253583
tumor|nerve|COL9A3|ITGA2_ITGB1,True,True,0.6190391,0.8076544
tumor|nerve|COL9A3|ITGAV_ITGB8,True,True,0.71491283,0.8350481
tumor|nerve|COL9A3|MAG,True,True,0.673983,0.90141493
tumor|nerve|CSF1|SIRPA,True,True,0.5450596,0.6321005
tumor|nerve|DKK3|KREMEN1,True,True,0.58833903,0.62194604
tumor|nerve|DNAJB11|PRTG,True,True,0.54064006,0.7409152
tumor|nerve|DSCAM|DCC,True,True,0.86979926,0.8801107
tumor|nerve|EFEMP1|EGFR,True,True,0.8263189,0.78504694
tumor|nerve|EFNB2|EPHB1,True,True,0.699814,0.8130428
tumor|nerve|EFNB2|EPHB2,True,True,0.6747431,0.73285365
tumor|nerve|EFNB2|GRM5,True,True,0.7509824,0.5473861
tumor|nerve|EFNB2|RHBDL2,True,True,0.58065706,0.6937092
tumor|nerve|FABP5|RXRA,True,True,0.5901562,0.7184258
tumor|nerve|FAM3C|CLEC2D,True,True,0.68516636,0.8355656
tumor|nerve|FAM3C|LAMP1,True,True,0.7010805,0.9060906
tumor|nerve|FAM3C|LIFR,True,True,0.7893186,0.8696326
tumor|nerve|FARP2|PLXNA2,True,True,0.78908384,0.582573
tumor|nerve|FARP2|PLXNA3,True,True,0.6898214,0.68060684
tumor|nerve|FARP2|PLXNA4,True,True,0.82276714,0.586376
tumor|nerve|FBN1|ITGB1,True,True,0.7263017,0.7806827
tumor|nerve|FGF12|FGFR1,True,True,0.8020969,0.7864204
tumor|nerve|FGF12|FGFR2,True,True,0.8404262,0.8796414
tumor|nerve|FGF14|FGFR1,True,True,0.8402634,0.8250953
tumor|nerve|FGF14|FGFR2,True,True,0.8723769,0.90350705
tumor|nerve|FGF1|CD44,True,True,0.80034226,0.7420561
tumor|nerve|FGF1|EGFR,True,True,0.8424874,0.7169582
tumor|nerve|FGF1|FGFR1,True,True,0.7735515,0.7087031
tumor|nerve|FGF1|FGFR2,True,True,0.8161422,0.82844555
tumor|nerve|FGF1|TGFBR3,True,True,0.6629837,0.5960412
tumor|nerve|FGF2|CD44,True,True,0.76692945,0.7628625
tumor|nerve|FGF2|FGFR1,True,True,0.7371279,0.7312254
tumor|nerve|FGF2|FGFR2,True,True,0.7846621,0.84375095
tumor|nerve|FGF2|SDC2,True,True,0.60970956,0.49476114
tumor|nerve|FGF2|SDC3,True,True,0.7037731,0.63387823
tumor|nerve|FN1|CD44,True,True,0.7561057,0.814193
tumor|nerve|FN1|ITGA2,True,True,0.706766,0.8329313
tumor|nerve|FN1|ITGAV_ITGB1,True,True,0.66224426,0.8243705
tumor|nerve|FN1|ITGAV_ITGB8,True,True,0.7516078,0.8243705
tumor|nerve|FN1|MAG,True,True,0.7138374,0.8944906
tumor|nerve|FN1|NT5E,True,True,0.562239,0.6147027
tumor|nerve|FSTL1|DIP2A,True,True,0.6874303,0.7816593
tumor|nerve|GDF11|ACTR2,True,True,0.6074884,0.75758266
tumor|nerve|GDF11|ACVR1B_ACVR2A,True,True,0.5049041,0.5442461
tumor|nerve|GDF11|ACVR1B_ACVR2B,True,True,0.47857296,0.5442461
tumor|nerve|GDF11|ACVR1C,True,True,0.5361475,0.57312256
tumor|nerve|GDF11|ACVR2B_TGFBR1,True,True,0.48224735,0.5800459
tumor|nerve|GDF11|ANTXR1,True,True,0.64397246,0.6514378
tumor|nerve|GDF11|BMPR1A,True,True,0.65676564,0.73049676
tumor|nerve|GDF11|BMPR2,True,True,0.7246655,0.76681465
tumor|nerve|GNAI2|ADORA1,True,True,0.5691111,0.8034422
tumor|nerve|GNAI2|CAV1,True,True,0.61554796,0.8456233
tumor|nerve|GNAI2|IGF1R,True,True,0.7631785,0.8956447
tumor|nerve|GNAI2|UNC5B,True,True,0.61971486,0.85644686
tumor|nerve|GNAS|ADCY9,True,True,0.83102643,0.862818
tumor|nerve|GNAS|ADORA1,True,True,0.7147896,0.8773085
tumor|nerve|GPI|AMFR,True,True,0.6629014,0.80666757
tumor|nerve|GRN|SORT1,True,True,0.73491067,0.8765586
tumor|nerve|GSTP1|EGFR,True,True,0.78512585,0.88111645
tumor|nerve|GSTP1|TRAF2,True,True,0.50394905,0.7195669
tumor|nerve|HAS2|CD44,True,True,0.73245883,0.76156133
tumor|nerve|HSPA8|LRP2,True,True,0.7682647,0.9228631
tumor|nerve|IL1RAPL1|PTPRD,True,True,0.90688145,0.9177529
tumor|nerve|IL1RAPL1|PTPRF,True,True,0.8003091,0.8207205
tumor|nerve|IL1RAPL1|PTPRS,True,True,0.89793897,0.8677436
tumor|nerve|ITGAV|THY1,True,True,0.76868874,0.75616604
tumor|nerve|ITGB3BP|ITGB5,True,True,0.59735495,0.6525775
tumor|nerve|JAG1|CD46,True,True,0.73354644,0.8114552
tumor|nerve|JAG1|NOTCH1,True,True,0.74437934,0.7064533
tumor|nerve|JAG1|NOTCH2,True,True,0.69253975,0.64883727
tumor|nerve|JAM2|ITGAV_ITGB1,True,True,0.69664365,0.82734704
tumor|nerve|JAM3|ITGB1,True,True,0.73575896,0.84460664
tumor|nerve|LAMA2|CD44,True,True,0.8683385,0.8062023
tumor|nerve|LAMA2|DAG1,True,True,0.775253,0.7157219
tumor|nerve|LAMA2|ITGA2_ITGB1,True,True,0.80662274,0.7870575
tumor|nerve|LAMA2|ITGA6_ITGB1,True,True,0.7791232,0.60567886
tumor|nerve|LAMA2|ITGA6_ITGB4,True,True,0.7545326,0.60567886
tumor|nerve|LAMA2|ITGA7_ITGB1,True,True,0.80662274,0.61678237
tumor|nerve|LAMA2|ITGAV_ITGB8,True,True,0.8655423,0.81671894
tumor|nerve|LAMA2|RPSA,True,True,0.7793768,0.86911124
tumor|nerve|LAMA4|CD44,True,True,0.7962898,0.7850296
tumor|nerve|LAMA4|DAG1,True,True,0.6715338,0.6884838
tumor|nerve|LAMA4|ITGA2_ITGB1,True,True,0.7120025,0.7644045
tumor|nerve|LAMA4|ITGA6_ITGB1,True,True,0.6764447,0.57417005
tumor|nerve|LAMA4|ITGA6_ITGB4,True,True,0.6456222,0.57417005
tumor|nerve|LAMA4|ITGA7_ITGB1,True,True,0.7120025,0.58555377
tumor|nerve|LAMA4|ITGAV_ITGB8,True,True,0.7923293,0.796405
tumor|nerve|LAMA5|CD44,True,True,0.7746203,0.7718259
tumor|nerve|LAMA5|DAG1,True,True,0.64255077,0.67182904
tumor|nerve|LAMA5|ITGA2_ITGB1,True,True,0.6849148,0.75033677
tumor|nerve|LAMA5|ITGA6_ITGB1,True,True,0.6476676,0.55535084
tumor|nerve|LAMA5|ITGA6_ITGB4,True,True,0.6156613,0.55535084
tumor|nerve|LAMA5|ITGA7_ITGB1,True,True,0.6849148,0.56685805
tumor|nerve|LAMA5|ITGAV_ITGB8,True,True,0.77036005,0.78370756
tumor|nerve|LAMB1|CD44,True,True,0.7624106,0.7496663
tumor|nerve|LAMB1|DAG1,True,True,0.62663484,0.6444319
tumor|nerve|LAMB1|ITGA2_ITGB1,True,True,0.6699162,0.7268288
tumor|nerve|LAMB1|ITGA6_ITGB1,True,True,0.631849,0.5251033
tumor|nerve|LAMB1|ITGA6_ITGB4,True,True,0.5992947,0.5251033
tumor|nerve|LAMB1|ITGA7_ITGB1,True,True,0.6699162,0.5367403
tumor|nerve|LAMB1|ITGAV_ITGB8,True,True,0.7579917,0.76234657
tumor|nerve|LAMB2|CD44,True,True,0.7027002,0.7608851
tumor|nerve|LAMB2|DAG1,True,True,0.552816,0.6582167
tumor|nerve|LAMB2|ITGA2_ITGB1,True,True,0.5991811,0.73871446
tumor|nerve|LAMB2|ITGA6_ITGB1,True,True,0.5583344,0.5402136
tumor|nerve|LAMB2|ITGA6_ITGB4,True,True,0.524175,0.5402136
tumor|nerve|LAMB2|ITGA7_ITGB1,True,True,0.5991811,0.55179644
tumor|nerve|LAMB2|ITGAV_ITGB8,True,True,0.69761115,0.77316904
tumor|nerve|LAMB2|RPSA,True,True,0.558698,0.835503
tumor|nerve|LAMC1|CD44,True,True,0.8019139,0.8041904
tumor|nerve|LAMC1|DAG1,True,True,0.6792148,0.71310496
tumor|nerve|LAMC1|ITGA2_ITGB1,True,True,0.719133,0.78489983
tumor|nerve|LAMC1|ITGA6_ITGB1,True,True,0.68406487,0.6026113
tumor|nerve|LAMC1|ITGA6_ITGB4,True,True,0.6535965,0.6026113
tumor|nerve|LAMC1|ITGA7_ITGB1,True,True,0.719133,0.6137461
tumor|nerve|LAMC1|ITGAV_ITGB8,True,True,0.79803514,0.8147911
tumor|nerve|LGALS1|ITGB1,True,True,0.63314253,0.913736
tumor|nerve|LGALS3BP|ITGB1,True,True,0.6623926,0.8581022
tumor|nerve|LGALS3|MCAM,True,True,0.5853502,0.85518426
tumor|nerve|LIN7C|ABCA1,True,True,0.6748705,0.8085158
tumor|nerve|LMAN1|MCFD2,True,True,0.54772663,0.75976354
tumor|nerve|LPL|CD44,True,True,0.7407779,0.80965376
tumor|nerve|LPL|LRP2,True,True,0.72633374,0.85678715
tumor|nerve|LPL|VLDLR,True,True,0.54755366,0.7333094
tumor|nerve|LRIG1|EGFR,True,True,0.86070263,0.812897
tumor|nerve|LRIG1|MET,True,True,0.7087928,0.7422911
tumor|nerve|LRIG2|EGFR,True,True,0.82050335,0.7444753
tumor|nerve|LRPAP1|LDLR,True,True,0.52623767,0.7246767
tumor|nerve|LRPAP1|LRP2,True,True,0.6895773,0.889362
tumor|nerve|LRPAP1|LRP8,True,True,0.62854576,0.69621056
tumor|nerve|LRPAP1|SORL1,True,True,0.667577,0.8682672
tumor|nerve|LRPAP1|SORT1,True,True,0.7291056,0.90210825
tumor|nerve|LRPAP1|VLDLR,True,True,0.5032086,0.7869875
tumor|nerve|LRRC4B|PTPRD,True,True,0.82774234,0.89110106
tumor|nerve|LRRC4B|PTPRF,True,True,0.6641403,0.7704888
tumor|nerve|LRRC4B|PTPRS,True,True,0.81276894,0.8279247
tumor|nerve|LTBP1|ITGB5,True,True,0.62140703,0.6078675
tumor|nerve|MAML2|NOTCH1,True,True,0.88060004,0.8252493
tumor|nerve|MAML2|NOTCH2,True,True,0.8508507,0.78381467
tumor|nerve|MDK|ALK,True,True,0.6329724,0.7673127
tumor|nerve|MDK|ITGA6_ITGB1,True,True,0.5435912,0.72391117
tumor|nerve|MDK|LRP1,True,True,0.6381248,0.82797015
tumor|nerve|MDK|LRP2,True,True,0.67407566,0.90899104
tumor|nerve|MDK|NOTCH2,True,True,0.5699943,0.7484905
tumor|nerve|MDK|PTPRZ1,True,True,0.76727635,0.9247664
tumor|nerve|MDK|SDC2,True,True,0.513904,0.68371296
tumor|nerve|MDK|SDC3,True,True,0.61653554,0.7926107
tumor|nerve|MDK|SORL1,True,True,0.651532,0.8911808
tumor|nerve|MFGE8|ITGAV,True,True,0.66235447,0.8013561
tumor|nerve|MFGE8|ITGB5,True,True,0.44507247,0.61509407
tumor|nerve|MIF|EGFR,True,True,0.7093031,0.8783024
tumor|nerve|MMP2|FGFR1,True,True,0.6407526,0.7383916
tumor|nerve|NAMPT|INSR,True,True,0.82062143,0.9015602
tumor|nerve|NCAM1|CACNA1C,True,True,0.9131454,0.82781607
tumor|nerve|NCAM1|FGFR1,True,True,0.86908275,0.87821877
tumor|nerve|NCAM1|FGFR2,True,True,0.89611876,0.93469954
tumor|nerve|NCAM1|GFRA1,True,True,0.762362,0.7874605
tumor|nerve|NCAM1|NCAM2,True,True,0.9143654,0.9461564
tumor|nerve|NCAM1|PTPRA,True,True,0.89703083,0.91215706
tumor|nerve|NCAM1|PTPRZ1,True,True,0.9202123,0.93654823
tumor|nerve|NCAM1|ROBO1,True,True,0.8983001,0.93163353
tumor|nerve|NCAM1|ROBO3,True,True,0.75354487,0.7564623
tumor|nerve|NCAN|CDH2,True,True,0.7865011,0.8177353
tumor|nerve|NCAN|SDC3,True,True,0.69580156,0.707183
tumor|nerve|NECTIN3|CADM1,True,True,0.8719504,0.8487422
tumor|nerve|NECTIN3|NECTIN1,True,True,0.70303863,0.73927283
tumor|nerve|NECTIN3|NECTIN2,True,True,0.6946882,0.60985905
tumor|nerve|NELL2|ROBO3,True,True,0.6293757,0.57765335
tumor|nerve|NLGN1|NRXN1,True,True,0.9371049,0.9377866
tumor|nerve|NLGN1|NRXN2,True,True,0.8890746,0.86509097
tumor|nerve|NLGN1|NRXN3,True,True,0.94059664,0.9352371
tumor|nerve|NLGN2|NRXN1,True,True,0.7581652,0.8334627
tumor|nerve|NLGN2|NRXN2,True,True,0.6277657,0.68040884
tumor|nerve|NLGN2|NRXN3,True,True,0.7691439,0.8274249
tumor|nerve|NLGN3|NRXN1,True,True,0.8048871,0.85386014
tumor|nerve|NLGN3|NRXN2,True,True,0.68935835,0.7130995
tumor|nerve|NLGN3|NRXN3,True,True,0.81426436,0.8484273
tumor|nerve|NLGN4X|NRXN1,True,True,0.90755224,0.91166526
tumor|nerve|NRG2|LRRTM2,True,True,0.6145712,0.66960907
tumor|nerve|NRG2|NRP2,True,True,0.78681386,0.7576001
tumor|nerve|NRXN1|NLGN1,True,True,0.9233237,0.9461701
tumor|nerve|NRXN1|NLGN2,True,True,0.79177016,0.8444398
tumor|nerve|NRXN1|NLGN3,True,True,0.8076366,0.828427
tumor|nerve|NRXN2|NLGN1,True,True,0.8265863,0.89575636
tumor|nerve|NRXN2|NLGN2,True,True,0.60081583,0.726311
tumor|nerve|NRXN2|NLGN3,True,True,0.62432873,0.70242345
tumor|nerve|NRXN3|NLGN1,True,True,0.90545404,0.91569173
tumor|nerve|NRXN3|NLGN2,True,True,0.7514931,0.770343
tumor|nerve|NRXN3|NLGN3,True,True,0.7695352,0.74897027
tumor|nerve|NTN1|DCC,True,True,0.828933,0.848362
tumor|nerve|NTN1|DSCAM,True,True,0.84005296,0.8903576
tumor|nerve|NTN1|MCAM,True,True,0.6287131,0.766053
tumor|nerve|NTN1|NEO1,True,True,0.80942494,0.850774
tumor|nerve|NTN1|UNC5B,True,True,0.68636847,0.80126166
tumor|nerve|NTN1|UNC5C,True,True,0.8445479,0.8881574
tumor|nerve|NTNG1|LRRC4C,True,True,0.7929101,0.8072206
tumor|nerve|NTRK3|PTPRD,True,True,0.88186276,0.9152871
tumor|nerve|NTRK3|PTPRF,True,True,0.7544111,0.81592894
tumor|nerve|NTRK3|PTPRS,True,True,0.8708598,0.86400056
tumor|nerve|NUCB2|ERAP1,True,True,0.55218095,0.75113934
tumor|nerve|NXPH1|NRXN1,True,True,0.86530185,0.895025
tumor|nerve|NXPH1|NRXN2,True,True,0.77557087,0.7838781
tumor|nerve|NXPH1|NRXN3,True,True,0.8722364,0.890927
tumor|nerve|OLFM2|ROBO2,True,True,0.8413192,0.7763285
tumor|nerve|PDGFA|PDGFRA,True,True,0.6983417,0.7413245
tumor|nerve|PDGFC|PDGFRA,True,True,0.77044624,0.74160314
tumor|nerve|PKM|CD44,True,True,0.8249848,0.89877754
tumor|nerve|PLTP|ABCA1,True,True,0.7217611,0.87272525
tumor|nerve|POSTN|ITGAV_ITGB5,True,True,0.49031377,0.6140863
tumor|nerve|POSTN|PTK7,True,True,0.5237617,0.6088478
tumor|nerve|PROS1|TYRO3,True,True,0.7073853,0.7749744
tumor|nerve|PSAP|GPR37,True,True,0.75123477,0.91950995
tumor|nerve|PSAP|SORT1,True,True,0.83911717,0.92447615
tumor|nerve|PSEN1|CD44,True,True,0.7974038,0.7999197
tumor|nerve|PSEN1|NOTCH1,True,True,0.7517967,0.68576145
tumor|nerve|PTDSS1|JMJD6,True,True,0.475252,0.719363
tumor|nerve|PTDSS1|SCARB1,True,True,0.61577517,0.70423067
tumor|nerve|PTN|ALK,True,True,0.8530048,0.85246724
tumor|nerve|PTN|CDH10,True,True,0.8634309,0.8532248
tumor|nerve|PTN|PTPRS,True,True,0.9064267,0.93718725
tumor|nerve|PTN|PTPRZ1,True,True,0.9173118,0.95563096
tumor|nerve|PTN|SDC2,True,True,0.7805725,0.7911338
tumor|nerve|PTN|SDC3,True,True,0.8439931,0.87007475
tumor|nerve|QDPR|DYSF,True,True,0.5446402,0.7716797
tumor|nerve|RGMA|BMPR2,True,True,0.823917,0.847954
tumor|nerve|RGMA|NEO1,True,True,0.80623704,0.8766569
tumor|nerve|RGMB|BMPR2,True,True,0.7700872,0.7867202
tumor|nerve|RGMB|NEO1,True,True,0.7486512,0.8245915
tumor|nerve|RIMS1|CACNA1C,True,True,0.82881486,0.63415015
tumor|nerve|RIMS2|ABCA1,True,True,0.8587401,0.8375223
tumor|nerve|RTN4|LINGO1,True,True,0.8348354,0.8712403
tumor|nerve|S100A10|CFTR,True,True,0.46851987,0.8425924
tumor|nerve|SDC2|PTPRJ,True,True,0.762399,0.81544006
tumor|nerve|SEMA3A|NRP2,True,True,0.7808671,0.7456071
tumor|nerve|SEMA5A|MET,True,True,0.78915405,0.8045509
tumor|nerve|SEMA5A|PLXNA3,True,True,0.80192727,0.8095266
tumor|nerve|SEMA5B|PLXNA3,True,True,0.65396106,0.65998757
tumor|nerve|SEMA6A|PLXNA2,True,True,0.822697,0.6755702
tumor|nerve|SEMA6A|PLXNA4,True,True,0.852019,0.6789928
tumor|nerve|SERPINE1|LRP2,True,True,0.71152025,0.84610945
tumor|nerve|SERPINE2|LRP1,True,True,0.7400493,0.8083861
tumor|nerve|SIRPA|CD47,True,True,0.67078155,0.8119361
tumor|nerve|SLC6A8|LIFR,True,True,0.6758815,0.790165
tumor|nerve|SLIT1|GPC1,True,True,0.61694807,0.6239089
tumor|nerve|SLIT1|ROBO1,True,True,0.77992207,0.83033043
tumor|nerve|SLIT1|ROBO2,True,True,0.81617284,0.6789436
tumor|nerve|SORBS1|ITGB5,True,True,0.7408677,0.713188
tumor|nerve|SPARC|FGFR1,True,True,0.81338555,0.86396456
tumor|nerve|SPTAN1|PTPRA,True,True,0.8405142,0.87418014
tumor|nerve|ST6GAL1|CD22,True,True,0.7616406,0.7837618
tumor|nerve|TFPI|VLDLR,True,True,0.4904849,0.68453383
tumor|nerve|TGFB2|TGFBR3,True,True,0.6404205,0.63455117
tumor|nerve|THBS4|CD47,True,True,0.71570015,0.80071354
tumor|nerve|TIMP1|CD63,True,True,0.79200715,0.9456144
tumor|nerve|TIMP1|FGFR2,True,True,0.8121232,0.93585676
tumor|nerve|TIMP2|ITGB1,True,True,0.71823865,0.8663946
tumor|nerve|TIMP3|CD44,True,True,0.76106656,0.8285999
tumor|nerve|TIMP3|MET,True,True,0.6260584,0.73835635
tumor|nerve|TNC|CNTN1,True,True,0.8629332,0.870491
tumor|nerve|TNC|EGFR,True,True,0.88021773,0.8549078
tumor|nerve|TNC|ITGA2,True,True,0.8106683,0.8839049
tumor|nerve|TNC|ITGA7,True,True,0.8241763,0.72137195
tumor|nerve|TNC|PTPRZ1,True,True,0.8907553,0.92052823
tumor|nerve|TXLNA|STX3,True,True,0.55074954,0.67065084
tumor|nerve|TXLNA|STX4,True,True,0.49320793,0.77293915
tumor|nerve|VCAN|CD44,True,True,0.83770525,0.87940466
tumor|nerve|VCAN|EGFR,True,True,0.87321293,0.8652439
tumor|nerve|VCL|ALK,True,True,0.75187767,0.624908
tumor|nerve|VCL|ITGB5,True,True,0.6122942,0.6035442
tumor|nerve|VEGFA|CD44,True,True,0.84794027,0.8875637
tumor|nerve|VEGFA|EGFR,True,True,0.88152546,0.874224
tumor|nerve|VEGFA|EPHB2,True,True,0.82395744,0.8871734
tumor|nerve|VEGFA|GRIN2B,True,True,0.8733365,0.796063
tumor|nerve|VEGFA|ITGAV,True,True,0.8462717,0.8942444
tumor|nerve|VEGFA|NRP2,True,True,0.82044864,0.8768935
tumor|nerve|VEGFA|TYRO3,True,True,0.7821174,0.8951398
tumor|nerve|VIM|CD44,True,True,0.8582154,0.9207266
tumor|nerve|YBX1|NOTCH1,True,True,0.6924936,0.8443049
immune|nerve|ADAM10|AXL,True,False,0.71173435,
immune|nerve|ADAM10|EPHA3,True,False,0.8326993,
immune|nerve|ADAM10|TSPAN12,True,False,0.74590206,
immune|nerve|ADAM17|ITGA5,True,False,0.72336006,
immune|nerve|ADAM23|ITGA5,True,False,0.62731135,
immune|nerve|ADAM9|ITGA3,True,False,0.77310544,
immune|nerve|ADM|ADCYAP1R1,True,False,0.72055966,
immune|nerve|ADM|VIPR1,True,False,0.6530653,
immune|nerve|AFDN|EPHA7,True,False,0.7575749,
immune|nerve|AFDN|EPHB6,True,False,0.73901933,
immune|nerve|ALCAM|NRP1,True,False,0.8487966,
immune|nerve|ANGPTL4|ITGA5_ITGB1,True,False,0.57025695,
immune|nerve|ANOS1|SDC2,True,False,0.74229896,
immune|nerve|B2M|KLRD1,True,False,0.8157368,
immune|nerve|C3|NRP1,True,False,0.86291414,
immune|nerve|CALM1|ADCYAP1R1,True,False,0.8049671,
immune|nerve|CALM1|FAS,True,False,0.76815104,
immune|nerve|CALM1|GRM4,True,False,0.727289,
immune|nerve|CALM1|HMMR,True,False,0.7973332,
immune|nerve|CALM1|HTR2C,True,False,0.7407573,
immune|nerve|CALM1|PDE1B,True,False,0.7235571,
immune|nerve|CALM1|PTH2R,True,False,0.7715059,
immune|nerve|CALM1|TRPC3,True,False,0.78543705,
immune|nerve|CALM1|TRPC5,True,False,0.76700884,
immune|nerve|CALM1|VIPR1,True,False,0.75080955,
immune|nerve|CALM3|ADCY8,True,False,0.71998537,
immune|nerve|CALM3|PDE1B,True,False,0.52903026,
immune|nerve|CALM3|TRPC5,True,False,0.585544,
immune|nerve|CALR|ITGA3,True,False,0.68509907,
immune|nerve|CALR|LRP1,True,False,0.7657326,
immune|nerve|CCL5|DPP4,True,False,0.74136037,
immune|nerve|CD200R1|CD200,True,False,0.62485754,
immune|nerve|CD59|STAB1,True,False,0.5613893,
immune|nerve|CD96|PVR,True,False,0.74378234,
immune|nerve|COL27A1|ITGA1_ITGB1,True,False,0.6234212,
immune|nerve|COL27A1|ITGA2_ITGB1,True,False,0.73096555,
immune|nerve|COL8A1|ITGA1_ITGB1,True,False,0.611339,
immune|nerve|COL8A1|ITGA2_ITGB1,True,False,0.72078836,
immune|nerve|COPA|CD74,True,False,0.78097373,
immune|nerve|DSCAM|DCC,True,False,0.88437885,
immune|nerve|EFNA5|EPHA10,True,False,0.62824583,
immune|nerve|EFNA5|EPHA3,True,False,0.7386988,
immune|nerve|EFNA5|EPHA4,True,False,0.79969466,
immune|nerve|EFNA5|EPHA5,True,False,0.7375476,
immune|nerve|EFNA5|EPHA6,True,False,0.81321996,
immune|nerve|EFNA5|EPHA7,True,False,0.7373229,
immune|nerve|EFNA5|EPHB1,True,False,0.78335893,
immune|nerve|EFNA5|EPHB2,True,False,0.7629016,
immune|nerve|EFNA5|EPHB6,True,False,0.71779466,
immune|nerve|F13A1|ITGA9,True,False,0.79774225,
immune|nerve|FAM3C|GLRA2,True,False,0.64077413,
immune|nerve|FARP2|PLXNA1,True,False,0.6822217,
immune|nerve|FARP2|PLXNA4,True,False,0.82971174,
immune|nerve|FGF12|FGFR1,True,False,0.71276546,
immune|nerve|FGF12|FGFR2,True,False,0.76329035,
immune|nerve|FGF14|FGFR1,True,False,0.79463726,
immune|nerve|FGF14|FGFR2,True,False,0.8341125,
immune|nerve|FN1|C5AR1,True,False,0.74959517,
immune|nerve|FN1|DPP4,True,False,0.6862724,
immune|nerve|FN1|IL17RC,True,False,0.67539376,
immune|nerve|FN1|ITGA3_ITGB1,True,False,0.71418476,
immune|nerve|FN1|ITGA5_ITGB1,True,False,0.67389655,
immune|nerve|FN1|ITGA8_ITGB1,True,False,0.7126059,
immune|nerve|FN1|ITGA9,True,False,0.76749885,
immune|nerve|FN1|TNFRSF11B,True,False,0.63678366,
immune|nerve|GAS6|AXL,True,False,0.60811436,
immune|nerve|GAS6|MERTK,True,False,0.6444429,
immune|nerve|GNAI2|ADCY1,True,False,0.76156694,
immune|nerve|GNAI2|ADCY8,True,False,0.7967089,
immune|nerve|GNAI2|C5AR1,True,False,0.73107994,
immune|nerve|GNAI2|CNR1,True,False,0.7654255,
immune|nerve|GNAI2|EDNRB,True,False,0.6843157,
immune|nerve|GNAI2|OPRD1,True,False,0.6830412,
immune|nerve|GNAS|ADCY1,True,False,0.8265203,
immune|nerve|GNAS|ADCY8,True,False,0.8539251,
immune|nerve|GNAS|VIPR1,True,False,0.74618095,
immune|nerve|HGF|NRP1,True,False,0.7444352,
immune|nerve|HGF|SDC2,True,False,0.6580193,
immune|nerve|HLA-B|KLRD1,True,False,0.7887482,
immune|nerve|HSPA1A|GRIN2D,True,False,0.78530616,
immune|nerve|IL15RA|AXL,True,False,0.49955517,
immune|nerve|IL16|GRIN2D,True,False,0.69103795,
immune|nerve|IL1B|IL1R1_IL1RAP,True,False,0.6625125,
immune|nerve|IL1RAPL1|PTPRD,True,False,0.88993424,
immune|nerve|IL1RAPL1|PTPRS,True,False,0.87958044,
immune|nerve|JAM2|ITGA3_ITGB1,True,False,0.5893271,
immune|nerve|LAMA2|CD44,True,False,0.8105033,
immune|nerve|LAMA2|DAG1,True,False,0.69107497,
immune|nerve|LAMA2|ITGA1,True,False,0.6223929,
immune|nerve|LAMA2|ITGA2_ITGB1,True,False,0.73010373,
immune|nerve|LAMA2|ITGA3_ITGB1,True,False,0.6801067,
immune|nerve|LAMA2|ITGA6_ITGB1,True,False,0.695826,
immune|nerve|LAMA2|ITGA6_ITGB4,True,False,0.6659381,
immune|nerve|LAMA2|ITGA7_ITGB1,True,False,0.73010373,
immune|nerve|LAMA2|ITGAV_ITGB8,True,False,0.80675215,
immune|nerve|LAMA2|RPSA,True,False,0.696138,
immune|nerve|LGALS8|ITGA3,True,False,0.65092796,
immune|nerve|LGALS9|COLEC12,True,False,0.662545,
immune|nerve|LGALS9|HAVCR2,True,False,0.6089048,
immune|nerve|LGALS9|MRC2,True,False,0.75869083,
immune|nerve|LPL|LRP1,True,False,0.7325683,
immune|nerve|LRIG1|EGFR,True,False,0.8581127,
immune|nerve|LRIG1|MET,True,False,0.70434856,
immune|nerve|LRIG2|EGFR,True,False,0.837856,
immune|nerve|LTB|TNFRSF1A,True,False,0.70900667,
immune|nerve|MAML2|NOTCH1,True,False,0.88989,
immune|nerve|MAML2|NOTCH2,True,False,0.86209273,
immune|nerve|MRC1|PTPRC,True,False,0.69901365,
immune|nerve|NAMPT|ITGA5_ITGB1,True,False,0.7643138,
immune|nerve|NECTIN3|CADM1,True,False,0.8513704,
immune|nerve|NECTIN3|NECTIN1,True,False,0.66571873,
immune|nerve|NECTIN3|NECTIN2,True,False,0.65683115,
immune|nerve|NECTIN3|PVR,True,False,0.61023843,
immune|nerve|NLGN1|NRXN1,True,False,0.93214566,
immune|nerve|NLGN1|NRXN2,True,False,0.88081,
immune|nerve|NLGN1|NRXN3,True,False,0.93589395,
immune|nerve|NLGN4X|NRXN1,True,False,0.8653378,
immune|nerve|NRG3|EGFR,True,False,0.8014395,
immune|nerve|NRG3|ERBB3,True,False,0.70983356,
immune|nerve|NRXN1|NLGN1,True,False,0.9171182,
immune|nerve|NRXN3|NLGN1,True,False,0.8912648,
immune|nerve|PAM|DPP4,True,False,0.7729789,
immune|nerve|PAM|FAP,True,False,0.76304346,
immune|nerve|PDGFB|LRP1,True,False,0.7282387,
immune|nerve|PLAU|ITGA3,True,False,0.69557875,
immune|nerve|PLAU|ITGA5,True,False,0.6435615,
immune|nerve|PLAU|LRP1,True,False,0.77441245,
immune|nerve|PSAP|CELSR1,True,False,0.75344235,
immune|nerve|PTN|CDH10,True,False,0.8204838,
immune|nerve|PTN|PTPRS,True,False,0.87504375,
immune|nerve|PTN|PTPRZ1,True,False,0.8891331,
immune|nerve|RIMS2|ABCA1,True,False,0.828171,
immune|nerve|RPS19|C5AR1,True,False,0.83804506,
immune|nerve|RTN4|CNTNAP1,True,False,0.8076085,
immune|nerve|RTN4|RTN4RL1,True,False,0.8546645,
immune|nerve|RTN4|TNFRSF19,True,False,0.83547735,
immune|nerve|SEMA3A|NRP1_PLXNA1,True,False,0.5794587,
immune|nerve|SEMA3A|NRP1_PLXNA2,True,False,0.71874714,
immune|nerve|SEMA3A|NRP1_PLXNA3,True,False,0.6757074,
immune|nerve|SEMA3A|NRP1_PLXNA4,True,False,0.72481316,
immune|nerve|SEMA3A|NRP2,True,False,0.75018674,
immune|nerve|SEMA3C|NRP1_NRP2_PLXND1,True,False,0.5777743,
immune|nerve|SEMA3C|NRP1_PLXNA1,True,False,0.589018,
immune|nerve|SEMA3C|NRP1_PLXNA2,True,False,0.7266339,
immune|nerve|SEMA3C|NRP1_PLXNA3,True,False,0.684271,
immune|nerve|SEMA3C|NRP1_PLXNA4,True,False,0.7325931,
immune|nerve|SEMA3C|NRP2_PLXNA1,True,False,0.66592455,
immune|nerve|SEMA3C|NRP2_PLXNA2,True,False,0.6805851,
immune|nerve|SEMA3C|NRP2_PLXNA3,True,False,0.6519477,
immune|nerve|SEMA3C|NRP2_PLXNA4,True,False,0.7574894,
immune|nerve|SEMA4B|DCBLD2,True,False,0.72878754,
immune|nerve|SEMA4D|PLXNB2,True,False,0.7428926,
immune|nerve|SERPINE1|LRP1,True,False,0.7605845,
immune|nerve|SERPING1|LRP1,True,False,0.68165207,
immune|nerve|SIRPB2|CD47,True,False,0.7341649,
immune|nerve|SPARC|FGFR1,True,False,0.7936996,
immune|nerve|SPON1|APP,True,False,0.8370728,
immune|nerve|SPON1|LRP8,True,False,0.7466816,
immune|nerve|SPON2|ITGA5,True,False,0.59188014,
immune|nerve|SPP1|ITGA5_ITGB1,True,False,0.79947495,
immune|nerve|SPP1|ITGA8_ITGB1,True,False,0.8271023,
immune|nerve|SPP1|ITGA9_ITGB1,True,False,0.8371663,
immune|nerve|TGFA|ERBB3,True,False,0.7007047,
immune|nerve|TGFA|ERBB4,True,False,0.79257095,
immune|nerve|TGFA|PTPRD,True,False,0.8055549,
immune|nerve|TGFB1|ACVR1_TGFBR1_TGFBR2,True,False,0.67133003,
immune|nerve|TGFB1|ACVR1_TGFBR2,True,False,0.67208964,
immune|nerve|TGFB1|TGFBR1_TGFBR2,True,False,0.67133003,
immune|nerve|TGFB2|TGFBR3,True,False,0.579113,
immune|nerve|TGS1|RXRA,True,False,0.6105186,
immune|nerve|TIMP2|ITGA3,True,False,0.7578962,
immune|nerve|TNC|CNTN1,True,False,0.8571556,
immune|nerve|TNC|EGFR,True,False,0.8750632,
immune|nerve|TNC|ITGA2,True,False,0.80319,
immune|nerve|TNC|ITGA5,True,False,0.68614805,
immune|nerve|TNC|ITGA7,True,False,0.8171112,
immune|nerve|TNC|ITGA8_ITGB1,True,False,0.7239987,
immune|nerve|TNC|PTPRB,True,False,0.74590504,
immune|nerve|TNC|PTPRZ1,True,False,0.8859954,
immune|nerve|TNFSF10|TNFRSF11B,True,False,0.5453839,
immune|nerve|TNFSF13B|TFRC,True,False,0.7423334,
immune|nerve|VEGFA|ITGA9,True,False,0.8313866,
immune|nerve|VEGFA|NRP1,True,False,0.8419372,
immune|nerve|WNT2B|FZD3_LRP5,True,False,0.68347514,
immune|nerve|WNT2B|FZD3_LRP6,True,False,0.7602053,
immune|nerve|WNT2B|FZD6_LRP5,True,False,0.62332004,
immune|nerve|WNT2B|FZD6_LRP6,True,False,0.7381883,
immune|nerve|WNT2B|FZD7_LRP6,True,False,0.72094995,
immune|nerve|WNT5A|EPHA7,True,False,0.72501886,
immune|nerve|WNT5A|FZD7,True,False,0.68576396,
immune|nerve|WNT5A|VANGL2,True,False,0.57653815,
immune|tumor|ACTR2|LDLR,True,False,0.6363292,
immune|tumor|ADAM10|AXL,True,False,0.68971246,
immune|tumor|ADAM10|EPHA3,True,False,0.7783108,
immune|tumor|ADAM10|TSPAN14,True,False,0.6923951,
immune|tumor|ADAM17|ITGB1,True,False,0.7610249,
immune|tumor|ADAM9|ITGB1,True,False,0.76630634,
immune|tumor|ADAM9|ITGB5,True,False,0.6618776,
immune|tumor|ALCAM|NRP1,True,False,0.80526084,
immune|tumor|ANXA1|GRM7,True,False,0.74157315,
immune|tumor|APOE|LDLR,True,False,0.6978188,
immune|tumor|APP|DCC,True,False,0.8543644,
immune|tumor|ARPC5|LDLR,True,False,0.55454314,
immune|tumor|B2M|KLRD1,True,False,0.7651234,
immune|tumor|C3|GRM7,True,False,0.81331587,
immune|tumor|CALM1|FAS,True,False,0.6766723,
immune|tumor|CALM1|GRM5,True,False,0.7214677,
immune|tumor|CALM1|GRM7,True,False,0.77409476,
immune|tumor|CALM1|KCNQ3,True,False,0.7634669,
immune|tumor|CALM1|KCNQ5,True,False,0.79985213,
immune|tumor|CALM1|PDE1A,True,False,0.70550513,
immune|tumor|CALM1|RYR2,True,False,0.6899183,
immune|tumor|CALM3|ESR1,True,False,0.49196628,
immune|tumor|CALM3|GRM5,True,False,0.5264328,
immune|tumor|CALM3|GRM7,True,False,0.59523636,
immune|tumor|CALM3|KCNQ5,True,False,0.63168377,
immune|tumor|CALM3|PDE1A,True,False,0.50693184,
immune|tumor|CALM3|RYR2,True,False,0.48845544,
immune|tumor|CALR|ITGA2B,True,False,0.51674443,
immune|tumor|CCL5|DPP4,True,False,0.6982403,
immune|tumor|CCL5|GRM7,True,False,0.7638246,
immune|tumor|CD200R1|CD200,True,False,0.45189944,
immune|tumor|CD99|PILRA,True,False,0.59284896,
immune|tumor|COL27A1|ITGA2_ITGB1,True,False,0.6854387,
immune|tumor|COL8A1|ITGA2_ITGB1,True,False,0.6743067,
immune|tumor|CP|SLC40A1,True,False,0.49794316,
immune|tumor|CXCL16|GRM7,True,False,0.5750371,
immune|tumor|CXCL8|GRM7,True,False,0.7337058,
immune|tumor|DSCAM|DCC,True,False,0.855083,
immune|tumor|EFNA5|EPHA3,True,False,0.6660082,
immune|tumor|EFNA5|EPHA4,True,False,0.6904508,
immune|tumor|EFNA5|EPHA5,True,False,0.6014392,
immune|tumor|EFNA5|EPHA6,True,False,0.6555747,
immune|tumor|EFNA5|EPHB1,True,False,0.66568816,
immune|tumor|F13A1|ITGA9,True,False,0.6486273,
immune|tumor|F13A1|ITGB1,True,False,0.7504436,
immune|tumor|FAM3C|GLRA2,True,False,0.557013,
immune|tumor|FN1|C5AR1,True,False,0.6214862,
immune|tumor|FN1|DPP4,True,False,0.63844717,
immune|tumor|FN1|ITGA9,True,False,0.6070694,
immune|tumor|FN1|TNFRSF11B,True,False,0.56474245,
immune|tumor|GAS6|AXL,True,False,0.5828164,
immune|tumor|GAS6|MERTK,True,False,0.61725813,
immune|tumor|GNAI2|C5AR1,True,False,0.5985712,
immune|tumor|HGF|CD44,True,False,0.7313758,
immune|tumor|HGF|ITGB1,True,False,0.67275244,
immune|tumor|HGF|NRP1,True,False,0.68210465,
immune|tumor|HLA-B|KLRD1,True,False,0.7331468,
immune|tumor|HSPA8|LDLR,True,False,0.56350327,
immune|tumor|IL15RA|AXL,True,False,0.47331885,
immune|tumor|IL16|GRIN2A,True,False,0.58351827,
immune|tumor|IL16|GRIN2B,True,False,0.5980652,
immune|tumor|LAMA2|ITGA3_ITGB1,True,False,0.6459896,
immune|tumor|LGALS9|COLEC12,True,False,0.59682,
immune|tumor|LGALS9|HAVCR2,True,False,0.5456475,
immune|tumor|LPL|CD44,True,False,0.6991434,
immune|tumor|LRIG1|EGFR,True,False,0.8389754,
immune|tumor|LRIG2|EGFR,True,False,0.8165707,
immune|tumor|LTB|TNFRSF1A,True,False,0.66486466,
immune|tumor|MAML2|NOTCH1,True,False,0.8168466,
immune|tumor|MAML2|NOTCH2,True,False,0.83841974,
immune|tumor|MAML2|NOTCH3,True,False,0.72578096,
immune|tumor|NECTIN3|CADM1,True,False,0.82643706,
immune|tumor|NECTIN3|NECTIN2,True,False,0.58892345,
immune|tumor|NRG3|EGFR,True,False,0.77664804,
immune|tumor|NRXN1|NLGN1,True,False,0.9106371,
immune|tumor|NRXN3|NLGN1,True,False,0.88302,
immune|tumor|NUCB2|ERAP1,True,False,0.48095623,
immune|tumor|PAM|DPP4,True,False,0.7332334,
immune|tumor|PDGFC|PDGFRB,True,False,0.63283736,
immune|tumor|PLAU|ITGB1,True,False,0.68739575,
immune|tumor|PLAU|ITGB5,True,False,0.5676021,
immune|tumor|PSEN1|CD44,True,False,0.802848,
immune|tumor|PSEN1|NOTCH3,True,False,0.6043906,
immune|tumor|RPS19|C5AR1,True,False,0.73945934,
immune|tumor|SEMA3A|NRP1_PLXNA1,True,False,0.5794849,
immune|tumor|SEMA3A|NRP1_PLXNA2,True,False,0.6555969,
immune|tumor|SEMA3A|NRP1_PLXNA3,True,False,0.5667787,
immune|tumor|SEMA3A|NRP2,True,False,0.67890596,
immune|tumor|SEMA3C|NRP1_NRP2_PLXND1,True,False,0.506251,
immune|tumor|SEMA3C|NRP1_PLXNA1,True,False,0.589044,
immune|tumor|SEMA3C|NRP1_PLXNA2,True,False,0.6644278,
immune|tumor|SEMA3C|NRP1_PLXNA3,True,False,0.57641554,
immune|tumor|SEMA3C|NRP1_PLXNA4,True,False,0.6686599,
immune|tumor|SEMA3C|NRP2_PLXNA1,True,False,0.589044,
immune|tumor|SEMA3C|NRP2_PLXNA2,True,False,0.6644278,
immune|tumor|SEMA3C|NRP2_PLXNA3,True,False,0.57641554,
immune|tumor|SEMA3C|NRP2_PLXNA4,True,False,0.6874242,
immune|tumor|SEMA4B|DCBLD2,True,False,0.6755877,
immune|tumor|SERPINE1|ITGB5,True,False,0.54848826,
immune|tumor|SIRPB2|CD47,True,False,0.63161665,
immune|tumor|SPARC|FGFR1,True,False,0.7121432,
immune|tumor|SPON1|APP,True,False,0.79965085,
immune|tumor|SPON1|LRP8,True,False,0.60252124,
immune|tumor|SPP1|ITGA9_ITGB1,True,False,0.74878895,
immune|tumor|SPP1|ITGAV_ITGB5,True,False,0.743499,
immune|tumor|TGFA|ERBB4,True,False,0.7269778,
immune|tumor|TGFB1|ACVR1B_TGFBR2,True,False,0.6238561,
immune|tumor|TGFB1|ACVR1_TGFBR1_TGFBR2,True,False,0.64988214,
immune|tumor|TGFB1|ACVR1_TGFBR2,True,False,0.64988214,
immune|tumor|TGFB1|ITGB5,True,False,0.6048116,
immune|tumor|TGFB1|TGFBR1_TGFBR2,True,False,0.64988214,
immune|tumor|TGFB1|TGFBR3,True,False,0.58591735,
immune|tumor|TIMP1|FGFR2,True,False,0.65563065,
immune|tumor|TIMP2|ITGB1,True,False,0.7507882,
immune|tumor|TLN1|ITGB5,True,False,0.5570499,
immune|tumor|TNC|EGFR,True,False,0.85783356,
immune|tumor|TNC|ITGA2,True,False,0.75104505,
immune|tumor|TNC|ITGA7,True,False,0.7491925,
immune|tumor|TNC|PTPRZ1,True,False,0.8797558,
immune|tumor|TNFSF10|TNFRSF11B,True,False,0.4702943,
immune|tumor|VEGFA|GRIN2B,True,False,0.7696928,
immune|tumor|VEGFA|ITGA9,True,False,0.69767576,
immune|tumor|WNT2B|FZD3_LRP5,True,False,0.5963891,
immune|tumor|WNT2B|FZD3_LRP6,True,False,0.74099106,
immune|tumor|WNT2B|FZD6_LRP5,True,False,0.5963891,
immune|tumor|WNT2B|FZD6_LRP6,True,False,0.6652458,
immune|tumor|WNT2B|FZD7_LRP5,True,False,0.5963891,
immune|tumor|WNT2B|FZD7_LRP6,True,False,0.6187994,
immune|tumor|WNT5A|FZD6,True,False,0.626673,
immune|tumor|WNT5A|FZD7,True,False,0.5782676,
immune|tumor|WNT5A|LDLR,True,False,0.49635372,
immune|tumor|WNT5A|ROR1,True,False,0.63987887,
nerve|immune|A2M|LRP1,True,False,0.8446819,
nerve|immune|ADAM10|EPHA3,True,False,0.7376666,
nerve|immune|ADAM10|NRCAM,True,False,0.8869303,
nerve|immune|ADAM11|ITGA4,True,False,0.80481803,
nerve|immune|ADAM12|ITGA9,True,False,0.7876014,
nerve|immune|ADAM15|ITGA9,True,False,0.64033,
nerve|immune|ADAM17|NOTCH1,True,False,0.7069129,
nerve|immune|ALCAM|CHL1,True,False,0.8649822,
nerve|immune|AMH|EGFR,True,False,0.7708133,
nerve|immune|ANGPT1|ITGA5,True,False,0.7258008,
nerve|immune|ANGPT1|ITGB1,True,False,0.7782038,
nerve|immune|ANGPTL4|CDH11,True,False,0.63989836,
nerve|immune|ANGPTL4|SDC3,True,False,0.63319916,
nerve|immune|ANOS1|SDC2,True,False,0.683994,
nerve|immune|ANXA1|DYSF,True,False,0.61340445,
nerve|immune|ANXA1|EGFR,True,False,0.7973807,
nerve|immune|ANXA1|FPR1,True,False,0.64448905,
nerve|immune|APOD|LEPR,True,False,0.6190388,
nerve|immune|APOE|ABCA1,True,False,0.9073947,
nerve|immune|APOE|LRP1,True,False,0.8688215,
nerve|immune|APOE|SCARB1,True,False,0.85667175,
nerve|immune|APOE|SDC2,True,False,0.81263775,
nerve|immune|APOE|SORL1,True,False,0.90085787,
nerve|immune|APP|DCC,True,False,0.8143689,
nerve|immune|ARF1|PLD2,True,False,0.5983691,
nerve|immune|BCAN|EGFR,True,False,0.88681066,
nerve|immune|BCAN|NRCAM,True,False,0.8927184,
nerve|immune|BMP1|BMPR1A,True,False,0.6905631,
nerve|immune|BMP1|BMPR2,True,False,0.7718414,
nerve|immune|BMP6|ACVR1_ACVR2A,True,False,0.58780193,
nerve|immune|BMP6|ACVR1_BMPR2,True,False,0.64847547,
nerve|immune|BMP6|ACVR2A_BMPR1A,True,False,0.6089565,
nerve|immune|BMP6|BMPR1A_BMPR2,True,False,0.64081365,
nerve|immune|BMP7|ACVR1_ACVR2A,True,False,0.70645654,
nerve|immune|BMP7|ACVR1_BMPR2,True,False,0.7568883,
nerve|immune|BMP7|ACVR2A_BMPR1A,True,False,0.724377,
nerve|immune|BMP7|BMPR1A_BMPR2,True,False,0.75068086,
nerve|immune|BMP7|PTPRK,True,False,0.74123865,
nerve|immune|C3|C3AR1,True,False,0.7199339,
nerve|immune|C3|CD46,True,False,0.7306296,
nerve|immune|C3|CD81,True,False,0.737523,
nerve|immune|C3|CR1,True,False,0.7270898,
nerve|immune|C3|ITGAM,True,False,0.7500084,
nerve|immune|C3|ITGAX,True,False,0.8161198,
nerve|immune|C3|LRP1,True,False,0.7937285,
nerve|immune|C3|NRP1,True,False,0.8223577,
nerve|immune|C5|C5AR1,True,False,0.65243876,
nerve|immune|CALM1|CACNA1C,True,False,0.78809077,
nerve|immune|CALM1|KCNQ5,True,False,0.8075456,
nerve|immune|CALM1|PDE1C,True,False,0.7419604,
nerve|immune|CALM3|CACNA1C,True,False,0.6719496,
nerve|immune|CALM3|EGFR,True,False,0.7815043,
nerve|immune|CALM3|ESR1,True,False,0.6946901,
nerve|immune|CALM3|KCNQ5,True,False,0.697981,
nerve|immune|CCN1|ITGA5,True,False,0.67492974,
nerve|immune|CCN1|ITGAM,True,False,0.6885072,
nerve|immune|CCN1|ITGAV,True,False,0.78251284,
nerve|immune|CCN1|ITGB2,True,False,0.6790403,
nerve|immune|CCN1|ITGB5,True,False,0.6833929,
nerve|immune|CCN1|TLR2,True,False,0.77246,
nerve|immune|CCN1|TLR4,True,False,0.60569376,
nerve|immune|CD200|CD200R1,True,False,0.62485754,
nerve|immune|CD24|SIGLEC10,True,False,0.5624632,
nerve|immune|CD38|PECAM1,True,False,0.7515163,
nerve|immune|CD58|CD2,True,False,0.73239595,
nerve|immune|CD99|CD81,True,False,0.74585277,
nerve|immune|CD99|CD99L2,True,False,0.66960585,
nerve|immune|CD99|PILRA,True,False,0.73863983,
nerve|immune|CDH1|EGFR,True,False,0.7888232,
nerve|immune|CDH1|ITGA2_ITGB1,True,False,0.607072,
nerve|immune|CDH1|PTPRM,True,False,0.7302384,
nerve|immune|CNTN1|NRCAM,True,False,0.90718764,
nerve|immune|CNTN1|PTPRZ1,True,False,0.9177582,
nerve|immune|CNTN2|NRCAM,True,False,0.89297634,
nerve|immune|CNTN3|PTPRG,True,False,0.82159156,
nerve|immune|CNTN4|PTPRG,True,False,0.86041313,
nerve|immune|CNTN6|NOTCH1,True,False,0.6491222,
nerve|immune|COL11A1|ITGA2_ITGB1,True,False,0.70042074,
nerve|immune|COL12A1|ITGA1_ITGB1,True,False,0.78158134,
nerve|immune|COL12A1|ITGA2_ITGB1,True,False,0.6725343,
nerve|immune|COL16A1|ITGA2_ITGB1,True,False,0.6647781,
nerve|immune|COL18A1|ITGA2_ITGB1,True,False,0.71940863,
nerve|immune|COL19A1|ITGA2_ITGB1,True,False,0.6709551,
nerve|immune|COL1A2|CD44,True,False,0.83926195,
nerve|immune|COL1A2|CD93,True,False,0.65124893,
nerve|immune|COL1A2|ITGA1_ITGB1,True,False,0.7763298,
nerve|immune|COL1A2|ITGA2_ITGB1,True,False,0.665782,
nerve|immune|COL1A2|ITGA9_ITGB1,True,False,0.7371686,
nerve|immune|COL1A2|ITGAV_ITGB8,True,False,0.75113195,
nerve|immune|COL20A1|ITGA2_ITGB1,True,False,0.72757345,
nerve|immune|COL21A1|ITGA1_ITGB1,True,False,0.76881427,
nerve|immune|COL21A1|ITGA2_ITGB1,True,False,0.656197,
nerve|immune|COL22A1|ITGA1_ITGB1,True,False,0.81330997,
nerve|immune|COL22A1|ITGA2_ITGB1,True,False,0.71431345,
nerve|immune|COL24A1|ITGA1_ITGB1,True,False,0.67975825,
nerve|immune|COL24A1|ITGA2_ITGB1,True,False,0.5491966,
nerve|immune|COL26A1|ITGA1_ITGB1,True,False,0.79955816,
nerve|immune|COL26A1|ITGA2_ITGB1,True,False,0.6959953,
nerve|immune|COL27A1|ITGA2_ITGB1,True,False,0.6915384,
nerve|immune|COL28A1|ITGA1_ITGB1,True,False,0.7397097,
nerve|immune|COL28A1|ITGA2_ITGB1,True,False,0.61992365,
nerve|immune|COL4A1|CD44,True,False,0.8393061,
nerve|immune|COL4A1|CD47,True,False,0.78607476,
nerve|immune|COL4A1|CD93,True,False,0.65132326,
nerve|immune|COL4A1|ITGA1_ITGB1,True,False,0.7763866,
nerve|immune|COL4A1|ITGA2_ITGB1,True,False,0.6658549,
nerve|immune|COL4A1|ITGA9_ITGB1,True,False,0.737232,
nerve|immune|COL4A2|CD44,True,False,0.85981417,
nerve|immune|COL4A2|CD93,True,False,0.68687147,
nerve|immune|COL4A2|ITGA1_ITGB1,True,False,0.8030401,
nerve|immune|COL4A2|ITGA2_ITGB1,True,False,0.70060253,
nerve|immune|COL4A2|ITGA9_ITGB1,True,False,0.76715285,
nerve|immune|COL4A2|ITGAV_ITGB8,True,False,0.7799986,
nerve|immune|COL4A2|ITGB5,True,False,0.7724078,
nerve|immune|COL4A5|ITGA2_ITGB1,True,False,0.7774468,
nerve|immune|COL4A5|ITGA9_ITGB1,True,False,0.83103544,
nerve|immune|COL4A5|ITGAV_ITGB8,True,False,0.841087,
nerve|immune|COL4A6|CD44,True,False,0.8036569,
nerve|immune|COL4A6|CD47,True,False,0.742243,
nerve|immune|COL4A6|CD93,True,False,0.5941372,
nerve|immune|COL4A6|ITGA1_ITGB1,True,False,0.7312485,
nerve|immune|COL4A6|ITGA2_ITGB1,True,False,0.6096237,
nerve|immune|COL4A6|ITGA9_ITGB1,True,False,0.68737274,
nerve|immune|COL5A1|ITGA1_ITGB1,True,False,0.75547206,
nerve|immune|COL5A1|ITGA2_ITGB1,True,False,0.6394038,
nerve|immune|COL5A1|SDC3,True,False,0.6764357,
nerve|immune|COL5A2|ITGA1_ITGB1,True,False,0.772014,
nerve|immune|COL5A2|ITGA2_ITGB1,True,False,0.66026664,
nerve|immune|COL5A3|ITGA1_ITGB1,True,False,0.7607367,
nerve|immune|COL5A3|ITGA2_ITGB1,True,False,0.64599645,
nerve|immune|COL5A3|SDC3,True,False,0.6826873,
nerve|immune|COL6A1|ITGA2_ITGB1,True,False,0.6475181,
nerve|immune|COL6A1|ITGA9_ITGB1,True,False,0.7211719,
nerve|immune|COL6A2|CD44,True,False,0.8362283,
nerve|immune|COL6A2|ITGA1_ITGB1,True,False,0.77243054,
nerve|immune|COL6A2|ITGA2_ITGB1,True,False,0.6607977,
nerve|immune|COL6A2|ITGA9_ITGB1,True,False,0.7328216,
nerve|immune|COL6A2|ITGAV_ITGB8,True,False,0.7469366,
nerve|immune|COL7A1|ITGA1_ITGB1,True,False,0.7086444,
nerve|immune|COL7A1|ITGA2_ITGB1,True,False,0.58262855,
nerve|immune|COL8A1|ITGA1_ITGB1,True,False,0.83957,
nerve|immune|COL8A1|ITGA2_ITGB1,True,False,0.7502219,
nerve|immune|COL9A1|ITGA2_ITGB1,True,False,0.62585723,
nerve|immune|COL9A1|ITGA9_ITGB1,True,False,0.7019539,
nerve|immune|COL9A2|ITGA2_ITGB1,True,False,0.5780609,
nerve|immune|COL9A2|ITGA9_ITGB1,True,False,0.6585756,
nerve|immune|COL9A3|ITGA2_ITGB1,True,False,0.6251374,
nerve|immune|COL9A3|ITGA9_ITGB1,True,False,0.7013106,
nerve|immune|CTHRC1|ROR2,True,False,0.5975438,
nerve|immune|CX3CL1|CX3CR1,True,False,0.6371913,
nerve|immune|CX3CL1|ITGAV,True,False,0.7512534,
nerve|immune|CXCL14|CXCR4,True,False,0.75332516,
nerve|immune|CXCL2|DPP4,True,False,0.578517,
nerve|immune|CXCL8|SDC2,True,False,0.69789445,
nerve|immune|CXCL8|SDC3,True,False,0.6858676,
nerve|immune|DSCAM|DCC,True,False,0.8220508,
nerve|immune|EFEMP1|EGFR,True,False,0.8445085,
nerve|immune|EFNA1|EPHA3,True,False,0.5582875,
nerve|immune|EFNA1|EPHA4,True,False,0.59801376,
nerve|immune|EFNA5|EPHA3,True,False,0.79015344,
nerve|immune|EFNA5|EPHA4,True,False,0.8159028,
nerve|immune|EFNA5|EPHB2,True,False,0.82129544,
nerve|immune|EFNB2|EPHA3,True,False,0.5575832,
nerve|immune|EFNB2|EPHA4,True,False,0.5973271,
nerve|immune|EGF|AXL,True,False,0.69009435,
nerve|immune|EGF|NRP1,True,False,0.7386834,
nerve|immune|EGF|PLD2,True,False,0.5340337,
nerve|immune|ENTPD1|TMIGD3,True,False,0.5395053,
nerve|immune|F13A1|ITGA4,True,False,0.7932552,
nerve|immune|F13A1|ITGA9,True,False,0.710203,
nerve|immune|F13A1|ITGB1,True,False,0.7629626,
nerve|immune|FAM3C|ADGRG5,True,False,0.7145808,
nerve|immune|FAM3C|LIFR,True,False,0.69253576,
nerve|immune|FARP2|PLXNA3,True,False,0.7065865,
nerve|immune|FARP2|PLXNA4,True,False,0.76925135,
nerve|immune|FGF13|EGFR,True,False,0.8735672,
nerve|immune|FGF1|EGFR,True,False,0.8526024,
nerve|immune|FGF2|SDC3,True,False,0.7100446,
nerve|immune|FGFR3|EPHA4,True,False,0.6454441,
nerve|immune|FN1|DPP4,True,False,0.7026076,
nerve|immune|FN1|ITGA2,True,False,0.69496036,
nerve|immune|FN1|ITGA6,True,False,0.70237744,
nerve|immune|FN1|ITGA9,True,False,0.7623393,
nerve|immune|FN1|ITGAV_ITGB1,True,False,0.80496,
nerve|immune|FN1|ITGAV_ITGB8,True,False,0.77537286,
nerve|immune|FSTL1|DIP2A,True,False,0.76233375,
nerve|immune|FSTL5|CHL1,True,False,0.8467091,
nerve|immune|GDF11|ACVR1B_ACVR2A,True,False,0.5626138,
nerve|immune|GDF11|ACVR2A_TGFBR1,True,False,0.6143437,
nerve|immune|GDF11|BMPR1A,True,False,0.646017,
nerve|immune|GDF11|BMPR2,True,False,0.7344975,
nerve|immune|GNAI2|EGFR,True,False,0.81242394,
nerve|immune|GNAS|ADCY9,True,False,0.7312466,
nerve|immune|GRN|EGFR,True,False,0.7581974,
nerve|immune|GRN|TNFRSF1A,True,False,0.61522436,
nerve|immune|GSTP1|EGFR,True,False,0.7963523,
nerve|immune|HLA-B|CD8A,True,False,0.73862,
nerve|immune|HLA-B|KLRD1,True,False,0.7906364,
nerve|immune|HLA-B|LILRB1,True,False,0.7616849,
nerve|immune|HLA-DRA|CD4,True,False,0.6835899,
nerve|immune|HLA-DRB1|CD4,True,False,0.6742407,
nerve|immune|HSPG2|ITGA2,True,False,0.5385398,
nerve|immune|HSPG2|ITGB1,True,False,0.6833524,
nerve|immune|HSPG2|LRP1,True,False,0.68973607,
nerve|immune|ICAM1|EGFR,True,False,0.8203435,
nerve|immune|ICAM1|IL2RA,True,False,0.6684153,
nerve|immune|IGF1|IGF1R,True,False,0.74615735,
nerve|immune|IGF1|IGF2R,True,False,0.8012594,
nerve|immune|IGF1|INSR,True,False,0.7311583,
nerve|immune|IL1RAPL1|PTPRD,True,False,0.8767408,
nerve|immune|IL34|PTPRZ1,True,False,0.78695315,
nerve|immune|IL6|HRH1,True,False,0.5846581,
nerve|immune|IL6|IL6R_IL6ST,True,False,0.726169,
nerve|immune|IL7|IL2RG_IL7R,True,False,0.6054153,
nerve|immune|INHBA|ACTR2,True,False,0.7208702,
nerve|immune|INHBA|ENG,True,False,0.6568899,
nerve|immune|INHBA|TGFBR3,True,False,0.64231116,
nerve|immune|JAG1|CD46,True,False,0.75418186,
nerve|immune|JAG1|NOTCH1,True,False,0.696953,
nerve|immune|LAMA1|CD44,True,False,0.8387399,
nerve|immune|LAMA1|ITGA1,True,False,0.77565795,
nerve|immune|LAMA1|ITGA2_ITGB1,True,False,0.6649215,
nerve|immune|LAMA1|ITGA6_ITGB1,True,False,0.67272496,
nerve|immune|LAMA1|ITGA9_ITGB1,True,False,0.736419,
nerve|immune|LAMA1|RPSA,True,False,0.80946016,
nerve|immune|LAMA1|SDC2,True,False,0.7122603,
nerve|immune|LAMA2|ITGA2_ITGB1,True,False,0.7604809,
nerve|immune|LAMA2|ITGA9_ITGB1,True,False,0.8171942,
nerve|immune|LAMA2|ITGAV_ITGB8,True,False,0.8278986,
nerve|immune|LAMA3|CD44,True,False,0.8121317,
nerve|immune|LAMA3|ITGA2_ITGB1,True,False,0.62254,
nerve|immune|LAMA3|ITGA6_ITGB1,True,False,0.6307825,
nerve|immune|LAMA3|ITGA9_ITGB1,True,False,0.6989869,
nerve|immune|LAMA3|ITGAV_ITGB8,True,False,0.7141922,
nerve|immune|LAMA3|SDC2,True,False,0.67292106,
nerve|immune|LAMA4|ITGA2_ITGB1,True,False,0.7017476,
nerve|immune|LAMA4|ITGA9_ITGB1,True,False,0.7681276,
nerve|immune|LAMA4|ITGAV_ITGB8,True,False,0.780935,
nerve|immune|LAMA5|CD44,True,False,0.8247591,
nerve|immune|LAMA5|ITGA2_ITGB1,True,False,0.6422979,
nerve|immune|LAMA5|ITGA6_ITGB1,True,False,0.6503513,
nerve|immune|LAMA5|ITGA9_ITGB1,True,False,0.71656513,
nerve|immune|LAMB1|ITGA2_ITGB1,True,False,0.6414144,
nerve|immune|LAMB1|ITGA9_ITGB1,True,False,0.7157839,
nerve|immune|LAMB2|CD44,True,False,0.77362764,
nerve|immune|LAMB2|ITGA2_ITGB1,True,False,0.5659465,
nerve|immune|LAMB2|ITGA6_ITGB1,True,False,0.57458025,
nerve|immune|LAMB2|ITGA9_ITGB1,True,False,0.64736265,
nerve|immune|LAMB2|RPSA,True,False,0.7362433,
nerve|immune|LAMC1|ITGA2_ITGB1,True,False,0.74294585,
nerve|immune|LAMC1|ITGA9_ITGB1,True,False,0.8027342,
nerve|immune|LAMC1|ITGAV_ITGB8,True,False,0.8140927,
nerve|immune|LGI2|ADAM23,True,False,0.6230981,
nerve|immune|LGI3|ADAM23,True,False,0.64589447,
nerve|immune|LGI4|ADAM23,True,False,0.66796654,
nerve|immune|LPL|CD44,True,False,0.81814975,
nerve|immune|LPL|LRP1,True,False,0.76579255,
nerve|immune|LRIG1|EGFR,True,False,0.88223886,
nerve|immune|LRIG2|EGFR,True,False,0.8317719,
nerve|immune|MDK|PTPRZ1,True,False,0.8323215,
nerve|immune|NAMPT|INSR,True,False,0.8169579,
nerve|immune|NCAM1|CACNA1C,True,False,0.8539014,
nerve|immune|NCAM1|NCAM2,True,False,0.87648535,
nerve|immune|NCAM1|PTPRZ1,True,False,0.92523634,
nerve|immune|NCAM1|ROBO1,True,False,0.85236526,
nerve|immune|NCAN|CDH2,True,False,0.78467214,
nerve|immune|NID1|ITGAV,True,False,0.76419944,
nerve|immune|NID1|ITGB1,True,False,0.7125595,
nerve|immune|NLGN1|NRXN1,True,False,0.9171182,
nerve|immune|NLGN1|NRXN3,True,False,0.8912648,
nerve|immune|NLGN4X|NRXN1,True,False,0.89184356,
nerve|immune|NRG1|EGFR,True,False,0.89016145,
nerve|immune|NRG1|HLA-DPB1,True,False,0.8537022,
nerve|immune|NRG3|EGFR,True,False,0.92165715,
nerve|immune|NRXN1|NLGN1,True,False,0.93214566,
nerve|immune|NRXN2|NLGN1,True,False,0.88081,
nerve|immune|NRXN3|NLGN1,True,False,0.93589395,
nerve|immune|NTN1|DCC,True,False,0.7480721,
nerve|immune|NTN1|DSCAM,True,False,0.8419964,
nerve|immune|NTN1|NEO1,True,False,0.7318907,
nerve|immune|NTN1|UNC5C,True,False,0.7811237,
nerve|immune|NTNG1|LRRC4C,True,False,0.7895687,
nerve|immune|NTRK3|PTPRD,True,False,0.84938216,
nerve|immune|NXPH1|NRXN1,True,False,0.88640594,
nerve|immune|NXPH1|NRXN3,True,False,0.8525132,
nerve|immune|OLFM2|ROBO2,True,False,0.815956,
nerve|immune|PLAT|ITGAM,True,False,0.7477907,
nerve|immune|PLAT|LRP1,True,False,0.7917909,
nerve|immune|PLTP|ABCA1,True,False,0.8065068,
nerve|immune|POSTN|ITGAV_ITGB5,True,False,0.697417,
nerve|immune|PRSS3|F2R,True,False,0.53514165,
nerve|immune|PSAP|CELSR1,True,False,0.7518593,
nerve|immune|PTGS2|ALOX5,True,False,0.71477604,
nerve|immune|PTN|PTPRZ1,True,False,0.9243505,
nerve|immune|QDPR|DYSF,True,False,0.76240265,
nerve|immune|RARRES1|NRP2,True,False,0.6607942,
nerve|immune|RGMA|BMPR2,True,False,0.86056715,
nerve|immune|RGMA|NEO1,True,False,0.7417117,
nerve|immune|RIMS1|CACNA1C,True,False,0.8390577,
nerve|immune|SDC2|PTPRJ,True,False,0.8252078,
nerve|immune|SEMA3A|NRP1_PLXNA3,True,False,0.71759224,
nerve|immune|SEMA3A|NRP1_PLXNA4,True,False,0.71346176,
nerve|immune|SEMA3B|NRP1_PLXNA3,True,False,0.6691785,
nerve|immune|SEMA3B|NRP1_PLXNA4,True,False,0.6646708,
nerve|immune|SEMA3B|NRP2_PLXNA3,True,False,0.6691785,
nerve|immune|SEMA3B|NRP2_PLXNA4,True,False,0.68820536,
nerve|immune|SEMA3C|NRP1_PLXNA3,True,False,0.70993,
nerve|immune|SEMA3C|NRP1_PLXNA4,True,False,0.70573336,
nerve|immune|SEMA3C|NRP2_PLXNA3,True,False,0.70993,
nerve|immune|SEMA3C|NRP2_PLXNA4,True,False,0.72756726,
nerve|immune|SEMA4A|NRP1_PLXNA3,True,False,0.54888904,
nerve|immune|SEMA4A|PLXNB2,True,False,0.6059534,
nerve|immune|SEMA4A|PLXND1,True,False,0.6887359,
nerve|immune|SEMA4F|NRP2,True,False,0.7131234,
nerve|immune|SEMA5A|PLXNA3,True,False,0.7855857,
nerve|immune|SEMA5B|PLXNA3,True,False,0.70646846,
nerve|immune|SEMA6A|PLXNA4,True,False,0.7871835,
nerve|immune|SEMA6B|PLXNA4,True,False,0.719698,
nerve|immune|SERPINE1|ITGB5,True,False,0.7544004,
nerve|immune|SERPINE1|LRP1,True,False,0.8013658,
nerve|immune|SERPINE1|PLAUR,True,False,0.8044349,
nerve|immune|SERPING1|LRP1,True,False,0.79586554,
nerve|immune|SLIT1|ROBO1,True,False,0.77589446,
nerve|immune|SLIT1|ROBO2,True,False,0.819135,
nerve|immune|SLIT2|DCC,True,False,0.7589722,
nerve|immune|SLIT2|ROBO1,True,False,0.8012261,
nerve|immune|SLIT2|ROBO2,True,False,0.84058326,
nerve|immune|SLIT3|ROBO1,True,False,0.80338997,
nerve|immune|SLIT3|ROBO2,True,False,0.84240294,
nerve|immune|SPON1|APP,True,False,0.84742993,
nerve|immune|SPON2|ITGA4,True,False,0.7389825,
nerve|immune|SPON2|ITGA5,True,False,0.6418056,
nerve|immune|SPON2|ITGAM,True,False,0.65606153,
nerve|immune|SPON2|ITGB1,True,False,0.703708,
nerve|immune|SPON2|ITGB2,True,False,0.6461155,
nerve|immune|SPP1|ITGA9_ITGB1,True,False,0.8357685,
nerve|immune|ST6GAL1|EGFR,True,False,0.85801315,
nerve|immune|TFPI|LRP1,True,False,0.7125498,
nerve|immune|TGFB1|ACVR1B_TGFBR2,True,False,0.54782176,
nerve|immune|TGFB1|ACVR1_TGFBR1_TGFBR2,True,False,0.6399441,
nerve|immune|TGFB1|ACVR1_TGFBR2,True,False,0.6399441,
nerve|immune|TGFB1|CXCR4,True,False,0.6851269,
nerve|immune|TGFB1|EGFR,True,False,0.7489978,
nerve|immune|TGFB1|ENG,True,False,0.6372553,
nerve|immune|TGFB1|ITGB1,True,False,0.6953401,
nerve|immune|TGFB1|ITGB5,True,False,0.64158213,
nerve|immune|TGFB1|LPP,True,False,0.77618814,
nerve|immune|TGFB1|SDC2,True,False,0.60623956,
nerve|immune|TGFB1|TGFBR1_TGFBR2,True,False,0.7273288,
nerve|immune|TGFB1|TGFBR3,True,False,0.62232196,
nerve|immune|TGFB2|ACVR1B_TGFBR2,True,False,0.6542228,
nerve|immune|TGFB2|ACVR1_TGFBR1_TGFBR2,True,False,0.73514813,
nerve|immune|TGFB2|ACVR1_TGFBR2,True,False,0.73514813,
nerve|immune|TGFB2|ENG,True,False,0.7328735,
nerve|immune|TGFB2|TGFBR1_TGFBR2,True,False,0.8064166,
nerve|immune|TGFB2|TGFBR3,True,False,0.7201479,
nerve|immune|TGM2|ADGRG1,True,False,0.54914176,
nerve|immune|TGM2|ITGA4,True,False,0.73232853,
nerve|immune|TGM2|ITGA9,True,False,0.6360311,
nerve|immune|TGM2|ITGB1,True,False,0.6965241,
nerve|immune|TIMP3|CD44,True,False,0.84852153,
nerve|immune|TNC|EGFR,True,False,0.89739364,
nerve|immune|TNC|ITGA2,True,False,0.7834302,
nerve|immune|TNC|ITGA9_ITGB1,True,False,0.83588225,
nerve|immune|TNC|PTPRZ1,True,False,0.9138314,
nerve|immune|TNFSF10|RIPK1,True,False,0.59319913,
nerve|immune|TNFSF10|TNFRSF10A,True,False,0.5207191,
nerve|immune|TNFSF10|TNFRSF10B,True,False,0.6086469,
nerve|immune|TNFSF10|TNFRSF10D,True,False,0.53925294,
nerve|immune|TNR|ITGA9_ITGB1,True,False,0.84224397,
nerve|immune|VCAM1|ITGA4_ITGB1,True,False,0.7254834,
nerve|immune|VCAM1|ITGA9_ITGB1,True,False,0.6680116,
nerve|immune|VCAM1|ITGAD_ITGB2,True,False,0.5424043,
nerve|immune|VCAN|EGFR,True,False,0.8990317,
nerve|immune|VEGFA|EGFR,True,False,0.91962457,
nerve|immune|VEGFA|ITGA9,True,False,0.8695024,
nerve|immune|YBX1|NOTCH1,True,False,0.663149,
nerve|tumor|A2M|LRP1,True,False,0.8350967,
nerve|tumor|ACTR2|LDLR,True,False,0.5897777,
nerve|tumor|ADAM10|AXL,True,False,0.69564825,
nerve|tumor|ADAM10|EPHA3,True,False,0.7830847,
nerve|tumor|ADAM12|ITGA9,True,False,0.6507408,
nerve|tumor|ADAM15|ITGA9,True,False,0.47217038,
nerve|tumor|ADAM17|ITGB1,True,False,0.7341598,
nerve|tumor|ADAM9|ITGB1,True,False,0.74658775,
nerve|tumor|ADAM9|ITGB5,True,False,0.63751566,
nerve|tumor|ANGPT1|ITGB1,True,False,0.6861857,
nerve|tumor|ANOS1|FGFR1,True,False,0.6835736,
nerve|tumor|ANOS1|SDC2,True,False,0.5883189,
nerve|tumor|ANXA1|EGFR,True,False,0.8095631,
nerve|tumor|ANXA1|GRM7,True,False,0.6478346,
nerve|tumor|APOD|LEPR,True,False,0.5593934,
nerve|tumor|APOE|ABCA1,True,False,0.85066223,
nerve|tumor|APOE|LDLR,True,False,0.6837448,
nerve|tumor|APOE|LRP1,True,False,0.86047995,
nerve|tumor|APOE|LRP4,True,False,0.7798745,
nerve|tumor|APOE|LRP5,True,False,0.7324861,
nerve|tumor|APOE|LRP6,True,False,0.8413033,
nerve|tumor|APOE|LRP8,True,False,0.7418732,
nerve|tumor|APOE|SCARB1,True,False,0.7444001,
nerve|tumor|APOE|SDC2,True,False,0.74117285,
nerve|tumor|APOE|SORL1,True,False,0.8304412,
nerve|tumor|APP|CD74,True,False,0.79527164,
nerve|tumor|ARPC5|LDLR,True,False,0.507795,
nerve|tumor|B2M|KLRD1,True,False,0.678572,
nerve|tumor|BMP6|ACVR1_ACVR2A,True,False,0.5259625,
nerve|tumor|BMP6|ACVR1_ACVR2B,True,False,0.44749957,
nerve|tumor|BMP6|ACVR1_BMPR2,True,False,0.5259625,
nerve|tumor|BMP6|ACVR2A_BMPR1A,True,False,0.5838829,
nerve|tumor|BMP6|ACVR2A_BMPR1B,True,False,0.5838829,
nerve|tumor|BMP6|ACVR2B_BMPR1A,True,False,0.44749957,
nerve|tumor|BMP6|ACVR2B_BMPR1B,True,False,0.44749957,
nerve|tumor|BMP6|BMPR1A_BMPR2,True,False,0.65820116,
nerve|tumor|BMP6|BMPR1B_BMPR2,True,False,0.6562919,
nerve|tumor|BMP7|ACTR2,True,False,0.72945917,
nerve|tumor|BMP7|ACVR1B,True,False,0.6171317,
nerve|tumor|BMP7|ACVR1_ACVR2A,True,False,0.65187544,
nerve|tumor|BMP7|ACVR1_ACVR2B,True,False,0.57751274,
nerve|tumor|BMP7|ACVR1_BMPR2,True,False,0.65187544,
nerve|tumor|BMP7|ACVR2B_BMPR1A,True,False,0.57751274,
nerve|tumor|BMP7|ACVR2B_BMPR1B,True,False,0.57751274,
nerve|tumor|BSG|SLC16A7,True,False,0.6033582,
nerve|tumor|C3|CD81,True,False,0.6726189,
nerve|tumor|C3|GRM7,True,False,0.69539934,
nerve|tumor|C3|LRP1,True,False,0.781811,
nerve|tumor|C5|C5AR1,True,False,0.4988363,
nerve|tumor|C5|GRM7,True,False,0.5993953,
nerve|tumor|CALM1|FAS,True,False,0.6496193,
nerve|tumor|CALM1|GRM5,True,False,0.6964815,
nerve|tumor|CALM1|GRM7,True,False,0.7522082,
nerve|tumor|CALM1|KCNQ5,True,False,0.779751,
nerve|tumor|CALM1|PDE1A,True,False,0.6797227,
nerve|tumor|CALM1|RYR2,True,False,0.6634223,
nerve|tumor|CALM3|ESR1,True,False,0.5240296,
nerve|tumor|CALM3|GRM5,True,False,0.5582741,
nerve|tumor|CALM3|GRM7,True,False,0.6257403,
nerve|tumor|CALM3|KCNQ5,True,False,0.6610053,
nerve|tumor|CALM3|PDE1A,True,False,0.53893584,
nerve|tumor|CALM3|RYR2,True,False,0.52052444,
nerve|tumor|CALR|ITGA2B,True,False,0.51870894,
nerve|tumor|CCN1|CAV1,True,False,0.4743634,
nerve|tumor|CCN1|ITGAV,True,False,0.7234285,
nerve|tumor|CCN1|ITGB5,True,False,0.50589854,
nerve|tumor|CD99|CD81,True,False,0.68212056,
nerve|tumor|CD99|CD99L2,True,False,0.68479013,
nerve|tumor|CD99|PILRA,True,False,0.56394166,
nerve|tumor|CDH1|PTPRM,True,False,0.6436745,
nerve|tumor|CLEC11A|ITGB1,True,False,0.5951579,
nerve|tumor|CNTN4|APLP1,True,False,0.73312426,
nerve|tumor|CNTN4|PTPRG,True,False,0.8960346,
nerve|tumor|CNTN6|NOTCH1,True,False,0.6394412,
nerve|tumor|CNTN6|PTPRG,True,False,0.79281497,
nerve|tumor|COL11A1|DDR1,True,False,0.7137071,
nerve|tumor|COL12A1|ITGA2_ITGB1,True,False,0.70298296,
nerve|tumor|COL18A1|GPC4,True,False,0.6411827,
nerve|tumor|COL18A1|ITGB5,True,False,0.63818747,
nerve|tumor|COL1A2|CD44,True,False,0.752501,
nerve|tumor|COL1A2|ITGA2B,True,False,0.5396911,
nerve|tumor|COL1A2|ITGA2_ITGB1,True,False,0.6965753,
nerve|tumor|COL1A2|ITGA3_ITGB1,True,False,0.6588103,
nerve|tumor|COL1A2|ITGA9_ITGB1,True,False,0.5849369,
nerve|tumor|COL1A2|ITGAV_ITGB8,True,False,0.77783275,
nerve|tumor|COL21A1|ITGA2_ITGB1,True,False,0.68745875,
nerve|tumor|COL22A1|ITGA2_ITGB1,True,False,0.74236554,
nerve|tumor|COL24A1|ITGA2_ITGB1,True,False,0.58402014,
nerve|tumor|COL26A1|ITGA2_ITGB1,True,False,0.7251539,
nerve|tumor|COL28A1|ITGA2_ITGB1,True,False,0.6527383,
nerve|tumor|COL4A1|CD44,True,False,0.752562,
nerve|tumor|COL4A1|CD47,True,False,0.69361657,
nerve|tumor|COL4A1|ITGA2_ITGB1,True,False,0.6966444,
nerve|tumor|COL4A1|ITGA3_ITGB1,True,False,0.65888387,
nerve|tumor|COL4A1|ITGA9_ITGB1,True,False,0.5850164,
nerve|tumor|COL4A1|ITGAV_ITGB8,True,False,0.7778893,
nerve|tumor|COL4A2|CD44,True,False,0.7812551,
nerve|tumor|COL4A2|ITGA2_ITGB1,True,False,0.7294911,
nerve|tumor|COL4A2|ITGA3_ITGB1,True,False,0.6940234,
nerve|tumor|COL4A2|ITGA9_ITGB1,True,False,0.6234161,
nerve|tumor|COL4A2|ITGAV_ITGB8,True,False,0.80440885,
nerve|tumor|COL4A2|ITGB5,True,False,0.61683697,
nerve|tumor|COL4A5|ITGA9_ITGB1,True,False,0.71192545,
nerve|tumor|COL4A6|CD44,True,False,0.7044454,
nerve|tumor|COL4A6|CD47,True,False,0.63952804,
nerve|tumor|COL4A6|ITGA2_ITGB1,True,False,0.6428152,
nerve|tumor|COL4A6|ITGA3_ITGB1,True,False,0.6021805,
nerve|tumor|COL4A6|ITGA9_ITGB1,True,False,0.5248882,
nerve|tumor|COL4A6|ITGAV_ITGB8,True,False,0.7329502,
nerve|tumor|COL5A1|ITGA2_ITGB1,True,False,0.67142797,
nerve|tumor|COL5A1|SDC3,True,False,0.6550975,
nerve|tumor|COL5A2|DDR1,True,False,0.67450637,
nerve|tumor|COL5A2|ITGA2_ITGB1,True,False,0.69133246,
nerve|tumor|COL5A3|ITGA2_ITGB1,True,False,0.6777302,
nerve|tumor|COL5A3|SDC3,True,False,0.661555,
nerve|tumor|COL6A1|CD44,True,False,0.7371047,
nerve|tumor|COL6A1|ITGA6,True,False,0.5628827,
nerve|tumor|COL6A1|ITGA9_ITGB1,True,False,0.56514066,
nerve|tumor|COL6A2|CD44,True,False,0.748321,
nerve|tumor|COL6A2|ITGA2_ITGB1,True,False,0.6918376,
nerve|tumor|COL6A2|ITGA3_ITGB1,True,False,0.65377605,
nerve|tumor|COL6A2|ITGA9_ITGB1,True,False,0.5795083,
nerve|tumor|COL6A2|ITGAV_ITGB8,True,False,0.77395207,
nerve|tumor|COL7A1|ITGA2_ITGB1,True,False,0.61667204,
nerve|tumor|COL8A1|ITGA2_ITGB1,True,False,0.7758545,
nerve|tumor|COL9A1|ITGA9_ITGB1,True,False,0.54199815,
nerve|tumor|COL9A2|ITGA9_ITGB1,True,False,0.49218136,
nerve|tumor|COL9A3|ITGA9_ITGB1,True,False,0.5412352,
nerve|tumor|COPA|CD74,True,False,0.741899,
nerve|tumor|CP|SLC40A1,True,False,0.6092992,
nerve|tumor|CSPG4|ITGA3_ITGB1,True,False,0.61830777,
nerve|tumor|CTHRC1|FZD6,True,False,0.5905773,
nerve|tumor|CX3CL1|ITGAV,True,False,0.6870729,
nerve|tumor|CXCL2|DPP4,True,False,0.5169638,
nerve|tumor|CXCL2|GRM7,True,False,0.5993391,
nerve|tumor|CXCL8|GRM7,True,False,0.67668194,
nerve|tumor|CXCL8|SDC2,True,False,0.6039912,
nerve|tumor|CXCL8|SDC3,True,False,0.6648432,
nerve|tumor|DKK3|KREMEN1,True,False,0.5564647,
nerve|tumor|DLL1|NOTCH3,True,False,0.5249639,
nerve|tumor|DLL3|NOTCH3,True,False,0.51382315,
nerve|tumor|DNAJB11|PRTG,True,False,0.51970637,
nerve|tumor|DRAXIN|DCC,True,False,0.7888223,
nerve|tumor|EDIL3|ITGB5,True,False,0.75104696,
nerve|tumor|EFEMP1|EGFR,True,False,0.85437495,
nerve|tumor|EFEMP2|PLSCR4,True,False,0.5532516,
nerve|tumor|EFNA1|EPHA3,True,False,0.6187092,
nerve|tumor|EFNA1|EPHA5,True,False,0.55115855,
nerve|tumor|EFNA1|EPHA6,True,False,0.6076685,
nerve|tumor|EFNA5|EPHA3,True,False,0.8285959,
nerve|tumor|EFNA5|EPHA4,True,False,0.84392816,
nerve|tumor|EFNA5|EPHA5,True,False,0.78532773,
nerve|tumor|EFNA5|EPHA6,True,False,0.8218831,
nerve|tumor|EFNA5|EPHB1,True,False,0.82839155,
nerve|tumor|EFNA5|EPHB2,True,False,0.7954627,
nerve|tumor|EFNB2|EPHA3,True,False,0.6180353,
nerve|tumor|EFNB2|EPHA6,True,False,0.6069875,
nerve|tumor|EFNB2|GRM5,True,False,0.5390966,
nerve|tumor|EFNB2|RHBDL2,True,False,0.43556526,
nerve|tumor|EGF|AXL,True,False,0.4799681,
nerve|tumor|EGF|CAV1,True,False,0.42790705,
nerve|tumor|EGF|ERBB4,True,False,0.72048765,
nerve|tumor|EGF|LDLR,True,False,0.43407068,
nerve|tumor|EGF|RHBDL2,True,False,0.41011402,
nerve|tumor|EGF|TNFRSF11B,True,False,0.42291647,
nerve|tumor|F13A1|ITGA9,True,False,0.55184793,
nerve|tumor|F13A1|ITGB1,True,False,0.6673244,
nerve|tumor|FAM3C|CLEC2D,True,False,0.68776196,
nerve|tumor|FAM3C|GLRA2,True,False,0.67462474,
nerve|tumor|FAM3C|LAMP1,True,False,0.6885485,
nerve|tumor|FGF12|FGFR2,True,False,0.80608886,
nerve|tumor|FGF13|EGFR,True,False,0.88184774,
nerve|tumor|FGF13|FGFR1,True,False,0.7806038,
nerve|tumor|FGF13|FGFR2,True,False,0.7317937,
nerve|tumor|FGF13|SCN8A,True,False,0.79706174,
nerve|tumor|FGF14|FGFR2,True,False,0.8161025,
nerve|tumor|FGF1|FGFR2,True,False,0.6955143,
nerve|tumor|FGF1|TGFBR3,True,False,0.6034519,
nerve|tumor|FGF2|CD44,True,False,0.76019806,
nerve|tumor|FGF2|FGFR2,True,False,0.66477156,
nerve|tumor|FGF2|GPC4,True,False,0.59143704,
nerve|tumor|FGF2|NRP1,True,False,0.71414727,
nerve|tumor|FGFR3|EPHA4,True,False,0.6895447,
nerve|tumor|FN1|C5AR1,True,False,0.6313863,
nerve|tumor|FN1|CD44,True,False,0.7766483,
nerve|tumor|FN1|DPP4,True,False,0.6481548,
nerve|tumor|FN1|ITGA2,True,False,0.74841774,
nerve|tumor|FN1|ITGA3_ITGB1,True,False,0.68831235,
nerve|tumor|FN1|ITGA6,True,False,0.6149423,
nerve|tumor|FN1|ITGA9,True,False,0.61711425,
nerve|tumor|FN1|ITGAV_ITGB1,True,False,0.7241789,
nerve|tumor|FN1|ITGAV_ITGB8,True,False,0.8001649,
nerve|tumor|FN1|NT5E,True,False,0.5946056,
nerve|tumor|FN1|SDC2,True,False,0.6523371,
nerve|tumor|FN1|TNFRSF11B,True,False,0.575112,
nerve|tumor|FSTL1|DIP2A,True,False,0.702963,
nerve|tumor|FSTL5|SDK2,True,False,0.66350496,
nerve|tumor|GAS6|TYRO3,True,False,0.4377613,
nerve|tumor|GDF11|ACVR1B_ACVR2A,True,False,0.49418065,
nerve|tumor|GDF11|ACVR1B_ACVR2B,True,False,0.4531135,
nerve|tumor|GDF11|ACVR2B_TGFBR1,True,False,0.4531135,
nerve|tumor|GNAI2|C5AR1,True,False,0.5738969,
nerve|tumor|HLA-B|KLRD1,True,False,0.60479784,
nerve|tumor|HMGB1|HAVCR2,True,False,0.6945198,
nerve|tumor|HSPA8|LDLR,True,False,0.5289417,
nerve|tumor|HSPG2|DAG1,True,False,0.52759767,
nerve|tumor|HSPG2|FGFR1,True,False,0.5923297,
nerve|tumor|HSPG2|ITGA2,True,False,0.6037809,
nerve|tumor|HSPG2|ITGB1,True,False,0.5735473,
nerve|tumor|HSPG2|LRP1,True,False,0.674276,
nerve|tumor|IGF1|IGF1R,True,False,0.78390795,
nerve|tumor|IGF1|IGF2R,True,False,0.6936136,
nerve|tumor|IGF1|INSR,True,False,0.73262924,
nerve|tumor|IGF1|ITGA6_ITGB4,True,False,0.5980013,
nerve|tumor|IL34|PTPRZ1,True,False,0.79959905,
nerve|tumor|IL6|F3,True,False,0.61473864,
nerve|tumor|IL6|HRH1,True,False,0.62427306,
nerve|tumor|INHBA|ACTR2,True,False,0.6265165,
nerve|tumor|INHBA|TGFBR3,True,False,0.46107337,
nerve|tumor|ITGB3BP|ITGB5,True,False,0.59521174,
nerve|tumor|JAG1|CD46,True,False,0.71473867,
nerve|tumor|JAG1|NOTCH2,True,False,0.71949863,
nerve|tumor|JAG1|NOTCH3,True,False,0.56679344,
nerve|tumor|JAM2|ITGAV_ITGB1,True,False,0.69197875,
nerve|tumor|KITLG|LRRN3,True,False,0.65340745,
nerve|tumor|LAMA1|CD44,True,False,0.75178045,
nerve|tumor|LAMA1|DAG1,True,False,0.65505654,
nerve|tumor|LAMA1|GPC1,True,False,0.618111,
nerve|tumor|LAMA1|ITGA2_ITGB1,True,False,0.69575775,
nerve|tumor|LAMA1|ITGA3_ITGB1,True,False,0.65794104,
nerve|tumor|LAMA1|ITGA6_ITGB1,True,False,0.5817658,
nerve|tumor|LAMA1|ITGA6_ITGB4,True,False,0.5817658,
nerve|tumor|LAMA1|ITGA7_ITGB1,True,False,0.69575775,
nerve|tumor|LAMA1|ITGA9_ITGB1,True,False,0.5839982,
nerve|tumor|LAMA1|ITGAV_ITGB8,True,False,0.77716416,
nerve|tumor|LAMA1|NT5E,True,False,0.560928,
nerve|tumor|LAMA1|RPSA,True,False,0.6485534,
nerve|tumor|LAMA1|SDC2,True,False,0.6203936,
nerve|tumor|LAMA2|ITGA9_ITGB1,True,False,0.6919437,
nerve|tumor|LAMA3|CD44,True,False,0.71568763,
nerve|tumor|LAMA3|DAG1,True,False,0.61215514,
nerve|tumor|LAMA3|ITGA2_ITGB1,True,False,0.65525436,
nerve|tumor|LAMA3|ITGA3_ITGB1,True,False,0.61518764,
nerve|tumor|LAMA3|ITGA6_ITGB1,True,False,0.53620297,
nerve|tumor|LAMA3|ITGA6_ITGB4,True,False,0.53620297,
nerve|tumor|LAMA3|ITGA7_ITGB1,True,False,0.65525436,
nerve|tumor|LAMA3|ITGA9_ITGB1,True,False,0.53848565,
nerve|tumor|LAMA3|ITGAV_ITGB8,True,False,0.743503,
nerve|tumor|LAMA3|SDC2,True,False,0.5759717,
nerve|tumor|LAMA4|ITGA9_ITGB1,True,False,0.6246983,
nerve|tumor|LAMA5|CD44,True,False,0.7326636,
nerve|tumor|LAMA5|DAG1,True,False,0.63213545,
nerve|tumor|LAMA5|ITGA2_ITGB1,True,False,0.67419606,
nerve|tumor|LAMA5|ITGA3_ITGB1,True,False,0.63510484,
nerve|tumor|LAMA5|ITGA6_ITGB1,True,False,0.5572662,
nerve|tumor|LAMA5|ITGA6_ITGB4,True,False,0.5572662,
nerve|tumor|LAMA5|ITGA7_ITGB1,True,False,0.67419606,
nerve|tumor|LAMA5|ITGA9_ITGB1,True,False,0.5595304,
nerve|tumor|LAMA5|ITGAV_ITGB8,True,False,0.75937647,
nerve|tumor|LAMB1|ITGA9_ITGB1,True,False,0.5585829,
nerve|tumor|LAMB2|CD44,True,False,0.66555715,
nerve|tumor|LAMB2|DAG1,True,False,0.5551173,
nerve|tumor|LAMB2|ITGA2_ITGB1,True,False,0.6004175,
nerve|tumor|LAMB2|ITGA3_ITGB1,True,False,0.5582739,
nerve|tumor|LAMB2|ITGA6_ITGB1,True,False,0.47752863,
nerve|tumor|LAMB2|ITGA6_ITGB4,True,False,0.47752863,
nerve|tumor|LAMB2|ITGA7_ITGB1,True,False,0.6004175,
nerve|tumor|LAMB2|ITGA9_ITGB1,True,False,0.47982,
nerve|tumor|LAMB2|ITGAV_ITGB8,True,False,0.696195,
nerve|tumor|LAMB2|RPSA,True,False,0.54802996,
nerve|tumor|LAMC1|CD44,True,False,0.8152006,
nerve|tumor|LAMC1|ITGA9_ITGB1,True,False,0.67155814,
nerve|tumor|LGALS1|ITGB1,True,False,0.6630322,
nerve|tumor|LGI2|ADAM22,True,False,0.6582628,
nerve|tumor|LGI2|ADAM23,True,False,0.65344507,
nerve|tumor|LIF|IL6ST_LIFR,True,False,0.69742507,
nerve|tumor|LPL|CD44,True,False,0.7237443,
nerve|tumor|LPL|LRP1,True,False,0.7527638,
nerve|tumor|LRPAP1|LDLR,True,False,0.43073153,
nerve|tumor|LTBP1|ITGB5,True,False,0.67702067,
nerve|tumor|LTBP3|ITGB5,True,False,0.6400033,
nerve|tumor|MAML2|NOTCH3,True,False,0.7320555,
nerve|tumor|MDK|SORL1,True,False,0.7045789,
nerve|tumor|MFGE8|PDGFRB,True,False,0.401092,
nerve|tumor|NAMPT|INSR,True,False,0.8180762,
nerve|tumor|NCAM1|FGFR2,True,False,0.80120444,
nerve|tumor|NELL2|ROBO3,True,False,0.7130244,
nerve|tumor|NID1|ITGA3,True,False,0.5651082,
nerve|tumor|NID1|ITGAV,True,False,0.7020343,
nerve|tumor|NID1|ITGB1,True,False,0.60705864,
nerve|tumor|NID1|PTPRF,True,False,0.540989,
nerve|tumor|NMU|GRM7,True,False,0.62130094,
nerve|tumor|NPTX1|NPTXR,True,False,0.6310535,
nerve|tumor|NTN1|UNC5C,True,False,0.8127538,
nerve|tumor|NTN1|UNC5D,True,False,0.7542086,
nerve|tumor|NTN4|DCC,True,False,0.74697304,
nerve|tumor|NTNG1|LRRC4C,True,False,0.8371592,
nerve|tumor|NUCB2|ERAP1,True,False,0.50237596,
nerve|tumor|PAM|DPP4,True,False,0.74061495,
nerve|tumor|PDAP1|PDGFRB,True,False,0.42172006,
nerve|tumor|PDCD1LG2|PDCD2,True,False,0.4373692,
nerve|tumor|PDCD1LG2|RGMB,True,False,0.52465725,
nerve|tumor|PDGFA|PDGFRB,True,False,0.50039953,
nerve|tumor|PDGFC|PDGFRB,True,False,0.6059025,
nerve|tumor|PI16|MFAP3L,True,False,0.5977983,
nerve|tumor|PLAT|LRP1,True,False,0.77979255,
nerve|tumor|PNOC|GRM7,True,False,0.68471724,
nerve|tumor|POSTN|ITGAV_ITGB5,True,False,0.5222889,
nerve|tumor|POSTN|PTK7,True,False,0.5527945,
nerve|tumor|PROS1|AXL,True,False,0.6238794,
nerve|tumor|PROS1|MERTK,True,False,0.6569265,
nerve|tumor|PRSS3|F2R,True,False,0.44576073,
nerve|tumor|PRSS3|PARD3,True,False,0.69336706,
nerve|tumor|PSEN1|NOTCH3,True,False,0.68061334,
nerve|tumor|PTDSS1|SCARB1,True,False,0.62068135,
nerve|tumor|PTGS2|CAV1,True,False,0.44673353,
nerve|tumor|RARRES1|NRP2,True,False,0.61092913,
nerve|tumor|RELN|ITGA3_ITGB1,True,False,0.6715462,
nerve|tumor|RELN|LRP8,True,False,0.6355098,
nerve|tumor|RGMA|BMPR1B,True,False,0.81335187,
nerve|tumor|RGMA|BMPR2,True,False,0.8458582,
nerve|tumor|RGMA|NEO1,True,False,0.817625,
nerve|tumor|RPS19|C5AR1,True,False,0.6720086,
nerve|tumor|RSPO2|LGR4,True,False,0.74226743,
nerve|tumor|RSPO2|LGR6,True,False,0.6173734,
nerve|tumor|RSPO2|ZNRF3,True,False,0.72546005,
nerve|tumor|SEMA3C|NRP1_NRP2_PLXND1,True,False,0.61933476,
nerve|tumor|SEMA3E|PLXND1,True,False,0.5261368,
nerve|tumor|SEMA4A|NRP1_PLXNA1,True,False,0.5306799,
nerve|tumor|SEMA4A|NRP1_PLXNA2,True,False,0.60967547,
nerve|tumor|SEMA4A|NRP1_PLXNA3,True,False,0.51772636,
nerve|tumor|SEMA4A|NRP1_PLXNA4,True,False,0.61419713,
nerve|tumor|SEMA4A|PLXNB1,True,False,0.48451158,
nerve|tumor|SEMA4A|PLXNB2,True,False,0.4841405,
nerve|tumor|SEMA4A|PLXND1,True,False,0.4471641,
nerve|tumor|SEMA4F|NRP2,True,False,0.6670752,
nerve|tumor|SEMA6B|PLXNA2,True,False,0.7042258,
nerve|tumor|SEMA6B|PLXNA4,True,False,0.7332773,
nerve|tumor|SERPINE1|ITGB5,True,False,0.5930064,
nerve|tumor|SERPINE1|LRP1,True,False,0.7897727,
nerve|tumor|SERPING1|LRP1,True,False,0.78403795,
nerve|tumor|SHANK1|ADGRL1,True,False,0.70000094,
nerve|tumor|SLIT3|ROBO1,True,False,0.8258839,
nerve|tumor|SLIT3|ROBO2,True,False,0.8671266,
nerve|tumor|SLITRK5|PTPRD,True,False,0.75940657,
nerve|tumor|SORBS1|ITGB5,True,False,0.7273986,
nerve|tumor|SPON1|APP,True,False,0.8637822,
nerve|tumor|SPON1|LRP8,True,False,0.70660126,
nerve|tumor|SPON2|ITGB1,True,False,0.5967967,
nerve|tumor|SPP1|ITGA9_ITGB1,True,False,0.7188662,
nerve|tumor|SPP1|ITGAV_ITGB5,True,False,0.71318746,
nerve|tumor|TFPI|F3,True,False,0.5731666,
nerve|tumor|TFPI|LRP1,True,False,0.69772834,
nerve|tumor|TF|LDLR,True,False,0.70700437,
nerve|tumor|TGFB1|EGFR,True,False,0.7632255,
nerve|tumor|TGFB1|ITGB8,True,False,0.71658665,
nerve|tumor|TGFB2|ACVR1B_TGFBR2,True,False,0.5896692,
nerve|tumor|TGFB2|ACVR1_TGFBR1_TGFBR2,True,False,0.61660707,
nerve|tumor|TGFB2|ACVR1_TGFBR2,True,False,0.61660707,
nerve|tumor|TGFB2|TGFBR1_TGFBR2,True,False,0.61660707,
nerve|tumor|TGFB2|TGFBR3,True,False,0.55076534,
nerve|tumor|TGM2|ADGRG1,True,False,0.56450284,
nerve|tumor|TGM2|ITGA9,True,False,0.46753293,
nerve|tumor|TGM2|ITGB1,True,False,0.58853626,
nerve|tumor|THBS2|NOTCH3,True,False,0.43144697,
nerve|tumor|TIMP1|FGFR2,True,False,0.7278382,
nerve|tumor|TIMP3|CD44,True,False,0.7653613,
nerve|tumor|TIMP3|DDR1,True,False,0.69500625,
nerve|tumor|TNC|ITGA2,True,False,0.8252814,
nerve|tumor|TNC|ITGA9_ITGB1,True,False,0.7190338,
nerve|tumor|TNFSF10|RIPK1,True,False,0.53682494,
nerve|tumor|TNFSF10|TNFRSF10B,True,False,0.50853765,
nerve|tumor|TNFSF10|TNFRSF11B,True,False,0.4170607,
nerve|tumor|TNR|ITGA9_ITGB1,True,False,0.72845334,
nerve|tumor|TXLNA|STX3,True,False,0.46657178,
nerve|tumor|VCAM1|ITGA9_ITGB1,True,False,0.50274384,
nerve|tumor|VCL|ITGB5,True,False,0.6310673,
nerve|tumor|VEGFA|GRIN2B,True,False,0.8290146,
nerve|tumor|VEGFA|ITGA9,True,False,0.7700045,
nerve|tumor|VEGFA|ITGB1,True,False,0.84505165,
nerve|tumor|VEGFA|SIRPA,True,False,0.78238475,
nerve|tumor|VIM|CD44,True,False,0.82567364,
nerve|tumor|WNT5B|FZD3_LRP5,True,False,0.5946743,
nerve|tumor|WNT5B|FZD3_LRP6,True,False,0.73962235,
nerve|tumor|WNT5B|FZD6_LRP5,True,False,0.5946743,
nerve|tumor|WNT5B|FZD6_LRP6,True,False,0.6636585,
nerve|tumor|WNT5B|FZD7_LRP5,True,False,0.5946743,
nerve|tumor|WNT5B|FZD7_LRP6,True,False,0.61711866,
tumor|immune|A2M|LRP1,True,False,0.7769595,
tumor|immune|ADAM12|ITGA9,True,False,0.71714747,
tumor|immune|ADAM15|ITGA9,True,False,0.5473525,
tumor|immune|AMH|EGFR,True,False,0.6816307,
tumor|immune|ANGPT1|ITGA5,True,False,0.65908813,
tumor|immune|ANGPT1|ITGB1,True,False,0.71931005,
tumor|immune|ANGPT2|ITGA5_ITGB1,True,False,0.54516274,
tumor|immune|ANOS1|SDC2,True,False,0.5457117,
tumor|immune|ANXA1|DYSF,True,False,0.58162856,
tumor|immune|ANXA1|EGFR,True,False,0.77518433,
tumor|immune|APOE|ABCA1,True,False,0.8611296,
tumor|immune|APOE|LRP1,True,False,0.8073762,
tumor|immune|APOE|SCARB1,True,False,0.7909051,
tumor|immune|APOE|SDC2,True,False,0.7329641,
tumor|immune|APOE|SORL1,True,False,0.8518601,
tumor|immune|APOE|TREM2,True,False,0.6840737,
tumor|immune|ARF1|PLD2,True,False,0.5103921,
tumor|immune|BCAN|EGFR,True,False,0.8032478,
tumor|immune|BMP1|BMPR2,True,False,0.68690974,
tumor|immune|BMP7|ACVR1_BMPR2,True,False,0.6189483,
tumor|immune|C3|C3AR1,True,False,0.60391927,
tumor|immune|C3|CR1,True,False,0.6124437,
tumor|immune|C3|ITGAM,True,False,0.6402261,
tumor|immune|C3|ITGAX,True,False,0.7247137,
tumor|immune|C3|LRP1,True,False,0.69534683,
tumor|immune|C3|NRP1,True,False,0.7330381,
tumor|immune|C5|C5AR1,True,False,0.58402663,
tumor|immune|CALM1|CACNA1C,True,False,0.748762,
tumor|immune|CALM1|KCNQ5,True,False,0.77077734,
tumor|immune|CALM3|EGFR,True,False,0.72249275,
tumor|immune|CALM3|ESR1,True,False,0.62352675,
tumor|immune|CALM3|KCNQ5,True,False,0.627173,
tumor|immune|CD200|CD200R1,True,False,0.45189944,
tumor|immune|CFH|ITGAM,True,False,0.65156174,
tumor|immune|CNTN1|PTPRZ1,True,False,0.8394773,
tumor|immune|COL11A1|ITGA2_ITGB1,True,False,0.585598,
tumor|immune|COL16A1|ITGA2_ITGB1,True,False,0.60242736,
tumor|immune|COL18A1|ITGA1_ITGB1,True,False,0.5949153,
tumor|immune|COL18A1|ITGA5,True,False,0.54042023,
tumor|immune|COL18A1|ITGB5,True,False,0.55005074,
tumor|immune|COL1A2|ITGA2_ITGB1,True,False,0.58262235,
tumor|immune|COL1A2|ITGA9_ITGB1,True,False,0.66277444,
tumor|immune|COL22A1|ITGA1_ITGB1,True,False,0.70533264,
tumor|immune|COL22A1|ITGA2_ITGB1,True,False,0.578736,
tumor|immune|COL28A1|ITGA2_ITGB1,True,False,0.56820244,
tumor|immune|COL4A1|ITGA2_ITGB1,True,False,0.52388674,
tumor|immune|COL4A1|ITGA9_ITGB1,True,False,0.60772383,
tumor|immune|COL4A2|ITGA2_ITGB1,True,False,0.5876913,
tumor|immune|COL4A2|ITGA9_ITGB1,True,False,0.6674257,
tumor|immune|COL4A5|CD44,True,False,0.8120304,
tumor|immune|COL4A5|CD47,True,False,0.7524288,
tumor|immune|COL4A5|CD93,True,False,0.6070775,
tumor|immune|COL4A5|ITGA1_ITGB1,True,False,0.74171764,
tumor|immune|COL4A5|ITGA2_ITGB1,True,False,0.622384,
tumor|immune|COL4A5|ITGA9_ITGB1,True,False,0.6988472,
tumor|immune|COL4A6|CD44,True,False,0.7076461,
tumor|immune|COL4A6|CD47,True,False,0.63002634,
tumor|immune|COL4A6|CD93,True,False,0.4640038,
tumor|immune|COL4A6|ITGA1_ITGB1,True,False,0.61671704,
tumor|immune|COL4A6|ITGA2_ITGB1,True,False,0.48011076,
tumor|immune|COL4A6|ITGA9_ITGB1,True,False,0.5652596,
tumor|immune|COL5A2|ITGA2_ITGB1,True,False,0.6497241,
tumor|immune|COL5A3|ITGA1_ITGB1,True,False,0.68397826,
tumor|immune|COL5A3|ITGA2_ITGB1,True,False,0.55400836,
tumor|immune|COL5A3|SDC3,True,False,0.59424484,
tumor|immune|COL6A1|ITGA2_ITGB1,True,False,0.54680514,
tumor|immune|COL6A1|ITGA9_ITGB1,True,False,0.629461,
tumor|immune|COL6A2|ITGA2_ITGB1,True,False,0.47185764,
tumor|immune|COL6A2|ITGA9_ITGB1,True,False,0.5571112,
tumor|immune|COL8A1|ITGA1_ITGB1,True,False,0.7957397,
tumor|immune|COL8A1|ITGA2_ITGB1,True,False,0.6909664,
tumor|immune|COL9A3|ITGA2_ITGB1,True,False,0.5306992,
tumor|immune|COL9A3|ITGA9_ITGB1,True,False,0.61422014,
tumor|immune|CP|SLC40A1,True,False,0.61432606,
tumor|immune|CTHRC1|ROR2,True,False,0.51438075,
tumor|immune|DLL1|NOTCH2,True,False,0.58424217,
tumor|immune|EDIL3|ITGAV,True,False,0.72560334,
tumor|immune|EDIL3|ITGB5,True,False,0.613362,
tumor|immune|EFEMP1|EGFR,True,False,0.79142094,
tumor|immune|EFNA5|EPHA3,True,False,0.6571964,
tumor|immune|EFNA5|EPHA4,True,False,0.69291997,
tumor|immune|EFNA5|EPHB2,True,False,0.7005931,
tumor|immune|EFNB1|EPHB2,True,False,0.47837073,
tumor|immune|EFNB2|EPHA3,True,False,0.5003476,
tumor|immune|EGF|AXL,True,False,0.6454523,
tumor|immune|EGF|NRP1,True,False,0.69797724,
tumor|immune|EGF|PLD2,True,False,0.48372915,
tumor|immune|ENTPD1|TMIGD3,True,False,0.5076785,
tumor|immune|F8|LRP1,True,False,0.61461866,
tumor|immune|FAM3C|ADGRG5,True,False,0.6524381,
tumor|immune|FGF13|EGFR,True,False,0.70987993,
tumor|immune|FGF1|EGFR,True,False,0.8100915,
tumor|immune|FN1|ITGA6,True,False,0.5856529,
tumor|immune|FN1|ITGA9,True,False,0.6576696,
tumor|immune|GDF11|ACVR1B_ACVR2A,True,False,0.49056926,
tumor|immune|GDF11|ACVR2A_TGFBR1,True,False,0.54391253,
tumor|immune|GDF11|BMPR2,True,False,0.674379,
tumor|immune|GNAI2|ADCY7,True,False,0.6770277,
tumor|immune|GNAI2|EGFR,True,False,0.7621934,
tumor|immune|GNAI2|F2R,True,False,0.5521722,
tumor|immune|GNAI2|P2RY12,True,False,0.7144529,
tumor|immune|GNAI2|UNC5B,True,False,0.614868,
tumor|immune|GRN|EGFR,True,False,0.7238863,
tumor|immune|GRN|TNFRSF1A,True,False,0.572076,
tumor|immune|GSTO1|RYR1,True,False,0.6061259,
tumor|immune|GSTP1|EGFR,True,False,0.7445101,
tumor|immune|HLA-A|LILRB1,True,False,0.7471902,
tumor|immune|HLA-B|CD8A,True,False,0.7067746,
tumor|immune|HLA-B|KLRD1,True,False,0.7630959,
tumor|immune|HLA-B|LILRB1,True,False,0.73162866,
tumor|immune|HLA-C|LILRB1,True,False,0.6968395,
tumor|immune|HLA-DRA|CD4,True,False,0.6142529,
tumor|immune|HLA-E|CD8A,True,False,0.59019095,
tumor|immune|HSPA1A|TLR4,True,False,0.51395005,
tumor|immune|IL15|IL2RA,True,False,0.48316336,
tumor|immune|IL7|IL2RG_IL7R,True,False,0.611724,
tumor|immune|IRAK4|TLR4,True,False,0.49502861,
tumor|immune|IRAK4|TLR6,True,False,0.43354642,
tumor|immune|IRAK4|TLR7,True,False,0.45638818,
tumor|immune|LAMA1|CD44,True,False,0.76937973,
tumor|immune|LAMA1|ITGA1,True,False,0.68921894,
tumor|immune|LAMA1|ITGA2_ITGB1,True,False,0.5600178,
tumor|immune|LAMA1|ITGA6_ITGB1,True,False,0.56867963,
tumor|immune|LAMA1|ITGA9_ITGB1,True,False,0.64184225,
tumor|immune|LAMA1|RPSA,True,False,0.7315373,
tumor|immune|LAMA1|SDC2,True,False,0.6135638,
tumor|immune|LAMA2|ITGA2_ITGB1,True,False,0.743777,
tumor|immune|LAMA2|ITGA9_ITGB1,True,False,0.8034231,
tumor|immune|LAMA2|ITGAV_ITGB8,True,False,0.8147511,
tumor|immune|LAMA4|ITGA2_ITGB1,True,False,0.6324193,
tumor|immune|LAMA4|ITGA9_ITGB1,True,False,0.7078044,
tumor|immune|LAMA5|ITGA2_ITGB1,True,False,0.6020302,
tumor|immune|LAMA5|ITGA9_ITGB1,True,False,0.68049914,
tumor|immune|LAMB1|ITGA2_ITGB1,True,False,0.585474,
tumor|immune|LAMB1|ITGA9_ITGB1,True,False,0.665393,
tumor|immune|LAMB2|ITGA2_ITGB1,True,False,0.5098823,
tumor|immune|LAMB2|ITGA9_ITGB1,True,False,0.5942756,
tumor|immune|LAMC1|ITGA2_ITGB1,True,False,0.6405253,
tumor|immune|LAMC1|ITGA9_ITGB1,True,False,0.7149972,
tumor|immune|LRIG1|EGFR,True,False,0.831303,
tumor|immune|LRIG2|EGFR,True,False,0.7847413,
tumor|immune|MDK|PTPRZ1,True,False,0.7418312,
tumor|immune|MEGF10|ABCA1,True,False,0.76641977,
tumor|immune|MIF|EGFR,True,False,0.66055167,
tumor|immune|NCAM1|CACNA1C,True,False,0.82600373,
tumor|immune|NCAM1|PTPRZ1,True,False,0.90951675,
tumor|immune|NECTIN3|CADM1,True,False,0.8454316,
tumor|immune|NID1|ITGAV,True,False,0.7373165,
tumor|immune|NID1|ITGB1,True,False,0.68223727,
tumor|immune|NLGN1|NRXN1,True,False,0.9106371,
tumor|immune|NLGN1|NRXN3,True,False,0.88302,
tumor|immune|NRG1|EGFR,True,False,0.75449806,
tumor|immune|NRG1|HLA-DPB1,True,False,0.6887528,
tumor|immune|NRG1|MS4A4A,True,False,0.6761735,
tumor|immune|NRG3|EGFR,True,False,0.83725846,
tumor|immune|NTN1|DSCAM,True,False,0.7734301,
tumor|immune|PLTP|ABCA1,True,False,0.7448036,
tumor|immune|PSAP|LRP1,True,False,0.79533815,
tumor|immune|PTN|PTPRZ1,True,False,0.906267,
tumor|immune|QDPR|DYSF,True,False,0.52857363,
tumor|immune|RARRES1|NRP2,True,False,0.6000331,
tumor|immune|SEMA3A|NRP1_PLXNA3,True,False,0.6376286,
tumor|immune|SEMA3C|NRP1_NRP2_PLXND1,True,False,0.6433538,
tumor|immune|SEMA3E|NRP1,True,False,0.71457255,
tumor|immune|SEMA3E|NRP2,True,False,0.6398435,
tumor|immune|SEMA3E|PLXND1,True,False,0.64618725,
tumor|immune|SEMA4D|PLXNB2,True,False,0.56503177,
tumor|immune|SEMA5A|PLXNA3,True,False,0.7423537,
tumor|immune|SEMA5B|PLXNA3,True,False,0.5735502,
tumor|immune|SERPINE1|ITGB5,True,False,0.6289763,
tumor|immune|SERPINE1|LRP1,True,False,0.69007266,
tumor|immune|SPON2|ITGA4,True,False,0.6471161,
tumor|immune|SPON2|ITGA5,True,False,0.5371587,
tumor|immune|SPON2|ITGAM,True,False,0.55267674,
tumor|immune|SPON2|ITGB1,True,False,0.6060451,
tumor|immune|SPON2|ITGB2,True,False,0.54182893,
tumor|immune|SPP1|CD44,True,False,0.8492336,
tumor|immune|SPP1|ITGA4_ITGB1,True,False,0.79895574,
tumor|immune|SPP1|ITGA5_ITGB1,True,False,0.74987996,
tumor|immune|SPP1|ITGAV_ITGB1,True,False,0.7956296,
tumor|immune|SPTBN2|PTPRA,True,False,0.6325358,
tumor|immune|TF|TFRC,True,False,0.58372074,
tumor|immune|TGFB1|ACVR1_TGFBR1_TGFBR2,True,False,0.57864064,
tumor|immune|TGFB1|ACVR1_TGFBR2,True,False,0.57864064,
tumor|immune|TGFB1|CXCR4,True,False,0.6270328,
tumor|immune|TGFB1|EGFR,True,False,0.6974847,
tumor|immune|TGFB1|ENG,True,False,0.57579756,
tumor|immune|TGFB1|ITGB1,True,False,0.63813514,
tumor|immune|TGFB1|ITGB5,True,False,0.5803747,
tumor|immune|TGFB1|LPP,True,False,0.7282305,
tumor|immune|TGFB1|SDC2,True,False,0.543293,
tumor|immune|TGFB1|TGFBR1_TGFBR2,True,False,0.67330825,
tumor|immune|TGFB1|TGFBR3,True,False,0.5600807,
tumor|immune|TGFB2|ACVR1_TGFBR1_TGFBR2,True,False,0.6969936,
tumor|immune|TGFB2|ACVR1_TGFBR2,True,False,0.6969936,
tumor|immune|THBS2|CD47,True,False,0.61863697,
tumor|immune|THBS2|ITGA4,True,False,0.65976834,
tumor|immune|THBS2|ITGA6,True,False,0.47678414,
tumor|immune|TLN1|ITGB5,True,False,0.599332,
tumor|immune|TNC|EGFR,True,False,0.8542394,
tumor|immune|TNC|ITGA2,True,False,0.70794433,
tumor|immune|TNC|ITGA9_ITGB1,True,False,0.7733905,
tumor|immune|TNC|PTPRZ1,True,False,0.8766402,
tumor|immune|TNFSF13B|HLA-DPB1,True,False,0.637858,
tumor|immune|TNFSF13B|TFRC,True,False,0.6024113,
tumor|immune|TNR|ITGA9_ITGB1,True,False,0.71794766,
tumor|immune|VEGFA|ITGA9,True,False,0.775567,
tumor|nerve|A2M|LRP1,True,False,0.7669041,
tumor|nerve|ACTR2|LDLR,True,False,0.6585305,
tumor|nerve|ADAM10|CD44,True,False,0.8227123,
tumor|nerve|ADAM10|EPHA3,True,False,0.7738625,
tumor|nerve|ADAM10|NOTCH1,True,False,0.7812395,
tumor|nerve|ADAM12|ITGA9,True,False,0.73132545,
tumor|nerve|ADAM15|ITGA5,True,False,0.44833532,
tumor|nerve|ADAM15|ITGA9,True,False,0.5648774,
tumor|nerve|ADAM17|NOTCH1,True,False,0.7597857,
tumor|nerve|ADAM23|ITGA5,True,False,0.6575056,
tumor|nerve|ADAM9|ITGA3,True,False,0.6944135,
tumor|nerve|ADAM9|ITGA6,True,False,0.697511,
tumor|nerve|ADAMTS3|CCBE1,True,False,0.54064924,
tumor|nerve|ADGRB1|RTN4RL1,True,False,0.6604132,
tumor|nerve|ADGRB1|RTN4RL2,True,False,0.53793585,
tumor|nerve|AFDN|EPHA7,True,False,0.80875957,
tumor|nerve|AFDN|EPHB6,True,False,0.79305154,
tumor|nerve|AGRN|ATP1A3,True,False,0.5338207,
tumor|nerve|AGRN|LRP1,True,False,0.61497027,
tumor|nerve|AGT|ENPEP,True,False,0.5664515,
tumor|nerve|ALCAM|CHL1,True,False,0.85425854,
tumor|nerve|AMH|EGFR,True,False,0.72859854,
tumor|nerve|AMH|GREM2,True,False,0.45780087,
tumor|nerve|ANGPT1|ITGA5,True,False,0.56734884,
tumor|nerve|ANGPT1|ITGB1,True,False,0.6657012,
tumor|nerve|ANGPT2|ITGA5_ITGB1,True,False,0.44842264,
tumor|nerve|ANGPTL2|ITGA5_ITGB1,True,False,0.5012444,
tumor|nerve|ANOS1|FGFR1,True,False,0.65089387,
tumor|nerve|ANXA1|EGFR,True,False,0.81215405,
tumor|nerve|ANXA1|GRM7,True,False,0.7944313,
tumor|nerve|APOC1|VLDLR,True,False,0.47053695,
tumor|nerve|APOE|ABCA1,True,False,0.84642476,
tumor|nerve|APOE|LDLR,True,False,0.69894385,
tumor|nerve|APOE|LRP1,True,False,0.79833615,
tumor|nerve|APOE|LRP4,True,False,0.78766745,
tumor|nerve|APOE|LRP5,True,False,0.716891,
tumor|nerve|APOE|LRP6,True,False,0.82161236,
tumor|nerve|APOE|LRP8,True,False,0.7795782,
tumor|nerve|APOE|SCARB1,True,False,0.7732064,
tumor|nerve|APOE|SORL1,True,False,0.80759734,
tumor|nerve|APOE|VLDLR,True,False,0.679192,
tumor|nerve|APOO|IL1RAPL2,True,False,0.58103424,
tumor|nerve|APP|TSPAN12,True,False,0.7591491,
tumor|nerve|ARPC5|LDLR,True,False,0.5583871,
tumor|nerve|BMP1|BMPR1B,True,False,0.6825403,
tumor|nerve|BMP7|ACVR2A_BMPR1B,True,False,0.5965737,
tumor|nerve|BMP7|ACVR2B_BMPR1B,True,False,0.5171247,
tumor|nerve|BMP7|BMPR1B_BMPR2,True,False,0.70001805,
tumor|nerve|C3|CD46,True,False,0.66449213,
tumor|nerve|C3|GRM7,True,False,0.7645283,
tumor|nerve|C5|C5AR1,True,False,0.5757834,
tumor|nerve|C5|GRM7,True,False,0.72849303,
tumor|nerve|CALM1|ADCYAP1R1,True,False,0.745555,
tumor|nerve|CALM1|FAS,True,False,0.70168006,
tumor|nerve|CALM1|GRM4,True,False,0.65437406,
tumor|nerve|CALM1|HMMR,True,False,0.7363572,
tumor|nerve|CALM1|HTR2C,True,False,0.6698085,
tumor|nerve|CALM1|KCNQ3,True,False,0.86304283,
tumor|nerve|CALM1|PDE1B,True,False,0.65012443,
tumor|nerve|CALM1|PTH2R,True,False,0.7056282,
tumor|nerve|CALM1|TRPC3,True,False,0.7221293,
tumor|nerve|CALM1|TRPC5,True,False,0.7003382,
tumor|nerve|CALM1|VIPR1,True,False,0.6814288,
tumor|nerve|CALM3|ADCY8,True,False,0.6802946,
tumor|nerve|CALM3|KCNQ3,True,False,0.75918174,
tumor|nerve|CALM3|PDE1B,True,False,0.4817552,
tumor|nerve|CALM3|TRPC5,True,False,0.53899837,
tumor|nerve|CALR|ITGA3,True,False,0.65892875,
tumor|nerve|CALR|LRP1,True,False,0.74375707,
tumor|nerve|CD59|STAB1,True,False,0.54995996,
tumor|nerve|CD99|PILRA,True,False,0.55552834,
tumor|nerve|COL11A1|DDR1,True,False,0.6649693,
tumor|nerve|COL11A1|ITGA1_ITGB1,True,False,0.55302125,
tumor|nerve|COL16A1|ITGA1_ITGB1,True,False,0.57020265,
tumor|nerve|COL18A1|GPC1,True,False,0.49669734,
tumor|nerve|COL18A1|GPC4,True,False,0.43780163,
tumor|nerve|COL18A1|ITGA1_ITGB1,True,False,0.42462283,
tumor|nerve|COL18A1|ITGA2_ITGB1,True,False,0.5477558,
tumor|nerve|COL18A1|ITGA3,True,False,0.5023299,
tumor|nerve|COL18A1|ITGA5,True,False,0.44370073,
tumor|nerve|COL18A1|PTPRS,True,False,0.7122915,
tumor|nerve|COL1A2|ITGA1_ITGB1,True,False,0.5499914,
tumor|nerve|COL1A2|ITGA3_ITGB1,True,False,0.61187035,
tumor|nerve|COL1A2|ITGA9_ITGB1,True,False,0.6300852,
tumor|nerve|COL22A1|ITGA1_ITGB1,True,False,0.546038,
tumor|nerve|COL22A1|ITGA2_ITGB1,True,False,0.6637625,
tumor|nerve|COL27A1|ITGA1_ITGB1,True,False,0.50238377,
tumor|nerve|COL28A1|ITGA1_ITGB1,True,False,0.5353433,
tumor|nerve|COL4A1|ITGA1_ITGB1,True,False,0.49067807,
tumor|nerve|COL4A1|ITGA3_ITGB1,True,False,0.5541006,
tumor|nerve|COL4A2|ITGA1_ITGB1,True,False,0.55515414,
tumor|nerve|COL4A2|ITGA3_ITGB1,True,False,0.6168178,
tumor|nerve|COL4A5|CD44,True,False,0.7892373,
tumor|nerve|COL4A5|CD47,True,False,0.75100213,
tumor|nerve|COL4A5|ITGA1_ITGB1,True,False,0.59067774,
tumor|nerve|COL4A5|ITGA2_ITGB1,True,False,0.70312,
tumor|nerve|COL4A5|ITGA3_ITGB1,True,False,0.65051705,
tumor|nerve|COL4A5|ITGA9_ITGB1,True,False,0.58340746,
tumor|nerve|COL4A5|ITGAV_ITGB8,True,False,0.78517675,
tumor|nerve|COL4A6|CD44,True,False,0.6772267,
tumor|nerve|COL4A6|CD47,True,False,0.6282428,
tumor|nerve|COL4A6|ITGA1_ITGB1,True,False,0.44707134,
tumor|nerve|COL4A6|ITGA2_ITGB1,True,False,0.5702622,
tumor|nerve|COL4A6|ITGA3_ITGB1,True,False,0.510507,
tumor|nerve|COL4A6|ITGA9_ITGB1,True,False,0.43967006,
tumor|nerve|COL4A6|ITGAV_ITGB8,True,False,0.6719053,
tumor|nerve|COL5A2|DDR1,True,False,0.7226307,
tumor|nerve|COL5A2|ITGA1_ITGB1,True,False,0.6189078,
tumor|nerve|COL5A3|ITGA1_ITGB1,True,False,0.52097964,
tumor|nerve|COL5A3|ITGA2_ITGB1,True,False,0.6409292,
tumor|nerve|COL5A3|SDC3,True,False,0.67080116,
tumor|nerve|COL6A1|ITGA1_ITGB1,True,False,0.5137112,
tumor|nerve|COL6A1|ITGA3_ITGB1,True,False,0.57673967,
tumor|nerve|COL6A2|ITGA1_ITGB1,True,False,0.43890673,
tumor|nerve|COL6A2|ITGA3_ITGB1,True,False,0.5022361,
tumor|nerve|COL8A1|ITGA1_ITGB1,True,False,0.6618904,
tumor|nerve|COL8A1|ITGA2_ITGB1,True,False,0.7626316,
tumor|nerve|COL9A3|ITGA1_ITGB1,True,False,0.49751,
tumor|nerve|COL9A3|ITGA3_ITGB1,True,False,0.56084317,
tumor|nerve|COL9A3|ITGA9_ITGB1,True,False,0.4900137,
tumor|nerve|CSF1|CELSR3,True,False,0.45861056,
tumor|nerve|CTHRC1|FZD3,True,False,0.6528391,
tumor|nerve|CTHRC1|FZD6,True,False,0.5935025,
tumor|nerve|CUBN|LRP2,True,False,0.6834491,
tumor|nerve|DLL1|NOTCH1,True,False,0.605786,
tumor|nerve|DLL1|NOTCH2,True,False,0.543092,
tumor|nerve|EDIL3|ITGAV,True,False,0.7104252,
tumor|nerve|EFEMP2|PLSCR4,True,False,0.4732323,
tumor|nerve|EFNA5|EPHA10,True,False,0.67594457,
tumor|nerve|EFNA5|EPHA3,True,False,0.77725035,
tumor|nerve|EFNA5|EPHA4,True,False,0.8313022,
tumor|nerve|EFNA5|EPHA5,True,False,0.7762175,
tumor|nerve|EFNA5|EPHA6,True,False,0.84311193,
tumor|nerve|EFNA5|EPHA7,True,False,0.77601594,
tumor|nerve|EFNA5|EPHB1,True,False,0.81695426,
tumor|nerve|EFNA5|EPHB2,True,False,0.7988547,
tumor|nerve|EFNA5|EPHB6,True,False,0.7584218,
tumor|nerve|EFNB1|EPHA4,True,False,0.6588537,
tumor|nerve|EFNB1|EPHA6,True,False,0.6780605,
tumor|nerve|EFNB1|EPHB1,True,False,0.63625634,
tumor|nerve|EFNB1|EPHB2,True,False,0.60884434,
tumor|nerve|EFNB1|EPHB6,True,False,0.55165297,
tumor|nerve|EFNB2|EPHA3,True,False,0.64572024,
tumor|nerve|EFNB2|EPHA4,True,False,0.7201992,
tumor|nerve|EFNB2|EPHA6,True,False,0.7373292,
tumor|nerve|EFNB2|EPHB6,True,False,0.6211922,
tumor|nerve|EFNB2|GRM1,True,False,0.63547677,
tumor|nerve|EGF|AXL,True,False,0.45597035,
tumor|nerve|EGF|CAV1,True,False,0.54913723,
tumor|nerve|EGF|ERBB3,True,False,0.6494773,
tumor|nerve|EGF|ERBB4,True,False,0.7514909,
tumor|nerve|EGF|LDLR,True,False,0.51550806,
tumor|nerve|EGF|LRP2,True,False,0.6802995,
tumor|nerve|EGF|NRP1,True,False,0.6221706,
tumor|nerve|EGF|RHBDL2,True,False,0.5620962,
tumor|nerve|EGF|TNFRSF11B,True,False,0.4473793,
tumor|nerve|F8|LDLR,True,False,0.46903762,
tumor|nerve|F8|LRP1,True,False,0.60100293,
tumor|nerve|F8|LRP2,True,False,0.6385528,
tumor|nerve|F8|LRP4,True,False,0.5853173,
tumor|nerve|FAM3C|GLRA2,True,False,0.6880228,
tumor|nerve|FARP2|PLXNA1,True,False,0.6716427,
tumor|nerve|FAT4|DCHS1,True,False,0.48982662,
tumor|nerve|FBN1|ITGA5,True,False,0.6360304,
tumor|nerve|FGF13|EGFR,True,False,0.75418323,
tumor|nerve|FGF13|FGFR1,True,False,0.6621009,
tumor|nerve|FGF13|FGFR2,True,False,0.71801203,
tumor|nerve|FGF13|FGFR3,True,False,0.53708965,
tumor|nerve|FGF13|SCN8A,True,False,0.70362395,
tumor|nerve|FGF1|CSPG4,True,False,0.66798204,
tumor|nerve|FGF1|FGFR3,True,False,0.6691705,
tumor|nerve|FGF1|NRP1,True,False,0.74233544,
tumor|nerve|FGF2|FGFR3,True,False,0.62411577,
tumor|nerve|FGF2|GPC4,True,False,0.5722954,
tumor|nerve|FGF2|NRP1,True,False,0.70281976,
tumor|nerve|FN1|C5AR1,True,False,0.6516138,
tumor|nerve|FN1|DPP4,True,False,0.57747966,
tumor|nerve|FN1|IL17RC,True,False,0.5652185,
tumor|nerve|FN1|ITGA3_ITGB1,True,False,0.6064525,
tumor|nerve|FN1|ITGA5_ITGB1,True,False,0.56354165,
tumor|nerve|FN1|ITGA6,True,False,0.62378913,
tumor|nerve|FN1|ITGA8_ITGB1,True,False,0.6077252,
tumor|nerve|FN1|ITGA9,True,False,0.67347145,
tumor|nerve|FN1|SDC2,True,False,0.5954361,
tumor|nerve|FN1|TNFRSF11B,True,False,0.52276355,
tumor|nerve|FRAS1_FREM1_NPNT|ITGA8_ITGB1,True,False,0.55331635,
tumor|nerve|FRAS1_FREM2_NPNT|ITGA8_ITGB1,True,False,0.55331635,
tumor|nerve|GAD1|GRM4,True,False,0.5379353,
tumor|nerve|GDF11|ACVR2A_TGFBR1,True,False,0.57072294,
tumor|nerve|GDF11|BMPR1B,True,False,0.6699188,
tumor|nerve|GNAI2|ADCY1,True,False,0.68101656,
tumor|nerve|GNAI2|ADCY8,True,False,0.7237236,
tumor|nerve|GNAI2|ADCY9,True,False,0.7215943,
tumor|nerve|GNAI2|C5AR1,True,False,0.6450306,
tumor|nerve|GNAI2|CNR1,True,False,0.68564045,
tumor|nerve|GNAI2|EDNRB,True,False,0.59166056,
tumor|nerve|GNAI2|EGFR,True,False,0.8007503,
tumor|nerve|GNAI2|OPRD1,True,False,0.59023607,
tumor|nerve|GNAS|ADCY1,True,False,0.80202246,
tumor|nerve|GNAS|ADCY8,True,False,0.8325131,
tumor|nerve|GNAS|VIPR1,True,False,0.71426016,
tumor|nerve|GRN|EGFR,True,False,0.76675355,
tumor|nerve|GRN|TNFRSF1A,True,False,0.5354982,
tumor|nerve|HAS2|HMMR,True,False,0.6099177,
tumor|nerve|HLA-A|APLP2,True,False,0.7846484,
tumor|nerve|HSPA1A|GRIN2D,True,False,0.61206055,
tumor|nerve|HSPA8|LDLR,True,False,0.6237374,
tumor|nerve|JAM2|ITGA3_ITGB1,True,False,0.64347506,
tumor|nerve|KITLG|KIT,True,False,0.5063311,
tumor|nerve|KITLG|LRRN3,True,False,0.6042688,
tumor|nerve|LAMA1|CD44,True,False,0.74305147,
tumor|nerve|LAMA1|DAG1,True,False,0.60198796,
tumor|nerve|LAMA1|GPC1,True,False,0.59843206,
tumor|nerve|LAMA1|ITGA1,True,False,0.52705425,
tumor|nerve|LAMA1|ITGA2_ITGB1,True,False,0.6465148,
tumor|nerve|LAMA1|ITGA3_ITGB1,True,False,0.5897344,
tumor|nerve|LAMA1|ITGA6_ITGB1,True,False,0.6073306,
tumor|nerve|LAMA1|ITGA6_ITGB4,True,False,0.5740698,
tumor|nerve|LAMA1|ITGA7_ITGB1,True,False,0.6465148,
tumor|nerve|LAMA1|ITGA9_ITGB1,True,False,0.51957303,
tumor|nerve|LAMA1|ITGAV_ITGB8,True,False,0.738396,
tumor|nerve|LAMA1|NT5E,True,False,0.54505163,
tumor|nerve|LAMA1|RPSA,True,False,0.60768217,
tumor|nerve|LAMA1|SDC2,True,False,0.5785752,
tumor|nerve|LAMA2|ITGA1,True,False,0.7176392,
tumor|nerve|LAMA2|ITGA3_ITGB1,True,False,0.7685931,
tumor|nerve|LAMA2|ITGA9_ITGB1,True,False,0.77983886,
tumor|nerve|LAMA4|ITGA3_ITGB1,True,False,0.6602128,
tumor|nerve|LAMA4|ITGA9_ITGB1,True,False,0.5938026,
tumor|nerve|LAMA5|ITGA3_ITGB1,True,False,0.63078004,
tumor|nerve|LAMA5|ITGA9_ITGB1,True,False,0.5624299,
tumor|nerve|LAMB1|ITGA1,True,False,0.55289495,
tumor|nerve|LAMB1|ITGA3_ITGB1,True,False,0.61465436,
tumor|nerve|LAMB1|ITGA9_ITGB1,True,False,0.54547006,
tumor|nerve|LAMB2|ITGA3_ITGB1,True,False,0.5402049,
tumor|nerve|LAMB2|ITGA9_ITGB1,True,False,0.46919706,
tumor|nerve|LAMC1|ITGA1,True,False,0.60938627,
tumor|nerve|LAMC1|ITGA3_ITGB1,True,False,0.66802764,
tumor|nerve|LAMC1|ITGA9_ITGB1,True,False,0.6022245,
tumor|nerve|LGALS8|ITGA3,True,False,0.506768,
tumor|nerve|LIN7C|HTR2C,True,False,0.43850857,
tumor|nerve|LPL|LRP1,True,False,0.6935264,
tumor|nerve|LRPAP1|LRP1,True,False,0.6544598,
tumor|nerve|MDK|GPC2,True,False,0.53230065,
tumor|nerve|MEGF10|ABCA1,True,False,0.74465984,
tumor|nerve|NECTIN3|PVR,True,False,0.6505005,
tumor|nerve|NFASC|CNTN1_CNTNAP1,True,False,0.6879299,
tumor|nerve|NID1|ITGA3,True,False,0.5816497,
tumor|nerve|NID1|ITGAV,True,False,0.7225385,
tumor|nerve|NID1|ITGB1,True,False,0.625237,
tumor|nerve|NID1|PTPRF,True,False,0.6083699,
tumor|nerve|NPTX2|NPTXR,True,False,0.7241795,
tumor|nerve|NRG1|ADGRL1,True,False,0.66512793,
tumor|nerve|NRG1|EGFR,True,False,0.7939654,
tumor|nerve|NRG1|GPC1,True,False,0.5981168,
tumor|nerve|NRG1|LGR4,True,False,0.6559861,
tumor|nerve|NRG1|NETO2,True,False,0.72405803,
tumor|nerve|NRG2|MOG,True,False,0.8286418,
tumor|nerve|NRG3|EGFR,True,False,0.8657877,
tumor|nerve|NRG3|ERBB3,True,False,0.79632425,
tumor|nerve|NTN1|UNC5A,True,False,0.72964126,
tumor|nerve|NTN1|UNC5D,True,False,0.8221598,
tumor|nerve|PAM|DPP4,True,False,0.7482475,
tumor|nerve|PAM|FAP,True,False,0.7375972,
tumor|nerve|PLAT|LRP1,True,False,0.6744842,
tumor|nerve|PROS1|AXL,True,False,0.57873136,
tumor|nerve|PSAP|AR,True,False,0.7318803,
tumor|nerve|PTN|PLXNB2,True,False,0.76651204,
tumor|nerve|PTN|PTPRB,True,False,0.80733526,
tumor|nerve|RARRES1|NRP2,True,False,0.6320094,
tumor|nerve|RGMA|BMPR1B,True,False,0.78299546,
tumor|nerve|RGMB|BMPR1B,True,False,0.7208935,
tumor|nerve|RPS19|C5AR1,True,False,0.72851294,
tumor|nerve|RTN4|CNTNAP1,True,False,0.78441733,
tumor|nerve|RTN4|RTN4RL1,True,False,0.83599365,
tumor|nerve|RTN4|TNFRSF19,True,False,0.8148754,
tumor|nerve|SEMA3A|NRP1_PLXNA1,True,False,0.6204998,
tumor|nerve|SEMA3A|NRP1_PLXNA2,True,False,0.7520123,
tumor|nerve|SEMA3A|NRP1_PLXNA3,True,False,0.7120235,
tumor|nerve|SEMA3A|NRP1_PLXNA4,True,False,0.7576029,
tumor|nerve|SEMA3C|NRP1_PLXNA1,True,False,0.48653767,
tumor|nerve|SEMA3C|NRP1_PLXNA2,True,False,0.63734084,
tumor|nerve|SEMA3C|NRP1_PLXNA3,True,False,0.58896774,
tumor|nerve|SEMA3C|NRP1_PLXNA4,True,False,0.6442937,
tumor|nerve|SEMA3C|NRP2_PLXNA1,True,False,0.568575,
tumor|nerve|SEMA3C|NRP2_PLXNA2,True,False,0.58484435,
tumor|nerve|SEMA3C|NRP2_PLXNA3,True,False,0.5532577,
tumor|nerve|SEMA3C|NRP2_PLXNA4,True,False,0.6737498,
tumor|nerve|SEMA3E|NRP1,True,False,0.6407875,
tumor|nerve|SEMA3E|NRP2,True,False,0.67038536,
tumor|nerve|SEMA3E|PLXND1,True,False,0.5309347,
tumor|nerve|SEMA4B|DCBLD2,True,False,0.6678604,
tumor|nerve|SEMA4D|MET,True,False,0.5717645,
tumor|nerve|SEMA4D|PLXNB1,True,False,0.5955336,
tumor|nerve|SEMA5A|PLXNA1,True,False,0.78830254,
tumor|nerve|SEMA5B|PLXNA1,True,False,0.63479346,
tumor|nerve|SERPINE1|LRP1,True,False,0.67772496,
tumor|nerve|SERPING1|LRP1,True,False,0.674787,
tumor|nerve|SHANK2|CFTR,True,False,0.5172037,
tumor|nerve|SLIT2|APP,True,False,0.7471874,
tumor|nerve|SLIT2|DCC,True,False,0.74169195,
tumor|nerve|SLIT2|GPC1,True,False,0.5525981,
tumor|nerve|SLIT2|PLXNA1,True,False,0.5562175,
tumor|nerve|SLIT2|ROBO1,True,False,0.73101366,
tumor|nerve|SLIT2|ROBO2,True,False,0.7729755,
tumor|nerve|SLITRK5|PTPRD,True,False,0.78549457,
tumor|nerve|SORBS1|ITGA1,True,False,0.73188454,
tumor|nerve|SPON1|APP,True,False,0.8438815,
tumor|nerve|SPON1|LRP8,True,False,0.7561673,
tumor|nerve|SPON2|ITGA5,True,False,0.44046354,
tumor|nerve|SPON2|ITGB1,True,False,0.54450256,
tumor|nerve|SPP1|CD44,True,False,0.83000743,
tumor|nerve|SPTBN2|PTPRA,True,False,0.6867029,
tumor|nerve|ST6GAL1|EGFR,True,False,0.8323961,
tumor|nerve|TCTN1|TMEM67,True,False,0.6952715,
tumor|nerve|TFPI|F3,True,False,0.6207804,
tumor|nerve|TFPI|LRP1,True,False,0.64286053,
tumor|nerve|TF|LDLR,True,False,0.49697348,
tumor|nerve|TF|LRP2,True,False,0.6639597,
tumor|nerve|TF|TFRC,True,False,0.55477065,
tumor|nerve|TGFB1|CAV1,True,False,0.5352663,
tumor|nerve|TGFB1|EGFR,True,False,0.74299556,
tumor|nerve|TGFB1|ITGB8,True,False,0.69524604,
tumor|nerve|TGFB1|LPP,True,False,0.7326389,
tumor|nerve|TGFB1|SDC2,True,False,0.5070536,
tumor|nerve|TGFB1|TGFBR3,True,False,0.5153359,
tumor|nerve|TGFB2|ACVR1_TGFBR2,True,False,0.5954212,
tumor|nerve|TGS1|RXRA,True,False,0.60492676,
tumor|nerve|THBS2|CD47,True,False,0.61683184,
tumor|nerve|THBS2|ITGA3_ITGB1,True,False,0.49836776,
tumor|nerve|THBS2|ITGA6,True,False,0.51667106,
tumor|nerve|THBS4|ITGA3_ITGB1,True,False,0.60839725,
tumor|nerve|TIMP2|CD44,True,False,0.80121034,
tumor|nerve|TIMP2|ITGA3,True,False,0.67993087,
tumor|nerve|TIMP3|DDR1,True,False,0.66320336,
tumor|nerve|TNC|ITGA5,True,False,0.69639254,
tumor|nerve|TNC|ITGA8_ITGB1,True,False,0.73348755,
tumor|nerve|TNC|ITGA9_ITGB1,True,False,0.67316145,
tumor|nerve|TNC|PTPRB,True,False,0.75489575,
tumor|nerve|TNFSF13B|TFRC,True,False,0.57381207,
tumor|nerve|TNR|ITGA8_ITGB1,True,False,0.6724172,
tumor|nerve|TXLNA|STX1A,True,False,0.55413663,
tumor|nerve|VEGFA|ITGA9,True,False,0.7876836,
tumor|nerve|VEGFB|NRP1,True,False,0.5849555,
tumor|nerve|WNT5B|FZD3_LRP5,True,False,0.5155913,
tumor|nerve|WNT5B|FZD3_LRP6,True,False,0.60978365,
tumor|nerve|WNT5B|FZD6_LRP5,True,False,0.44924077,
tumor|nerve|WNT5B|FZD6_LRP6,True,False,0.58155763,
tumor|nerve|WNT5B|FZD7_LRP6,True,False,0.56015116,
immune|nerve|ADAM10|TSPAN17,False,True,,0.62952316
immune|nerve|ADAM15|ITGAV,False,True,,0.7728019
immune|nerve|ADAM15|ITGB1,False,True,,0.7846401
immune|nerve|AGTRAP|RACK1,False,True,,0.91259795
immune|nerve|ANGPTL4|GPIHBP1,False,True,,0.73821145
immune|nerve|APOC2|LDLR,False,True,,0.73818606
immune|nerve|APOC2|LRP1,False,True,,0.8058012
immune|nerve|APOC2|LRP2,False,True,,0.8959509
immune|nerve|APOE|LSR,False,True,,0.90266216
immune|nerve|APP|NGFR,False,True,,0.8430322
immune|nerve|APP|TNFRSF21,False,True,,0.82433385
immune|nerve|AREG|ERBB3,False,True,,0.9233686
immune|nerve|ARF1|PLD2,False,True,,0.7422259
immune|nerve|BST1|CAV1,False,True,,0.79836416
immune|nerve|C1QB|C1QBP,False,True,,0.92690724
immune|nerve|CALM1|KCNQ1,False,True,,0.79801
immune|nerve|CALM3|KCNQ1,False,True,,0.70039856
immune|nerve|CCL20|GRM7,False,True,,0.7595569
immune|nerve|CD40LG|CD9,False,True,,0.8700912
immune|nerve|CD40LG|TRAF3,False,True,,0.7189676
immune|nerve|CD99|PILRB,False,True,,0.78896827
immune|nerve|CKLF|LRP6,False,True,,0.9111596
immune|nerve|CLEC11A|ITGB1,False,True,,0.7666841
immune|nerve|CRTAM|CADM1,False,True,,0.863766
immune|nerve|CXCL1|GRM7,False,True,,0.64924234
immune|nerve|CXCL2|GRM7,False,True,,0.7963019
immune|nerve|CXCL3|GRM7,False,True,,0.7744594
immune|nerve|DNAJB11|PRTG,False,True,,0.73423374
immune|nerve|EREG|ERBB3,False,True,,0.90864944
immune|nerve|FAM3C|CLEC2D,False,True,,0.7611113
immune|nerve|FASLG|TNFRSF10B,False,True,,0.6466968
immune|nerve|FASLG|TNFRSF1A,False,True,,0.6652649
immune|nerve|FN1|PLAUR,False,True,,0.7965436
immune|nerve|GNAI2|PTPRU,False,True,,0.780699
immune|nerve|GNAI2|S1PR5,False,True,,0.8696514
immune|nerve|GZMA|PARD3,False,True,,0.92311156
immune|nerve|GZMB|CHRM3,False,True,,0.87487924
immune|nerve|GZMB|IGF2R,False,True,,0.87902707
immune|nerve|HEBP1|GRM7,False,True,,0.62470007
immune|nerve|HMGB1|HAVCR2,False,True,,0.8370943
immune|nerve|HRAS|CAV1,False,True,,0.7170183
immune|nerve|HRAS|INSR,False,True,,0.7851541
immune|nerve|IL18|IL18BP,False,True,,0.71219194
immune|nerve|IL1B|SIGIRR,False,True,,0.881258
immune|nerve|ITGB2|CD226,False,True,,0.7994843
immune|nerve|JAG1|CD46,False,True,,0.74139816
immune|nerve|JAG1|NOTCH1,False,True,,0.61585116
immune|nerve|JAG1|NOTCH4,False,True,,0.51658225
immune|nerve|LGALS3BP|ITGB1,False,True,,0.84335005
immune|nerve|LIN7C|ABCA1,False,True,,0.80512404
immune|nerve|LPL|GPIHBP1,False,True,,0.7318279
immune|nerve|LRPAP1|LDLR,False,True,,0.7251178
immune|nerve|LRPAP1|LRP2,False,True,,0.8895794
immune|nerve|LRPAP1|LRP8,False,True,,0.6966782
immune|nerve|LRPAP1|SORL1,False,True,,0.86851996
immune|nerve|LRPAP1|SORT1,False,True,,0.9023034
immune|nerve|LRPAP1|VLDLR,False,True,,0.78735805
immune|nerve|MFGE8|ITGAV,False,True,,0.74113226
immune|nerve|MFNG|NOTCH1,False,True,,0.68654776
immune|nerve|MFNG|NOTCH2,False,True,,0.6270872
immune|nerve|MIF|CD44_CD74,False,True,,0.88209593
immune|nerve|MIF|EGFR,False,True,,0.8850213
immune|nerve|MMP2|FGFR1,False,True,,0.76147044
immune|nerve|MMP9|CD44,False,True,,0.74990666
immune|nerve|MMP9|EPHB2,False,True,,0.74917346
immune|nerve|MMP9|IFNAR1,False,True,,0.73183477
immune|nerve|MMP9|RECK,False,True,,0.71559846
immune|nerve|NCAM1|GFRA1,False,True,,0.7114854
immune|nerve|NCAM1|ROBO3,False,True,,0.6739939
immune|nerve|NECTIN2|CD226,False,True,,0.61403143
immune|nerve|NRG1|ADGRL1,False,True,,0.7128237
immune|nerve|NRG1|EGFR,False,True,,0.775261
immune|nerve|NRG1|GPC1,False,True,,0.6797277
immune|nerve|NRG1|LGR4,False,True,,0.763991
immune|nerve|NRG1|LSR,False,True,,0.6964575
immune|nerve|NRG1|NETO2,False,True,,0.6882956
immune|nerve|OSM|IL6ST_LIFR,False,True,,0.8385262
immune|nerve|OSM|IL6ST_OSMR,False,True,,0.7310258
immune|nerve|PDGFA|PDGFRA,False,True,,0.6416793
immune|nerve|POMC|GRM7,False,True,,0.60660887
immune|nerve|PSAP|GPR37L1,False,True,,0.8825916
immune|nerve|PSEN1|NCSTN,False,True,,0.73951846
immune|nerve|PSEN1|NOTCH4,False,True,,0.6255555
immune|nerve|PTGS2|CAV1,False,True,,0.85171676
immune|nerve|QDPR|DYSF,False,True,,0.6808879
immune|nerve|RETN|CAP1,False,True,,0.87361455
immune|nerve|RTN4|NGFR,False,True,,0.9084829
immune|nerve|S100A8|CD68,False,True,,0.9195145
immune|nerve|S100A9|CD68,False,True,,0.9252919
immune|nerve|SELL|PODXL,False,True,,0.73933595
immune|nerve|SEMA4A|PLXNB1,False,True,,0.7329995
immune|nerve|SEMA4A|PLXND1,False,True,,0.6838116
immune|nerve|SEMA6B|PLXNA2,False,True,,0.66333336
immune|nerve|SEMA6B|PLXNA4,False,True,,0.6668214
immune|nerve|SEMA7A|PLXNC1,False,True,,0.52403116
immune|nerve|SERPINF1|PLXDC2,False,True,,0.9093618
immune|nerve|SERTAD1|AR,False,True,,0.71997374
immune|nerve|SIRPG|CD47,False,True,,0.8585561
immune|nerve|TCN2|LRP2,False,True,,0.82106286
immune|nerve|TGM2|ADGRG1,False,True,,0.7738363
immune|nerve|TGM2|ITGB1,False,True,,0.8346802
immune|nerve|THBS1|CD47,False,True,,0.9293067
immune|nerve|THBS1|ITGA6,False,True,,0.7733852
immune|nerve|THBS1|LRP1,False,True,,0.86234313
immune|nerve|THBS1|LRP5,False,True,,0.8252021
immune|nerve|THBS1|PTPRJ,False,True,,0.9246216
immune|nerve|THBS1|SCARB1,False,True,,0.8803906
immune|nerve|TIGIT|NECTIN2,False,True,,0.6851132
immune|nerve|TNFSF12|TNFRSF12A,False,True,,0.79402554
immune|nerve|TNFSF14|LTBR,False,True,,0.5673157
immune|nerve|TOR2A|ATP5F1B,False,True,,0.7738765
immune|nerve|TXLNA|STX3,False,True,,0.6519104
immune|nerve|TXLNA|STX4,False,True,,0.7579182
immune|nerve|VCL|ITGB5,False,True,,0.58013195
immune|nerve|WNT5A|FZD5,False,True,,0.6336124
immune|nerve|XCL1|ADGRV1,False,True,,0.88492566
immune|tumor|ADAM10|TSPAN12,False,True,,0.71852404
immune|tumor|ADAM15|ITGAV,False,True,,0.73482704
immune|tumor|ADM|RAMP2,False,True,,0.6952288
immune|tumor|AGTRAP|RACK1,False,True,,0.8987955
immune|tumor|APOC2|LRP1,False,True,,0.8495003
immune|tumor|ARF1|CHRM3,False,True,,0.82314765
immune|tumor|BST1|CAV1,False,True,,0.72042596
immune|tumor|C1QB|C1QBP,False,True,,0.9262955
immune|tumor|CD40LG|CD9,False,True,,0.7963643
immune|tumor|CD40LG|TRAF3,False,True,,0.63019323
immune|tumor|CD99|PILRB,False,True,,0.81485677
immune|tumor|CKLF|LRP6,False,True,,0.8441354
immune|tumor|CRTAM|CADM1,False,True,,0.8092293
immune|tumor|FARP2|PLXNA2,False,True,,0.59897727
immune|tumor|FARP2|PLXNA3,False,True,,0.560856
immune|tumor|FARP2|PLXNA4,False,True,,0.6420864
immune|tumor|FASLG|TNFRSF10B,False,True,,0.6552798
immune|tumor|FASLG|TNFRSF1A,False,True,,0.7521113
immune|tumor|GZMA|F2R,False,True,,0.82639956
immune|tumor|GZMA|PARD3,False,True,,0.8887959
immune|tumor|GZMB|CHRM3,False,True,,0.85681
immune|tumor|GZMB|IGF2R,False,True,,0.8290727
immune|tumor|HRAS|CAV1,False,True,,0.62250465
immune|tumor|HRAS|INSR,False,True,,0.61741847
immune|tumor|IL16|KCND2,False,True,,0.8257206
immune|tumor|JAG1|NOTCH1,False,True,,0.638827
immune|tumor|JAG1|NOTCH2,False,True,,0.6176834
immune|tumor|LRPAP1|LRP1,False,True,,0.84078985
immune|tumor|LRPAP1|LRP8,False,True,,0.6760475
immune|tumor|LRPAP1|SORT1,False,True,,0.79770553
immune|tumor|MFGE8|ITGAV,False,True,,0.6999195
immune|tumor|MFNG|NOTCH1,False,True,,0.7073049
immune|tumor|MFNG|NOTCH2,False,True,,0.6882136
immune|tumor|MIF|EGFR,False,True,,0.9241413
immune|tumor|MMP2|FGFR1,False,True,,0.71931034
immune|tumor|MMP9|CD44,False,True,,0.7186282
immune|tumor|MMP9|EPHB2,False,True,,0.5849704
immune|tumor|MMP9|IFNAR1,False,True,,0.6522596
immune|tumor|MMP9|LRP1,False,True,,0.7343633
immune|tumor|MMP9|RECK,False,True,,0.56437147
immune|tumor|NCAM1|CACNA1C,False,True,,0.7507622
immune|tumor|NCAM1|FGFR1,False,True,,0.79394615
immune|tumor|NCAM1|NCAM2,False,True,,0.8328313
immune|tumor|NCAM1|PTPRA,False,True,,0.85158443
immune|tumor|NCAM1|ROBO1,False,True,,0.8072974
immune|tumor|NCAM1|ROBO3,False,True,,0.67650145
immune|tumor|NRG1|ADGRL1,False,True,,0.6634146
immune|tumor|NRG1|EGFR,False,True,,0.84519327
immune|tumor|NRG1|GPC1,False,True,,0.7359684
immune|tumor|NRG1|LGR4,False,True,,0.6552947
immune|tumor|NRG1|NETO2,False,True,,0.7055861
immune|tumor|OSM|IL6ST_LIFR,False,True,,0.81300133
immune|tumor|OSM|IL6ST_OSMR,False,True,,0.74459267
immune|tumor|PDGFA|PDGFRA,False,True,,0.677071
immune|tumor|PDGFC|PDGFRA,False,True,,0.6956615
immune|tumor|PLTP|ABCA1,False,True,,0.857964
immune|tumor|POMC|ADCYAP1R1,False,True,,0.5445142
immune|tumor|POMC|RAMP2,False,True,,0.5638397
immune|tumor|PSAP|GPR37L1,False,True,,0.87150544
immune|tumor|PTDSS1|SCARB1,False,True,,0.6146908
immune|tumor|PTGS2|CAV1,False,True,,0.7889492
immune|tumor|RETN|CAP1,False,True,,0.8287157
immune|tumor|SDC2|PTPRJ,False,True,,0.7587889
immune|tumor|SELL|PODXL,False,True,,0.713964
immune|tumor|SEMA4A|NRP1_PLXNA1,False,True,,0.5359491
immune|tumor|SEMA4A|NRP1_PLXNA2,False,True,,0.6127645
immune|tumor|SEMA4A|NRP1_PLXNA3,False,True,,0.5793635
immune|tumor|SEMA4A|NRP1_PLXNA4,False,True,,0.6127645
immune|tumor|SEMA4A|PLXNB1,False,True,,0.5846302
immune|tumor|SEMA4A|PLXNB2,False,True,,0.58695483
immune|tumor|SEMA6B|PLXNA2,False,True,,0.71803516
immune|tumor|SEMA6B|PLXNA4,False,True,,0.7536105
immune|tumor|SERPINE2|LRP1,False,True,,0.7523099
immune|tumor|SERTAD1|AR,False,True,,0.6943229
immune|tumor|SIRPG|CD47,False,True,,0.76353973
immune|tumor|SPTAN1|PTPRA,False,True,,0.84056073
immune|tumor|TCN2|CNR1,False,True,,0.6466379
immune|tumor|TGM2|ADGRG1,False,True,,0.7816388
immune|tumor|TGM2|ITGB1,False,True,,0.7616801
immune|tumor|TGS1|RXRA,False,True,,0.6047403
immune|tumor|THBS1|CD47,False,True,,0.87489206
immune|tumor|THBS1|ITGA3_ITGB1,False,True,,0.7940637
immune|tumor|THBS1|ITGA6,False,True,,0.79098326
immune|tumor|THBS1|LRP1,False,True,,0.8949772
immune|tumor|THBS1|LRP5,False,True,,0.7730483
immune|tumor|THBS1|PTPRJ,False,True,,0.8630459
immune|tumor|THBS1|SCARB1,False,True,,0.80364823
immune|tumor|TIGIT|NECTIN2,False,True,,0.68254894
immune|tumor|TNFSF12|TNFRSF12A,False,True,,0.75660086
immune|tumor|TOR2A|ATP5F1B,False,True,,0.762401
immune|tumor|XCL1|ADGRV1,False,True,,0.8535655
nerve|immune|ACTR2|ADRB2,False,True,,0.7866217
nerve|immune|ACTR2|LDLR,False,True,,0.7806837
nerve|immune|ADAM10|TSPAN15,False,True,,0.7727264
nerve|immune|ADAM12|SDC4,False,True,,0.7769318
nerve|immune|ADA|DPP4,False,True,,0.5952903
nerve|immune|ADM|ACKR3,False,True,,0.7471091
nerve|immune|ADM|ADRB2,False,True,,0.7816789
nerve|immune|ADM|GPR84,False,True,,0.77232665
nerve|immune|ADM|RAMP1,False,True,,0.7692779
nerve|immune|ADO|ADORA3,False,True,,0.79466957
nerve|immune|AGTRAP|RACK1,False,True,,0.8933058
nerve|immune|ANGPTL1|ITGA1_ITGB1,False,True,,0.72726196
nerve|immune|ANGPTL1|LILRB2,False,True,,0.7492575
nerve|immune|ANGPTL1|LILRB3,False,True,,0.74911237
nerve|immune|ANGPTL2|LILRB2,False,True,,0.8176824
nerve|immune|ANGPTL4|SDC4,False,True,,0.6384776
nerve|immune|APP|FPR2,False,True,,0.90542233
nerve|immune|APP|LRP10,False,True,,0.8827018
nerve|immune|APP|NCSTN,False,True,,0.86265284
nerve|immune|APP|PTGER2,False,True,,0.8991831
nerve|immune|APP|TSPAN15,False,True,,0.82357997
nerve|immune|ARF6|PLD1,False,True,,0.7031262
nerve|immune|ARF6|SMAP1,False,True,,0.8074185
nerve|immune|ARPC5|ADRB2,False,True,,0.83974785
nerve|immune|ARPC5|LDLR,False,True,,0.8349782
nerve|immune|AZGP1|ITGAV,False,True,,0.7997893
nerve|immune|B2M|CD1C,False,True,,0.91955197
nerve|immune|B2M|KLRC1,False,True,,0.9544222
nerve|immune|B2M|KLRC2,False,True,,0.91855377
nerve|immune|BMP2|ACTR2,False,True,,0.79261667
nerve|immune|BMP2|ENG,False,True,,0.6742861
nerve|immune|BMP8A|TGFBR1,False,True,,0.75632405
nerve|immune|BMP8A|TGFBR2,False,True,,0.7399031
nerve|immune|BMP8B|PLAUR,False,True,,0.82037705
nerve|immune|BSG|SLC16A1,False,True,,0.7367491
nerve|immune|C3|IFITM1,False,True,,0.80645424
nerve|immune|CADM1|CRTAM,False,True,,0.863766
nerve|immune|CALM1|KCNN4,False,True,,0.848668
nerve|immune|CD47|SIRPG,False,True,,0.8585561
nerve|immune|CDH1|ITGAE_ITGB7,False,True,,0.7373499
nerve|immune|CIRBP|TREM1,False,True,,0.9252836
nerve|immune|CLCF1|SORL1,False,True,,0.74993783
nerve|immune|COPA|P2RY6,False,True,,0.8146376
nerve|immune|FADD|ABCA1,False,True,,0.7211954
nerve|immune|FADD|FAS,False,True,,0.60348076
nerve|immune|FADD|TRADD,False,True,,0.64761525
nerve|immune|FAM3C|PDCD1,False,True,,0.7085824
nerve|immune|FGF2|SDC4,False,True,,0.57709527
nerve|immune|FGF7|NRP1,False,True,,0.6267695
nerve|immune|FN1|CD79A,False,True,,0.74307084
nerve|immune|FN1|ITGA4_ITGB7,False,True,,0.6941813
nerve|immune|FSTL5|LILRA1,False,True,,0.7308995
nerve|immune|FSTL5|LILRB2,False,True,,0.806302
nerve|immune|GDF15|TGFBR2,False,True,,0.71329045
nerve|immune|GNAI2|CCR5,False,True,,0.8039709
nerve|immune|GNAI2|CXCR3,False,True,,0.8643154
nerve|immune|GNAI2|S1PR4,False,True,,0.8461779
nerve|immune|GNAI2|S1PR5,False,True,,0.8090135
nerve|immune|GNAS|ADRB2,False,True,,0.8245836
nerve|immune|GNAS|PTGDR,False,True,,0.8796572
nerve|immune|GPC3|CD81,False,True,,0.87231004
nerve|immune|GPC3|FLT1,False,True,,0.7629418
nerve|immune|GPC3|LRP1,False,True,,0.8119396
nerve|immune|HBEGF|CD44,False,True,,0.8811883
nerve|immune|HBEGF|CD82,False,True,,0.74980795
nerve|immune|HEBP1|FPR3,False,True,,0.8139313
nerve|immune|HGF|CD44,False,True,,0.85047024
nerve|immune|HGF|ITGB1,False,True,,0.8015657
nerve|immune|HGF|NRP1,False,True,,0.71616703
nerve|immune|HGF|SDC2,False,True,,0.70212495
nerve|immune|HGF|ST14,False,True,,0.6738852
nerve|immune|HLA-A|CD8B,False,True,,0.9261663
nerve|immune|HLA-A|LILRA1,False,True,,0.87690616
nerve|immune|HLA-A|LILRB2,False,True,,0.9160939
nerve|immune|HLA-C|CD8B,False,True,,0.9244069
nerve|immune|HLA-C|LILRA1,False,True,,0.87413245
nerve|immune|HLA-C|LILRB2,False,True,,0.9141167
nerve|immune|HLA-E|CD8B,False,True,,0.8943228
nerve|immune|HLA-E|KLRC1_KLRD1,False,True,,0.9158222
nerve|immune|HLA-E|KLRC2_KLRD1,False,True,,0.8542168
nerve|immune|HMGB1|THBD,False,True,,0.9267821
nerve|immune|HRAS|INSR,False,True,,0.697635
nerve|immune|HSPA8|ADRB2,False,True,,0.8333093
nerve|immune|HSPA8|LDLR,False,True,,0.82838714
nerve|immune|ICOSLG|CD28,False,True,,0.7356872
nerve|immune|ICOSLG|CTLA4,False,True,,0.737272
nerve|immune|ICOSLG|ICOS,False,True,,0.7690012
nerve|immune|IL15RA|AXL,False,True,,0.6985716
nerve|immune|LGALS3BP|CD33,False,True,,0.86112815
nerve|immune|LGALS3|LAG3,False,True,,0.8074776
nerve|immune|LIN7C|ABCA1,False,True,,0.7696317
nerve|immune|LMAN1|MCFD2,False,True,,0.75130385
nerve|immune|LRPAP1|LDLR,False,True,,0.746024
nerve|immune|MDK|NCL,False,True,,0.8792769
nerve|immune|MDK|SDC4,False,True,,0.7709274
nerve|immune|MELTF|TFRC,False,True,,0.65615755
nerve|immune|MIF|ACKR3,False,True,,0.82545775
nerve|immune|MIF|CD44_CD74,False,True,,0.9490688
nerve|immune|MIF|CD74_CXCR4,False,True,,0.95105726
nerve|immune|MIF|TNFRSF10D,False,True,,0.83645827
nerve|immune|MIF|TNFRSF14,False,True,,0.89825344
nerve|immune|MMP2|CCR2,False,True,,0.5957312
nerve|immune|MMP2|PECAM1,False,True,,0.6775152
nerve|immune|NECTIN2|TIGIT,False,True,,0.6851132
nerve|immune|NECTIN3|TIGIT,False,True,,0.7898408
nerve|immune|NRG1|NETO2,False,True,,0.62442756
nerve|immune|NRG1|SIGLEC7,False,True,,0.6382202
nerve|immune|PODXL2|SELL,False,True,,0.80821824
nerve|immune|PODXL|SELL,False,True,,0.73933595
nerve|immune|PSEN1|NCSTN,False,True,,0.85067636
nerve|immune|PTDSS1|JMJD6,False,True,,0.66195303
nerve|immune|PTN|NCL,False,True,,0.9355844
nerve|immune|PTN|SDC4,False,True,,0.8703177
nerve|immune|S100A1|RYR1,False,True,,0.83324456
nerve|immune|S100A1|TLR4,False,True,,0.89390355
nerve|immune|SEMA4D|CD72,False,True,,0.81125194
nerve|immune|SEMA7A|ITGA1_ITGB1,False,True,,0.8170436
nerve|immune|SEMA7A|PLXNC1,False,True,,0.81180537
nerve|immune|SNCA|LAG3,False,True,,0.84143484
nerve|immune|TF|ADRB2,False,True,,0.87592536
nerve|immune|TF|LDLR,False,True,,0.8720684
nerve|immune|THBS2|CD36,False,True,,0.83568674
nerve|immune|THBS4|CD36,False,True,,0.74283177
nerve|immune|TNC|SDC4,False,True,,0.6664192
nerve|immune|VCAN|SELL,False,True,,0.896512
nerve|immune|VEGFB|ADRB2,False,True,,0.62163675
nerve|immune|VEGFB|NRP1,False,True,,0.70323384
nerve|immune|VEGFD|FLT1,False,True,,0.6120838
nerve|immune|VEGFD|ITGA1,False,True,,0.645211
nerve|immune|VEGFD|ITGA4,False,True,,0.6867113
nerve|immune|VEGFD|ITGA5,False,True,,0.646056
nerve|immune|VEGFD|ITGB1,False,True,,0.73113394
nerve|immune|VEGFD|NRP2,False,True,,0.6391898
nerve|immune|WNT5A|ADRB2,False,True,,0.60591483
nerve|immune|WNT5A|LDLR,False,True,,0.5975211
nerve|tumor|ADAM10|TSPAN12,False,True,,0.7931145
nerve|tumor|ADM|RAMP2,False,True,,0.74704874
nerve|tumor|ADO|ADORA1,False,True,,0.6592595
nerve|tumor|ALKAL2|ALK,False,True,,0.61230606
nerve|tumor|APP|TSPAN12,False,True,,0.8403486
nerve|tumor|ARF1|CHRM3,False,True,,0.83022064
nerve|tumor|ARF6|SMAP1,False,True,,0.81479675
nerve|tumor|AZGP1|ITGAV,False,True,,0.79814464
nerve|tumor|BMP2|ACVR2A_BMPR1A,False,True,,0.5473863
nerve|tumor|BMP2|ACVR2A_BMPR1B,False,True,,0.5473863
nerve|tumor|BMP2|BMPR1A_BMPR2,False,True,,0.6132211
nerve|tumor|BMP2|BMPR1B_BMPR2,False,True,,0.6018334
nerve|tumor|BMP2|GPC1,False,True,,0.6593816
nerve|tumor|BMP2|RGMB,False,True,,0.5548764
nerve|tumor|BMP2|SMO,False,True,,0.50350213
nerve|tumor|BMP8A|ACVR2A_BMPR1A,False,True,,0.6071043
nerve|tumor|BMP8A|ACVR2A_BMPR1B,False,True,,0.6071043
nerve|tumor|BMP8A|BMPR1A_BMPR2,False,True,,0.66949755
nerve|tumor|BMP8A|BMPR1B_BMPR2,False,True,,0.65884495
nerve|tumor|BMP8B|ACVR2A_BMPR1A,False,True,,0.57914925
nerve|tumor|BMP8B|ACVR2A_BMPR1B,False,True,,0.57914925
nerve|tumor|BMP8B|BMPR1A_BMPR2,False,True,,0.643374
nerve|tumor|BMP8B|BMPR1B_BMPR2,False,True,,0.63234186
nerve|tumor|CLCF1|CNTFR_IL6ST_LIFR,False,True,,0.510264
nerve|tumor|DHH|BOC,False,True,,0.5490389
nerve|tumor|DHH|PTCH1_SMO,False,True,,0.49497524
nerve|tumor|FADD|ABCA1,False,True,,0.69816345
nerve|tumor|FGF1|CSPG4,False,True,,0.75589955
nerve|tumor|FGF7|FGFR1,False,True,,0.6212907
nerve|tumor|FGF7|NRP1,False,True,,0.5477406
nerve|tumor|GDF11|ACVR2A_TGFBR1,False,True,,0.5787547
nerve|tumor|GDF11|BMPR2,False,True,,0.72539926
nerve|tumor|GDNF|EDNRB,False,True,,0.689649
nerve|tumor|GPC3|CD81,False,True,,0.83506036
nerve|tumor|GPC3|IGF1R,False,True,,0.7688255
nerve|tumor|GPC3|LRP1,False,True,,0.8213189
nerve|tumor|HBEGF|CD82,False,True,,0.7507902
nerve|tumor|HBEGF|CD9,False,True,,0.8376685
nerve|tumor|HGF|CD44,False,True,,0.7556602
nerve|tumor|HGF|NRP1,False,True,,0.6453567
nerve|tumor|HGF|SDC2,False,True,,0.6297393
nerve|tumor|HRAS|CAV1,False,True,,0.7731955
nerve|tumor|HRAS|INSR,False,True,,0.7693875
nerve|tumor|LIN7C|ABCA1,False,True,,0.74920964
nerve|tumor|LRRC4B|PTPRD,False,True,,0.80302066
nerve|tumor|MDK|GPC2,False,True,,0.6869665
nerve|tumor|MDK|NCL,False,True,,0.85704684
nerve|tumor|MFGE8|ITGAV,False,True,,0.820516
nerve|tumor|MIF|EGFR,False,True,,0.94310975
nerve|tumor|MMP2|FGFR1,False,True,,0.6305991
nerve|tumor|NDP|LGR4,False,True,,0.6050832
nerve|tumor|PDGFA|PDGFRA,False,True,,0.80419755
nerve|tumor|PDGFC|PDGFRA,False,True,,0.8089861
nerve|tumor|PSAP|GPR37L1,False,True,,0.8772598
nerve|tumor|PTN|NCL,False,True,,0.92281264
nerve|tumor|RGMB|BMPR2,False,True,,0.8098998
nerve|tumor|S100A1|TRPM3,False,True,,0.87438536
nerve|tumor|S100A4|EGFR,False,True,,0.8080457
nerve|tumor|SERTAD1|AR,False,True,,0.7178413
nerve|tumor|SLITRK1|PTPRD,False,True,,0.7106206
nerve|tumor|SLITRK1|PTPRS,False,True,,0.7124705
nerve|tumor|SLITRK2|PTPRD,False,True,,0.77025676
nerve|tumor|SLITRK2|PTPRS,False,True,,0.7718478
nerve|tumor|TGFA|PTPRD,False,True,,0.7436618
nerve|tumor|VEGFD|ITGA2,False,True,,0.49217635
nerve|tumor|VEGFD|NRP2,False,True,,0.5818377
nerve|tumor|WNT2B|FZD3_LRP5,False,True,,0.5278519
nerve|tumor|WNT2B|FZD3_LRP6,False,True,,0.67131877
nerve|tumor|WNT5A|ANTXR1,False,True,,0.65752953
nerve|tumor|WNT5A|FZD3,False,True,,0.7151883
nerve|tumor|WNT5A|LRP5,False,True,,0.54043907
nerve|tumor|WNT5A|LRP6,False,True,,0.6823827
nerve|tumor|WNT5A|PTK7,False,True,,0.55810255
nerve|tumor|WNT5A|PTPRK,False,True,,0.67967945
nerve|tumor|WNT5A|RYK,False,True,,0.6494387
nerve|tumor|WNT5A|VANGL2,False,True,,0.53424835
tumor|immune|ADAM12|SDC4,False,True,,0.66407526
tumor|immune|ADM|ACKR3,False,True,,0.64171946
tumor|immune|ADM|ADRB2,False,True,,0.6846142
tumor|immune|ADM|GPR84,False,True,,0.67284423
tumor|immune|AGTRAP|RACK1,False,True,,0.8543582
tumor|immune|ANGPTL2|LILRB2,False,True,,0.71529734
tumor|immune|ANGPTL4|ITGA5_ITGB1,False,True,,0.7121797
tumor|immune|ANGPTL4|SDC2,False,True,,0.682646
tumor|immune|ANGPTL4|SDC4,False,True,,0.66255593
tumor|immune|ANXA1|FPR2_FPR3,False,True,,0.79597044
tumor|immune|APP|FPR2,False,True,,0.87446636
tumor|immune|APP|LRP10,False,True,,0.8455775
tumor|immune|APP|NCSTN,False,True,,0.8204737
tumor|immune|APP|PTGER2,False,True,,0.8664861
tumor|immune|APP|TNFRSF21,False,True,,0.80144846
tumor|immune|APP|TSPAN15,False,True,,0.7725651
tumor|immune|BSG|SLC16A1,False,True,,0.73429316
tumor|immune|C3|IFITM1,False,True,,0.80427736
tumor|immune|CADM1|CRTAM,False,True,,0.8092293
tumor|immune|CALM1|KCNN4,False,True,,0.803467
tumor|immune|CCL2|CCR1,False,True,,0.72295886
tumor|immune|CCL2|CCR2,False,True,,0.65400314
tumor|immune|CCN1|ITGA5,False,True,,0.765661
tumor|immune|CCN1|ITGAM,False,True,,0.7965574
tumor|immune|CCN1|ITGAV,False,True,,0.79413354
tumor|immune|CCN1|ITGB2,False,True,,0.8520088
tumor|immune|CCN1|ITGB5,False,True,,0.6874294
tumor|immune|CCN1|SDC4,False,True,,0.7216541
tumor|immune|CCN1|TLR2,False,True,,0.81642264
tumor|immune|CCN1|TLR4,False,True,,0.7644915
tumor|immune|CD24|SIGLEC10,False,True,,0.7065147
tumor|immune|CD47|SIRPG,False,True,,0.76353973
tumor|immune|CD99|PILRB,False,True,,0.82393086
tumor|immune|CIRBP|TREM1,False,True,,0.90736794
tumor|immune|CLEC11A|ITGB1,False,True,,0.7865722
tumor|immune|CNTN1|NOTCH1,False,True,,0.6537153
tumor|immune|COL1A2|CD36,False,True,,0.7057047
tumor|immune|COL20A1|ITGA1_ITGB1,False,True,,0.7347473
tumor|immune|COL9A2|CD44,False,True,,0.8033833
tumor|immune|COL9A2|ITGA1_ITGB1,False,True,,0.65994763
tumor|immune|COPA|P2RY6,False,True,,0.726797
tumor|immune|CXCL14|CXCR4,False,True,,0.8575914
tumor|immune|DLL3|NOTCH1,False,True,,0.64718276
tumor|immune|DLL3|NOTCH2,False,True,,0.73681
tumor|immune|FAM3C|PDCD1,False,True,,0.79384166
tumor|immune|FGF2|SDC4,False,True,,0.65591496
tumor|immune|FN1|CD79A,False,True,,0.78493834
tumor|immune|FN1|ITGA4_ITGB7,False,True,,0.7412412
tumor|immune|GNAI2|CXCR3,False,True,,0.816738
tumor|immune|GNAI2|S1PR4,False,True,,0.79375833
tumor|immune|GNAS|ADRB2,False,True,,0.83123827
tumor|immune|GNAS|PTGDR,False,True,,0.8845152
tumor|immune|HEBP1|FPR3,False,True,,0.6321312
tumor|immune|HLA-A|CD8B,False,True,,0.9064808
tumor|immune|HLA-E|KLRC1_KLRD1,False,True,,0.861643
tumor|immune|HMGB1|THBD,False,True,,0.92102146
tumor|immune|HRAS|INSR,False,True,,0.6236653
tumor|immune|LGALS3BP|CD33,False,True,,0.7589877
tumor|immune|LGALS3|LAG3,False,True,,0.8354027
tumor|immune|LMAN1|MCFD2,False,True,,0.7266686
tumor|immune|LRPAP1|LDLR,False,True,,0.72669613
tumor|immune|MAML2|NOTCH1,False,True,,0.780345
tumor|immune|MDK|NCL,False,True,,0.90105766
tumor|immune|MDK|SDC4,False,True,,0.8079875
tumor|immune|MIF|ACKR3,False,True,,0.76517993
tumor|immune|MMP2|CCR2,False,True,,0.6616895
tumor|immune|NECTIN2|TIGIT,False,True,,0.68254894
tumor|immune|NECTIN3|TIGIT,False,True,,0.7049494
tumor|immune|PODXL2|SELL,False,True,,0.7768226
tumor|immune|PODXL|SELL,False,True,,0.713964
tumor|immune|PSEN1|NCSTN,False,True,,0.67064023
tumor|immune|PTDSS1|JMJD6,False,True,,0.66561896
tumor|immune|PTN|NCL,False,True,,0.94102836
tumor|immune|PTN|SDC4,False,True,,0.8805734
tumor|immune|RARRES2|CCRL2,False,True,,0.72482675
tumor|immune|RARRES2|CMKLR1,False,True,,0.6586817
tumor|immune|TFPI|SDC4,False,True,,0.6654495
tumor|immune|THBS4|CD36,False,True,,0.6857096
tumor|immune|TNC|SDC4,False,True,,0.7986034
tumor|immune|VCAN|SELL,False,True,,0.85063004
tumor|immune|VEGFA|EPHB2,False,True,,0.7358815
tumor|immune|VEGFB|ADRB2,False,True,,0.6561661
tumor|nerve|ADAM10|IL6R,False,True,,0.75460964
tumor|nerve|ADAM17|IL6R,False,True,,0.7519601
tumor|nerve|ADAM17|ITGB1,False,True,,0.8402759
tumor|nerve|ADAM9|ITGB1,False,True,,0.8546021
tumor|nerve|ADAM9|ITGB5,False,True,,0.6849107
tumor|nerve|ADM|CALCRL,False,True,,0.71496177
tumor|nerve|AGRN|MUSK,False,True,,0.4980834
tumor|nerve|AGTRAP|RACK1,False,True,,0.8473203
tumor|nerve|ANGPTL4|CDH11,False,True,,0.73688173
tumor|nerve|ANGPTL4|GPIHBP1,False,True,,0.6918258
tumor|nerve|ANGPTL4|SDC3,False,True,,0.6407115
tumor|nerve|APOD|LEPR,False,True,,0.720013
tumor|nerve|APP|LRP10,False,True,,0.8588592
tumor|nerve|APP|NCSTN,False,True,,0.8472903
tumor|nerve|APP|NGFR,False,True,,0.9093454
tumor|nerve|ARF6|PLD1,False,True,,0.83766776
tumor|nerve|CALM1|KCNQ1,False,True,,0.76945025
tumor|nerve|CALM3|KCNQ1,False,True,,0.6790808
tumor|nerve|CCN1|CAV1,False,True,,0.8039659
tumor|nerve|CCN1|ITGAV,False,True,,0.82415146
tumor|nerve|CCN1|ITGB5,False,True,,0.6499265
tumor|nerve|CD99|PILRB,False,True,,0.75286996
tumor|nerve|CKLF|LRP6,False,True,,0.8468353
tumor|nerve|CLEC11A|ITGB1,False,True,,0.79170364
tumor|nerve|COL20A1|ITGA2_ITGB1,False,True,,0.7678663
tumor|nerve|COL4A2|ITGB5,False,True,,0.63015455
tumor|nerve|COL9A2|CD44,False,True,,0.72287357
tumor|nerve|COL9A2|ITGA2_ITGB1,False,True,,0.6985747
tumor|nerve|COL9A2|ITGAV_ITGB8,False,True,,0.73643386
tumor|nerve|COL9A2|MAG,False,True,,0.8346193
tumor|nerve|DLL3|NOTCH1,False,True,,0.70916355
tumor|nerve|DLL3|NOTCH2,False,True,,0.6518173
tumor|nerve|DLL3|NOTCH4,False,True,,0.61909366
tumor|nerve|DRAXIN|DCC,False,True,,0.8222505
tumor|nerve|FGF1|FGFRL1,False,True,,0.47091544
tumor|nerve|FGF2|FGFRL1,False,True,,0.49882138
tumor|nerve|GNAI2|S1PR5,False,True,,0.80133986
tumor|nerve|HEBP1|GRM7,False,True,,0.55530834
tumor|nerve|HRAS|CAV1,False,True,,0.79001963
tumor|nerve|HRAS|INSR,False,True,,0.8443929
tumor|nerve|JAG1|NOTCH4,False,True,,0.61599857
tumor|nerve|LPL|GPIHBP1,False,True,,0.7423905
tumor|nerve|LRP1B|PLAUR,False,True,,0.81644845
tumor|nerve|LTBP3|ITGB5,False,True,,0.6728523
tumor|nerve|MAML2|NOTCH4,False,True,,0.75890815
tumor|nerve|MDK|NCL,False,True,,0.89394057
tumor|nerve|MIF|CD44_CD74,False,True,,0.8752302
tumor|nerve|NECTIN2|CD226,False,True,,0.572666
tumor|nerve|PSEN1|NCSTN,False,True,,0.71198136
tumor|nerve|PSEN1|NOTCH4,False,True,,0.59260756
tumor|nerve|PTN|NCL,False,True,,0.9365841
tumor|nerve|RTN4|NGFR,False,True,,0.91558015
tumor|nerve|SERTAD1|AR,False,True,,0.63904154
tumor|nerve|SLITRK2|PTPRD,False,True,,0.854466
tumor|nerve|SLITRK2|PTPRS,False,True,,0.7753933
tumor|nerve|VCAN|ITGB1,False,True,,0.89324015
tumor|nerve|VEGFA|GPC1,False,True,,0.8104743
tumor|nerve|VEGFA|ITGB1,False,True,,0.900569
tumor|nerve|VEGFA|SIRPA,False,True,,0.8357258
