nerve_leiden,cell_type_predicted,sample_id,n_cells
0,excitatory_neuron,3182,0
0,excitatory_neuron,3282,0
0,excitatory_neuron,3295,0
0,excitatory_neuron,BT333,0
0,excitatory_neuron,BT346,0
0,excitatory_neuron,BT363,0
0,excitatory_neuron,BT364,0
0,excitatory_neuron,BT368,0
0,excitatory_neuron,BT389,0
0,excitatory_neuron,BT390,0
0,excitatory_neuron,BT397,0
0,excitatory_neuron,BT402,0
0,excitatory_neuron,BT407,0
0,excitatory_neuron,BT409,0
0,excitatory_neuron,C3L-02705,0
0,excitatory_neuron,C3L-03405,0
0,excitatory_neuron,C3L-03968,0
0,excitatory_neuron,C3N-00662,0
0,excitatory_neuron,C3N-01334,0
0,excitatory_neuron,C3N-01798,0
0,excitatory_neuron,C3N-01814,0
0,excitatory_neuron,C3N-01815,0
0,excitatory_neuron,C3N-01816,0
0,excitatory_neuron,C3N-02181,0
0,excitatory_neuron,C3N-02188,0
0,excitatory_neuron,C3N-02190,0
0,excitatory_neuron,C3N-02769,0
0,excitatory_neuron,C3N-02783,0
0,excitatory_neuron,C3N-02784,0
0,excitatory_neuron,C3N-03184,0
0,excitatory_neuron,C3N-03186,0
0,excitatory_neuron,C3N-03188,0
0,excitatory_neuron,E10,0
0,excitatory_neuron,E100,0
0,excitatory_neuron,G523,0
0,excitatory_neuron,G549,0
0,excitatory_neuron,G566,0
0,excitatory_neuron,G583,0
0,excitatory_neuron,G620,0
0,excitatory_neuron,G637,0
0,excitatory_neuron,G729,0
0,excitatory_neuron,G799,0
0,excitatory_neuron,G837,0
0,excitatory_neuron,G851,0
0,excitatory_neuron,G910,0
0,excitatory_neuron,G945,0
0,excitatory_neuron,G946,0
0,excitatory_neuron,G967,0
0,excitatory_neuron,G983,0
0,excitatory_neuron,G1003,0
0,excitatory_neuron,GSM4141788,0
0,excitatory_neuron,GSM4141789,0
0,excitatory_neuron,GSM4141790,0
0,excitatory_neuron,JK125,0
0,excitatory_neuron,JK134,0
0,excitatory_neuron,JK136,0
0,excitatory_neuron,JK142,0
0,excitatory_neuron,JK153,0
0,excitatory_neuron,JK156,0
0,excitatory_neuron,JK163,0
0,excitatory_neuron,LB3018T,0
0,excitatory_neuron,LB3579T,0
0,excitatory_neuron,LB3612T,0
0,excitatory_neuron,LB3667T,0
0,excitatory_neuron,LB3771T,0
0,excitatory_neuron,LB3851T,0
0,excitatory_neuron,LB3853T,0
0,excitatory_neuron,LB3854T,0
0,excitatory_neuron,LB3864T,0
0,excitatory_neuron,LB3865T,0
0,excitatory_neuron,LB3869T,0
0,excitatory_neuron,LB3871T,0
0,excitatory_neuron,LB3872T,0
0,excitatory_neuron,LB3914T,0
0,excitatory_neuron,LB3915T,0
0,excitatory_neuron,LB3931T,0
0,excitatory_neuron,LB3944T,0
0,excitatory_neuron,LB3963T,0
0,excitatory_neuron,LB4003T,0
0,excitatory_neuron,LB4006T,0
0,excitatory_neuron,LB4015T,0
0,excitatory_neuron,LB4024T,0
0,excitatory_neuron,LB4034T,0
0,excitatory_neuron,LB4059T,0
0,excitatory_neuron,LB4075T,0
0,excitatory_neuron,LB4101T,0
0,excitatory_neuron,LB4117T,0
0,excitatory_neuron,LB4180T,0
0,excitatory_neuron,MGH102,0
0,excitatory_neuron,MGH105,0
0,excitatory_neuron,MGH114,0
0,excitatory_neuron,MGH115,0
0,excitatory_neuron,MGH118,0
0,excitatory_neuron,MGH124,0
0,excitatory_neuron,MGH125,0
0,excitatory_neuron,MGH126,0
0,excitatory_neuron,ND4,0
0,excitatory_neuron,P234_JAK,0
0,excitatory_neuron,P294,0
0,excitatory_neuron,P317,0
0,excitatory_neuron,P322,0
0,excitatory_neuron,Patient_2,0
0,excitatory_neuron,Patient_4,0
0,excitatory_neuron,R2,0
0,excitatory_neuron,R3,0
0,excitatory_neuron,R5,0
0,excitatory_neuron,SF4297,0
0,excitatory_neuron,SF6996,0
0,excitatory_neuron,SF9259R,0
0,excitatory_neuron,SF9259S,0
0,excitatory_neuron,SF10022,0
0,excitatory_neuron,SF10127,0
0,excitatory_neuron,SF11159,0
0,excitatory_neuron,SF11209,0
0,excitatory_neuron,SF11232,0
0,excitatory_neuron,SF11247,0
0,excitatory_neuron,SF11644,0
0,excitatory_neuron,SF11956,0
0,excitatory_neuron,SF11979,0
0,excitatory_neuron,SM006,0
0,excitatory_neuron,SM011,0
0,excitatory_neuron,SM012,0
0,excitatory_neuron,SM017,0
0,excitatory_neuron,SM018,0
0,excitatory_neuron,X154,0
0,excitatory_neuron,X192,0
0,excitatory_neuron,X194,0
0,excitatory_neuron,ndGBM-01,0
0,excitatory_neuron,ndGBM-02,0
0,excitatory_neuron,ndGBM-03,0
0,excitatory_neuron,ndGBM-04,0
0,excitatory_neuron,ndGBM-05,0
0,excitatory_neuron,ndGBM-06,0
0,excitatory_neuron,ndGBM-07,0
0,excitatory_neuron,ndGBM-08,0
0,excitatory_neuron,ndGBM-09,0
0,excitatory_neuron,ndGBM-11,0
0,excitatory_neuron,rGBM-01,0
0,excitatory_neuron,rGBM-02,0
0,excitatory_neuron,rGBM-03,0
0,excitatory_neuron,rGBM-04,0
0,inhibitory_neuron,3182,0
0,inhibitory_neuron,3282,0
0,inhibitory_neuron,3295,0
0,inhibitory_neuron,BT333,0
0,inhibitory_neuron,BT346,0
0,inhibitory_neuron,BT363,0
0,inhibitory_neuron,BT364,0
0,inhibitory_neuron,BT368,0
0,inhibitory_neuron,BT389,0
0,inhibitory_neuron,BT390,0
0,inhibitory_neuron,BT397,0
0,inhibitory_neuron,BT402,0
0,inhibitory_neuron,BT407,0
0,inhibitory_neuron,BT409,0
0,inhibitory_neuron,C3L-02705,0
0,inhibitory_neuron,C3L-03405,0
0,inhibitory_neuron,C3L-03968,0
0,inhibitory_neuron,C3N-00662,0
0,inhibitory_neuron,C3N-01334,0
0,inhibitory_neuron,C3N-01798,0
0,inhibitory_neuron,C3N-01814,0
0,inhibitory_neuron,C3N-01815,0
0,inhibitory_neuron,C3N-01816,0
0,inhibitory_neuron,C3N-02181,0
0,inhibitory_neuron,C3N-02188,0
0,inhibitory_neuron,C3N-02190,0
0,inhibitory_neuron,C3N-02769,0
0,inhibitory_neuron,C3N-02783,0
0,inhibitory_neuron,C3N-02784,0
0,inhibitory_neuron,C3N-03184,0
0,inhibitory_neuron,C3N-03186,0
0,inhibitory_neuron,C3N-03188,0
0,inhibitory_neuron,E10,0
0,inhibitory_neuron,E100,0
0,inhibitory_neuron,G523,0
0,inhibitory_neuron,G549,0
0,inhibitory_neuron,G566,0
0,inhibitory_neuron,G583,0
0,inhibitory_neuron,G620,0
0,inhibitory_neuron,G637,0
0,inhibitory_neuron,G729,0
0,inhibitory_neuron,G799,0
0,inhibitory_neuron,G837,0
0,inhibitory_neuron,G851,0
0,inhibitory_neuron,G910,0
0,inhibitory_neuron,G945,0
0,inhibitory_neuron,G946,0
0,inhibitory_neuron,G967,0
0,inhibitory_neuron,G983,0
0,inhibitory_neuron,G1003,0
0,inhibitory_neuron,GSM4141788,0
0,inhibitory_neuron,GSM4141789,0
0,inhibitory_neuron,GSM4141790,0
0,inhibitory_neuron,JK125,0
0,inhibitory_neuron,JK134,0
0,inhibitory_neuron,JK136,0
0,inhibitory_neuron,JK142,0
0,inhibitory_neuron,JK153,0
0,inhibitory_neuron,JK156,0
0,inhibitory_neuron,JK163,0
0,inhibitory_neuron,LB3018T,0
0,inhibitory_neuron,LB3579T,0
0,inhibitory_neuron,LB3612T,0
0,inhibitory_neuron,LB3667T,0
0,inhibitory_neuron,LB3771T,0
0,inhibitory_neuron,LB3851T,0
0,inhibitory_neuron,LB3853T,0
0,inhibitory_neuron,LB3854T,0
0,inhibitory_neuron,LB3864T,0
0,inhibitory_neuron,LB3865T,0
0,inhibitory_neuron,LB3869T,0
0,inhibitory_neuron,LB3871T,0
0,inhibitory_neuron,LB3872T,0
0,inhibitory_neuron,LB3914T,0
0,inhibitory_neuron,LB3915T,0
0,inhibitory_neuron,LB3931T,0
0,inhibitory_neuron,LB3944T,0
0,inhibitory_neuron,LB3963T,0
0,inhibitory_neuron,LB4003T,0
0,inhibitory_neuron,LB4006T,0
0,inhibitory_neuron,LB4015T,0
0,inhibitory_neuron,LB4024T,0
0,inhibitory_neuron,LB4034T,0
0,inhibitory_neuron,LB4059T,0
0,inhibitory_neuron,LB4075T,0
0,inhibitory_neuron,LB4101T,0
0,inhibitory_neuron,LB4117T,0
0,inhibitory_neuron,LB4180T,0
0,inhibitory_neuron,MGH102,0
0,inhibitory_neuron,MGH105,0
0,inhibitory_neuron,MGH114,0
0,inhibitory_neuron,MGH115,0
0,inhibitory_neuron,MGH118,0
0,inhibitory_neuron,MGH124,0
0,inhibitory_neuron,MGH125,0
0,inhibitory_neuron,MGH126,0
0,inhibitory_neuron,ND4,0
0,inhibitory_neuron,P234_JAK,0
0,inhibitory_neuron,P294,0
0,inhibitory_neuron,P317,0
0,inhibitory_neuron,P322,0
0,inhibitory_neuron,Patient_2,0
0,inhibitory_neuron,Patient_4,0
0,inhibitory_neuron,R2,0
0,inhibitory_neuron,R3,0
0,inhibitory_neuron,R5,0
0,inhibitory_neuron,SF4297,0
0,inhibitory_neuron,SF6996,0
0,inhibitory_neuron,SF9259R,0
0,inhibitory_neuron,SF9259S,0
0,inhibitory_neuron,SF10022,0
0,inhibitory_neuron,SF10127,0
0,inhibitory_neuron,SF11159,0
0,inhibitory_neuron,SF11209,0
0,inhibitory_neuron,SF11232,0
0,inhibitory_neuron,SF11247,0
0,inhibitory_neuron,SF11644,0
0,inhibitory_neuron,SF11956,0
0,inhibitory_neuron,SF11979,0
0,inhibitory_neuron,SM006,0
0,inhibitory_neuron,SM011,0
0,inhibitory_neuron,SM012,0
0,inhibitory_neuron,SM017,0
0,inhibitory_neuron,SM018,0
0,inhibitory_neuron,X154,0
0,inhibitory_neuron,X192,0
0,inhibitory_neuron,X194,0
0,inhibitory_neuron,ndGBM-01,0
0,inhibitory_neuron,ndGBM-02,0
0,inhibitory_neuron,ndGBM-03,0
0,inhibitory_neuron,ndGBM-04,0
0,inhibitory_neuron,ndGBM-05,0
0,inhibitory_neuron,ndGBM-06,0
0,inhibitory_neuron,ndGBM-07,0
0,inhibitory_neuron,ndGBM-08,0
0,inhibitory_neuron,ndGBM-09,0
0,inhibitory_neuron,ndGBM-11,0
0,inhibitory_neuron,rGBM-01,0
0,inhibitory_neuron,rGBM-02,0
0,inhibitory_neuron,rGBM-03,0
0,inhibitory_neuron,rGBM-04,0
0,oligodendrocyte,3182,0
0,oligodendrocyte,3282,1
0,oligodendrocyte,3295,0
0,oligodendrocyte,BT333,0
0,oligodendrocyte,BT346,0
0,oligodendrocyte,BT363,8
0,oligodendrocyte,BT364,3
0,oligodendrocyte,BT368,3
0,oligodendrocyte,BT389,3
0,oligodendrocyte,BT390,4
0,oligodendrocyte,BT397,0
0,oligodendrocyte,BT402,3
0,oligodendrocyte,BT407,1
0,oligodendrocyte,BT409,1
0,oligodendrocyte,C3L-02705,248
0,oligodendrocyte,C3L-03405,4
0,oligodendrocyte,C3L-03968,10
0,oligodendrocyte,C3N-00662,77
0,oligodendrocyte,C3N-01334,233
0,oligodendrocyte,C3N-01798,116
0,oligodendrocyte,C3N-01814,225
0,oligodendrocyte,C3N-01815,294
0,oligodendrocyte,C3N-01816,0
0,oligodendrocyte,C3N-02181,2
0,oligodendrocyte,C3N-02188,0
0,oligodendrocyte,C3N-02190,29
0,oligodendrocyte,C3N-02769,14
0,oligodendrocyte,C3N-02783,827
0,oligodendrocyte,C3N-02784,119
0,oligodendrocyte,C3N-03184,12
0,oligodendrocyte,C3N-03186,275
0,oligodendrocyte,C3N-03188,1001
0,oligodendrocyte,E10,0
0,oligodendrocyte,E100,0
0,oligodendrocyte,G523,50
0,oligodendrocyte,G549,286
0,oligodendrocyte,G566,0
0,oligodendrocyte,G583,10
0,oligodendrocyte,G620,0
0,oligodendrocyte,G637,0
0,oligodendrocyte,G729,104
0,oligodendrocyte,G799,12
0,oligodendrocyte,G837,43
0,oligodendrocyte,G851,0
0,oligodendrocyte,G910,26
0,oligodendrocyte,G945,0
0,oligodendrocyte,G946,5
0,oligodendrocyte,G967,8
0,oligodendrocyte,G983,27
0,oligodendrocyte,G1003,0
0,oligodendrocyte,GSM4141788,0
0,oligodendrocyte,GSM4141789,0
0,oligodendrocyte,GSM4141790,0
0,oligodendrocyte,JK125,0
0,oligodendrocyte,JK134,0
0,oligodendrocyte,JK136,0
0,oligodendrocyte,JK142,0
0,oligodendrocyte,JK153,0
0,oligodendrocyte,JK156,0
0,oligodendrocyte,JK163,0
0,oligodendrocyte,LB3018T,0
0,oligodendrocyte,LB3579T,0
0,oligodendrocyte,LB3612T,0
0,oligodendrocyte,LB3667T,16
0,oligodendrocyte,LB3771T,0
0,oligodendrocyte,LB3851T,0
0,oligodendrocyte,LB3853T,0
0,oligodendrocyte,LB3854T,0
0,oligodendrocyte,LB3864T,4
0,oligodendrocyte,LB3865T,0
0,oligodendrocyte,LB3869T,0
0,oligodendrocyte,LB3871T,0
0,oligodendrocyte,LB3872T,0
0,oligodendrocyte,LB3914T,0
0,oligodendrocyte,LB3915T,0
0,oligodendrocyte,LB3931T,0
0,oligodendrocyte,LB3944T,0
0,oligodendrocyte,LB3963T,0
0,oligodendrocyte,LB4003T,0
0,oligodendrocyte,LB4006T,0
0,oligodendrocyte,LB4015T,0
0,oligodendrocyte,LB4024T,0
0,oligodendrocyte,LB4034T,0
0,oligodendrocyte,LB4059T,0
0,oligodendrocyte,LB4075T,0
0,oligodendrocyte,LB4101T,0
0,oligodendrocyte,LB4117T,1
0,oligodendrocyte,LB4180T,0
0,oligodendrocyte,MGH102,0
0,oligodendrocyte,MGH105,0
0,oligodendrocyte,MGH114,0
0,oligodendrocyte,MGH115,0
0,oligodendrocyte,MGH118,0
0,oligodendrocyte,MGH124,1
0,oligodendrocyte,MGH125,0
0,oligodendrocyte,MGH126,0
0,oligodendrocyte,ND4,0
0,oligodendrocyte,P234_JAK,2
0,oligodendrocyte,P294,0
0,oligodendrocyte,P317,0
0,oligodendrocyte,P322,0
0,oligodendrocyte,Patient_2,0
0,oligodendrocyte,Patient_4,1
0,oligodendrocyte,R2,0
0,oligodendrocyte,R3,0
0,oligodendrocyte,R5,0
0,oligodendrocyte,SF4297,9
0,oligodendrocyte,SF6996,202
0,oligodendrocyte,SF9259R,714
0,oligodendrocyte,SF9259S,314
0,oligodendrocyte,SF10022,26
0,oligodendrocyte,SF10127,2
0,oligodendrocyte,SF11159,0
0,oligodendrocyte,SF11209,1
0,oligodendrocyte,SF11232,0
0,oligodendrocyte,SF11247,6
0,oligodendrocyte,SF11644,17
0,oligodendrocyte,SF11956,1
0,oligodendrocyte,SF11979,1
0,oligodendrocyte,SM006,1
0,oligodendrocyte,SM011,0
0,oligodendrocyte,SM012,2
0,oligodendrocyte,SM017,0
0,oligodendrocyte,SM018,16
0,oligodendrocyte,X154,12
0,oligodendrocyte,X192,21
0,oligodendrocyte,X194,27
0,oligodendrocyte,ndGBM-01,3
0,oligodendrocyte,ndGBM-02,4
0,oligodendrocyte,ndGBM-03,3
0,oligodendrocyte,ndGBM-04,0
0,oligodendrocyte,ndGBM-05,9
0,oligodendrocyte,ndGBM-06,0
0,oligodendrocyte,ndGBM-07,7
0,oligodendrocyte,ndGBM-08,1
0,oligodendrocyte,ndGBM-09,0
0,oligodendrocyte,ndGBM-11,3
0,oligodendrocyte,rGBM-01,1
0,oligodendrocyte,rGBM-02,0
0,oligodendrocyte,rGBM-03,7
0,oligodendrocyte,rGBM-04,4
1,excitatory_neuron,3182,0
1,excitatory_neuron,3282,0
1,excitatory_neuron,3295,0
1,excitatory_neuron,BT333,0
1,excitatory_neuron,BT346,0
1,excitatory_neuron,BT363,0
1,excitatory_neuron,BT364,0
1,excitatory_neuron,BT368,0
1,excitatory_neuron,BT389,0
1,excitatory_neuron,BT390,0
1,excitatory_neuron,BT397,0
1,excitatory_neuron,BT402,0
1,excitatory_neuron,BT407,0
1,excitatory_neuron,BT409,0
1,excitatory_neuron,C3L-02705,0
1,excitatory_neuron,C3L-03405,0
1,excitatory_neuron,C3L-03968,0
1,excitatory_neuron,C3N-00662,0
1,excitatory_neuron,C3N-01334,0
1,excitatory_neuron,C3N-01798,0
1,excitatory_neuron,C3N-01814,0
1,excitatory_neuron,C3N-01815,0
1,excitatory_neuron,C3N-01816,0
1,excitatory_neuron,C3N-02181,0
1,excitatory_neuron,C3N-02188,0
1,excitatory_neuron,C3N-02190,0
1,excitatory_neuron,C3N-02769,0
1,excitatory_neuron,C3N-02783,0
1,excitatory_neuron,C3N-02784,0
1,excitatory_neuron,C3N-03184,0
1,excitatory_neuron,C3N-03186,0
1,excitatory_neuron,C3N-03188,0
1,excitatory_neuron,E10,0
1,excitatory_neuron,E100,0
1,excitatory_neuron,G523,0
1,excitatory_neuron,G549,0
1,excitatory_neuron,G566,0
1,excitatory_neuron,G583,0
1,excitatory_neuron,G620,0
1,excitatory_neuron,G637,0
1,excitatory_neuron,G729,0
1,excitatory_neuron,G799,0
1,excitatory_neuron,G837,0
1,excitatory_neuron,G851,0
1,excitatory_neuron,G910,0
1,excitatory_neuron,G945,0
1,excitatory_neuron,G946,0
1,excitatory_neuron,G967,0
1,excitatory_neuron,G983,0
1,excitatory_neuron,G1003,0
1,excitatory_neuron,GSM4141788,0
1,excitatory_neuron,GSM4141789,0
1,excitatory_neuron,GSM4141790,0
1,excitatory_neuron,JK125,0
1,excitatory_neuron,JK134,0
1,excitatory_neuron,JK136,0
1,excitatory_neuron,JK142,0
1,excitatory_neuron,JK153,0
1,excitatory_neuron,JK156,0
1,excitatory_neuron,JK163,0
1,excitatory_neuron,LB3018T,0
1,excitatory_neuron,LB3579T,0
1,excitatory_neuron,LB3612T,0
1,excitatory_neuron,LB3667T,0
1,excitatory_neuron,LB3771T,0
1,excitatory_neuron,LB3851T,0
1,excitatory_neuron,LB3853T,0
1,excitatory_neuron,LB3854T,0
1,excitatory_neuron,LB3864T,0
1,excitatory_neuron,LB3865T,0
1,excitatory_neuron,LB3869T,0
1,excitatory_neuron,LB3871T,0
1,excitatory_neuron,LB3872T,0
1,excitatory_neuron,LB3914T,0
1,excitatory_neuron,LB3915T,0
1,excitatory_neuron,LB3931T,0
1,excitatory_neuron,LB3944T,0
1,excitatory_neuron,LB3963T,0
1,excitatory_neuron,LB4003T,0
1,excitatory_neuron,LB4006T,0
1,excitatory_neuron,LB4015T,0
1,excitatory_neuron,LB4024T,0
1,excitatory_neuron,LB4034T,0
1,excitatory_neuron,LB4059T,0
1,excitatory_neuron,LB4075T,0
1,excitatory_neuron,LB4101T,0
1,excitatory_neuron,LB4117T,0
1,excitatory_neuron,LB4180T,0
1,excitatory_neuron,MGH102,0
1,excitatory_neuron,MGH105,0
1,excitatory_neuron,MGH114,0
1,excitatory_neuron,MGH115,0
1,excitatory_neuron,MGH118,0
1,excitatory_neuron,MGH124,0
1,excitatory_neuron,MGH125,0
1,excitatory_neuron,MGH126,0
1,excitatory_neuron,ND4,0
1,excitatory_neuron,P234_JAK,0
1,excitatory_neuron,P294,0
1,excitatory_neuron,P317,0
1,excitatory_neuron,P322,0
1,excitatory_neuron,Patient_2,0
1,excitatory_neuron,Patient_4,0
1,excitatory_neuron,R2,0
1,excitatory_neuron,R3,0
1,excitatory_neuron,R5,0
1,excitatory_neuron,SF4297,0
1,excitatory_neuron,SF6996,0
1,excitatory_neuron,SF9259R,0
1,excitatory_neuron,SF9259S,0
1,excitatory_neuron,SF10022,0
1,excitatory_neuron,SF10127,0
1,excitatory_neuron,SF11159,0
1,excitatory_neuron,SF11209,0
1,excitatory_neuron,SF11232,0
1,excitatory_neuron,SF11247,0
1,excitatory_neuron,SF11644,0
1,excitatory_neuron,SF11956,0
1,excitatory_neuron,SF11979,0
1,excitatory_neuron,SM006,0
1,excitatory_neuron,SM011,0
1,excitatory_neuron,SM012,0
1,excitatory_neuron,SM017,0
1,excitatory_neuron,SM018,0
1,excitatory_neuron,X154,0
1,excitatory_neuron,X192,0
1,excitatory_neuron,X194,0
1,excitatory_neuron,ndGBM-01,0
1,excitatory_neuron,ndGBM-02,0
1,excitatory_neuron,ndGBM-03,0
1,excitatory_neuron,ndGBM-04,0
1,excitatory_neuron,ndGBM-05,0
1,excitatory_neuron,ndGBM-06,0
1,excitatory_neuron,ndGBM-07,0
1,excitatory_neuron,ndGBM-08,0
1,excitatory_neuron,ndGBM-09,0
1,excitatory_neuron,ndGBM-11,0
1,excitatory_neuron,rGBM-01,0
1,excitatory_neuron,rGBM-02,0
1,excitatory_neuron,rGBM-03,0
1,excitatory_neuron,rGBM-04,0
1,inhibitory_neuron,3182,0
1,inhibitory_neuron,3282,0
1,inhibitory_neuron,3295,0
1,inhibitory_neuron,BT333,0
1,inhibitory_neuron,BT346,0
1,inhibitory_neuron,BT363,0
1,inhibitory_neuron,BT364,0
1,inhibitory_neuron,BT368,0
1,inhibitory_neuron,BT389,0
1,inhibitory_neuron,BT390,0
1,inhibitory_neuron,BT397,0
1,inhibitory_neuron,BT402,0
1,inhibitory_neuron,BT407,0
1,inhibitory_neuron,BT409,0
1,inhibitory_neuron,C3L-02705,0
1,inhibitory_neuron,C3L-03405,0
1,inhibitory_neuron,C3L-03968,0
1,inhibitory_neuron,C3N-00662,0
1,inhibitory_neuron,C3N-01334,0
1,inhibitory_neuron,C3N-01798,0
1,inhibitory_neuron,C3N-01814,0
1,inhibitory_neuron,C3N-01815,0
1,inhibitory_neuron,C3N-01816,0
1,inhibitory_neuron,C3N-02181,0
1,inhibitory_neuron,C3N-02188,0
1,inhibitory_neuron,C3N-02190,0
1,inhibitory_neuron,C3N-02769,0
1,inhibitory_neuron,C3N-02783,0
1,inhibitory_neuron,C3N-02784,0
1,inhibitory_neuron,C3N-03184,0
1,inhibitory_neuron,C3N-03186,0
1,inhibitory_neuron,C3N-03188,0
1,inhibitory_neuron,E10,0
1,inhibitory_neuron,E100,0
1,inhibitory_neuron,G523,0
1,inhibitory_neuron,G549,0
1,inhibitory_neuron,G566,0
1,inhibitory_neuron,G583,0
1,inhibitory_neuron,G620,0
1,inhibitory_neuron,G637,0
1,inhibitory_neuron,G729,0
1,inhibitory_neuron,G799,0
1,inhibitory_neuron,G837,0
1,inhibitory_neuron,G851,0
1,inhibitory_neuron,G910,0
1,inhibitory_neuron,G945,0
1,inhibitory_neuron,G946,0
1,inhibitory_neuron,G967,0
1,inhibitory_neuron,G983,0
1,inhibitory_neuron,G1003,0
1,inhibitory_neuron,GSM4141788,0
1,inhibitory_neuron,GSM4141789,0
1,inhibitory_neuron,GSM4141790,0
1,inhibitory_neuron,JK125,0
1,inhibitory_neuron,JK134,0
1,inhibitory_neuron,JK136,0
1,inhibitory_neuron,JK142,0
1,inhibitory_neuron,JK153,0
1,inhibitory_neuron,JK156,0
1,inhibitory_neuron,JK163,0
1,inhibitory_neuron,LB3018T,0
1,inhibitory_neuron,LB3579T,0
1,inhibitory_neuron,LB3612T,0
1,inhibitory_neuron,LB3667T,0
1,inhibitory_neuron,LB3771T,0
1,inhibitory_neuron,LB3851T,0
1,inhibitory_neuron,LB3853T,0
1,inhibitory_neuron,LB3854T,0
1,inhibitory_neuron,LB3864T,0
1,inhibitory_neuron,LB3865T,0
1,inhibitory_neuron,LB3869T,0
1,inhibitory_neuron,LB3871T,0
1,inhibitory_neuron,LB3872T,0
1,inhibitory_neuron,LB3914T,0
1,inhibitory_neuron,LB3915T,0
1,inhibitory_neuron,LB3931T,0
1,inhibitory_neuron,LB3944T,0
1,inhibitory_neuron,LB3963T,0
1,inhibitory_neuron,LB4003T,0
1,inhibitory_neuron,LB4006T,0
1,inhibitory_neuron,LB4015T,0
1,inhibitory_neuron,LB4024T,0
1,inhibitory_neuron,LB4034T,0
1,inhibitory_neuron,LB4059T,0
1,inhibitory_neuron,LB4075T,0
1,inhibitory_neuron,LB4101T,0
1,inhibitory_neuron,LB4117T,0
1,inhibitory_neuron,LB4180T,0
1,inhibitory_neuron,MGH102,0
1,inhibitory_neuron,MGH105,0
1,inhibitory_neuron,MGH114,0
1,inhibitory_neuron,MGH115,0
1,inhibitory_neuron,MGH118,0
1,inhibitory_neuron,MGH124,0
1,inhibitory_neuron,MGH125,0
1,inhibitory_neuron,MGH126,0
1,inhibitory_neuron,ND4,0
1,inhibitory_neuron,P234_JAK,0
1,inhibitory_neuron,P294,0
1,inhibitory_neuron,P317,0
1,inhibitory_neuron,P322,0
1,inhibitory_neuron,Patient_2,0
1,inhibitory_neuron,Patient_4,0
1,inhibitory_neuron,R2,0
1,inhibitory_neuron,R3,0
1,inhibitory_neuron,R5,0
1,inhibitory_neuron,SF4297,0
1,inhibitory_neuron,SF6996,0
1,inhibitory_neuron,SF9259R,0
1,inhibitory_neuron,SF9259S,0
1,inhibitory_neuron,SF10022,0
1,inhibitory_neuron,SF10127,0
1,inhibitory_neuron,SF11159,0
1,inhibitory_neuron,SF11209,0
1,inhibitory_neuron,SF11232,0
1,inhibitory_neuron,SF11247,0
1,inhibitory_neuron,SF11644,0
1,inhibitory_neuron,SF11956,0
1,inhibitory_neuron,SF11979,0
1,inhibitory_neuron,SM006,0
1,inhibitory_neuron,SM011,0
1,inhibitory_neuron,SM012,0
1,inhibitory_neuron,SM017,0
1,inhibitory_neuron,SM018,0
1,inhibitory_neuron,X154,0
1,inhibitory_neuron,X192,0
1,inhibitory_neuron,X194,0
1,inhibitory_neuron,ndGBM-01,0
1,inhibitory_neuron,ndGBM-02,0
1,inhibitory_neuron,ndGBM-03,0
1,inhibitory_neuron,ndGBM-04,0
1,inhibitory_neuron,ndGBM-05,0
1,inhibitory_neuron,ndGBM-06,0
1,inhibitory_neuron,ndGBM-07,0
1,inhibitory_neuron,ndGBM-08,0
1,inhibitory_neuron,ndGBM-09,0
1,inhibitory_neuron,ndGBM-11,0
1,inhibitory_neuron,rGBM-01,0
1,inhibitory_neuron,rGBM-02,0
1,inhibitory_neuron,rGBM-03,0
1,inhibitory_neuron,rGBM-04,0
1,oligodendrocyte,3182,27
1,oligodendrocyte,3282,8
1,oligodendrocyte,3295,1
1,oligodendrocyte,BT333,53
1,oligodendrocyte,BT346,183
1,oligodendrocyte,BT363,439
1,oligodendrocyte,BT364,625
1,oligodendrocyte,BT368,35
1,oligodendrocyte,BT389,117
1,oligodendrocyte,BT390,696
1,oligodendrocyte,BT397,8
1,oligodendrocyte,BT402,82
1,oligodendrocyte,BT407,104
1,oligodendrocyte,BT409,173
1,oligodendrocyte,C3L-02705,0
1,oligodendrocyte,C3L-03405,0
1,oligodendrocyte,C3L-03968,2
1,oligodendrocyte,C3N-00662,1
1,oligodendrocyte,C3N-01334,2
1,oligodendrocyte,C3N-01798,0
1,oligodendrocyte,C3N-01814,8
1,oligodendrocyte,C3N-01815,2
1,oligodendrocyte,C3N-01816,0
1,oligodendrocyte,C3N-02181,0
1,oligodendrocyte,C3N-02188,0
1,oligodendrocyte,C3N-02190,0
1,oligodendrocyte,C3N-02769,0
1,oligodendrocyte,C3N-02783,5
1,oligodendrocyte,C3N-02784,55
1,oligodendrocyte,C3N-03184,0
1,oligodendrocyte,C3N-03186,5
1,oligodendrocyte,C3N-03188,36
1,oligodendrocyte,E10,0
1,oligodendrocyte,E100,1
1,oligodendrocyte,G523,6
1,oligodendrocyte,G549,3
1,oligodendrocyte,G566,0
1,oligodendrocyte,G583,13
1,oligodendrocyte,G620,0
1,oligodendrocyte,G637,0
1,oligodendrocyte,G729,2
1,oligodendrocyte,G799,0
1,oligodendrocyte,G837,13
1,oligodendrocyte,G851,0
1,oligodendrocyte,G910,120
1,oligodendrocyte,G945,3
1,oligodendrocyte,G946,19
1,oligodendrocyte,G967,12
1,oligodendrocyte,G983,166
1,oligodendrocyte,G1003,91
1,oligodendrocyte,GSM4141788,5
1,oligodendrocyte,GSM4141789,7
1,oligodendrocyte,GSM4141790,0
1,oligodendrocyte,JK125,1
1,oligodendrocyte,JK134,3
1,oligodendrocyte,JK136,1
1,oligodendrocyte,JK142,34
1,oligodendrocyte,JK153,0
1,oligodendrocyte,JK156,2
1,oligodendrocyte,JK163,2
1,oligodendrocyte,LB3018T,0
1,oligodendrocyte,LB3579T,0
1,oligodendrocyte,LB3612T,0
1,oligodendrocyte,LB3667T,3
1,oligodendrocyte,LB3771T,0
1,oligodendrocyte,LB3851T,0
1,oligodendrocyte,LB3853T,0
1,oligodendrocyte,LB3854T,0
1,oligodendrocyte,LB3864T,12
1,oligodendrocyte,LB3865T,0
1,oligodendrocyte,LB3869T,0
1,oligodendrocyte,LB3871T,0
1,oligodendrocyte,LB3872T,0
1,oligodendrocyte,LB3914T,1
1,oligodendrocyte,LB3915T,0
1,oligodendrocyte,LB3931T,0
1,oligodendrocyte,LB3944T,0
1,oligodendrocyte,LB3963T,0
1,oligodendrocyte,LB4003T,2
1,oligodendrocyte,LB4006T,0
1,oligodendrocyte,LB4015T,0
1,oligodendrocyte,LB4024T,0
1,oligodendrocyte,LB4034T,0
1,oligodendrocyte,LB4059T,0
1,oligodendrocyte,LB4075T,0
1,oligodendrocyte,LB4101T,0
1,oligodendrocyte,LB4117T,0
1,oligodendrocyte,LB4180T,0
1,oligodendrocyte,MGH102,2
1,oligodendrocyte,MGH105,1
1,oligodendrocyte,MGH114,0
1,oligodendrocyte,MGH115,0
1,oligodendrocyte,MGH118,11
1,oligodendrocyte,MGH124,1
1,oligodendrocyte,MGH125,53
1,oligodendrocyte,MGH126,0
1,oligodendrocyte,ND4,0
1,oligodendrocyte,P234_JAK,0
1,oligodendrocyte,P294,0
1,oligodendrocyte,P317,2
1,oligodendrocyte,P322,0
1,oligodendrocyte,Patient_2,0
1,oligodendrocyte,Patient_4,0
1,oligodendrocyte,R2,0
1,oligodendrocyte,R3,0
1,oligodendrocyte,R5,0
1,oligodendrocyte,SF4297,0
1,oligodendrocyte,SF6996,0
1,oligodendrocyte,SF9259R,0
1,oligodendrocyte,SF9259S,0
1,oligodendrocyte,SF10022,0
1,oligodendrocyte,SF10127,0
1,oligodendrocyte,SF11159,1
1,oligodendrocyte,SF11209,0
1,oligodendrocyte,SF11232,1
1,oligodendrocyte,SF11247,1
1,oligodendrocyte,SF11644,6
1,oligodendrocyte,SF11956,0
1,oligodendrocyte,SF11979,0
1,oligodendrocyte,SM006,0
1,oligodendrocyte,SM011,3
1,oligodendrocyte,SM012,13
1,oligodendrocyte,SM017,3
1,oligodendrocyte,SM018,31
1,oligodendrocyte,X154,5
1,oligodendrocyte,X192,12
1,oligodendrocyte,X194,85
1,oligodendrocyte,ndGBM-01,16
1,oligodendrocyte,ndGBM-02,25
1,oligodendrocyte,ndGBM-03,5
1,oligodendrocyte,ndGBM-04,0
1,oligodendrocyte,ndGBM-05,0
1,oligodendrocyte,ndGBM-06,6
1,oligodendrocyte,ndGBM-07,1
1,oligodendrocyte,ndGBM-08,0
1,oligodendrocyte,ndGBM-09,0
1,oligodendrocyte,ndGBM-11,1
1,oligodendrocyte,rGBM-01,55
1,oligodendrocyte,rGBM-02,0
1,oligodendrocyte,rGBM-03,12
1,oligodendrocyte,rGBM-04,44
2,excitatory_neuron,3182,0
2,excitatory_neuron,3282,0
2,excitatory_neuron,3295,0
2,excitatory_neuron,BT333,0
2,excitatory_neuron,BT346,0
2,excitatory_neuron,BT363,0
2,excitatory_neuron,BT364,0
2,excitatory_neuron,BT368,0
2,excitatory_neuron,BT389,0
2,excitatory_neuron,BT390,0
2,excitatory_neuron,BT397,0
2,excitatory_neuron,BT402,0
2,excitatory_neuron,BT407,0
2,excitatory_neuron,BT409,0
2,excitatory_neuron,C3L-02705,0
2,excitatory_neuron,C3L-03405,0
2,excitatory_neuron,C3L-03968,0
2,excitatory_neuron,C3N-00662,0
2,excitatory_neuron,C3N-01334,0
2,excitatory_neuron,C3N-01798,0
2,excitatory_neuron,C3N-01814,0
2,excitatory_neuron,C3N-01815,0
2,excitatory_neuron,C3N-01816,0
2,excitatory_neuron,C3N-02181,0
2,excitatory_neuron,C3N-02188,0
2,excitatory_neuron,C3N-02190,0
2,excitatory_neuron,C3N-02769,0
2,excitatory_neuron,C3N-02783,0
2,excitatory_neuron,C3N-02784,0
2,excitatory_neuron,C3N-03184,0
2,excitatory_neuron,C3N-03186,0
2,excitatory_neuron,C3N-03188,0
2,excitatory_neuron,E10,0
2,excitatory_neuron,E100,0
2,excitatory_neuron,G523,0
2,excitatory_neuron,G549,0
2,excitatory_neuron,G566,0
2,excitatory_neuron,G583,0
2,excitatory_neuron,G620,0
2,excitatory_neuron,G637,0
2,excitatory_neuron,G729,0
2,excitatory_neuron,G799,0
2,excitatory_neuron,G837,0
2,excitatory_neuron,G851,0
2,excitatory_neuron,G910,0
2,excitatory_neuron,G945,0
2,excitatory_neuron,G946,0
2,excitatory_neuron,G967,0
2,excitatory_neuron,G983,0
2,excitatory_neuron,G1003,0
2,excitatory_neuron,GSM4141788,0
2,excitatory_neuron,GSM4141789,0
2,excitatory_neuron,GSM4141790,0
2,excitatory_neuron,JK125,0
2,excitatory_neuron,JK134,0
2,excitatory_neuron,JK136,0
2,excitatory_neuron,JK142,0
2,excitatory_neuron,JK153,0
2,excitatory_neuron,JK156,0
2,excitatory_neuron,JK163,0
2,excitatory_neuron,LB3018T,0
2,excitatory_neuron,LB3579T,0
2,excitatory_neuron,LB3612T,0
2,excitatory_neuron,LB3667T,0
2,excitatory_neuron,LB3771T,0
2,excitatory_neuron,LB3851T,0
2,excitatory_neuron,LB3853T,0
2,excitatory_neuron,LB3854T,0
2,excitatory_neuron,LB3864T,0
2,excitatory_neuron,LB3865T,0
2,excitatory_neuron,LB3869T,0
2,excitatory_neuron,LB3871T,0
2,excitatory_neuron,LB3872T,0
2,excitatory_neuron,LB3914T,0
2,excitatory_neuron,LB3915T,0
2,excitatory_neuron,LB3931T,0
2,excitatory_neuron,LB3944T,0
2,excitatory_neuron,LB3963T,0
2,excitatory_neuron,LB4003T,0
2,excitatory_neuron,LB4006T,0
2,excitatory_neuron,LB4015T,0
2,excitatory_neuron,LB4024T,0
2,excitatory_neuron,LB4034T,0
2,excitatory_neuron,LB4059T,0
2,excitatory_neuron,LB4075T,0
2,excitatory_neuron,LB4101T,0
2,excitatory_neuron,LB4117T,0
2,excitatory_neuron,LB4180T,0
2,excitatory_neuron,MGH102,0
2,excitatory_neuron,MGH105,0
2,excitatory_neuron,MGH114,0
2,excitatory_neuron,MGH115,0
2,excitatory_neuron,MGH118,0
2,excitatory_neuron,MGH124,0
2,excitatory_neuron,MGH125,0
2,excitatory_neuron,MGH126,0
2,excitatory_neuron,ND4,0
2,excitatory_neuron,P234_JAK,0
2,excitatory_neuron,P294,0
2,excitatory_neuron,P317,0
2,excitatory_neuron,P322,0
2,excitatory_neuron,Patient_2,0
2,excitatory_neuron,Patient_4,0
2,excitatory_neuron,R2,0
2,excitatory_neuron,R3,0
2,excitatory_neuron,R5,0
2,excitatory_neuron,SF4297,0
2,excitatory_neuron,SF6996,0
2,excitatory_neuron,SF9259R,0
2,excitatory_neuron,SF9259S,0
2,excitatory_neuron,SF10022,0
2,excitatory_neuron,SF10127,0
2,excitatory_neuron,SF11159,0
2,excitatory_neuron,SF11209,0
2,excitatory_neuron,SF11232,0
2,excitatory_neuron,SF11247,0
2,excitatory_neuron,SF11644,0
2,excitatory_neuron,SF11956,0
2,excitatory_neuron,SF11979,0
2,excitatory_neuron,SM006,0
2,excitatory_neuron,SM011,0
2,excitatory_neuron,SM012,0
2,excitatory_neuron,SM017,0
2,excitatory_neuron,SM018,0
2,excitatory_neuron,X154,0
2,excitatory_neuron,X192,0
2,excitatory_neuron,X194,0
2,excitatory_neuron,ndGBM-01,0
2,excitatory_neuron,ndGBM-02,0
2,excitatory_neuron,ndGBM-03,0
2,excitatory_neuron,ndGBM-04,0
2,excitatory_neuron,ndGBM-05,0
2,excitatory_neuron,ndGBM-06,0
2,excitatory_neuron,ndGBM-07,0
2,excitatory_neuron,ndGBM-08,0
2,excitatory_neuron,ndGBM-09,0
2,excitatory_neuron,ndGBM-11,0
2,excitatory_neuron,rGBM-01,0
2,excitatory_neuron,rGBM-02,0
2,excitatory_neuron,rGBM-03,0
2,excitatory_neuron,rGBM-04,0
2,inhibitory_neuron,3182,0
2,inhibitory_neuron,3282,0
2,inhibitory_neuron,3295,0
2,inhibitory_neuron,BT333,0
2,inhibitory_neuron,BT346,0
2,inhibitory_neuron,BT363,0
2,inhibitory_neuron,BT364,0
2,inhibitory_neuron,BT368,0
2,inhibitory_neuron,BT389,0
2,inhibitory_neuron,BT390,0
2,inhibitory_neuron,BT397,0
2,inhibitory_neuron,BT402,0
2,inhibitory_neuron,BT407,0
2,inhibitory_neuron,BT409,0
2,inhibitory_neuron,C3L-02705,0
2,inhibitory_neuron,C3L-03405,0
2,inhibitory_neuron,C3L-03968,0
2,inhibitory_neuron,C3N-00662,0
2,inhibitory_neuron,C3N-01334,0
2,inhibitory_neuron,C3N-01798,0
2,inhibitory_neuron,C3N-01814,0
2,inhibitory_neuron,C3N-01815,0
2,inhibitory_neuron,C3N-01816,0
2,inhibitory_neuron,C3N-02181,0
2,inhibitory_neuron,C3N-02188,0
2,inhibitory_neuron,C3N-02190,0
2,inhibitory_neuron,C3N-02769,0
2,inhibitory_neuron,C3N-02783,0
2,inhibitory_neuron,C3N-02784,0
2,inhibitory_neuron,C3N-03184,0
2,inhibitory_neuron,C3N-03186,0
2,inhibitory_neuron,C3N-03188,0
2,inhibitory_neuron,E10,0
2,inhibitory_neuron,E100,0
2,inhibitory_neuron,G523,0
2,inhibitory_neuron,G549,0
2,inhibitory_neuron,G566,0
2,inhibitory_neuron,G583,0
2,inhibitory_neuron,G620,0
2,inhibitory_neuron,G637,0
2,inhibitory_neuron,G729,0
2,inhibitory_neuron,G799,0
2,inhibitory_neuron,G837,0
2,inhibitory_neuron,G851,0
2,inhibitory_neuron,G910,0
2,inhibitory_neuron,G945,0
2,inhibitory_neuron,G946,0
2,inhibitory_neuron,G967,0
2,inhibitory_neuron,G983,0
2,inhibitory_neuron,G1003,0
2,inhibitory_neuron,GSM4141788,0
2,inhibitory_neuron,GSM4141789,0
2,inhibitory_neuron,GSM4141790,0
2,inhibitory_neuron,JK125,0
2,inhibitory_neuron,JK134,0
2,inhibitory_neuron,JK136,0
2,inhibitory_neuron,JK142,0
2,inhibitory_neuron,JK153,0
2,inhibitory_neuron,JK156,0
2,inhibitory_neuron,JK163,0
2,inhibitory_neuron,LB3018T,0
2,inhibitory_neuron,LB3579T,0
2,inhibitory_neuron,LB3612T,0
2,inhibitory_neuron,LB3667T,0
2,inhibitory_neuron,LB3771T,0
2,inhibitory_neuron,LB3851T,0
2,inhibitory_neuron,LB3853T,0
2,inhibitory_neuron,LB3854T,0
2,inhibitory_neuron,LB3864T,0
2,inhibitory_neuron,LB3865T,0
2,inhibitory_neuron,LB3869T,0
2,inhibitory_neuron,LB3871T,0
2,inhibitory_neuron,LB3872T,0
2,inhibitory_neuron,LB3914T,0
2,inhibitory_neuron,LB3915T,0
2,inhibitory_neuron,LB3931T,0
2,inhibitory_neuron,LB3944T,0
2,inhibitory_neuron,LB3963T,0
2,inhibitory_neuron,LB4003T,0
2,inhibitory_neuron,LB4006T,0
2,inhibitory_neuron,LB4015T,0
2,inhibitory_neuron,LB4024T,0
2,inhibitory_neuron,LB4034T,0
2,inhibitory_neuron,LB4059T,0
2,inhibitory_neuron,LB4075T,0
2,inhibitory_neuron,LB4101T,0
2,inhibitory_neuron,LB4117T,0
2,inhibitory_neuron,LB4180T,0
2,inhibitory_neuron,MGH102,0
2,inhibitory_neuron,MGH105,0
2,inhibitory_neuron,MGH114,0
2,inhibitory_neuron,MGH115,0
2,inhibitory_neuron,MGH118,0
2,inhibitory_neuron,MGH124,0
2,inhibitory_neuron,MGH125,0
2,inhibitory_neuron,MGH126,0
2,inhibitory_neuron,ND4,0
2,inhibitory_neuron,P234_JAK,0
2,inhibitory_neuron,P294,0
2,inhibitory_neuron,P317,0
2,inhibitory_neuron,P322,0
2,inhibitory_neuron,Patient_2,0
2,inhibitory_neuron,Patient_4,0
2,inhibitory_neuron,R2,0
2,inhibitory_neuron,R3,0
2,inhibitory_neuron,R5,0
2,inhibitory_neuron,SF4297,0
2,inhibitory_neuron,SF6996,0
2,inhibitory_neuron,SF9259R,0
2,inhibitory_neuron,SF9259S,0
2,inhibitory_neuron,SF10022,0
2,inhibitory_neuron,SF10127,0
2,inhibitory_neuron,SF11159,0
2,inhibitory_neuron,SF11209,0
2,inhibitory_neuron,SF11232,0
2,inhibitory_neuron,SF11247,0
2,inhibitory_neuron,SF11644,0
2,inhibitory_neuron,SF11956,0
2,inhibitory_neuron,SF11979,0
2,inhibitory_neuron,SM006,0
2,inhibitory_neuron,SM011,0
2,inhibitory_neuron,SM012,0
2,inhibitory_neuron,SM017,0
2,inhibitory_neuron,SM018,0
2,inhibitory_neuron,X154,0
2,inhibitory_neuron,X192,0
2,inhibitory_neuron,X194,0
2,inhibitory_neuron,ndGBM-01,0
2,inhibitory_neuron,ndGBM-02,0
2,inhibitory_neuron,ndGBM-03,0
2,inhibitory_neuron,ndGBM-04,0
2,inhibitory_neuron,ndGBM-05,0
2,inhibitory_neuron,ndGBM-06,0
2,inhibitory_neuron,ndGBM-07,0
2,inhibitory_neuron,ndGBM-08,0
2,inhibitory_neuron,ndGBM-09,0
2,inhibitory_neuron,ndGBM-11,0
2,inhibitory_neuron,rGBM-01,0
2,inhibitory_neuron,rGBM-02,0
2,inhibitory_neuron,rGBM-03,0
2,inhibitory_neuron,rGBM-04,0
2,oligodendrocyte,3182,2
2,oligodendrocyte,3282,10
2,oligodendrocyte,3295,3
2,oligodendrocyte,BT333,16
2,oligodendrocyte,BT346,13
2,oligodendrocyte,BT363,11
2,oligodendrocyte,BT364,8
2,oligodendrocyte,BT368,1
2,oligodendrocyte,BT389,12
2,oligodendrocyte,BT390,42
2,oligodendrocyte,BT397,1
2,oligodendrocyte,BT402,22
2,oligodendrocyte,BT407,9
2,oligodendrocyte,BT409,43
2,oligodendrocyte,C3L-02705,0
2,oligodendrocyte,C3L-03405,0
2,oligodendrocyte,C3L-03968,0
2,oligodendrocyte,C3N-00662,0
2,oligodendrocyte,C3N-01334,1
2,oligodendrocyte,C3N-01798,0
2,oligodendrocyte,C3N-01814,8
2,oligodendrocyte,C3N-01815,6
2,oligodendrocyte,C3N-01816,0
2,oligodendrocyte,C3N-02181,0
2,oligodendrocyte,C3N-02188,0
2,oligodendrocyte,C3N-02190,1
2,oligodendrocyte,C3N-02769,1
2,oligodendrocyte,C3N-02783,3
2,oligodendrocyte,C3N-02784,0
2,oligodendrocyte,C3N-03184,0
2,oligodendrocyte,C3N-03186,2
2,oligodendrocyte,C3N-03188,48
2,oligodendrocyte,E10,1
2,oligodendrocyte,E100,4
2,oligodendrocyte,G523,2
2,oligodendrocyte,G549,3
2,oligodendrocyte,G566,0
2,oligodendrocyte,G583,1
2,oligodendrocyte,G620,0
2,oligodendrocyte,G637,0
2,oligodendrocyte,G729,0
2,oligodendrocyte,G799,0
2,oligodendrocyte,G837,10
2,oligodendrocyte,G851,0
2,oligodendrocyte,G910,71
2,oligodendrocyte,G945,3
2,oligodendrocyte,G946,10
2,oligodendrocyte,G967,109
2,oligodendrocyte,G983,1426
2,oligodendrocyte,G1003,76
2,oligodendrocyte,GSM4141788,3
2,oligodendrocyte,GSM4141789,2
2,oligodendrocyte,GSM4141790,1
2,oligodendrocyte,JK125,6
2,oligodendrocyte,JK134,0
2,oligodendrocyte,JK136,0
2,oligodendrocyte,JK142,10
2,oligodendrocyte,JK153,0
2,oligodendrocyte,JK156,1
2,oligodendrocyte,JK163,0
2,oligodendrocyte,LB3018T,5
2,oligodendrocyte,LB3579T,2
2,oligodendrocyte,LB3612T,2
2,oligodendrocyte,LB3667T,10
2,oligodendrocyte,LB3771T,0
2,oligodendrocyte,LB3851T,0
2,oligodendrocyte,LB3853T,1
2,oligodendrocyte,LB3854T,1
2,oligodendrocyte,LB3864T,9
2,oligodendrocyte,LB3865T,0
2,oligodendrocyte,LB3869T,0
2,oligodendrocyte,LB3871T,1
2,oligodendrocyte,LB3872T,0
2,oligodendrocyte,LB3914T,2
2,oligodendrocyte,LB3915T,0
2,oligodendrocyte,LB3931T,0
2,oligodendrocyte,LB3944T,0
2,oligodendrocyte,LB3963T,0
2,oligodendrocyte,LB4003T,2
2,oligodendrocyte,LB4006T,0
2,oligodendrocyte,LB4015T,0
2,oligodendrocyte,LB4024T,3
2,oligodendrocyte,LB4034T,0
2,oligodendrocyte,LB4059T,0
2,oligodendrocyte,LB4075T,3
2,oligodendrocyte,LB4101T,3
2,oligodendrocyte,LB4117T,0
2,oligodendrocyte,LB4180T,3
2,oligodendrocyte,MGH102,1
2,oligodendrocyte,MGH105,8
2,oligodendrocyte,MGH114,0
2,oligodendrocyte,MGH115,0
2,oligodendrocyte,MGH118,4
2,oligodendrocyte,MGH124,0
2,oligodendrocyte,MGH125,128
2,oligodendrocyte,MGH126,0
2,oligodendrocyte,ND4,0
2,oligodendrocyte,P234_JAK,2
2,oligodendrocyte,P294,1
2,oligodendrocyte,P317,0
2,oligodendrocyte,P322,0
2,oligodendrocyte,Patient_2,0
2,oligodendrocyte,Patient_4,0
2,oligodendrocyte,R2,0
2,oligodendrocyte,R3,0
2,oligodendrocyte,R5,0
2,oligodendrocyte,SF4297,0
2,oligodendrocyte,SF6996,0
2,oligodendrocyte,SF9259R,4
2,oligodendrocyte,SF9259S,0
2,oligodendrocyte,SF10022,2
2,oligodendrocyte,SF10127,0
2,oligodendrocyte,SF11159,9
2,oligodendrocyte,SF11209,23
2,oligodendrocyte,SF11232,0
2,oligodendrocyte,SF11247,48
2,oligodendrocyte,SF11644,4
2,oligodendrocyte,SF11956,1
2,oligodendrocyte,SF11979,8
2,oligodendrocyte,SM006,1
2,oligodendrocyte,SM011,4
2,oligodendrocyte,SM012,18
2,oligodendrocyte,SM017,11
2,oligodendrocyte,SM018,343
2,oligodendrocyte,X154,6
2,oligodendrocyte,X192,14
2,oligodendrocyte,X194,92
2,oligodendrocyte,ndGBM-01,310
2,oligodendrocyte,ndGBM-02,31
2,oligodendrocyte,ndGBM-03,34
2,oligodendrocyte,ndGBM-04,1
2,oligodendrocyte,ndGBM-05,65
2,oligodendrocyte,ndGBM-06,5
2,oligodendrocyte,ndGBM-07,57
2,oligodendrocyte,ndGBM-08,14
2,oligodendrocyte,ndGBM-09,0
2,oligodendrocyte,ndGBM-11,37
2,oligodendrocyte,rGBM-01,41
2,oligodendrocyte,rGBM-02,4
2,oligodendrocyte,rGBM-03,84
2,oligodendrocyte,rGBM-04,29
3,excitatory_neuron,3182,0
3,excitatory_neuron,3282,0
3,excitatory_neuron,3295,0
3,excitatory_neuron,BT333,0
3,excitatory_neuron,BT346,0
3,excitatory_neuron,BT363,0
3,excitatory_neuron,BT364,0
3,excitatory_neuron,BT368,0
3,excitatory_neuron,BT389,0
3,excitatory_neuron,BT390,0
3,excitatory_neuron,BT397,0
3,excitatory_neuron,BT402,0
3,excitatory_neuron,BT407,0
3,excitatory_neuron,BT409,0
3,excitatory_neuron,C3L-02705,0
3,excitatory_neuron,C3L-03405,0
3,excitatory_neuron,C3L-03968,0
3,excitatory_neuron,C3N-00662,0
3,excitatory_neuron,C3N-01334,0
3,excitatory_neuron,C3N-01798,0
3,excitatory_neuron,C3N-01814,0
3,excitatory_neuron,C3N-01815,0
3,excitatory_neuron,C3N-01816,0
3,excitatory_neuron,C3N-02181,0
3,excitatory_neuron,C3N-02188,0
3,excitatory_neuron,C3N-02190,0
3,excitatory_neuron,C3N-02769,0
3,excitatory_neuron,C3N-02783,0
3,excitatory_neuron,C3N-02784,0
3,excitatory_neuron,C3N-03184,0
3,excitatory_neuron,C3N-03186,0
3,excitatory_neuron,C3N-03188,0
3,excitatory_neuron,E10,0
3,excitatory_neuron,E100,0
3,excitatory_neuron,G523,0
3,excitatory_neuron,G549,0
3,excitatory_neuron,G566,0
3,excitatory_neuron,G583,0
3,excitatory_neuron,G620,0
3,excitatory_neuron,G637,0
3,excitatory_neuron,G729,0
3,excitatory_neuron,G799,0
3,excitatory_neuron,G837,0
3,excitatory_neuron,G851,0
3,excitatory_neuron,G910,0
3,excitatory_neuron,G945,0
3,excitatory_neuron,G946,0
3,excitatory_neuron,G967,0
3,excitatory_neuron,G983,0
3,excitatory_neuron,G1003,0
3,excitatory_neuron,GSM4141788,0
3,excitatory_neuron,GSM4141789,0
3,excitatory_neuron,GSM4141790,0
3,excitatory_neuron,JK125,0
3,excitatory_neuron,JK134,0
3,excitatory_neuron,JK136,0
3,excitatory_neuron,JK142,0
3,excitatory_neuron,JK153,0
3,excitatory_neuron,JK156,0
3,excitatory_neuron,JK163,0
3,excitatory_neuron,LB3018T,0
3,excitatory_neuron,LB3579T,0
3,excitatory_neuron,LB3612T,0
3,excitatory_neuron,LB3667T,0
3,excitatory_neuron,LB3771T,0
3,excitatory_neuron,LB3851T,0
3,excitatory_neuron,LB3853T,0
3,excitatory_neuron,LB3854T,0
3,excitatory_neuron,LB3864T,0
3,excitatory_neuron,LB3865T,0
3,excitatory_neuron,LB3869T,0
3,excitatory_neuron,LB3871T,0
3,excitatory_neuron,LB3872T,0
3,excitatory_neuron,LB3914T,0
3,excitatory_neuron,LB3915T,0
3,excitatory_neuron,LB3931T,0
3,excitatory_neuron,LB3944T,0
3,excitatory_neuron,LB3963T,0
3,excitatory_neuron,LB4003T,0
3,excitatory_neuron,LB4006T,0
3,excitatory_neuron,LB4015T,0
3,excitatory_neuron,LB4024T,0
3,excitatory_neuron,LB4034T,0
3,excitatory_neuron,LB4059T,0
3,excitatory_neuron,LB4075T,0
3,excitatory_neuron,LB4101T,0
3,excitatory_neuron,LB4117T,0
3,excitatory_neuron,LB4180T,0
3,excitatory_neuron,MGH102,0
3,excitatory_neuron,MGH105,0
3,excitatory_neuron,MGH114,0
3,excitatory_neuron,MGH115,0
3,excitatory_neuron,MGH118,0
3,excitatory_neuron,MGH124,0
3,excitatory_neuron,MGH125,0
3,excitatory_neuron,MGH126,0
3,excitatory_neuron,ND4,0
3,excitatory_neuron,P234_JAK,0
3,excitatory_neuron,P294,0
3,excitatory_neuron,P317,0
3,excitatory_neuron,P322,0
3,excitatory_neuron,Patient_2,0
3,excitatory_neuron,Patient_4,0
3,excitatory_neuron,R2,0
3,excitatory_neuron,R3,0
3,excitatory_neuron,R5,0
3,excitatory_neuron,SF4297,0
3,excitatory_neuron,SF6996,0
3,excitatory_neuron,SF9259R,0
3,excitatory_neuron,SF9259S,0
3,excitatory_neuron,SF10022,0
3,excitatory_neuron,SF10127,0
3,excitatory_neuron,SF11159,0
3,excitatory_neuron,SF11209,0
3,excitatory_neuron,SF11232,0
3,excitatory_neuron,SF11247,0
3,excitatory_neuron,SF11644,0
3,excitatory_neuron,SF11956,0
3,excitatory_neuron,SF11979,0
3,excitatory_neuron,SM006,0
3,excitatory_neuron,SM011,0
3,excitatory_neuron,SM012,0
3,excitatory_neuron,SM017,0
3,excitatory_neuron,SM018,0
3,excitatory_neuron,X154,0
3,excitatory_neuron,X192,0
3,excitatory_neuron,X194,0
3,excitatory_neuron,ndGBM-01,0
3,excitatory_neuron,ndGBM-02,0
3,excitatory_neuron,ndGBM-03,0
3,excitatory_neuron,ndGBM-04,0
3,excitatory_neuron,ndGBM-05,0
3,excitatory_neuron,ndGBM-06,0
3,excitatory_neuron,ndGBM-07,0
3,excitatory_neuron,ndGBM-08,0
3,excitatory_neuron,ndGBM-09,0
3,excitatory_neuron,ndGBM-11,0
3,excitatory_neuron,rGBM-01,0
3,excitatory_neuron,rGBM-02,0
3,excitatory_neuron,rGBM-03,0
3,excitatory_neuron,rGBM-04,0
3,inhibitory_neuron,3182,0
3,inhibitory_neuron,3282,0
3,inhibitory_neuron,3295,0
3,inhibitory_neuron,BT333,0
3,inhibitory_neuron,BT346,0
3,inhibitory_neuron,BT363,0
3,inhibitory_neuron,BT364,0
3,inhibitory_neuron,BT368,0
3,inhibitory_neuron,BT389,0
3,inhibitory_neuron,BT390,0
3,inhibitory_neuron,BT397,0
3,inhibitory_neuron,BT402,0
3,inhibitory_neuron,BT407,0
3,inhibitory_neuron,BT409,0
3,inhibitory_neuron,C3L-02705,0
3,inhibitory_neuron,C3L-03405,0
3,inhibitory_neuron,C3L-03968,0
3,inhibitory_neuron,C3N-00662,0
3,inhibitory_neuron,C3N-01334,0
3,inhibitory_neuron,C3N-01798,0
3,inhibitory_neuron,C3N-01814,0
3,inhibitory_neuron,C3N-01815,0
3,inhibitory_neuron,C3N-01816,0
3,inhibitory_neuron,C3N-02181,0
3,inhibitory_neuron,C3N-02188,0
3,inhibitory_neuron,C3N-02190,0
3,inhibitory_neuron,C3N-02769,0
3,inhibitory_neuron,C3N-02783,0
3,inhibitory_neuron,C3N-02784,0
3,inhibitory_neuron,C3N-03184,0
3,inhibitory_neuron,C3N-03186,0
3,inhibitory_neuron,C3N-03188,0
3,inhibitory_neuron,E10,0
3,inhibitory_neuron,E100,0
3,inhibitory_neuron,G523,0
3,inhibitory_neuron,G549,0
3,inhibitory_neuron,G566,0
3,inhibitory_neuron,G583,0
3,inhibitory_neuron,G620,0
3,inhibitory_neuron,G637,0
3,inhibitory_neuron,G729,0
3,inhibitory_neuron,G799,0
3,inhibitory_neuron,G837,0
3,inhibitory_neuron,G851,0
3,inhibitory_neuron,G910,0
3,inhibitory_neuron,G945,0
3,inhibitory_neuron,G946,0
3,inhibitory_neuron,G967,0
3,inhibitory_neuron,G983,0
3,inhibitory_neuron,G1003,0
3,inhibitory_neuron,GSM4141788,0
3,inhibitory_neuron,GSM4141789,0
3,inhibitory_neuron,GSM4141790,0
3,inhibitory_neuron,JK125,0
3,inhibitory_neuron,JK134,0
3,inhibitory_neuron,JK136,0
3,inhibitory_neuron,JK142,0
3,inhibitory_neuron,JK153,0
3,inhibitory_neuron,JK156,0
3,inhibitory_neuron,JK163,0
3,inhibitory_neuron,LB3018T,0
3,inhibitory_neuron,LB3579T,0
3,inhibitory_neuron,LB3612T,0
3,inhibitory_neuron,LB3667T,0
3,inhibitory_neuron,LB3771T,0
3,inhibitory_neuron,LB3851T,0
3,inhibitory_neuron,LB3853T,0
3,inhibitory_neuron,LB3854T,0
3,inhibitory_neuron,LB3864T,0
3,inhibitory_neuron,LB3865T,0
3,inhibitory_neuron,LB3869T,0
3,inhibitory_neuron,LB3871T,0
3,inhibitory_neuron,LB3872T,0
3,inhibitory_neuron,LB3914T,0
3,inhibitory_neuron,LB3915T,0
3,inhibitory_neuron,LB3931T,0
3,inhibitory_neuron,LB3944T,0
3,inhibitory_neuron,LB3963T,0
3,inhibitory_neuron,LB4003T,0
3,inhibitory_neuron,LB4006T,0
3,inhibitory_neuron,LB4015T,0
3,inhibitory_neuron,LB4024T,0
3,inhibitory_neuron,LB4034T,0
3,inhibitory_neuron,LB4059T,0
3,inhibitory_neuron,LB4075T,0
3,inhibitory_neuron,LB4101T,0
3,inhibitory_neuron,LB4117T,0
3,inhibitory_neuron,LB4180T,0
3,inhibitory_neuron,MGH102,0
3,inhibitory_neuron,MGH105,0
3,inhibitory_neuron,MGH114,0
3,inhibitory_neuron,MGH115,0
3,inhibitory_neuron,MGH118,0
3,inhibitory_neuron,MGH124,0
3,inhibitory_neuron,MGH125,0
3,inhibitory_neuron,MGH126,0
3,inhibitory_neuron,ND4,0
3,inhibitory_neuron,P234_JAK,0
3,inhibitory_neuron,P294,0
3,inhibitory_neuron,P317,0
3,inhibitory_neuron,P322,0
3,inhibitory_neuron,Patient_2,0
3,inhibitory_neuron,Patient_4,0
3,inhibitory_neuron,R2,0
3,inhibitory_neuron,R3,0
3,inhibitory_neuron,R5,0
3,inhibitory_neuron,SF4297,0
3,inhibitory_neuron,SF6996,0
3,inhibitory_neuron,SF9259R,0
3,inhibitory_neuron,SF9259S,0
3,inhibitory_neuron,SF10022,0
3,inhibitory_neuron,SF10127,0
3,inhibitory_neuron,SF11159,0
3,inhibitory_neuron,SF11209,0
3,inhibitory_neuron,SF11232,0
3,inhibitory_neuron,SF11247,0
3,inhibitory_neuron,SF11644,0
3,inhibitory_neuron,SF11956,0
3,inhibitory_neuron,SF11979,0
3,inhibitory_neuron,SM006,0
3,inhibitory_neuron,SM011,0
3,inhibitory_neuron,SM012,0
3,inhibitory_neuron,SM017,0
3,inhibitory_neuron,SM018,0
3,inhibitory_neuron,X154,0
3,inhibitory_neuron,X192,0
3,inhibitory_neuron,X194,0
3,inhibitory_neuron,ndGBM-01,0
3,inhibitory_neuron,ndGBM-02,0
3,inhibitory_neuron,ndGBM-03,0
3,inhibitory_neuron,ndGBM-04,0
3,inhibitory_neuron,ndGBM-05,0
3,inhibitory_neuron,ndGBM-06,0
3,inhibitory_neuron,ndGBM-07,0
3,inhibitory_neuron,ndGBM-08,0
3,inhibitory_neuron,ndGBM-09,0
3,inhibitory_neuron,ndGBM-11,0
3,inhibitory_neuron,rGBM-01,0
3,inhibitory_neuron,rGBM-02,0
3,inhibitory_neuron,rGBM-03,0
3,inhibitory_neuron,rGBM-04,0
3,oligodendrocyte,3182,0
3,oligodendrocyte,3282,0
3,oligodendrocyte,3295,0
3,oligodendrocyte,BT333,0
3,oligodendrocyte,BT346,0
3,oligodendrocyte,BT363,7
3,oligodendrocyte,BT364,10
3,oligodendrocyte,BT368,0
3,oligodendrocyte,BT389,1
3,oligodendrocyte,BT390,2
3,oligodendrocyte,BT397,0
3,oligodendrocyte,BT402,1
3,oligodendrocyte,BT407,1
3,oligodendrocyte,BT409,0
3,oligodendrocyte,C3L-02705,42
3,oligodendrocyte,C3L-03405,6
3,oligodendrocyte,C3L-03968,18
3,oligodendrocyte,C3N-00662,87
3,oligodendrocyte,C3N-01334,40
3,oligodendrocyte,C3N-01798,424
3,oligodendrocyte,C3N-01814,34
3,oligodendrocyte,C3N-01815,401
3,oligodendrocyte,C3N-01816,0
3,oligodendrocyte,C3N-02181,70
3,oligodendrocyte,C3N-02188,3
3,oligodendrocyte,C3N-02190,157
3,oligodendrocyte,C3N-02769,14
3,oligodendrocyte,C3N-02783,214
3,oligodendrocyte,C3N-02784,391
3,oligodendrocyte,C3N-03184,16
3,oligodendrocyte,C3N-03186,109
3,oligodendrocyte,C3N-03188,105
3,oligodendrocyte,E10,0
3,oligodendrocyte,E100,0
3,oligodendrocyte,G523,32
3,oligodendrocyte,G549,0
3,oligodendrocyte,G566,5
3,oligodendrocyte,G583,172
3,oligodendrocyte,G620,0
3,oligodendrocyte,G637,0
3,oligodendrocyte,G729,18
3,oligodendrocyte,G799,2
3,oligodendrocyte,G837,0
3,oligodendrocyte,G851,13
3,oligodendrocyte,G910,2
3,oligodendrocyte,G945,0
3,oligodendrocyte,G946,0
3,oligodendrocyte,G967,0
3,oligodendrocyte,G983,6
3,oligodendrocyte,G1003,0
3,oligodendrocyte,GSM4141788,0
3,oligodendrocyte,GSM4141789,1
3,oligodendrocyte,GSM4141790,0
3,oligodendrocyte,JK125,0
3,oligodendrocyte,JK134,0
3,oligodendrocyte,JK136,0
3,oligodendrocyte,JK142,0
3,oligodendrocyte,JK153,0
3,oligodendrocyte,JK156,1
3,oligodendrocyte,JK163,0
3,oligodendrocyte,LB3018T,0
3,oligodendrocyte,LB3579T,0
3,oligodendrocyte,LB3612T,0
3,oligodendrocyte,LB3667T,4
3,oligodendrocyte,LB3771T,0
3,oligodendrocyte,LB3851T,1
3,oligodendrocyte,LB3853T,0
3,oligodendrocyte,LB3854T,0
3,oligodendrocyte,LB3864T,1
3,oligodendrocyte,LB3865T,0
3,oligodendrocyte,LB3869T,0
3,oligodendrocyte,LB3871T,0
3,oligodendrocyte,LB3872T,0
3,oligodendrocyte,LB3914T,0
3,oligodendrocyte,LB3915T,0
3,oligodendrocyte,LB3931T,0
3,oligodendrocyte,LB3944T,0
3,oligodendrocyte,LB3963T,0
3,oligodendrocyte,LB4003T,0
3,oligodendrocyte,LB4006T,0
3,oligodendrocyte,LB4015T,0
3,oligodendrocyte,LB4024T,0
3,oligodendrocyte,LB4034T,0
3,oligodendrocyte,LB4059T,0
3,oligodendrocyte,LB4075T,3
3,oligodendrocyte,LB4101T,0
3,oligodendrocyte,LB4117T,0
3,oligodendrocyte,LB4180T,0
3,oligodendrocyte,MGH102,0
3,oligodendrocyte,MGH105,0
3,oligodendrocyte,MGH114,0
3,oligodendrocyte,MGH115,0
3,oligodendrocyte,MGH118,0
3,oligodendrocyte,MGH124,0
3,oligodendrocyte,MGH125,0
3,oligodendrocyte,MGH126,0
3,oligodendrocyte,ND4,0
3,oligodendrocyte,P234_JAK,0
3,oligodendrocyte,P294,0
3,oligodendrocyte,P317,5
3,oligodendrocyte,P322,0
3,oligodendrocyte,Patient_2,0
3,oligodendrocyte,Patient_4,0
3,oligodendrocyte,R2,0
3,oligodendrocyte,R3,0
3,oligodendrocyte,R5,0
3,oligodendrocyte,SF4297,1
3,oligodendrocyte,SF6996,591
3,oligodendrocyte,SF9259R,5
3,oligodendrocyte,SF9259S,0
3,oligodendrocyte,SF10022,27
3,oligodendrocyte,SF10127,0
3,oligodendrocyte,SF11159,1
3,oligodendrocyte,SF11209,0
3,oligodendrocyte,SF11232,0
3,oligodendrocyte,SF11247,0
3,oligodendrocyte,SF11644,1
3,oligodendrocyte,SF11956,0
3,oligodendrocyte,SF11979,0
3,oligodendrocyte,SM006,0
3,oligodendrocyte,SM011,0
3,oligodendrocyte,SM012,2
3,oligodendrocyte,SM017,0
3,oligodendrocyte,SM018,3
3,oligodendrocyte,X154,3
3,oligodendrocyte,X192,1
3,oligodendrocyte,X194,33
3,oligodendrocyte,ndGBM-01,1
3,oligodendrocyte,ndGBM-02,1
3,oligodendrocyte,ndGBM-03,1
3,oligodendrocyte,ndGBM-04,0
3,oligodendrocyte,ndGBM-05,0
3,oligodendrocyte,ndGBM-06,2
3,oligodendrocyte,ndGBM-07,1
3,oligodendrocyte,ndGBM-08,0
3,oligodendrocyte,ndGBM-09,0
3,oligodendrocyte,ndGBM-11,0
3,oligodendrocyte,rGBM-01,17
3,oligodendrocyte,rGBM-02,0
3,oligodendrocyte,rGBM-03,3
3,oligodendrocyte,rGBM-04,9
4,excitatory_neuron,3182,0
4,excitatory_neuron,3282,0
4,excitatory_neuron,3295,0
4,excitatory_neuron,BT333,0
4,excitatory_neuron,BT346,0
4,excitatory_neuron,BT363,0
4,excitatory_neuron,BT364,0
4,excitatory_neuron,BT368,0
4,excitatory_neuron,BT389,0
4,excitatory_neuron,BT390,0
4,excitatory_neuron,BT397,0
4,excitatory_neuron,BT402,0
4,excitatory_neuron,BT407,0
4,excitatory_neuron,BT409,0
4,excitatory_neuron,C3L-02705,0
4,excitatory_neuron,C3L-03405,0
4,excitatory_neuron,C3L-03968,0
4,excitatory_neuron,C3N-00662,0
4,excitatory_neuron,C3N-01334,0
4,excitatory_neuron,C3N-01798,0
4,excitatory_neuron,C3N-01814,0
4,excitatory_neuron,C3N-01815,0
4,excitatory_neuron,C3N-01816,0
4,excitatory_neuron,C3N-02181,0
4,excitatory_neuron,C3N-02188,0
4,excitatory_neuron,C3N-02190,0
4,excitatory_neuron,C3N-02769,0
4,excitatory_neuron,C3N-02783,0
4,excitatory_neuron,C3N-02784,0
4,excitatory_neuron,C3N-03184,0
4,excitatory_neuron,C3N-03186,0
4,excitatory_neuron,C3N-03188,0
4,excitatory_neuron,E10,0
4,excitatory_neuron,E100,0
4,excitatory_neuron,G523,0
4,excitatory_neuron,G549,0
4,excitatory_neuron,G566,0
4,excitatory_neuron,G583,0
4,excitatory_neuron,G620,0
4,excitatory_neuron,G637,0
4,excitatory_neuron,G729,0
4,excitatory_neuron,G799,0
4,excitatory_neuron,G837,0
4,excitatory_neuron,G851,0
4,excitatory_neuron,G910,0
4,excitatory_neuron,G945,0
4,excitatory_neuron,G946,0
4,excitatory_neuron,G967,0
4,excitatory_neuron,G983,0
4,excitatory_neuron,G1003,0
4,excitatory_neuron,GSM4141788,0
4,excitatory_neuron,GSM4141789,0
4,excitatory_neuron,GSM4141790,0
4,excitatory_neuron,JK125,0
4,excitatory_neuron,JK134,0
4,excitatory_neuron,JK136,0
4,excitatory_neuron,JK142,0
4,excitatory_neuron,JK153,0
4,excitatory_neuron,JK156,0
4,excitatory_neuron,JK163,0
4,excitatory_neuron,LB3018T,0
4,excitatory_neuron,LB3579T,0
4,excitatory_neuron,LB3612T,0
4,excitatory_neuron,LB3667T,0
4,excitatory_neuron,LB3771T,0
4,excitatory_neuron,LB3851T,0
4,excitatory_neuron,LB3853T,0
4,excitatory_neuron,LB3854T,0
4,excitatory_neuron,LB3864T,0
4,excitatory_neuron,LB3865T,0
4,excitatory_neuron,LB3869T,0
4,excitatory_neuron,LB3871T,0
4,excitatory_neuron,LB3872T,0
4,excitatory_neuron,LB3914T,0
4,excitatory_neuron,LB3915T,0
4,excitatory_neuron,LB3931T,0
4,excitatory_neuron,LB3944T,0
4,excitatory_neuron,LB3963T,0
4,excitatory_neuron,LB4003T,0
4,excitatory_neuron,LB4006T,0
4,excitatory_neuron,LB4015T,0
4,excitatory_neuron,LB4024T,0
4,excitatory_neuron,LB4034T,0
4,excitatory_neuron,LB4059T,0
4,excitatory_neuron,LB4075T,0
4,excitatory_neuron,LB4101T,0
4,excitatory_neuron,LB4117T,0
4,excitatory_neuron,LB4180T,0
4,excitatory_neuron,MGH102,0
4,excitatory_neuron,MGH105,0
4,excitatory_neuron,MGH114,0
4,excitatory_neuron,MGH115,0
4,excitatory_neuron,MGH118,0
4,excitatory_neuron,MGH124,0
4,excitatory_neuron,MGH125,0
4,excitatory_neuron,MGH126,0
4,excitatory_neuron,ND4,0
4,excitatory_neuron,P234_JAK,0
4,excitatory_neuron,P294,0
4,excitatory_neuron,P317,0
4,excitatory_neuron,P322,0
4,excitatory_neuron,Patient_2,0
4,excitatory_neuron,Patient_4,0
4,excitatory_neuron,R2,0
4,excitatory_neuron,R3,0
4,excitatory_neuron,R5,0
4,excitatory_neuron,SF4297,0
4,excitatory_neuron,SF6996,0
4,excitatory_neuron,SF9259R,0
4,excitatory_neuron,SF9259S,0
4,excitatory_neuron,SF10022,0
4,excitatory_neuron,SF10127,0
4,excitatory_neuron,SF11159,0
4,excitatory_neuron,SF11209,0
4,excitatory_neuron,SF11232,0
4,excitatory_neuron,SF11247,0
4,excitatory_neuron,SF11644,0
4,excitatory_neuron,SF11956,0
4,excitatory_neuron,SF11979,0
4,excitatory_neuron,SM006,0
4,excitatory_neuron,SM011,0
4,excitatory_neuron,SM012,0
4,excitatory_neuron,SM017,0
4,excitatory_neuron,SM018,0
4,excitatory_neuron,X154,0
4,excitatory_neuron,X192,0
4,excitatory_neuron,X194,0
4,excitatory_neuron,ndGBM-01,0
4,excitatory_neuron,ndGBM-02,0
4,excitatory_neuron,ndGBM-03,0
4,excitatory_neuron,ndGBM-04,0
4,excitatory_neuron,ndGBM-05,0
4,excitatory_neuron,ndGBM-06,0
4,excitatory_neuron,ndGBM-07,0
4,excitatory_neuron,ndGBM-08,0
4,excitatory_neuron,ndGBM-09,0
4,excitatory_neuron,ndGBM-11,0
4,excitatory_neuron,rGBM-01,0
4,excitatory_neuron,rGBM-02,0
4,excitatory_neuron,rGBM-03,0
4,excitatory_neuron,rGBM-04,0
4,inhibitory_neuron,3182,0
4,inhibitory_neuron,3282,0
4,inhibitory_neuron,3295,0
4,inhibitory_neuron,BT333,0
4,inhibitory_neuron,BT346,0
4,inhibitory_neuron,BT363,0
4,inhibitory_neuron,BT364,0
4,inhibitory_neuron,BT368,0
4,inhibitory_neuron,BT389,0
4,inhibitory_neuron,BT390,0
4,inhibitory_neuron,BT397,0
4,inhibitory_neuron,BT402,0
4,inhibitory_neuron,BT407,0
4,inhibitory_neuron,BT409,0
4,inhibitory_neuron,C3L-02705,0
4,inhibitory_neuron,C3L-03405,0
4,inhibitory_neuron,C3L-03968,0
4,inhibitory_neuron,C3N-00662,0
4,inhibitory_neuron,C3N-01334,0
4,inhibitory_neuron,C3N-01798,0
4,inhibitory_neuron,C3N-01814,0
4,inhibitory_neuron,C3N-01815,0
4,inhibitory_neuron,C3N-01816,0
4,inhibitory_neuron,C3N-02181,0
4,inhibitory_neuron,C3N-02188,0
4,inhibitory_neuron,C3N-02190,0
4,inhibitory_neuron,C3N-02769,0
4,inhibitory_neuron,C3N-02783,0
4,inhibitory_neuron,C3N-02784,0
4,inhibitory_neuron,C3N-03184,0
4,inhibitory_neuron,C3N-03186,0
4,inhibitory_neuron,C3N-03188,0
4,inhibitory_neuron,E10,0
4,inhibitory_neuron,E100,0
4,inhibitory_neuron,G523,0
4,inhibitory_neuron,G549,0
4,inhibitory_neuron,G566,0
4,inhibitory_neuron,G583,0
4,inhibitory_neuron,G620,0
4,inhibitory_neuron,G637,0
4,inhibitory_neuron,G729,0
4,inhibitory_neuron,G799,0
4,inhibitory_neuron,G837,0
4,inhibitory_neuron,G851,0
4,inhibitory_neuron,G910,0
4,inhibitory_neuron,G945,0
4,inhibitory_neuron,G946,0
4,inhibitory_neuron,G967,0
4,inhibitory_neuron,G983,0
4,inhibitory_neuron,G1003,0
4,inhibitory_neuron,GSM4141788,0
4,inhibitory_neuron,GSM4141789,0
4,inhibitory_neuron,GSM4141790,0
4,inhibitory_neuron,JK125,0
4,inhibitory_neuron,JK134,0
4,inhibitory_neuron,JK136,0
4,inhibitory_neuron,JK142,0
4,inhibitory_neuron,JK153,0
4,inhibitory_neuron,JK156,0
4,inhibitory_neuron,JK163,0
4,inhibitory_neuron,LB3018T,0
4,inhibitory_neuron,LB3579T,0
4,inhibitory_neuron,LB3612T,0
4,inhibitory_neuron,LB3667T,0
4,inhibitory_neuron,LB3771T,0
4,inhibitory_neuron,LB3851T,0
4,inhibitory_neuron,LB3853T,0
4,inhibitory_neuron,LB3854T,0
4,inhibitory_neuron,LB3864T,0
4,inhibitory_neuron,LB3865T,0
4,inhibitory_neuron,LB3869T,0
4,inhibitory_neuron,LB3871T,0
4,inhibitory_neuron,LB3872T,0
4,inhibitory_neuron,LB3914T,0
4,inhibitory_neuron,LB3915T,0
4,inhibitory_neuron,LB3931T,0
4,inhibitory_neuron,LB3944T,0
4,inhibitory_neuron,LB3963T,0
4,inhibitory_neuron,LB4003T,0
4,inhibitory_neuron,LB4006T,0
4,inhibitory_neuron,LB4015T,0
4,inhibitory_neuron,LB4024T,0
4,inhibitory_neuron,LB4034T,0
4,inhibitory_neuron,LB4059T,0
4,inhibitory_neuron,LB4075T,0
4,inhibitory_neuron,LB4101T,0
4,inhibitory_neuron,LB4117T,0
4,inhibitory_neuron,LB4180T,0
4,inhibitory_neuron,MGH102,0
4,inhibitory_neuron,MGH105,0
4,inhibitory_neuron,MGH114,0
4,inhibitory_neuron,MGH115,0
4,inhibitory_neuron,MGH118,0
4,inhibitory_neuron,MGH124,0
4,inhibitory_neuron,MGH125,0
4,inhibitory_neuron,MGH126,0
4,inhibitory_neuron,ND4,0
4,inhibitory_neuron,P234_JAK,0
4,inhibitory_neuron,P294,0
4,inhibitory_neuron,P317,0
4,inhibitory_neuron,P322,0
4,inhibitory_neuron,Patient_2,0
4,inhibitory_neuron,Patient_4,0
4,inhibitory_neuron,R2,0
4,inhibitory_neuron,R3,0
4,inhibitory_neuron,R5,0
4,inhibitory_neuron,SF4297,0
4,inhibitory_neuron,SF6996,0
4,inhibitory_neuron,SF9259R,0
4,inhibitory_neuron,SF9259S,0
4,inhibitory_neuron,SF10022,0
4,inhibitory_neuron,SF10127,0
4,inhibitory_neuron,SF11159,0
4,inhibitory_neuron,SF11209,0
4,inhibitory_neuron,SF11232,0
4,inhibitory_neuron,SF11247,0
4,inhibitory_neuron,SF11644,0
4,inhibitory_neuron,SF11956,0
4,inhibitory_neuron,SF11979,0
4,inhibitory_neuron,SM006,0
4,inhibitory_neuron,SM011,0
4,inhibitory_neuron,SM012,0
4,inhibitory_neuron,SM017,0
4,inhibitory_neuron,SM018,0
4,inhibitory_neuron,X154,0
4,inhibitory_neuron,X192,0
4,inhibitory_neuron,X194,0
4,inhibitory_neuron,ndGBM-01,0
4,inhibitory_neuron,ndGBM-02,0
4,inhibitory_neuron,ndGBM-03,0
4,inhibitory_neuron,ndGBM-04,0
4,inhibitory_neuron,ndGBM-05,0
4,inhibitory_neuron,ndGBM-06,0
4,inhibitory_neuron,ndGBM-07,0
4,inhibitory_neuron,ndGBM-08,0
4,inhibitory_neuron,ndGBM-09,0
4,inhibitory_neuron,ndGBM-11,0
4,inhibitory_neuron,rGBM-01,0
4,inhibitory_neuron,rGBM-02,0
4,inhibitory_neuron,rGBM-03,0
4,inhibitory_neuron,rGBM-04,0
4,oligodendrocyte,3182,0
4,oligodendrocyte,3282,0
4,oligodendrocyte,3295,0
4,oligodendrocyte,BT333,0
4,oligodendrocyte,BT346,0
4,oligodendrocyte,BT363,0
4,oligodendrocyte,BT364,3
4,oligodendrocyte,BT368,0
4,oligodendrocyte,BT389,1
4,oligodendrocyte,BT390,0
4,oligodendrocyte,BT397,0
4,oligodendrocyte,BT402,0
4,oligodendrocyte,BT407,0
4,oligodendrocyte,BT409,0
4,oligodendrocyte,C3L-02705,137
4,oligodendrocyte,C3L-03405,0
4,oligodendrocyte,C3L-03968,16
4,oligodendrocyte,C3N-00662,9
4,oligodendrocyte,C3N-01334,138
4,oligodendrocyte,C3N-01798,73
4,oligodendrocyte,C3N-01814,80
4,oligodendrocyte,C3N-01815,203
4,oligodendrocyte,C3N-01816,0
4,oligodendrocyte,C3N-02181,3
4,oligodendrocyte,C3N-02188,0
4,oligodendrocyte,C3N-02190,54
4,oligodendrocyte,C3N-02769,5
4,oligodendrocyte,C3N-02783,452
4,oligodendrocyte,C3N-02784,228
4,oligodendrocyte,C3N-03184,0
4,oligodendrocyte,C3N-03186,37
4,oligodendrocyte,C3N-03188,524
4,oligodendrocyte,E10,0
4,oligodendrocyte,E100,0
4,oligodendrocyte,G523,8
4,oligodendrocyte,G549,7
4,oligodendrocyte,G566,0
4,oligodendrocyte,G583,22
4,oligodendrocyte,G620,0
4,oligodendrocyte,G637,0
4,oligodendrocyte,G729,32
4,oligodendrocyte,G799,0
4,oligodendrocyte,G837,11
4,oligodendrocyte,G851,3
4,oligodendrocyte,G910,2
4,oligodendrocyte,G945,0
4,oligodendrocyte,G946,0
4,oligodendrocyte,G967,2
4,oligodendrocyte,G983,0
4,oligodendrocyte,G1003,3
4,oligodendrocyte,GSM4141788,0
4,oligodendrocyte,GSM4141789,0
4,oligodendrocyte,GSM4141790,0
4,oligodendrocyte,JK125,0
4,oligodendrocyte,JK134,0
4,oligodendrocyte,JK136,0
4,oligodendrocyte,JK142,4
4,oligodendrocyte,JK153,0
4,oligodendrocyte,JK156,0
4,oligodendrocyte,JK163,0
4,oligodendrocyte,LB3018T,0
4,oligodendrocyte,LB3579T,0
4,oligodendrocyte,LB3612T,0
4,oligodendrocyte,LB3667T,3
4,oligodendrocyte,LB3771T,0
4,oligodendrocyte,LB3851T,0
4,oligodendrocyte,LB3853T,0
4,oligodendrocyte,LB3854T,0
4,oligodendrocyte,LB3864T,0
4,oligodendrocyte,LB3865T,0
4,oligodendrocyte,LB3869T,0
4,oligodendrocyte,LB3871T,0
4,oligodendrocyte,LB3872T,0
4,oligodendrocyte,LB3914T,0
4,oligodendrocyte,LB3915T,0
4,oligodendrocyte,LB3931T,0
4,oligodendrocyte,LB3944T,0
4,oligodendrocyte,LB3963T,0
4,oligodendrocyte,LB4003T,0
4,oligodendrocyte,LB4006T,0
4,oligodendrocyte,LB4015T,0
4,oligodendrocyte,LB4024T,1
4,oligodendrocyte,LB4034T,0
4,oligodendrocyte,LB4059T,0
4,oligodendrocyte,LB4075T,0
4,oligodendrocyte,LB4101T,0
4,oligodendrocyte,LB4117T,0
4,oligodendrocyte,LB4180T,0
4,oligodendrocyte,MGH102,0
4,oligodendrocyte,MGH105,0
4,oligodendrocyte,MGH114,0
4,oligodendrocyte,MGH115,0
4,oligodendrocyte,MGH118,0
4,oligodendrocyte,MGH124,0
4,oligodendrocyte,MGH125,1
4,oligodendrocyte,MGH126,0
4,oligodendrocyte,ND4,0
4,oligodendrocyte,P234_JAK,0
4,oligodendrocyte,P294,0
4,oligodendrocyte,P317,2
4,oligodendrocyte,P322,2
4,oligodendrocyte,Patient_2,0
4,oligodendrocyte,Patient_4,0
4,oligodendrocyte,R2,0
4,oligodendrocyte,R3,0
4,oligodendrocyte,R5,0
4,oligodendrocyte,SF4297,13
4,oligodendrocyte,SF6996,351
4,oligodendrocyte,SF9259R,267
4,oligodendrocyte,SF9259S,31
4,oligodendrocyte,SF10022,111
4,oligodendrocyte,SF10127,0
4,oligodendrocyte,SF11159,0
4,oligodendrocyte,SF11209,0
4,oligodendrocyte,SF11232,0
4,oligodendrocyte,SF11247,2
4,oligodendrocyte,SF11644,1
4,oligodendrocyte,SF11956,0
4,oligodendrocyte,SF11979,1
4,oligodendrocyte,SM006,0
4,oligodendrocyte,SM011,1
4,oligodendrocyte,SM012,3
4,oligodendrocyte,SM017,0
4,oligodendrocyte,SM018,11
4,oligodendrocyte,X154,8
4,oligodendrocyte,X192,7
4,oligodendrocyte,X194,61
4,oligodendrocyte,ndGBM-01,0
4,oligodendrocyte,ndGBM-02,1
4,oligodendrocyte,ndGBM-03,3
4,oligodendrocyte,ndGBM-04,0
4,oligodendrocyte,ndGBM-05,3
4,oligodendrocyte,ndGBM-06,0
4,oligodendrocyte,ndGBM-07,0
4,oligodendrocyte,ndGBM-08,0
4,oligodendrocyte,ndGBM-09,0
4,oligodendrocyte,ndGBM-11,0
4,oligodendrocyte,rGBM-01,0
4,oligodendrocyte,rGBM-02,0
4,oligodendrocyte,rGBM-03,0
4,oligodendrocyte,rGBM-04,4
5,excitatory_neuron,3182,0
5,excitatory_neuron,3282,0
5,excitatory_neuron,3295,0
5,excitatory_neuron,BT333,0
5,excitatory_neuron,BT346,0
5,excitatory_neuron,BT363,0
5,excitatory_neuron,BT364,0
5,excitatory_neuron,BT368,0
5,excitatory_neuron,BT389,0
5,excitatory_neuron,BT390,0
5,excitatory_neuron,BT397,0
5,excitatory_neuron,BT402,0
5,excitatory_neuron,BT407,0
5,excitatory_neuron,BT409,0
5,excitatory_neuron,C3L-02705,0
5,excitatory_neuron,C3L-03405,0
5,excitatory_neuron,C3L-03968,0
5,excitatory_neuron,C3N-00662,0
5,excitatory_neuron,C3N-01334,0
5,excitatory_neuron,C3N-01798,0
5,excitatory_neuron,C3N-01814,0
5,excitatory_neuron,C3N-01815,0
5,excitatory_neuron,C3N-01816,0
5,excitatory_neuron,C3N-02181,0
5,excitatory_neuron,C3N-02188,0
5,excitatory_neuron,C3N-02190,0
5,excitatory_neuron,C3N-02769,0
5,excitatory_neuron,C3N-02783,0
5,excitatory_neuron,C3N-02784,0
5,excitatory_neuron,C3N-03184,0
5,excitatory_neuron,C3N-03186,0
5,excitatory_neuron,C3N-03188,0
5,excitatory_neuron,E10,0
5,excitatory_neuron,E100,0
5,excitatory_neuron,G523,0
5,excitatory_neuron,G549,0
5,excitatory_neuron,G566,0
5,excitatory_neuron,G583,0
5,excitatory_neuron,G620,0
5,excitatory_neuron,G637,0
5,excitatory_neuron,G729,0
5,excitatory_neuron,G799,0
5,excitatory_neuron,G837,0
5,excitatory_neuron,G851,0
5,excitatory_neuron,G910,0
5,excitatory_neuron,G945,0
5,excitatory_neuron,G946,0
5,excitatory_neuron,G967,0
5,excitatory_neuron,G983,0
5,excitatory_neuron,G1003,0
5,excitatory_neuron,GSM4141788,0
5,excitatory_neuron,GSM4141789,0
5,excitatory_neuron,GSM4141790,0
5,excitatory_neuron,JK125,0
5,excitatory_neuron,JK134,0
5,excitatory_neuron,JK136,0
5,excitatory_neuron,JK142,0
5,excitatory_neuron,JK153,0
5,excitatory_neuron,JK156,0
5,excitatory_neuron,JK163,0
5,excitatory_neuron,LB3018T,0
5,excitatory_neuron,LB3579T,0
5,excitatory_neuron,LB3612T,0
5,excitatory_neuron,LB3667T,0
5,excitatory_neuron,LB3771T,0
5,excitatory_neuron,LB3851T,0
5,excitatory_neuron,LB3853T,0
5,excitatory_neuron,LB3854T,0
5,excitatory_neuron,LB3864T,0
5,excitatory_neuron,LB3865T,0
5,excitatory_neuron,LB3869T,0
5,excitatory_neuron,LB3871T,0
5,excitatory_neuron,LB3872T,0
5,excitatory_neuron,LB3914T,0
5,excitatory_neuron,LB3915T,0
5,excitatory_neuron,LB3931T,0
5,excitatory_neuron,LB3944T,0
5,excitatory_neuron,LB3963T,0
5,excitatory_neuron,LB4003T,0
5,excitatory_neuron,LB4006T,0
5,excitatory_neuron,LB4015T,0
5,excitatory_neuron,LB4024T,0
5,excitatory_neuron,LB4034T,0
5,excitatory_neuron,LB4059T,0
5,excitatory_neuron,LB4075T,0
5,excitatory_neuron,LB4101T,0
5,excitatory_neuron,LB4117T,0
5,excitatory_neuron,LB4180T,0
5,excitatory_neuron,MGH102,0
5,excitatory_neuron,MGH105,0
5,excitatory_neuron,MGH114,0
5,excitatory_neuron,MGH115,0
5,excitatory_neuron,MGH118,0
5,excitatory_neuron,MGH124,0
5,excitatory_neuron,MGH125,0
5,excitatory_neuron,MGH126,0
5,excitatory_neuron,ND4,0
5,excitatory_neuron,P234_JAK,0
5,excitatory_neuron,P294,0
5,excitatory_neuron,P317,0
5,excitatory_neuron,P322,0
5,excitatory_neuron,Patient_2,0
5,excitatory_neuron,Patient_4,0
5,excitatory_neuron,R2,0
5,excitatory_neuron,R3,0
5,excitatory_neuron,R5,0
5,excitatory_neuron,SF4297,0
5,excitatory_neuron,SF6996,0
5,excitatory_neuron,SF9259R,0
5,excitatory_neuron,SF9259S,0
5,excitatory_neuron,SF10022,0
5,excitatory_neuron,SF10127,0
5,excitatory_neuron,SF11159,0
5,excitatory_neuron,SF11209,0
5,excitatory_neuron,SF11232,0
5,excitatory_neuron,SF11247,0
5,excitatory_neuron,SF11644,0
5,excitatory_neuron,SF11956,0
5,excitatory_neuron,SF11979,0
5,excitatory_neuron,SM006,0
5,excitatory_neuron,SM011,0
5,excitatory_neuron,SM012,0
5,excitatory_neuron,SM017,0
5,excitatory_neuron,SM018,0
5,excitatory_neuron,X154,0
5,excitatory_neuron,X192,0
5,excitatory_neuron,X194,0
5,excitatory_neuron,ndGBM-01,0
5,excitatory_neuron,ndGBM-02,0
5,excitatory_neuron,ndGBM-03,0
5,excitatory_neuron,ndGBM-04,0
5,excitatory_neuron,ndGBM-05,0
5,excitatory_neuron,ndGBM-06,0
5,excitatory_neuron,ndGBM-07,0
5,excitatory_neuron,ndGBM-08,0
5,excitatory_neuron,ndGBM-09,0
5,excitatory_neuron,ndGBM-11,0
5,excitatory_neuron,rGBM-01,0
5,excitatory_neuron,rGBM-02,0
5,excitatory_neuron,rGBM-03,0
5,excitatory_neuron,rGBM-04,0
5,inhibitory_neuron,3182,0
5,inhibitory_neuron,3282,0
5,inhibitory_neuron,3295,0
5,inhibitory_neuron,BT333,0
5,inhibitory_neuron,BT346,0
5,inhibitory_neuron,BT363,0
5,inhibitory_neuron,BT364,0
5,inhibitory_neuron,BT368,0
5,inhibitory_neuron,BT389,0
5,inhibitory_neuron,BT390,0
5,inhibitory_neuron,BT397,0
5,inhibitory_neuron,BT402,0
5,inhibitory_neuron,BT407,0
5,inhibitory_neuron,BT409,0
5,inhibitory_neuron,C3L-02705,0
5,inhibitory_neuron,C3L-03405,0
5,inhibitory_neuron,C3L-03968,0
5,inhibitory_neuron,C3N-00662,0
5,inhibitory_neuron,C3N-01334,0
5,inhibitory_neuron,C3N-01798,0
5,inhibitory_neuron,C3N-01814,0
5,inhibitory_neuron,C3N-01815,0
5,inhibitory_neuron,C3N-01816,0
5,inhibitory_neuron,C3N-02181,0
5,inhibitory_neuron,C3N-02188,0
5,inhibitory_neuron,C3N-02190,0
5,inhibitory_neuron,C3N-02769,0
5,inhibitory_neuron,C3N-02783,0
5,inhibitory_neuron,C3N-02784,0
5,inhibitory_neuron,C3N-03184,0
5,inhibitory_neuron,C3N-03186,0
5,inhibitory_neuron,C3N-03188,0
5,inhibitory_neuron,E10,0
5,inhibitory_neuron,E100,0
5,inhibitory_neuron,G523,0
5,inhibitory_neuron,G549,0
5,inhibitory_neuron,G566,0
5,inhibitory_neuron,G583,0
5,inhibitory_neuron,G620,0
5,inhibitory_neuron,G637,0
5,inhibitory_neuron,G729,0
5,inhibitory_neuron,G799,0
5,inhibitory_neuron,G837,0
5,inhibitory_neuron,G851,0
5,inhibitory_neuron,G910,0
5,inhibitory_neuron,G945,0
5,inhibitory_neuron,G946,0
5,inhibitory_neuron,G967,0
5,inhibitory_neuron,G983,0
5,inhibitory_neuron,G1003,0
5,inhibitory_neuron,GSM4141788,0
5,inhibitory_neuron,GSM4141789,0
5,inhibitory_neuron,GSM4141790,0
5,inhibitory_neuron,JK125,0
5,inhibitory_neuron,JK134,0
5,inhibitory_neuron,JK136,0
5,inhibitory_neuron,JK142,0
5,inhibitory_neuron,JK153,0
5,inhibitory_neuron,JK156,0
5,inhibitory_neuron,JK163,0
5,inhibitory_neuron,LB3018T,0
5,inhibitory_neuron,LB3579T,0
5,inhibitory_neuron,LB3612T,0
5,inhibitory_neuron,LB3667T,0
5,inhibitory_neuron,LB3771T,0
5,inhibitory_neuron,LB3851T,0
5,inhibitory_neuron,LB3853T,0
5,inhibitory_neuron,LB3854T,0
5,inhibitory_neuron,LB3864T,0
5,inhibitory_neuron,LB3865T,0
5,inhibitory_neuron,LB3869T,0
5,inhibitory_neuron,LB3871T,0
5,inhibitory_neuron,LB3872T,0
5,inhibitory_neuron,LB3914T,0
5,inhibitory_neuron,LB3915T,0
5,inhibitory_neuron,LB3931T,0
5,inhibitory_neuron,LB3944T,0
5,inhibitory_neuron,LB3963T,0
5,inhibitory_neuron,LB4003T,0
5,inhibitory_neuron,LB4006T,0
5,inhibitory_neuron,LB4015T,0
5,inhibitory_neuron,LB4024T,0
5,inhibitory_neuron,LB4034T,0
5,inhibitory_neuron,LB4059T,0
5,inhibitory_neuron,LB4075T,0
5,inhibitory_neuron,LB4101T,0
5,inhibitory_neuron,LB4117T,0
5,inhibitory_neuron,LB4180T,0
5,inhibitory_neuron,MGH102,0
5,inhibitory_neuron,MGH105,0
5,inhibitory_neuron,MGH114,0
5,inhibitory_neuron,MGH115,0
5,inhibitory_neuron,MGH118,0
5,inhibitory_neuron,MGH124,0
5,inhibitory_neuron,MGH125,0
5,inhibitory_neuron,MGH126,0
5,inhibitory_neuron,ND4,0
5,inhibitory_neuron,P234_JAK,0
5,inhibitory_neuron,P294,0
5,inhibitory_neuron,P317,0
5,inhibitory_neuron,P322,0
5,inhibitory_neuron,Patient_2,0
5,inhibitory_neuron,Patient_4,0
5,inhibitory_neuron,R2,0
5,inhibitory_neuron,R3,0
5,inhibitory_neuron,R5,0
5,inhibitory_neuron,SF4297,0
5,inhibitory_neuron,SF6996,0
5,inhibitory_neuron,SF9259R,0
5,inhibitory_neuron,SF9259S,0
5,inhibitory_neuron,SF10022,0
5,inhibitory_neuron,SF10127,0
5,inhibitory_neuron,SF11159,0
5,inhibitory_neuron,SF11209,0
5,inhibitory_neuron,SF11232,0
5,inhibitory_neuron,SF11247,0
5,inhibitory_neuron,SF11644,0
5,inhibitory_neuron,SF11956,0
5,inhibitory_neuron,SF11979,0
5,inhibitory_neuron,SM006,0
5,inhibitory_neuron,SM011,0
5,inhibitory_neuron,SM012,0
5,inhibitory_neuron,SM017,0
5,inhibitory_neuron,SM018,0
5,inhibitory_neuron,X154,0
5,inhibitory_neuron,X192,0
5,inhibitory_neuron,X194,0
5,inhibitory_neuron,ndGBM-01,0
5,inhibitory_neuron,ndGBM-02,0
5,inhibitory_neuron,ndGBM-03,0
5,inhibitory_neuron,ndGBM-04,0
5,inhibitory_neuron,ndGBM-05,0
5,inhibitory_neuron,ndGBM-06,0
5,inhibitory_neuron,ndGBM-07,0
5,inhibitory_neuron,ndGBM-08,0
5,inhibitory_neuron,ndGBM-09,0
5,inhibitory_neuron,ndGBM-11,0
5,inhibitory_neuron,rGBM-01,0
5,inhibitory_neuron,rGBM-02,0
5,inhibitory_neuron,rGBM-03,0
5,inhibitory_neuron,rGBM-04,0
5,oligodendrocyte,3182,0
5,oligodendrocyte,3282,0
5,oligodendrocyte,3295,0
5,oligodendrocyte,BT333,1
5,oligodendrocyte,BT346,5
5,oligodendrocyte,BT363,9
5,oligodendrocyte,BT364,34
5,oligodendrocyte,BT368,0
5,oligodendrocyte,BT389,0
5,oligodendrocyte,BT390,25
5,oligodendrocyte,BT397,1
5,oligodendrocyte,BT402,0
5,oligodendrocyte,BT407,18
5,oligodendrocyte,BT409,0
5,oligodendrocyte,C3L-02705,0
5,oligodendrocyte,C3L-03405,0
5,oligodendrocyte,C3L-03968,0
5,oligodendrocyte,C3N-00662,0
5,oligodendrocyte,C3N-01334,0
5,oligodendrocyte,C3N-01798,0
5,oligodendrocyte,C3N-01814,26
5,oligodendrocyte,C3N-01815,12
5,oligodendrocyte,C3N-01816,0
5,oligodendrocyte,C3N-02181,7
5,oligodendrocyte,C3N-02188,0
5,oligodendrocyte,C3N-02190,0
5,oligodendrocyte,C3N-02769,0
5,oligodendrocyte,C3N-02783,0
5,oligodendrocyte,C3N-02784,68
5,oligodendrocyte,C3N-03184,0
5,oligodendrocyte,C3N-03186,1
5,oligodendrocyte,C3N-03188,28
5,oligodendrocyte,E10,0
5,oligodendrocyte,E100,1
5,oligodendrocyte,G523,3
5,oligodendrocyte,G549,0
5,oligodendrocyte,G566,0
5,oligodendrocyte,G583,0
5,oligodendrocyte,G620,0
5,oligodendrocyte,G637,0
5,oligodendrocyte,G729,0
5,oligodendrocyte,G799,0
5,oligodendrocyte,G837,1
5,oligodendrocyte,G851,0
5,oligodendrocyte,G910,5
5,oligodendrocyte,G945,3
5,oligodendrocyte,G946,1
5,oligodendrocyte,G967,0
5,oligodendrocyte,G983,92
5,oligodendrocyte,G1003,9
5,oligodendrocyte,GSM4141788,2
5,oligodendrocyte,GSM4141789,1
5,oligodendrocyte,GSM4141790,0
5,oligodendrocyte,JK125,0
5,oligodendrocyte,JK134,0
5,oligodendrocyte,JK136,0
5,oligodendrocyte,JK142,51
5,oligodendrocyte,JK153,0
5,oligodendrocyte,JK156,1
5,oligodendrocyte,JK163,1
5,oligodendrocyte,LB3018T,0
5,oligodendrocyte,LB3579T,0
5,oligodendrocyte,LB3612T,4
5,oligodendrocyte,LB3667T,31
5,oligodendrocyte,LB3771T,0
5,oligodendrocyte,LB3851T,0
5,oligodendrocyte,LB3853T,0
5,oligodendrocyte,LB3854T,0
5,oligodendrocyte,LB3864T,1
5,oligodendrocyte,LB3865T,0
5,oligodendrocyte,LB3869T,0
5,oligodendrocyte,LB3871T,0
5,oligodendrocyte,LB3872T,0
5,oligodendrocyte,LB3914T,0
5,oligodendrocyte,LB3915T,0
5,oligodendrocyte,LB3931T,0
5,oligodendrocyte,LB3944T,0
5,oligodendrocyte,LB3963T,0
5,oligodendrocyte,LB4003T,11
5,oligodendrocyte,LB4006T,0
5,oligodendrocyte,LB4015T,0
5,oligodendrocyte,LB4024T,0
5,oligodendrocyte,LB4034T,0
5,oligodendrocyte,LB4059T,6
5,oligodendrocyte,LB4075T,2
5,oligodendrocyte,LB4101T,0
5,oligodendrocyte,LB4117T,0
5,oligodendrocyte,LB4180T,0
5,oligodendrocyte,MGH102,0
5,oligodendrocyte,MGH105,0
5,oligodendrocyte,MGH114,0
5,oligodendrocyte,MGH115,0
5,oligodendrocyte,MGH118,0
5,oligodendrocyte,MGH124,0
5,oligodendrocyte,MGH125,28
5,oligodendrocyte,MGH126,1
5,oligodendrocyte,ND4,0
5,oligodendrocyte,P234_JAK,0
5,oligodendrocyte,P294,0
5,oligodendrocyte,P317,6
5,oligodendrocyte,P322,1
5,oligodendrocyte,Patient_2,0
5,oligodendrocyte,Patient_4,0
5,oligodendrocyte,R2,0
5,oligodendrocyte,R3,0
5,oligodendrocyte,R5,0
5,oligodendrocyte,SF4297,0
5,oligodendrocyte,SF6996,1
5,oligodendrocyte,SF9259R,1
5,oligodendrocyte,SF9259S,0
5,oligodendrocyte,SF10022,1
5,oligodendrocyte,SF10127,0
5,oligodendrocyte,SF11159,2
5,oligodendrocyte,SF11209,3
5,oligodendrocyte,SF11232,23
5,oligodendrocyte,SF11247,8
5,oligodendrocyte,SF11644,0
5,oligodendrocyte,SF11956,0
5,oligodendrocyte,SF11979,0
5,oligodendrocyte,SM006,0
5,oligodendrocyte,SM011,151
5,oligodendrocyte,SM012,11
5,oligodendrocyte,SM017,31
5,oligodendrocyte,SM018,271
5,oligodendrocyte,X154,8
5,oligodendrocyte,X192,8
5,oligodendrocyte,X194,54
5,oligodendrocyte,ndGBM-01,55
5,oligodendrocyte,ndGBM-02,15
5,oligodendrocyte,ndGBM-03,7
5,oligodendrocyte,ndGBM-04,0
5,oligodendrocyte,ndGBM-05,5
5,oligodendrocyte,ndGBM-06,60
5,oligodendrocyte,ndGBM-07,66
5,oligodendrocyte,ndGBM-08,1
5,oligodendrocyte,ndGBM-09,0
5,oligodendrocyte,ndGBM-11,1
5,oligodendrocyte,rGBM-01,73
5,oligodendrocyte,rGBM-02,0
5,oligodendrocyte,rGBM-03,39
5,oligodendrocyte,rGBM-04,1435
6,excitatory_neuron,3182,0
6,excitatory_neuron,3282,0
6,excitatory_neuron,3295,0
6,excitatory_neuron,BT333,0
6,excitatory_neuron,BT346,0
6,excitatory_neuron,BT363,0
6,excitatory_neuron,BT364,0
6,excitatory_neuron,BT368,0
6,excitatory_neuron,BT389,0
6,excitatory_neuron,BT390,0
6,excitatory_neuron,BT397,0
6,excitatory_neuron,BT402,0
6,excitatory_neuron,BT407,0
6,excitatory_neuron,BT409,0
6,excitatory_neuron,C3L-02705,0
6,excitatory_neuron,C3L-03405,0
6,excitatory_neuron,C3L-03968,0
6,excitatory_neuron,C3N-00662,0
6,excitatory_neuron,C3N-01334,0
6,excitatory_neuron,C3N-01798,0
6,excitatory_neuron,C3N-01814,0
6,excitatory_neuron,C3N-01815,0
6,excitatory_neuron,C3N-01816,0
6,excitatory_neuron,C3N-02181,0
6,excitatory_neuron,C3N-02188,0
6,excitatory_neuron,C3N-02190,0
6,excitatory_neuron,C3N-02769,0
6,excitatory_neuron,C3N-02783,0
6,excitatory_neuron,C3N-02784,0
6,excitatory_neuron,C3N-03184,0
6,excitatory_neuron,C3N-03186,0
6,excitatory_neuron,C3N-03188,0
6,excitatory_neuron,E10,0
6,excitatory_neuron,E100,0
6,excitatory_neuron,G523,0
6,excitatory_neuron,G549,0
6,excitatory_neuron,G566,0
6,excitatory_neuron,G583,0
6,excitatory_neuron,G620,0
6,excitatory_neuron,G637,0
6,excitatory_neuron,G729,0
6,excitatory_neuron,G799,0
6,excitatory_neuron,G837,0
6,excitatory_neuron,G851,0
6,excitatory_neuron,G910,0
6,excitatory_neuron,G945,0
6,excitatory_neuron,G946,0
6,excitatory_neuron,G967,0
6,excitatory_neuron,G983,0
6,excitatory_neuron,G1003,0
6,excitatory_neuron,GSM4141788,0
6,excitatory_neuron,GSM4141789,0
6,excitatory_neuron,GSM4141790,0
6,excitatory_neuron,JK125,0
6,excitatory_neuron,JK134,0
6,excitatory_neuron,JK136,0
6,excitatory_neuron,JK142,0
6,excitatory_neuron,JK153,0
6,excitatory_neuron,JK156,0
6,excitatory_neuron,JK163,0
6,excitatory_neuron,LB3018T,0
6,excitatory_neuron,LB3579T,0
6,excitatory_neuron,LB3612T,0
6,excitatory_neuron,LB3667T,0
6,excitatory_neuron,LB3771T,0
6,excitatory_neuron,LB3851T,0
6,excitatory_neuron,LB3853T,0
6,excitatory_neuron,LB3854T,0
6,excitatory_neuron,LB3864T,0
6,excitatory_neuron,LB3865T,0
6,excitatory_neuron,LB3869T,0
6,excitatory_neuron,LB3871T,0
6,excitatory_neuron,LB3872T,0
6,excitatory_neuron,LB3914T,0
6,excitatory_neuron,LB3915T,0
6,excitatory_neuron,LB3931T,0
6,excitatory_neuron,LB3944T,0
6,excitatory_neuron,LB3963T,0
6,excitatory_neuron,LB4003T,0
6,excitatory_neuron,LB4006T,0
6,excitatory_neuron,LB4015T,0
6,excitatory_neuron,LB4024T,0
6,excitatory_neuron,LB4034T,0
6,excitatory_neuron,LB4059T,0
6,excitatory_neuron,LB4075T,0
6,excitatory_neuron,LB4101T,0
6,excitatory_neuron,LB4117T,0
6,excitatory_neuron,LB4180T,0
6,excitatory_neuron,MGH102,0
6,excitatory_neuron,MGH105,0
6,excitatory_neuron,MGH114,0
6,excitatory_neuron,MGH115,0
6,excitatory_neuron,MGH118,0
6,excitatory_neuron,MGH124,0
6,excitatory_neuron,MGH125,0
6,excitatory_neuron,MGH126,0
6,excitatory_neuron,ND4,0
6,excitatory_neuron,P234_JAK,0
6,excitatory_neuron,P294,0
6,excitatory_neuron,P317,0
6,excitatory_neuron,P322,0
6,excitatory_neuron,Patient_2,0
6,excitatory_neuron,Patient_4,0
6,excitatory_neuron,R2,0
6,excitatory_neuron,R3,0
6,excitatory_neuron,R5,0
6,excitatory_neuron,SF4297,0
6,excitatory_neuron,SF6996,0
6,excitatory_neuron,SF9259R,0
6,excitatory_neuron,SF9259S,0
6,excitatory_neuron,SF10022,0
6,excitatory_neuron,SF10127,0
6,excitatory_neuron,SF11159,0
6,excitatory_neuron,SF11209,0
6,excitatory_neuron,SF11232,0
6,excitatory_neuron,SF11247,0
6,excitatory_neuron,SF11644,0
6,excitatory_neuron,SF11956,0
6,excitatory_neuron,SF11979,0
6,excitatory_neuron,SM006,0
6,excitatory_neuron,SM011,0
6,excitatory_neuron,SM012,0
6,excitatory_neuron,SM017,0
6,excitatory_neuron,SM018,0
6,excitatory_neuron,X154,0
6,excitatory_neuron,X192,0
6,excitatory_neuron,X194,0
6,excitatory_neuron,ndGBM-01,0
6,excitatory_neuron,ndGBM-02,0
6,excitatory_neuron,ndGBM-03,0
6,excitatory_neuron,ndGBM-04,0
6,excitatory_neuron,ndGBM-05,0
6,excitatory_neuron,ndGBM-06,0
6,excitatory_neuron,ndGBM-07,0
6,excitatory_neuron,ndGBM-08,0
6,excitatory_neuron,ndGBM-09,0
6,excitatory_neuron,ndGBM-11,0
6,excitatory_neuron,rGBM-01,0
6,excitatory_neuron,rGBM-02,0
6,excitatory_neuron,rGBM-03,0
6,excitatory_neuron,rGBM-04,0
6,inhibitory_neuron,3182,0
6,inhibitory_neuron,3282,0
6,inhibitory_neuron,3295,0
6,inhibitory_neuron,BT333,0
6,inhibitory_neuron,BT346,0
6,inhibitory_neuron,BT363,0
6,inhibitory_neuron,BT364,0
6,inhibitory_neuron,BT368,0
6,inhibitory_neuron,BT389,0
6,inhibitory_neuron,BT390,0
6,inhibitory_neuron,BT397,0
6,inhibitory_neuron,BT402,0
6,inhibitory_neuron,BT407,0
6,inhibitory_neuron,BT409,0
6,inhibitory_neuron,C3L-02705,0
6,inhibitory_neuron,C3L-03405,0
6,inhibitory_neuron,C3L-03968,0
6,inhibitory_neuron,C3N-00662,0
6,inhibitory_neuron,C3N-01334,0
6,inhibitory_neuron,C3N-01798,0
6,inhibitory_neuron,C3N-01814,0
6,inhibitory_neuron,C3N-01815,0
6,inhibitory_neuron,C3N-01816,0
6,inhibitory_neuron,C3N-02181,0
6,inhibitory_neuron,C3N-02188,0
6,inhibitory_neuron,C3N-02190,0
6,inhibitory_neuron,C3N-02769,0
6,inhibitory_neuron,C3N-02783,0
6,inhibitory_neuron,C3N-02784,0
6,inhibitory_neuron,C3N-03184,0
6,inhibitory_neuron,C3N-03186,0
6,inhibitory_neuron,C3N-03188,0
6,inhibitory_neuron,E10,0
6,inhibitory_neuron,E100,0
6,inhibitory_neuron,G523,0
6,inhibitory_neuron,G549,0
6,inhibitory_neuron,G566,0
6,inhibitory_neuron,G583,0
6,inhibitory_neuron,G620,0
6,inhibitory_neuron,G637,0
6,inhibitory_neuron,G729,0
6,inhibitory_neuron,G799,0
6,inhibitory_neuron,G837,0
6,inhibitory_neuron,G851,0
6,inhibitory_neuron,G910,0
6,inhibitory_neuron,G945,0
6,inhibitory_neuron,G946,0
6,inhibitory_neuron,G967,0
6,inhibitory_neuron,G983,0
6,inhibitory_neuron,G1003,0
6,inhibitory_neuron,GSM4141788,0
6,inhibitory_neuron,GSM4141789,0
6,inhibitory_neuron,GSM4141790,0
6,inhibitory_neuron,JK125,0
6,inhibitory_neuron,JK134,0
6,inhibitory_neuron,JK136,0
6,inhibitory_neuron,JK142,0
6,inhibitory_neuron,JK153,0
6,inhibitory_neuron,JK156,0
6,inhibitory_neuron,JK163,0
6,inhibitory_neuron,LB3018T,0
6,inhibitory_neuron,LB3579T,0
6,inhibitory_neuron,LB3612T,0
6,inhibitory_neuron,LB3667T,0
6,inhibitory_neuron,LB3771T,0
6,inhibitory_neuron,LB3851T,0
6,inhibitory_neuron,LB3853T,0
6,inhibitory_neuron,LB3854T,0
6,inhibitory_neuron,LB3864T,0
6,inhibitory_neuron,LB3865T,0
6,inhibitory_neuron,LB3869T,0
6,inhibitory_neuron,LB3871T,0
6,inhibitory_neuron,LB3872T,0
6,inhibitory_neuron,LB3914T,0
6,inhibitory_neuron,LB3915T,0
6,inhibitory_neuron,LB3931T,0
6,inhibitory_neuron,LB3944T,0
6,inhibitory_neuron,LB3963T,0
6,inhibitory_neuron,LB4003T,0
6,inhibitory_neuron,LB4006T,0
6,inhibitory_neuron,LB4015T,0
6,inhibitory_neuron,LB4024T,0
6,inhibitory_neuron,LB4034T,0
6,inhibitory_neuron,LB4059T,0
6,inhibitory_neuron,LB4075T,0
6,inhibitory_neuron,LB4101T,0
6,inhibitory_neuron,LB4117T,0
6,inhibitory_neuron,LB4180T,0
6,inhibitory_neuron,MGH102,0
6,inhibitory_neuron,MGH105,0
6,inhibitory_neuron,MGH114,0
6,inhibitory_neuron,MGH115,0
6,inhibitory_neuron,MGH118,0
6,inhibitory_neuron,MGH124,0
6,inhibitory_neuron,MGH125,0
6,inhibitory_neuron,MGH126,0
6,inhibitory_neuron,ND4,0
6,inhibitory_neuron,P234_JAK,0
6,inhibitory_neuron,P294,0
6,inhibitory_neuron,P317,0
6,inhibitory_neuron,P322,0
6,inhibitory_neuron,Patient_2,0
6,inhibitory_neuron,Patient_4,0
6,inhibitory_neuron,R2,0
6,inhibitory_neuron,R3,0
6,inhibitory_neuron,R5,0
6,inhibitory_neuron,SF4297,0
6,inhibitory_neuron,SF6996,0
6,inhibitory_neuron,SF9259R,0
6,inhibitory_neuron,SF9259S,0
6,inhibitory_neuron,SF10022,0
6,inhibitory_neuron,SF10127,0
6,inhibitory_neuron,SF11159,0
6,inhibitory_neuron,SF11209,0
6,inhibitory_neuron,SF11232,0
6,inhibitory_neuron,SF11247,0
6,inhibitory_neuron,SF11644,0
6,inhibitory_neuron,SF11956,0
6,inhibitory_neuron,SF11979,0
6,inhibitory_neuron,SM006,0
6,inhibitory_neuron,SM011,0
6,inhibitory_neuron,SM012,0
6,inhibitory_neuron,SM017,0
6,inhibitory_neuron,SM018,0
6,inhibitory_neuron,X154,0
6,inhibitory_neuron,X192,0
6,inhibitory_neuron,X194,0
6,inhibitory_neuron,ndGBM-01,0
6,inhibitory_neuron,ndGBM-02,0
6,inhibitory_neuron,ndGBM-03,0
6,inhibitory_neuron,ndGBM-04,0
6,inhibitory_neuron,ndGBM-05,0
6,inhibitory_neuron,ndGBM-06,0
6,inhibitory_neuron,ndGBM-07,0
6,inhibitory_neuron,ndGBM-08,0
6,inhibitory_neuron,ndGBM-09,0
6,inhibitory_neuron,ndGBM-11,0
6,inhibitory_neuron,rGBM-01,0
6,inhibitory_neuron,rGBM-02,0
6,inhibitory_neuron,rGBM-03,0
6,inhibitory_neuron,rGBM-04,0
6,oligodendrocyte,3182,0
6,oligodendrocyte,3282,0
6,oligodendrocyte,3295,7
6,oligodendrocyte,BT333,15
6,oligodendrocyte,BT346,52
6,oligodendrocyte,BT363,134
6,oligodendrocyte,BT364,105
6,oligodendrocyte,BT368,6
6,oligodendrocyte,BT389,13
6,oligodendrocyte,BT390,80
6,oligodendrocyte,BT397,22
6,oligodendrocyte,BT402,65
6,oligodendrocyte,BT407,36
6,oligodendrocyte,BT409,48
6,oligodendrocyte,C3L-02705,1
6,oligodendrocyte,C3L-03405,1
6,oligodendrocyte,C3L-03968,0
6,oligodendrocyte,C3N-00662,2
6,oligodendrocyte,C3N-01334,0
6,oligodendrocyte,C3N-01798,0
6,oligodendrocyte,C3N-01814,19
6,oligodendrocyte,C3N-01815,5
6,oligodendrocyte,C3N-01816,0
6,oligodendrocyte,C3N-02181,2
6,oligodendrocyte,C3N-02188,0
6,oligodendrocyte,C3N-02190,0
6,oligodendrocyte,C3N-02769,1
6,oligodendrocyte,C3N-02783,1
6,oligodendrocyte,C3N-02784,55
6,oligodendrocyte,C3N-03184,0
6,oligodendrocyte,C3N-03186,5
6,oligodendrocyte,C3N-03188,9
6,oligodendrocyte,E10,0
6,oligodendrocyte,E100,1
6,oligodendrocyte,G523,1
6,oligodendrocyte,G549,0
6,oligodendrocyte,G566,1
6,oligodendrocyte,G583,26
6,oligodendrocyte,G620,0
6,oligodendrocyte,G637,0
6,oligodendrocyte,G729,4
6,oligodendrocyte,G799,0
6,oligodendrocyte,G837,0
6,oligodendrocyte,G851,0
6,oligodendrocyte,G910,35
6,oligodendrocyte,G945,13
6,oligodendrocyte,G946,29
6,oligodendrocyte,G967,6
6,oligodendrocyte,G983,537
6,oligodendrocyte,G1003,51
6,oligodendrocyte,GSM4141788,2
6,oligodendrocyte,GSM4141789,43
6,oligodendrocyte,GSM4141790,4
6,oligodendrocyte,JK125,0
6,oligodendrocyte,JK134,3
6,oligodendrocyte,JK136,2
6,oligodendrocyte,JK142,31
6,oligodendrocyte,JK153,2
6,oligodendrocyte,JK156,3
6,oligodendrocyte,JK163,9
6,oligodendrocyte,LB3018T,0
6,oligodendrocyte,LB3579T,2
6,oligodendrocyte,LB3612T,1
6,oligodendrocyte,LB3667T,11
6,oligodendrocyte,LB3771T,1
6,oligodendrocyte,LB3851T,0
6,oligodendrocyte,LB3853T,0
6,oligodendrocyte,LB3854T,2
6,oligodendrocyte,LB3864T,50
6,oligodendrocyte,LB3865T,2
6,oligodendrocyte,LB3869T,2
6,oligodendrocyte,LB3871T,0
6,oligodendrocyte,LB3872T,1
6,oligodendrocyte,LB3914T,5
6,oligodendrocyte,LB3915T,1
6,oligodendrocyte,LB3931T,5
6,oligodendrocyte,LB3944T,2
6,oligodendrocyte,LB3963T,1
6,oligodendrocyte,LB4003T,8
6,oligodendrocyte,LB4006T,1
6,oligodendrocyte,LB4015T,0
6,oligodendrocyte,LB4024T,0
6,oligodendrocyte,LB4034T,5
6,oligodendrocyte,LB4059T,1
6,oligodendrocyte,LB4075T,18
6,oligodendrocyte,LB4101T,2
6,oligodendrocyte,LB4117T,0
6,oligodendrocyte,LB4180T,0
6,oligodendrocyte,MGH102,1
6,oligodendrocyte,MGH105,1
6,oligodendrocyte,MGH114,0
6,oligodendrocyte,MGH115,0
6,oligodendrocyte,MGH118,0
6,oligodendrocyte,MGH124,0
6,oligodendrocyte,MGH125,2
6,oligodendrocyte,MGH126,8
6,oligodendrocyte,ND4,0
6,oligodendrocyte,P234_JAK,0
6,oligodendrocyte,P294,0
6,oligodendrocyte,P317,31
6,oligodendrocyte,P322,0
6,oligodendrocyte,Patient_2,0
6,oligodendrocyte,Patient_4,0
6,oligodendrocyte,R2,1
6,oligodendrocyte,R3,0
6,oligodendrocyte,R5,1
6,oligodendrocyte,SF4297,0
6,oligodendrocyte,SF6996,0
6,oligodendrocyte,SF9259R,0
6,oligodendrocyte,SF9259S,0
6,oligodendrocyte,SF10022,0
6,oligodendrocyte,SF10127,0
6,oligodendrocyte,SF11159,37
6,oligodendrocyte,SF11209,20
6,oligodendrocyte,SF11232,15
6,oligodendrocyte,SF11247,10
6,oligodendrocyte,SF11644,0
6,oligodendrocyte,SF11956,0
6,oligodendrocyte,SF11979,1
6,oligodendrocyte,SM006,0
6,oligodendrocyte,SM011,27
6,oligodendrocyte,SM012,27
6,oligodendrocyte,SM017,4
6,oligodendrocyte,SM018,30
6,oligodendrocyte,X154,6
6,oligodendrocyte,X192,13
6,oligodendrocyte,X194,113
6,oligodendrocyte,ndGBM-01,13
6,oligodendrocyte,ndGBM-02,1
6,oligodendrocyte,ndGBM-03,0
6,oligodendrocyte,ndGBM-04,1
6,oligodendrocyte,ndGBM-05,2
6,oligodendrocyte,ndGBM-06,13
6,oligodendrocyte,ndGBM-07,50
6,oligodendrocyte,ndGBM-08,0
6,oligodendrocyte,ndGBM-09,0
6,oligodendrocyte,ndGBM-11,0
6,oligodendrocyte,rGBM-01,328
6,oligodendrocyte,rGBM-02,1
6,oligodendrocyte,rGBM-03,16
6,oligodendrocyte,rGBM-04,257
7,excitatory_neuron,3182,0
7,excitatory_neuron,3282,0
7,excitatory_neuron,3295,0
7,excitatory_neuron,BT333,0
7,excitatory_neuron,BT346,0
7,excitatory_neuron,BT363,0
7,excitatory_neuron,BT364,0
7,excitatory_neuron,BT368,0
7,excitatory_neuron,BT389,0
7,excitatory_neuron,BT390,0
7,excitatory_neuron,BT397,0
7,excitatory_neuron,BT402,0
7,excitatory_neuron,BT407,0
7,excitatory_neuron,BT409,0
7,excitatory_neuron,C3L-02705,0
7,excitatory_neuron,C3L-03405,0
7,excitatory_neuron,C3L-03968,0
7,excitatory_neuron,C3N-00662,0
7,excitatory_neuron,C3N-01334,0
7,excitatory_neuron,C3N-01798,0
7,excitatory_neuron,C3N-01814,0
7,excitatory_neuron,C3N-01815,0
7,excitatory_neuron,C3N-01816,0
7,excitatory_neuron,C3N-02181,0
7,excitatory_neuron,C3N-02188,0
7,excitatory_neuron,C3N-02190,0
7,excitatory_neuron,C3N-02769,0
7,excitatory_neuron,C3N-02783,0
7,excitatory_neuron,C3N-02784,0
7,excitatory_neuron,C3N-03184,0
7,excitatory_neuron,C3N-03186,0
7,excitatory_neuron,C3N-03188,0
7,excitatory_neuron,E10,0
7,excitatory_neuron,E100,0
7,excitatory_neuron,G523,0
7,excitatory_neuron,G549,0
7,excitatory_neuron,G566,0
7,excitatory_neuron,G583,0
7,excitatory_neuron,G620,0
7,excitatory_neuron,G637,0
7,excitatory_neuron,G729,0
7,excitatory_neuron,G799,0
7,excitatory_neuron,G837,0
7,excitatory_neuron,G851,0
7,excitatory_neuron,G910,0
7,excitatory_neuron,G945,0
7,excitatory_neuron,G946,0
7,excitatory_neuron,G967,0
7,excitatory_neuron,G983,0
7,excitatory_neuron,G1003,0
7,excitatory_neuron,GSM4141788,0
7,excitatory_neuron,GSM4141789,0
7,excitatory_neuron,GSM4141790,0
7,excitatory_neuron,JK125,0
7,excitatory_neuron,JK134,0
7,excitatory_neuron,JK136,0
7,excitatory_neuron,JK142,0
7,excitatory_neuron,JK153,0
7,excitatory_neuron,JK156,0
7,excitatory_neuron,JK163,0
7,excitatory_neuron,LB3018T,0
7,excitatory_neuron,LB3579T,0
7,excitatory_neuron,LB3612T,0
7,excitatory_neuron,LB3667T,0
7,excitatory_neuron,LB3771T,0
7,excitatory_neuron,LB3851T,0
7,excitatory_neuron,LB3853T,0
7,excitatory_neuron,LB3854T,0
7,excitatory_neuron,LB3864T,0
7,excitatory_neuron,LB3865T,0
7,excitatory_neuron,LB3869T,0
7,excitatory_neuron,LB3871T,0
7,excitatory_neuron,LB3872T,0
7,excitatory_neuron,LB3914T,0
7,excitatory_neuron,LB3915T,0
7,excitatory_neuron,LB3931T,0
7,excitatory_neuron,LB3944T,0
7,excitatory_neuron,LB3963T,0
7,excitatory_neuron,LB4003T,0
7,excitatory_neuron,LB4006T,0
7,excitatory_neuron,LB4015T,0
7,excitatory_neuron,LB4024T,0
7,excitatory_neuron,LB4034T,0
7,excitatory_neuron,LB4059T,0
7,excitatory_neuron,LB4075T,0
7,excitatory_neuron,LB4101T,0
7,excitatory_neuron,LB4117T,0
7,excitatory_neuron,LB4180T,0
7,excitatory_neuron,MGH102,0
7,excitatory_neuron,MGH105,0
7,excitatory_neuron,MGH114,0
7,excitatory_neuron,MGH115,0
7,excitatory_neuron,MGH118,0
7,excitatory_neuron,MGH124,0
7,excitatory_neuron,MGH125,0
7,excitatory_neuron,MGH126,0
7,excitatory_neuron,ND4,0
7,excitatory_neuron,P234_JAK,0
7,excitatory_neuron,P294,0
7,excitatory_neuron,P317,0
7,excitatory_neuron,P322,0
7,excitatory_neuron,Patient_2,0
7,excitatory_neuron,Patient_4,0
7,excitatory_neuron,R2,0
7,excitatory_neuron,R3,0
7,excitatory_neuron,R5,0
7,excitatory_neuron,SF4297,0
7,excitatory_neuron,SF6996,0
7,excitatory_neuron,SF9259R,0
7,excitatory_neuron,SF9259S,0
7,excitatory_neuron,SF10022,0
7,excitatory_neuron,SF10127,0
7,excitatory_neuron,SF11159,0
7,excitatory_neuron,SF11209,0
7,excitatory_neuron,SF11232,0
7,excitatory_neuron,SF11247,0
7,excitatory_neuron,SF11644,0
7,excitatory_neuron,SF11956,0
7,excitatory_neuron,SF11979,0
7,excitatory_neuron,SM006,0
7,excitatory_neuron,SM011,0
7,excitatory_neuron,SM012,0
7,excitatory_neuron,SM017,0
7,excitatory_neuron,SM018,0
7,excitatory_neuron,X154,0
7,excitatory_neuron,X192,0
7,excitatory_neuron,X194,0
7,excitatory_neuron,ndGBM-01,0
7,excitatory_neuron,ndGBM-02,0
7,excitatory_neuron,ndGBM-03,0
7,excitatory_neuron,ndGBM-04,0
7,excitatory_neuron,ndGBM-05,0
7,excitatory_neuron,ndGBM-06,0
7,excitatory_neuron,ndGBM-07,0
7,excitatory_neuron,ndGBM-08,0
7,excitatory_neuron,ndGBM-09,0
7,excitatory_neuron,ndGBM-11,0
7,excitatory_neuron,rGBM-01,0
7,excitatory_neuron,rGBM-02,0
7,excitatory_neuron,rGBM-03,0
7,excitatory_neuron,rGBM-04,0
7,inhibitory_neuron,3182,0
7,inhibitory_neuron,3282,0
7,inhibitory_neuron,3295,0
7,inhibitory_neuron,BT333,0
7,inhibitory_neuron,BT346,0
7,inhibitory_neuron,BT363,0
7,inhibitory_neuron,BT364,0
7,inhibitory_neuron,BT368,0
7,inhibitory_neuron,BT389,0
7,inhibitory_neuron,BT390,0
7,inhibitory_neuron,BT397,0
7,inhibitory_neuron,BT402,0
7,inhibitory_neuron,BT407,0
7,inhibitory_neuron,BT409,0
7,inhibitory_neuron,C3L-02705,0
7,inhibitory_neuron,C3L-03405,0
7,inhibitory_neuron,C3L-03968,0
7,inhibitory_neuron,C3N-00662,0
7,inhibitory_neuron,C3N-01334,0
7,inhibitory_neuron,C3N-01798,0
7,inhibitory_neuron,C3N-01814,0
7,inhibitory_neuron,C3N-01815,0
7,inhibitory_neuron,C3N-01816,0
7,inhibitory_neuron,C3N-02181,0
7,inhibitory_neuron,C3N-02188,0
7,inhibitory_neuron,C3N-02190,0
7,inhibitory_neuron,C3N-02769,0
7,inhibitory_neuron,C3N-02783,0
7,inhibitory_neuron,C3N-02784,0
7,inhibitory_neuron,C3N-03184,0
7,inhibitory_neuron,C3N-03186,0
7,inhibitory_neuron,C3N-03188,0
7,inhibitory_neuron,E10,0
7,inhibitory_neuron,E100,0
7,inhibitory_neuron,G523,0
7,inhibitory_neuron,G549,0
7,inhibitory_neuron,G566,0
7,inhibitory_neuron,G583,0
7,inhibitory_neuron,G620,0
7,inhibitory_neuron,G637,0
7,inhibitory_neuron,G729,0
7,inhibitory_neuron,G799,0
7,inhibitory_neuron,G837,0
7,inhibitory_neuron,G851,0
7,inhibitory_neuron,G910,0
7,inhibitory_neuron,G945,0
7,inhibitory_neuron,G946,0
7,inhibitory_neuron,G967,0
7,inhibitory_neuron,G983,0
7,inhibitory_neuron,G1003,0
7,inhibitory_neuron,GSM4141788,0
7,inhibitory_neuron,GSM4141789,0
7,inhibitory_neuron,GSM4141790,0
7,inhibitory_neuron,JK125,0
7,inhibitory_neuron,JK134,0
7,inhibitory_neuron,JK136,0
7,inhibitory_neuron,JK142,0
7,inhibitory_neuron,JK153,0
7,inhibitory_neuron,JK156,0
7,inhibitory_neuron,JK163,0
7,inhibitory_neuron,LB3018T,0
7,inhibitory_neuron,LB3579T,0
7,inhibitory_neuron,LB3612T,0
7,inhibitory_neuron,LB3667T,0
7,inhibitory_neuron,LB3771T,0
7,inhibitory_neuron,LB3851T,0
7,inhibitory_neuron,LB3853T,0
7,inhibitory_neuron,LB3854T,0
7,inhibitory_neuron,LB3864T,0
7,inhibitory_neuron,LB3865T,0
7,inhibitory_neuron,LB3869T,0
7,inhibitory_neuron,LB3871T,0
7,inhibitory_neuron,LB3872T,0
7,inhibitory_neuron,LB3914T,0
7,inhibitory_neuron,LB3915T,0
7,inhibitory_neuron,LB3931T,0
7,inhibitory_neuron,LB3944T,0
7,inhibitory_neuron,LB3963T,0
7,inhibitory_neuron,LB4003T,0
7,inhibitory_neuron,LB4006T,0
7,inhibitory_neuron,LB4015T,0
7,inhibitory_neuron,LB4024T,0
7,inhibitory_neuron,LB4034T,0
7,inhibitory_neuron,LB4059T,0
7,inhibitory_neuron,LB4075T,0
7,inhibitory_neuron,LB4101T,0
7,inhibitory_neuron,LB4117T,0
7,inhibitory_neuron,LB4180T,0
7,inhibitory_neuron,MGH102,0
7,inhibitory_neuron,MGH105,0
7,inhibitory_neuron,MGH114,0
7,inhibitory_neuron,MGH115,0
7,inhibitory_neuron,MGH118,0
7,inhibitory_neuron,MGH124,0
7,inhibitory_neuron,MGH125,0
7,inhibitory_neuron,MGH126,0
7,inhibitory_neuron,ND4,0
7,inhibitory_neuron,P234_JAK,0
7,inhibitory_neuron,P294,0
7,inhibitory_neuron,P317,0
7,inhibitory_neuron,P322,0
7,inhibitory_neuron,Patient_2,0
7,inhibitory_neuron,Patient_4,0
7,inhibitory_neuron,R2,0
7,inhibitory_neuron,R3,0
7,inhibitory_neuron,R5,0
7,inhibitory_neuron,SF4297,0
7,inhibitory_neuron,SF6996,0
7,inhibitory_neuron,SF9259R,0
7,inhibitory_neuron,SF9259S,0
7,inhibitory_neuron,SF10022,0
7,inhibitory_neuron,SF10127,0
7,inhibitory_neuron,SF11159,0
7,inhibitory_neuron,SF11209,0
7,inhibitory_neuron,SF11232,0
7,inhibitory_neuron,SF11247,0
7,inhibitory_neuron,SF11644,0
7,inhibitory_neuron,SF11956,0
7,inhibitory_neuron,SF11979,0
7,inhibitory_neuron,SM006,0
7,inhibitory_neuron,SM011,0
7,inhibitory_neuron,SM012,0
7,inhibitory_neuron,SM017,0
7,inhibitory_neuron,SM018,0
7,inhibitory_neuron,X154,0
7,inhibitory_neuron,X192,0
7,inhibitory_neuron,X194,0
7,inhibitory_neuron,ndGBM-01,0
7,inhibitory_neuron,ndGBM-02,0
7,inhibitory_neuron,ndGBM-03,0
7,inhibitory_neuron,ndGBM-04,0
7,inhibitory_neuron,ndGBM-05,0
7,inhibitory_neuron,ndGBM-06,0
7,inhibitory_neuron,ndGBM-07,0
7,inhibitory_neuron,ndGBM-08,0
7,inhibitory_neuron,ndGBM-09,0
7,inhibitory_neuron,ndGBM-11,0
7,inhibitory_neuron,rGBM-01,0
7,inhibitory_neuron,rGBM-02,0
7,inhibitory_neuron,rGBM-03,0
7,inhibitory_neuron,rGBM-04,0
7,oligodendrocyte,3182,0
7,oligodendrocyte,3282,0
7,oligodendrocyte,3295,0
7,oligodendrocyte,BT333,1
7,oligodendrocyte,BT346,0
7,oligodendrocyte,BT363,4
7,oligodendrocyte,BT364,17
7,oligodendrocyte,BT368,2
7,oligodendrocyte,BT389,0
7,oligodendrocyte,BT390,5
7,oligodendrocyte,BT397,0
7,oligodendrocyte,BT402,1
7,oligodendrocyte,BT407,1
7,oligodendrocyte,BT409,1
7,oligodendrocyte,C3L-02705,119
7,oligodendrocyte,C3L-03405,5
7,oligodendrocyte,C3L-03968,58
7,oligodendrocyte,C3N-00662,3
7,oligodendrocyte,C3N-01334,142
7,oligodendrocyte,C3N-01798,19
7,oligodendrocyte,C3N-01814,2
7,oligodendrocyte,C3N-01815,406
7,oligodendrocyte,C3N-01816,0
7,oligodendrocyte,C3N-02181,8
7,oligodendrocyte,C3N-02188,0
7,oligodendrocyte,C3N-02190,197
7,oligodendrocyte,C3N-02769,13
7,oligodendrocyte,C3N-02783,14
7,oligodendrocyte,C3N-02784,59
7,oligodendrocyte,C3N-03184,15
7,oligodendrocyte,C3N-03186,40
7,oligodendrocyte,C3N-03188,74
7,oligodendrocyte,E10,0
7,oligodendrocyte,E100,0
7,oligodendrocyte,G523,5
7,oligodendrocyte,G549,9
7,oligodendrocyte,G566,0
7,oligodendrocyte,G583,34
7,oligodendrocyte,G620,0
7,oligodendrocyte,G637,0
7,oligodendrocyte,G729,35
7,oligodendrocyte,G799,0
7,oligodendrocyte,G837,310
7,oligodendrocyte,G851,0
7,oligodendrocyte,G910,2
7,oligodendrocyte,G945,1
7,oligodendrocyte,G946,0
7,oligodendrocyte,G967,1
7,oligodendrocyte,G983,3
7,oligodendrocyte,G1003,0
7,oligodendrocyte,GSM4141788,0
7,oligodendrocyte,GSM4141789,0
7,oligodendrocyte,GSM4141790,1
7,oligodendrocyte,JK125,0
7,oligodendrocyte,JK134,0
7,oligodendrocyte,JK136,0
7,oligodendrocyte,JK142,0
7,oligodendrocyte,JK153,0
7,oligodendrocyte,JK156,0
7,oligodendrocyte,JK163,0
7,oligodendrocyte,LB3018T,0
7,oligodendrocyte,LB3579T,0
7,oligodendrocyte,LB3612T,0
7,oligodendrocyte,LB3667T,2
7,oligodendrocyte,LB3771T,0
7,oligodendrocyte,LB3851T,0
7,oligodendrocyte,LB3853T,0
7,oligodendrocyte,LB3854T,0
7,oligodendrocyte,LB3864T,2
7,oligodendrocyte,LB3865T,0
7,oligodendrocyte,LB3869T,1
7,oligodendrocyte,LB3871T,0
7,oligodendrocyte,LB3872T,0
7,oligodendrocyte,LB3914T,0
7,oligodendrocyte,LB3915T,0
7,oligodendrocyte,LB3931T,0
7,oligodendrocyte,LB3944T,0
7,oligodendrocyte,LB3963T,0
7,oligodendrocyte,LB4003T,3
7,oligodendrocyte,LB4006T,0
7,oligodendrocyte,LB4015T,0
7,oligodendrocyte,LB4024T,0
7,oligodendrocyte,LB4034T,0
7,oligodendrocyte,LB4059T,0
7,oligodendrocyte,LB4075T,0
7,oligodendrocyte,LB4101T,0
7,oligodendrocyte,LB4117T,0
7,oligodendrocyte,LB4180T,0
7,oligodendrocyte,MGH102,0
7,oligodendrocyte,MGH105,0
7,oligodendrocyte,MGH114,0
7,oligodendrocyte,MGH115,0
7,oligodendrocyte,MGH118,2
7,oligodendrocyte,MGH124,0
7,oligodendrocyte,MGH125,0
7,oligodendrocyte,MGH126,0
7,oligodendrocyte,ND4,0
7,oligodendrocyte,P234_JAK,5
7,oligodendrocyte,P294,0
7,oligodendrocyte,P317,11
7,oligodendrocyte,P322,0
7,oligodendrocyte,Patient_2,0
7,oligodendrocyte,Patient_4,0
7,oligodendrocyte,R2,0
7,oligodendrocyte,R3,0
7,oligodendrocyte,R5,0
7,oligodendrocyte,SF4297,109
7,oligodendrocyte,SF6996,61
7,oligodendrocyte,SF9259R,17
7,oligodendrocyte,SF9259S,223
7,oligodendrocyte,SF10022,8
7,oligodendrocyte,SF10127,0
7,oligodendrocyte,SF11159,0
7,oligodendrocyte,SF11209,0
7,oligodendrocyte,SF11232,0
7,oligodendrocyte,SF11247,0
7,oligodendrocyte,SF11644,0
7,oligodendrocyte,SF11956,0
7,oligodendrocyte,SF11979,0
7,oligodendrocyte,SM006,0
7,oligodendrocyte,SM011,2
7,oligodendrocyte,SM012,20
7,oligodendrocyte,SM017,2
7,oligodendrocyte,SM018,8
7,oligodendrocyte,X154,0
7,oligodendrocyte,X192,5
7,oligodendrocyte,X194,274
7,oligodendrocyte,ndGBM-01,5
7,oligodendrocyte,ndGBM-02,4
7,oligodendrocyte,ndGBM-03,2
7,oligodendrocyte,ndGBM-04,0
7,oligodendrocyte,ndGBM-05,0
7,oligodendrocyte,ndGBM-06,0
7,oligodendrocyte,ndGBM-07,1
7,oligodendrocyte,ndGBM-08,0
7,oligodendrocyte,ndGBM-09,0
7,oligodendrocyte,ndGBM-11,1
7,oligodendrocyte,rGBM-01,0
7,oligodendrocyte,rGBM-02,0
7,oligodendrocyte,rGBM-03,5
7,oligodendrocyte,rGBM-04,8
8,excitatory_neuron,3182,0
8,excitatory_neuron,3282,0
8,excitatory_neuron,3295,0
8,excitatory_neuron,BT333,0
8,excitatory_neuron,BT346,0
8,excitatory_neuron,BT363,0
8,excitatory_neuron,BT364,0
8,excitatory_neuron,BT368,0
8,excitatory_neuron,BT389,0
8,excitatory_neuron,BT390,0
8,excitatory_neuron,BT397,0
8,excitatory_neuron,BT402,0
8,excitatory_neuron,BT407,0
8,excitatory_neuron,BT409,0
8,excitatory_neuron,C3L-02705,0
8,excitatory_neuron,C3L-03405,0
8,excitatory_neuron,C3L-03968,0
8,excitatory_neuron,C3N-00662,0
8,excitatory_neuron,C3N-01334,0
8,excitatory_neuron,C3N-01798,0
8,excitatory_neuron,C3N-01814,0
8,excitatory_neuron,C3N-01815,0
8,excitatory_neuron,C3N-01816,0
8,excitatory_neuron,C3N-02181,0
8,excitatory_neuron,C3N-02188,0
8,excitatory_neuron,C3N-02190,0
8,excitatory_neuron,C3N-02769,0
8,excitatory_neuron,C3N-02783,0
8,excitatory_neuron,C3N-02784,0
8,excitatory_neuron,C3N-03184,0
8,excitatory_neuron,C3N-03186,0
8,excitatory_neuron,C3N-03188,0
8,excitatory_neuron,E10,0
8,excitatory_neuron,E100,0
8,excitatory_neuron,G523,0
8,excitatory_neuron,G549,0
8,excitatory_neuron,G566,0
8,excitatory_neuron,G583,0
8,excitatory_neuron,G620,0
8,excitatory_neuron,G637,0
8,excitatory_neuron,G729,0
8,excitatory_neuron,G799,0
8,excitatory_neuron,G837,0
8,excitatory_neuron,G851,0
8,excitatory_neuron,G910,0
8,excitatory_neuron,G945,0
8,excitatory_neuron,G946,0
8,excitatory_neuron,G967,0
8,excitatory_neuron,G983,0
8,excitatory_neuron,G1003,0
8,excitatory_neuron,GSM4141788,0
8,excitatory_neuron,GSM4141789,0
8,excitatory_neuron,GSM4141790,0
8,excitatory_neuron,JK125,0
8,excitatory_neuron,JK134,0
8,excitatory_neuron,JK136,0
8,excitatory_neuron,JK142,0
8,excitatory_neuron,JK153,0
8,excitatory_neuron,JK156,0
8,excitatory_neuron,JK163,0
8,excitatory_neuron,LB3018T,0
8,excitatory_neuron,LB3579T,0
8,excitatory_neuron,LB3612T,0
8,excitatory_neuron,LB3667T,0
8,excitatory_neuron,LB3771T,0
8,excitatory_neuron,LB3851T,0
8,excitatory_neuron,LB3853T,0
8,excitatory_neuron,LB3854T,0
8,excitatory_neuron,LB3864T,0
8,excitatory_neuron,LB3865T,0
8,excitatory_neuron,LB3869T,0
8,excitatory_neuron,LB3871T,0
8,excitatory_neuron,LB3872T,0
8,excitatory_neuron,LB3914T,0
8,excitatory_neuron,LB3915T,0
8,excitatory_neuron,LB3931T,0
8,excitatory_neuron,LB3944T,0
8,excitatory_neuron,LB3963T,0
8,excitatory_neuron,LB4003T,0
8,excitatory_neuron,LB4006T,0
8,excitatory_neuron,LB4015T,0
8,excitatory_neuron,LB4024T,0
8,excitatory_neuron,LB4034T,0
8,excitatory_neuron,LB4059T,0
8,excitatory_neuron,LB4075T,0
8,excitatory_neuron,LB4101T,0
8,excitatory_neuron,LB4117T,0
8,excitatory_neuron,LB4180T,0
8,excitatory_neuron,MGH102,0
8,excitatory_neuron,MGH105,0
8,excitatory_neuron,MGH114,0
8,excitatory_neuron,MGH115,0
8,excitatory_neuron,MGH118,0
8,excitatory_neuron,MGH124,0
8,excitatory_neuron,MGH125,0
8,excitatory_neuron,MGH126,0
8,excitatory_neuron,ND4,0
8,excitatory_neuron,P234_JAK,0
8,excitatory_neuron,P294,0
8,excitatory_neuron,P317,0
8,excitatory_neuron,P322,0
8,excitatory_neuron,Patient_2,0
8,excitatory_neuron,Patient_4,0
8,excitatory_neuron,R2,0
8,excitatory_neuron,R3,0
8,excitatory_neuron,R5,0
8,excitatory_neuron,SF4297,0
8,excitatory_neuron,SF6996,0
8,excitatory_neuron,SF9259R,0
8,excitatory_neuron,SF9259S,0
8,excitatory_neuron,SF10022,0
8,excitatory_neuron,SF10127,0
8,excitatory_neuron,SF11159,0
8,excitatory_neuron,SF11209,0
8,excitatory_neuron,SF11232,0
8,excitatory_neuron,SF11247,0
8,excitatory_neuron,SF11644,1
8,excitatory_neuron,SF11956,0
8,excitatory_neuron,SF11979,0
8,excitatory_neuron,SM006,0
8,excitatory_neuron,SM011,0
8,excitatory_neuron,SM012,0
8,excitatory_neuron,SM017,0
8,excitatory_neuron,SM018,0
8,excitatory_neuron,X154,0
8,excitatory_neuron,X192,0
8,excitatory_neuron,X194,0
8,excitatory_neuron,ndGBM-01,0
8,excitatory_neuron,ndGBM-02,0
8,excitatory_neuron,ndGBM-03,0
8,excitatory_neuron,ndGBM-04,0
8,excitatory_neuron,ndGBM-05,0
8,excitatory_neuron,ndGBM-06,0
8,excitatory_neuron,ndGBM-07,0
8,excitatory_neuron,ndGBM-08,0
8,excitatory_neuron,ndGBM-09,0
8,excitatory_neuron,ndGBM-11,0
8,excitatory_neuron,rGBM-01,0
8,excitatory_neuron,rGBM-02,0
8,excitatory_neuron,rGBM-03,0
8,excitatory_neuron,rGBM-04,0
8,inhibitory_neuron,3182,0
8,inhibitory_neuron,3282,0
8,inhibitory_neuron,3295,0
8,inhibitory_neuron,BT333,0
8,inhibitory_neuron,BT346,0
8,inhibitory_neuron,BT363,0
8,inhibitory_neuron,BT364,0
8,inhibitory_neuron,BT368,0
8,inhibitory_neuron,BT389,0
8,inhibitory_neuron,BT390,0
8,inhibitory_neuron,BT397,0
8,inhibitory_neuron,BT402,0
8,inhibitory_neuron,BT407,0
8,inhibitory_neuron,BT409,0
8,inhibitory_neuron,C3L-02705,0
8,inhibitory_neuron,C3L-03405,0
8,inhibitory_neuron,C3L-03968,0
8,inhibitory_neuron,C3N-00662,0
8,inhibitory_neuron,C3N-01334,1
8,inhibitory_neuron,C3N-01798,0
8,inhibitory_neuron,C3N-01814,3
8,inhibitory_neuron,C3N-01815,0
8,inhibitory_neuron,C3N-01816,0
8,inhibitory_neuron,C3N-02181,0
8,inhibitory_neuron,C3N-02188,0
8,inhibitory_neuron,C3N-02190,0
8,inhibitory_neuron,C3N-02769,0
8,inhibitory_neuron,C3N-02783,2149
8,inhibitory_neuron,C3N-02784,0
8,inhibitory_neuron,C3N-03184,0
8,inhibitory_neuron,C3N-03186,1
8,inhibitory_neuron,C3N-03188,0
8,inhibitory_neuron,E10,0
8,inhibitory_neuron,E100,0
8,inhibitory_neuron,G523,1
8,inhibitory_neuron,G549,0
8,inhibitory_neuron,G566,0
8,inhibitory_neuron,G583,0
8,inhibitory_neuron,G620,0
8,inhibitory_neuron,G637,0
8,inhibitory_neuron,G729,0
8,inhibitory_neuron,G799,0
8,inhibitory_neuron,G837,0
8,inhibitory_neuron,G851,0
8,inhibitory_neuron,G910,0
8,inhibitory_neuron,G945,0
8,inhibitory_neuron,G946,0
8,inhibitory_neuron,G967,0
8,inhibitory_neuron,G983,0
8,inhibitory_neuron,G1003,0
8,inhibitory_neuron,GSM4141788,0
8,inhibitory_neuron,GSM4141789,0
8,inhibitory_neuron,GSM4141790,0
8,inhibitory_neuron,JK125,0
8,inhibitory_neuron,JK134,0
8,inhibitory_neuron,JK136,0
8,inhibitory_neuron,JK142,0
8,inhibitory_neuron,JK153,0
8,inhibitory_neuron,JK156,0
8,inhibitory_neuron,JK163,0
8,inhibitory_neuron,LB3018T,0
8,inhibitory_neuron,LB3579T,0
8,inhibitory_neuron,LB3612T,0
8,inhibitory_neuron,LB3667T,0
8,inhibitory_neuron,LB3771T,0
8,inhibitory_neuron,LB3851T,0
8,inhibitory_neuron,LB3853T,0
8,inhibitory_neuron,LB3854T,0
8,inhibitory_neuron,LB3864T,0
8,inhibitory_neuron,LB3865T,0
8,inhibitory_neuron,LB3869T,0
8,inhibitory_neuron,LB3871T,0
8,inhibitory_neuron,LB3872T,0
8,inhibitory_neuron,LB3914T,0
8,inhibitory_neuron,LB3915T,0
8,inhibitory_neuron,LB3931T,0
8,inhibitory_neuron,LB3944T,0
8,inhibitory_neuron,LB3963T,0
8,inhibitory_neuron,LB4003T,0
8,inhibitory_neuron,LB4006T,0
8,inhibitory_neuron,LB4015T,0
8,inhibitory_neuron,LB4024T,0
8,inhibitory_neuron,LB4034T,0
8,inhibitory_neuron,LB4059T,0
8,inhibitory_neuron,LB4075T,0
8,inhibitory_neuron,LB4101T,0
8,inhibitory_neuron,LB4117T,0
8,inhibitory_neuron,LB4180T,0
8,inhibitory_neuron,MGH102,0
8,inhibitory_neuron,MGH105,0
8,inhibitory_neuron,MGH114,0
8,inhibitory_neuron,MGH115,0
8,inhibitory_neuron,MGH118,0
8,inhibitory_neuron,MGH124,0
8,inhibitory_neuron,MGH125,0
8,inhibitory_neuron,MGH126,0
8,inhibitory_neuron,ND4,0
8,inhibitory_neuron,P234_JAK,0
8,inhibitory_neuron,P294,0
8,inhibitory_neuron,P317,0
8,inhibitory_neuron,P322,0
8,inhibitory_neuron,Patient_2,0
8,inhibitory_neuron,Patient_4,0
8,inhibitory_neuron,R2,0
8,inhibitory_neuron,R3,1
8,inhibitory_neuron,R5,0
8,inhibitory_neuron,SF4297,0
8,inhibitory_neuron,SF6996,0
8,inhibitory_neuron,SF9259R,0
8,inhibitory_neuron,SF9259S,0
8,inhibitory_neuron,SF10022,0
8,inhibitory_neuron,SF10127,0
8,inhibitory_neuron,SF11159,0
8,inhibitory_neuron,SF11209,0
8,inhibitory_neuron,SF11232,0
8,inhibitory_neuron,SF11247,0
8,inhibitory_neuron,SF11644,1
8,inhibitory_neuron,SF11956,0
8,inhibitory_neuron,SF11979,0
8,inhibitory_neuron,SM006,0
8,inhibitory_neuron,SM011,1
8,inhibitory_neuron,SM012,0
8,inhibitory_neuron,SM017,0
8,inhibitory_neuron,SM018,0
8,inhibitory_neuron,X154,0
8,inhibitory_neuron,X192,0
8,inhibitory_neuron,X194,0
8,inhibitory_neuron,ndGBM-01,1
8,inhibitory_neuron,ndGBM-02,0
8,inhibitory_neuron,ndGBM-03,0
8,inhibitory_neuron,ndGBM-04,0
8,inhibitory_neuron,ndGBM-05,0
8,inhibitory_neuron,ndGBM-06,0
8,inhibitory_neuron,ndGBM-07,0
8,inhibitory_neuron,ndGBM-08,1
8,inhibitory_neuron,ndGBM-09,0
8,inhibitory_neuron,ndGBM-11,0
8,inhibitory_neuron,rGBM-01,0
8,inhibitory_neuron,rGBM-02,0
8,inhibitory_neuron,rGBM-03,0
8,inhibitory_neuron,rGBM-04,0
8,oligodendrocyte,3182,0
8,oligodendrocyte,3282,0
8,oligodendrocyte,3295,0
8,oligodendrocyte,BT333,0
8,oligodendrocyte,BT346,0
8,oligodendrocyte,BT363,0
8,oligodendrocyte,BT364,0
8,oligodendrocyte,BT368,0
8,oligodendrocyte,BT389,0
8,oligodendrocyte,BT390,0
8,oligodendrocyte,BT397,0
8,oligodendrocyte,BT402,0
8,oligodendrocyte,BT407,0
8,oligodendrocyte,BT409,0
8,oligodendrocyte,C3L-02705,0
8,oligodendrocyte,C3L-03405,0
8,oligodendrocyte,C3L-03968,0
8,oligodendrocyte,C3N-00662,0
8,oligodendrocyte,C3N-01334,0
8,oligodendrocyte,C3N-01798,0
8,oligodendrocyte,C3N-01814,2
8,oligodendrocyte,C3N-01815,0
8,oligodendrocyte,C3N-01816,0
8,oligodendrocyte,C3N-02181,0
8,oligodendrocyte,C3N-02188,0
8,oligodendrocyte,C3N-02190,0
8,oligodendrocyte,C3N-02769,0
8,oligodendrocyte,C3N-02783,1
8,oligodendrocyte,C3N-02784,0
8,oligodendrocyte,C3N-03184,0
8,oligodendrocyte,C3N-03186,0
8,oligodendrocyte,C3N-03188,0
8,oligodendrocyte,E10,0
8,oligodendrocyte,E100,0
8,oligodendrocyte,G523,0
8,oligodendrocyte,G549,0
8,oligodendrocyte,G566,0
8,oligodendrocyte,G583,0
8,oligodendrocyte,G620,0
8,oligodendrocyte,G637,0
8,oligodendrocyte,G729,0
8,oligodendrocyte,G799,0
8,oligodendrocyte,G837,0
8,oligodendrocyte,G851,0
8,oligodendrocyte,G910,0
8,oligodendrocyte,G945,0
8,oligodendrocyte,G946,0
8,oligodendrocyte,G967,0
8,oligodendrocyte,G983,0
8,oligodendrocyte,G1003,0
8,oligodendrocyte,GSM4141788,0
8,oligodendrocyte,GSM4141789,0
8,oligodendrocyte,GSM4141790,0
8,oligodendrocyte,JK125,0
8,oligodendrocyte,JK134,0
8,oligodendrocyte,JK136,0
8,oligodendrocyte,JK142,0
8,oligodendrocyte,JK153,0
8,oligodendrocyte,JK156,0
8,oligodendrocyte,JK163,0
8,oligodendrocyte,LB3018T,0
8,oligodendrocyte,LB3579T,0
8,oligodendrocyte,LB3612T,0
8,oligodendrocyte,LB3667T,0
8,oligodendrocyte,LB3771T,0
8,oligodendrocyte,LB3851T,0
8,oligodendrocyte,LB3853T,0
8,oligodendrocyte,LB3854T,0
8,oligodendrocyte,LB3864T,0
8,oligodendrocyte,LB3865T,0
8,oligodendrocyte,LB3869T,0
8,oligodendrocyte,LB3871T,0
8,oligodendrocyte,LB3872T,0
8,oligodendrocyte,LB3914T,0
8,oligodendrocyte,LB3915T,0
8,oligodendrocyte,LB3931T,0
8,oligodendrocyte,LB3944T,0
8,oligodendrocyte,LB3963T,0
8,oligodendrocyte,LB4003T,0
8,oligodendrocyte,LB4006T,0
8,oligodendrocyte,LB4015T,0
8,oligodendrocyte,LB4024T,0
8,oligodendrocyte,LB4034T,0
8,oligodendrocyte,LB4059T,0
8,oligodendrocyte,LB4075T,0
8,oligodendrocyte,LB4101T,0
8,oligodendrocyte,LB4117T,0
8,oligodendrocyte,LB4180T,0
8,oligodendrocyte,MGH102,0
8,oligodendrocyte,MGH105,0
8,oligodendrocyte,MGH114,0
8,oligodendrocyte,MGH115,0
8,oligodendrocyte,MGH118,0
8,oligodendrocyte,MGH124,0
8,oligodendrocyte,MGH125,0
8,oligodendrocyte,MGH126,0
8,oligodendrocyte,ND4,0
8,oligodendrocyte,P234_JAK,0
8,oligodendrocyte,P294,0
8,oligodendrocyte,P317,0
8,oligodendrocyte,P322,0
8,oligodendrocyte,Patient_2,0
8,oligodendrocyte,Patient_4,0
8,oligodendrocyte,R2,0
8,oligodendrocyte,R3,0
8,oligodendrocyte,R5,0
8,oligodendrocyte,SF4297,0
8,oligodendrocyte,SF6996,0
8,oligodendrocyte,SF9259R,0
8,oligodendrocyte,SF9259S,0
8,oligodendrocyte,SF10022,0
8,oligodendrocyte,SF10127,0
8,oligodendrocyte,SF11159,0
8,oligodendrocyte,SF11209,0
8,oligodendrocyte,SF11232,0
8,oligodendrocyte,SF11247,0
8,oligodendrocyte,SF11644,0
8,oligodendrocyte,SF11956,0
8,oligodendrocyte,SF11979,0
8,oligodendrocyte,SM006,0
8,oligodendrocyte,SM011,0
8,oligodendrocyte,SM012,0
8,oligodendrocyte,SM017,0
8,oligodendrocyte,SM018,0
8,oligodendrocyte,X154,0
8,oligodendrocyte,X192,0
8,oligodendrocyte,X194,0
8,oligodendrocyte,ndGBM-01,0
8,oligodendrocyte,ndGBM-02,0
8,oligodendrocyte,ndGBM-03,0
8,oligodendrocyte,ndGBM-04,0
8,oligodendrocyte,ndGBM-05,0
8,oligodendrocyte,ndGBM-06,1
8,oligodendrocyte,ndGBM-07,0
8,oligodendrocyte,ndGBM-08,0
8,oligodendrocyte,ndGBM-09,0
8,oligodendrocyte,ndGBM-11,0
8,oligodendrocyte,rGBM-01,0
8,oligodendrocyte,rGBM-02,0
8,oligodendrocyte,rGBM-03,0
8,oligodendrocyte,rGBM-04,0
9,excitatory_neuron,3182,0
9,excitatory_neuron,3282,0
9,excitatory_neuron,3295,0
9,excitatory_neuron,BT333,0
9,excitatory_neuron,BT346,0
9,excitatory_neuron,BT363,0
9,excitatory_neuron,BT364,0
9,excitatory_neuron,BT368,0
9,excitatory_neuron,BT389,0
9,excitatory_neuron,BT390,0
9,excitatory_neuron,BT397,0
9,excitatory_neuron,BT402,0
9,excitatory_neuron,BT407,0
9,excitatory_neuron,BT409,0
9,excitatory_neuron,C3L-02705,0
9,excitatory_neuron,C3L-03405,0
9,excitatory_neuron,C3L-03968,0
9,excitatory_neuron,C3N-00662,0
9,excitatory_neuron,C3N-01334,0
9,excitatory_neuron,C3N-01798,0
9,excitatory_neuron,C3N-01814,0
9,excitatory_neuron,C3N-01815,0
9,excitatory_neuron,C3N-01816,0
9,excitatory_neuron,C3N-02181,0
9,excitatory_neuron,C3N-02188,0
9,excitatory_neuron,C3N-02190,0
9,excitatory_neuron,C3N-02769,0
9,excitatory_neuron,C3N-02783,0
9,excitatory_neuron,C3N-02784,0
9,excitatory_neuron,C3N-03184,0
9,excitatory_neuron,C3N-03186,0
9,excitatory_neuron,C3N-03188,0
9,excitatory_neuron,E10,0
9,excitatory_neuron,E100,0
9,excitatory_neuron,G523,0
9,excitatory_neuron,G549,0
9,excitatory_neuron,G566,0
9,excitatory_neuron,G583,0
9,excitatory_neuron,G620,0
9,excitatory_neuron,G637,0
9,excitatory_neuron,G729,0
9,excitatory_neuron,G799,0
9,excitatory_neuron,G837,0
9,excitatory_neuron,G851,0
9,excitatory_neuron,G910,0
9,excitatory_neuron,G945,0
9,excitatory_neuron,G946,0
9,excitatory_neuron,G967,0
9,excitatory_neuron,G983,0
9,excitatory_neuron,G1003,0
9,excitatory_neuron,GSM4141788,0
9,excitatory_neuron,GSM4141789,0
9,excitatory_neuron,GSM4141790,0
9,excitatory_neuron,JK125,0
9,excitatory_neuron,JK134,0
9,excitatory_neuron,JK136,0
9,excitatory_neuron,JK142,0
9,excitatory_neuron,JK153,0
9,excitatory_neuron,JK156,0
9,excitatory_neuron,JK163,0
9,excitatory_neuron,LB3018T,0
9,excitatory_neuron,LB3579T,0
9,excitatory_neuron,LB3612T,0
9,excitatory_neuron,LB3667T,0
9,excitatory_neuron,LB3771T,0
9,excitatory_neuron,LB3851T,0
9,excitatory_neuron,LB3853T,0
9,excitatory_neuron,LB3854T,0
9,excitatory_neuron,LB3864T,0
9,excitatory_neuron,LB3865T,0
9,excitatory_neuron,LB3869T,0
9,excitatory_neuron,LB3871T,0
9,excitatory_neuron,LB3872T,0
9,excitatory_neuron,LB3914T,0
9,excitatory_neuron,LB3915T,0
9,excitatory_neuron,LB3931T,0
9,excitatory_neuron,LB3944T,0
9,excitatory_neuron,LB3963T,0
9,excitatory_neuron,LB4003T,0
9,excitatory_neuron,LB4006T,0
9,excitatory_neuron,LB4015T,0
9,excitatory_neuron,LB4024T,0
9,excitatory_neuron,LB4034T,0
9,excitatory_neuron,LB4059T,0
9,excitatory_neuron,LB4075T,0
9,excitatory_neuron,LB4101T,0
9,excitatory_neuron,LB4117T,0
9,excitatory_neuron,LB4180T,0
9,excitatory_neuron,MGH102,0
9,excitatory_neuron,MGH105,0
9,excitatory_neuron,MGH114,0
9,excitatory_neuron,MGH115,0
9,excitatory_neuron,MGH118,0
9,excitatory_neuron,MGH124,0
9,excitatory_neuron,MGH125,0
9,excitatory_neuron,MGH126,0
9,excitatory_neuron,ND4,0
9,excitatory_neuron,P234_JAK,0
9,excitatory_neuron,P294,0
9,excitatory_neuron,P317,0
9,excitatory_neuron,P322,0
9,excitatory_neuron,Patient_2,0
9,excitatory_neuron,Patient_4,0
9,excitatory_neuron,R2,0
9,excitatory_neuron,R3,0
9,excitatory_neuron,R5,0
9,excitatory_neuron,SF4297,0
9,excitatory_neuron,SF6996,0
9,excitatory_neuron,SF9259R,0
9,excitatory_neuron,SF9259S,0
9,excitatory_neuron,SF10022,0
9,excitatory_neuron,SF10127,0
9,excitatory_neuron,SF11159,0
9,excitatory_neuron,SF11209,0
9,excitatory_neuron,SF11232,0
9,excitatory_neuron,SF11247,0
9,excitatory_neuron,SF11644,0
9,excitatory_neuron,SF11956,0
9,excitatory_neuron,SF11979,0
9,excitatory_neuron,SM006,0
9,excitatory_neuron,SM011,0
9,excitatory_neuron,SM012,0
9,excitatory_neuron,SM017,0
9,excitatory_neuron,SM018,0
9,excitatory_neuron,X154,0
9,excitatory_neuron,X192,0
9,excitatory_neuron,X194,0
9,excitatory_neuron,ndGBM-01,0
9,excitatory_neuron,ndGBM-02,0
9,excitatory_neuron,ndGBM-03,0
9,excitatory_neuron,ndGBM-04,0
9,excitatory_neuron,ndGBM-05,0
9,excitatory_neuron,ndGBM-06,0
9,excitatory_neuron,ndGBM-07,0
9,excitatory_neuron,ndGBM-08,0
9,excitatory_neuron,ndGBM-09,0
9,excitatory_neuron,ndGBM-11,0
9,excitatory_neuron,rGBM-01,0
9,excitatory_neuron,rGBM-02,0
9,excitatory_neuron,rGBM-03,0
9,excitatory_neuron,rGBM-04,0
9,inhibitory_neuron,3182,0
9,inhibitory_neuron,3282,0
9,inhibitory_neuron,3295,0
9,inhibitory_neuron,BT333,0
9,inhibitory_neuron,BT346,0
9,inhibitory_neuron,BT363,0
9,inhibitory_neuron,BT364,0
9,inhibitory_neuron,BT368,0
9,inhibitory_neuron,BT389,0
9,inhibitory_neuron,BT390,0
9,inhibitory_neuron,BT397,0
9,inhibitory_neuron,BT402,0
9,inhibitory_neuron,BT407,0
9,inhibitory_neuron,BT409,0
9,inhibitory_neuron,C3L-02705,0
9,inhibitory_neuron,C3L-03405,0
9,inhibitory_neuron,C3L-03968,0
9,inhibitory_neuron,C3N-00662,0
9,inhibitory_neuron,C3N-01334,0
9,inhibitory_neuron,C3N-01798,0
9,inhibitory_neuron,C3N-01814,0
9,inhibitory_neuron,C3N-01815,0
9,inhibitory_neuron,C3N-01816,0
9,inhibitory_neuron,C3N-02181,0
9,inhibitory_neuron,C3N-02188,0
9,inhibitory_neuron,C3N-02190,0
9,inhibitory_neuron,C3N-02769,0
9,inhibitory_neuron,C3N-02783,0
9,inhibitory_neuron,C3N-02784,0
9,inhibitory_neuron,C3N-03184,0
9,inhibitory_neuron,C3N-03186,0
9,inhibitory_neuron,C3N-03188,0
9,inhibitory_neuron,E10,0
9,inhibitory_neuron,E100,0
9,inhibitory_neuron,G523,0
9,inhibitory_neuron,G549,0
9,inhibitory_neuron,G566,0
9,inhibitory_neuron,G583,0
9,inhibitory_neuron,G620,0
9,inhibitory_neuron,G637,0
9,inhibitory_neuron,G729,0
9,inhibitory_neuron,G799,0
9,inhibitory_neuron,G837,0
9,inhibitory_neuron,G851,0
9,inhibitory_neuron,G910,0
9,inhibitory_neuron,G945,0
9,inhibitory_neuron,G946,0
9,inhibitory_neuron,G967,0
9,inhibitory_neuron,G983,0
9,inhibitory_neuron,G1003,0
9,inhibitory_neuron,GSM4141788,0
9,inhibitory_neuron,GSM4141789,0
9,inhibitory_neuron,GSM4141790,0
9,inhibitory_neuron,JK125,0
9,inhibitory_neuron,JK134,0
9,inhibitory_neuron,JK136,0
9,inhibitory_neuron,JK142,0
9,inhibitory_neuron,JK153,0
9,inhibitory_neuron,JK156,0
9,inhibitory_neuron,JK163,0
9,inhibitory_neuron,LB3018T,0
9,inhibitory_neuron,LB3579T,0
9,inhibitory_neuron,LB3612T,0
9,inhibitory_neuron,LB3667T,0
9,inhibitory_neuron,LB3771T,0
9,inhibitory_neuron,LB3851T,0
9,inhibitory_neuron,LB3853T,0
9,inhibitory_neuron,LB3854T,0
9,inhibitory_neuron,LB3864T,0
9,inhibitory_neuron,LB3865T,0
9,inhibitory_neuron,LB3869T,0
9,inhibitory_neuron,LB3871T,0
9,inhibitory_neuron,LB3872T,0
9,inhibitory_neuron,LB3914T,0
9,inhibitory_neuron,LB3915T,0
9,inhibitory_neuron,LB3931T,0
9,inhibitory_neuron,LB3944T,0
9,inhibitory_neuron,LB3963T,0
9,inhibitory_neuron,LB4003T,0
9,inhibitory_neuron,LB4006T,0
9,inhibitory_neuron,LB4015T,0
9,inhibitory_neuron,LB4024T,0
9,inhibitory_neuron,LB4034T,0
9,inhibitory_neuron,LB4059T,0
9,inhibitory_neuron,LB4075T,0
9,inhibitory_neuron,LB4101T,0
9,inhibitory_neuron,LB4117T,0
9,inhibitory_neuron,LB4180T,0
9,inhibitory_neuron,MGH102,0
9,inhibitory_neuron,MGH105,0
9,inhibitory_neuron,MGH114,0
9,inhibitory_neuron,MGH115,0
9,inhibitory_neuron,MGH118,0
9,inhibitory_neuron,MGH124,0
9,inhibitory_neuron,MGH125,0
9,inhibitory_neuron,MGH126,0
9,inhibitory_neuron,ND4,0
9,inhibitory_neuron,P234_JAK,0
9,inhibitory_neuron,P294,0
9,inhibitory_neuron,P317,0
9,inhibitory_neuron,P322,0
9,inhibitory_neuron,Patient_2,0
9,inhibitory_neuron,Patient_4,0
9,inhibitory_neuron,R2,0
9,inhibitory_neuron,R3,0
9,inhibitory_neuron,R5,0
9,inhibitory_neuron,SF4297,0
9,inhibitory_neuron,SF6996,0
9,inhibitory_neuron,SF9259R,0
9,inhibitory_neuron,SF9259S,0
9,inhibitory_neuron,SF10022,0
9,inhibitory_neuron,SF10127,0
9,inhibitory_neuron,SF11159,0
9,inhibitory_neuron,SF11209,0
9,inhibitory_neuron,SF11232,0
9,inhibitory_neuron,SF11247,0
9,inhibitory_neuron,SF11644,0
9,inhibitory_neuron,SF11956,0
9,inhibitory_neuron,SF11979,0
9,inhibitory_neuron,SM006,0
9,inhibitory_neuron,SM011,0
9,inhibitory_neuron,SM012,0
9,inhibitory_neuron,SM017,0
9,inhibitory_neuron,SM018,0
9,inhibitory_neuron,X154,0
9,inhibitory_neuron,X192,0
9,inhibitory_neuron,X194,0
9,inhibitory_neuron,ndGBM-01,0
9,inhibitory_neuron,ndGBM-02,0
9,inhibitory_neuron,ndGBM-03,0
9,inhibitory_neuron,ndGBM-04,0
9,inhibitory_neuron,ndGBM-05,0
9,inhibitory_neuron,ndGBM-06,0
9,inhibitory_neuron,ndGBM-07,0
9,inhibitory_neuron,ndGBM-08,0
9,inhibitory_neuron,ndGBM-09,0
9,inhibitory_neuron,ndGBM-11,0
9,inhibitory_neuron,rGBM-01,0
9,inhibitory_neuron,rGBM-02,0
9,inhibitory_neuron,rGBM-03,0
9,inhibitory_neuron,rGBM-04,0
9,oligodendrocyte,3182,1
9,oligodendrocyte,3282,0
9,oligodendrocyte,3295,0
9,oligodendrocyte,BT333,0
9,oligodendrocyte,BT346,1
9,oligodendrocyte,BT363,2
9,oligodendrocyte,BT364,50
9,oligodendrocyte,BT368,0
9,oligodendrocyte,BT389,2
9,oligodendrocyte,BT390,103
9,oligodendrocyte,BT397,2
9,oligodendrocyte,BT402,0
9,oligodendrocyte,BT407,3
9,oligodendrocyte,BT409,1
9,oligodendrocyte,C3L-02705,0
9,oligodendrocyte,C3L-03405,0
9,oligodendrocyte,C3L-03968,0
9,oligodendrocyte,C3N-00662,1
9,oligodendrocyte,C3N-01334,0
9,oligodendrocyte,C3N-01798,0
9,oligodendrocyte,C3N-01814,4
9,oligodendrocyte,C3N-01815,0
9,oligodendrocyte,C3N-01816,0
9,oligodendrocyte,C3N-02181,0
9,oligodendrocyte,C3N-02188,0
9,oligodendrocyte,C3N-02190,0
9,oligodendrocyte,C3N-02769,0
9,oligodendrocyte,C3N-02783,0
9,oligodendrocyte,C3N-02784,3
9,oligodendrocyte,C3N-03184,0
9,oligodendrocyte,C3N-03186,0
9,oligodendrocyte,C3N-03188,1
9,oligodendrocyte,E10,0
9,oligodendrocyte,E100,0
9,oligodendrocyte,G523,0
9,oligodendrocyte,G549,0
9,oligodendrocyte,G566,0
9,oligodendrocyte,G583,0
9,oligodendrocyte,G620,0
9,oligodendrocyte,G637,0
9,oligodendrocyte,G729,0
9,oligodendrocyte,G799,0
9,oligodendrocyte,G837,0
9,oligodendrocyte,G851,0
9,oligodendrocyte,G910,3
9,oligodendrocyte,G945,1
9,oligodendrocyte,G946,3
9,oligodendrocyte,G967,0
9,oligodendrocyte,G983,77
9,oligodendrocyte,G1003,3
9,oligodendrocyte,GSM4141788,0
9,oligodendrocyte,GSM4141789,0
9,oligodendrocyte,GSM4141790,0
9,oligodendrocyte,JK125,3
9,oligodendrocyte,JK134,4
9,oligodendrocyte,JK136,0
9,oligodendrocyte,JK142,597
9,oligodendrocyte,JK153,2
9,oligodendrocyte,JK156,2
9,oligodendrocyte,JK163,1
9,oligodendrocyte,LB3018T,0
9,oligodendrocyte,LB3579T,0
9,oligodendrocyte,LB3612T,0
9,oligodendrocyte,LB3667T,1
9,oligodendrocyte,LB3771T,0
9,oligodendrocyte,LB3851T,0
9,oligodendrocyte,LB3853T,0
9,oligodendrocyte,LB3854T,0
9,oligodendrocyte,LB3864T,0
9,oligodendrocyte,LB3865T,0
9,oligodendrocyte,LB3869T,0
9,oligodendrocyte,LB3871T,0
9,oligodendrocyte,LB3872T,0
9,oligodendrocyte,LB3914T,0
9,oligodendrocyte,LB3915T,0
9,oligodendrocyte,LB3931T,0
9,oligodendrocyte,LB3944T,0
9,oligodendrocyte,LB3963T,0
9,oligodendrocyte,LB4003T,0
9,oligodendrocyte,LB4006T,0
9,oligodendrocyte,LB4015T,1
9,oligodendrocyte,LB4024T,0
9,oligodendrocyte,LB4034T,0
9,oligodendrocyte,LB4059T,0
9,oligodendrocyte,LB4075T,0
9,oligodendrocyte,LB4101T,0
9,oligodendrocyte,LB4117T,0
9,oligodendrocyte,LB4180T,0
9,oligodendrocyte,MGH102,0
9,oligodendrocyte,MGH105,0
9,oligodendrocyte,MGH114,0
9,oligodendrocyte,MGH115,0
9,oligodendrocyte,MGH118,0
9,oligodendrocyte,MGH124,0
9,oligodendrocyte,MGH125,4
9,oligodendrocyte,MGH126,0
9,oligodendrocyte,ND4,0
9,oligodendrocyte,P234_JAK,0
9,oligodendrocyte,P294,0
9,oligodendrocyte,P317,1
9,oligodendrocyte,P322,0
9,oligodendrocyte,Patient_2,0
9,oligodendrocyte,Patient_4,0
9,oligodendrocyte,R2,0
9,oligodendrocyte,R3,0
9,oligodendrocyte,R5,0
9,oligodendrocyte,SF4297,0
9,oligodendrocyte,SF6996,0
9,oligodendrocyte,SF9259R,0
9,oligodendrocyte,SF9259S,0
9,oligodendrocyte,SF10022,0
9,oligodendrocyte,SF10127,0
9,oligodendrocyte,SF11159,0
9,oligodendrocyte,SF11209,1
9,oligodendrocyte,SF11232,0
9,oligodendrocyte,SF11247,1
9,oligodendrocyte,SF11644,0
9,oligodendrocyte,SF11956,1
9,oligodendrocyte,SF11979,0
9,oligodendrocyte,SM006,0
9,oligodendrocyte,SM011,4
9,oligodendrocyte,SM012,1
9,oligodendrocyte,SM017,3
9,oligodendrocyte,SM018,10
9,oligodendrocyte,X154,32
9,oligodendrocyte,X192,61
9,oligodendrocyte,X194,946
9,oligodendrocyte,ndGBM-01,3
9,oligodendrocyte,ndGBM-02,1
9,oligodendrocyte,ndGBM-03,0
9,oligodendrocyte,ndGBM-04,0
9,oligodendrocyte,ndGBM-05,0
9,oligodendrocyte,ndGBM-06,6
9,oligodendrocyte,ndGBM-07,0
9,oligodendrocyte,ndGBM-08,0
9,oligodendrocyte,ndGBM-09,0
9,oligodendrocyte,ndGBM-11,0
9,oligodendrocyte,rGBM-01,5
9,oligodendrocyte,rGBM-02,0
9,oligodendrocyte,rGBM-03,1
9,oligodendrocyte,rGBM-04,17
10,excitatory_neuron,3182,0
10,excitatory_neuron,3282,0
10,excitatory_neuron,3295,0
10,excitatory_neuron,BT333,0
10,excitatory_neuron,BT346,0
10,excitatory_neuron,BT363,0
10,excitatory_neuron,BT364,0
10,excitatory_neuron,BT368,0
10,excitatory_neuron,BT389,0
10,excitatory_neuron,BT390,0
10,excitatory_neuron,BT397,0
10,excitatory_neuron,BT402,0
10,excitatory_neuron,BT407,0
10,excitatory_neuron,BT409,0
10,excitatory_neuron,C3L-02705,0
10,excitatory_neuron,C3L-03405,0
10,excitatory_neuron,C3L-03968,0
10,excitatory_neuron,C3N-00662,0
10,excitatory_neuron,C3N-01334,0
10,excitatory_neuron,C3N-01798,0
10,excitatory_neuron,C3N-01814,0
10,excitatory_neuron,C3N-01815,0
10,excitatory_neuron,C3N-01816,0
10,excitatory_neuron,C3N-02181,0
10,excitatory_neuron,C3N-02188,0
10,excitatory_neuron,C3N-02190,0
10,excitatory_neuron,C3N-02769,0
10,excitatory_neuron,C3N-02783,0
10,excitatory_neuron,C3N-02784,0
10,excitatory_neuron,C3N-03184,0
10,excitatory_neuron,C3N-03186,0
10,excitatory_neuron,C3N-03188,0
10,excitatory_neuron,E10,0
10,excitatory_neuron,E100,0
10,excitatory_neuron,G523,0
10,excitatory_neuron,G549,0
10,excitatory_neuron,G566,0
10,excitatory_neuron,G583,0
10,excitatory_neuron,G620,0
10,excitatory_neuron,G637,0
10,excitatory_neuron,G729,0
10,excitatory_neuron,G799,0
10,excitatory_neuron,G837,0
10,excitatory_neuron,G851,0
10,excitatory_neuron,G910,0
10,excitatory_neuron,G945,0
10,excitatory_neuron,G946,0
10,excitatory_neuron,G967,0
10,excitatory_neuron,G983,0
10,excitatory_neuron,G1003,0
10,excitatory_neuron,GSM4141788,0
10,excitatory_neuron,GSM4141789,0
10,excitatory_neuron,GSM4141790,0
10,excitatory_neuron,JK125,0
10,excitatory_neuron,JK134,0
10,excitatory_neuron,JK136,0
10,excitatory_neuron,JK142,0
10,excitatory_neuron,JK153,0
10,excitatory_neuron,JK156,0
10,excitatory_neuron,JK163,0
10,excitatory_neuron,LB3018T,0
10,excitatory_neuron,LB3579T,0
10,excitatory_neuron,LB3612T,0
10,excitatory_neuron,LB3667T,0
10,excitatory_neuron,LB3771T,0
10,excitatory_neuron,LB3851T,0
10,excitatory_neuron,LB3853T,0
10,excitatory_neuron,LB3854T,0
10,excitatory_neuron,LB3864T,0
10,excitatory_neuron,LB3865T,0
10,excitatory_neuron,LB3869T,0
10,excitatory_neuron,LB3871T,0
10,excitatory_neuron,LB3872T,0
10,excitatory_neuron,LB3914T,0
10,excitatory_neuron,LB3915T,0
10,excitatory_neuron,LB3931T,0
10,excitatory_neuron,LB3944T,0
10,excitatory_neuron,LB3963T,0
10,excitatory_neuron,LB4003T,0
10,excitatory_neuron,LB4006T,0
10,excitatory_neuron,LB4015T,0
10,excitatory_neuron,LB4024T,0
10,excitatory_neuron,LB4034T,0
10,excitatory_neuron,LB4059T,0
10,excitatory_neuron,LB4075T,0
10,excitatory_neuron,LB4101T,0
10,excitatory_neuron,LB4117T,0
10,excitatory_neuron,LB4180T,0
10,excitatory_neuron,MGH102,0
10,excitatory_neuron,MGH105,0
10,excitatory_neuron,MGH114,0
10,excitatory_neuron,MGH115,0
10,excitatory_neuron,MGH118,0
10,excitatory_neuron,MGH124,0
10,excitatory_neuron,MGH125,0
10,excitatory_neuron,MGH126,0
10,excitatory_neuron,ND4,0
10,excitatory_neuron,P234_JAK,0
10,excitatory_neuron,P294,0
10,excitatory_neuron,P317,0
10,excitatory_neuron,P322,0
10,excitatory_neuron,Patient_2,0
10,excitatory_neuron,Patient_4,0
10,excitatory_neuron,R2,0
10,excitatory_neuron,R3,0
10,excitatory_neuron,R5,0
10,excitatory_neuron,SF4297,0
10,excitatory_neuron,SF6996,0
10,excitatory_neuron,SF9259R,0
10,excitatory_neuron,SF9259S,0
10,excitatory_neuron,SF10022,0
10,excitatory_neuron,SF10127,0
10,excitatory_neuron,SF11159,0
10,excitatory_neuron,SF11209,0
10,excitatory_neuron,SF11232,0
10,excitatory_neuron,SF11247,0
10,excitatory_neuron,SF11644,0
10,excitatory_neuron,SF11956,0
10,excitatory_neuron,SF11979,0
10,excitatory_neuron,SM006,0
10,excitatory_neuron,SM011,0
10,excitatory_neuron,SM012,0
10,excitatory_neuron,SM017,0
10,excitatory_neuron,SM018,0
10,excitatory_neuron,X154,0
10,excitatory_neuron,X192,0
10,excitatory_neuron,X194,0
10,excitatory_neuron,ndGBM-01,0
10,excitatory_neuron,ndGBM-02,0
10,excitatory_neuron,ndGBM-03,0
10,excitatory_neuron,ndGBM-04,0
10,excitatory_neuron,ndGBM-05,0
10,excitatory_neuron,ndGBM-06,0
10,excitatory_neuron,ndGBM-07,0
10,excitatory_neuron,ndGBM-08,0
10,excitatory_neuron,ndGBM-09,0
10,excitatory_neuron,ndGBM-11,0
10,excitatory_neuron,rGBM-01,0
10,excitatory_neuron,rGBM-02,0
10,excitatory_neuron,rGBM-03,0
10,excitatory_neuron,rGBM-04,0
10,inhibitory_neuron,3182,0
10,inhibitory_neuron,3282,0
10,inhibitory_neuron,3295,0
10,inhibitory_neuron,BT333,0
10,inhibitory_neuron,BT346,0
10,inhibitory_neuron,BT363,0
10,inhibitory_neuron,BT364,0
10,inhibitory_neuron,BT368,0
10,inhibitory_neuron,BT389,0
10,inhibitory_neuron,BT390,0
10,inhibitory_neuron,BT397,0
10,inhibitory_neuron,BT402,0
10,inhibitory_neuron,BT407,0
10,inhibitory_neuron,BT409,0
10,inhibitory_neuron,C3L-02705,0
10,inhibitory_neuron,C3L-03405,0
10,inhibitory_neuron,C3L-03968,0
10,inhibitory_neuron,C3N-00662,0
10,inhibitory_neuron,C3N-01334,0
10,inhibitory_neuron,C3N-01798,0
10,inhibitory_neuron,C3N-01814,0
10,inhibitory_neuron,C3N-01815,0
10,inhibitory_neuron,C3N-01816,0
10,inhibitory_neuron,C3N-02181,0
10,inhibitory_neuron,C3N-02188,0
10,inhibitory_neuron,C3N-02190,0
10,inhibitory_neuron,C3N-02769,0
10,inhibitory_neuron,C3N-02783,0
10,inhibitory_neuron,C3N-02784,0
10,inhibitory_neuron,C3N-03184,0
10,inhibitory_neuron,C3N-03186,0
10,inhibitory_neuron,C3N-03188,0
10,inhibitory_neuron,E10,0
10,inhibitory_neuron,E100,0
10,inhibitory_neuron,G523,0
10,inhibitory_neuron,G549,0
10,inhibitory_neuron,G566,0
10,inhibitory_neuron,G583,0
10,inhibitory_neuron,G620,0
10,inhibitory_neuron,G637,0
10,inhibitory_neuron,G729,0
10,inhibitory_neuron,G799,0
10,inhibitory_neuron,G837,0
10,inhibitory_neuron,G851,0
10,inhibitory_neuron,G910,0
10,inhibitory_neuron,G945,0
10,inhibitory_neuron,G946,0
10,inhibitory_neuron,G967,0
10,inhibitory_neuron,G983,0
10,inhibitory_neuron,G1003,0
10,inhibitory_neuron,GSM4141788,0
10,inhibitory_neuron,GSM4141789,0
10,inhibitory_neuron,GSM4141790,0
10,inhibitory_neuron,JK125,0
10,inhibitory_neuron,JK134,0
10,inhibitory_neuron,JK136,0
10,inhibitory_neuron,JK142,0
10,inhibitory_neuron,JK153,0
10,inhibitory_neuron,JK156,0
10,inhibitory_neuron,JK163,0
10,inhibitory_neuron,LB3018T,0
10,inhibitory_neuron,LB3579T,0
10,inhibitory_neuron,LB3612T,0
10,inhibitory_neuron,LB3667T,0
10,inhibitory_neuron,LB3771T,0
10,inhibitory_neuron,LB3851T,0
10,inhibitory_neuron,LB3853T,0
10,inhibitory_neuron,LB3854T,0
10,inhibitory_neuron,LB3864T,0
10,inhibitory_neuron,LB3865T,0
10,inhibitory_neuron,LB3869T,0
10,inhibitory_neuron,LB3871T,0
10,inhibitory_neuron,LB3872T,0
10,inhibitory_neuron,LB3914T,0
10,inhibitory_neuron,LB3915T,0
10,inhibitory_neuron,LB3931T,0
10,inhibitory_neuron,LB3944T,0
10,inhibitory_neuron,LB3963T,0
10,inhibitory_neuron,LB4003T,0
10,inhibitory_neuron,LB4006T,0
10,inhibitory_neuron,LB4015T,0
10,inhibitory_neuron,LB4024T,0
10,inhibitory_neuron,LB4034T,0
10,inhibitory_neuron,LB4059T,0
10,inhibitory_neuron,LB4075T,0
10,inhibitory_neuron,LB4101T,0
10,inhibitory_neuron,LB4117T,0
10,inhibitory_neuron,LB4180T,0
10,inhibitory_neuron,MGH102,0
10,inhibitory_neuron,MGH105,0
10,inhibitory_neuron,MGH114,0
10,inhibitory_neuron,MGH115,0
10,inhibitory_neuron,MGH118,0
10,inhibitory_neuron,MGH124,0
10,inhibitory_neuron,MGH125,0
10,inhibitory_neuron,MGH126,0
10,inhibitory_neuron,ND4,0
10,inhibitory_neuron,P234_JAK,0
10,inhibitory_neuron,P294,0
10,inhibitory_neuron,P317,0
10,inhibitory_neuron,P322,0
10,inhibitory_neuron,Patient_2,0
10,inhibitory_neuron,Patient_4,0
10,inhibitory_neuron,R2,0
10,inhibitory_neuron,R3,0
10,inhibitory_neuron,R5,0
10,inhibitory_neuron,SF4297,0
10,inhibitory_neuron,SF6996,0
10,inhibitory_neuron,SF9259R,0
10,inhibitory_neuron,SF9259S,0
10,inhibitory_neuron,SF10022,0
10,inhibitory_neuron,SF10127,0
10,inhibitory_neuron,SF11159,0
10,inhibitory_neuron,SF11209,0
10,inhibitory_neuron,SF11232,0
10,inhibitory_neuron,SF11247,0
10,inhibitory_neuron,SF11644,0
10,inhibitory_neuron,SF11956,0
10,inhibitory_neuron,SF11979,0
10,inhibitory_neuron,SM006,0
10,inhibitory_neuron,SM011,0
10,inhibitory_neuron,SM012,0
10,inhibitory_neuron,SM017,0
10,inhibitory_neuron,SM018,0
10,inhibitory_neuron,X154,0
10,inhibitory_neuron,X192,0
10,inhibitory_neuron,X194,0
10,inhibitory_neuron,ndGBM-01,0
10,inhibitory_neuron,ndGBM-02,0
10,inhibitory_neuron,ndGBM-03,0
10,inhibitory_neuron,ndGBM-04,0
10,inhibitory_neuron,ndGBM-05,0
10,inhibitory_neuron,ndGBM-06,0
10,inhibitory_neuron,ndGBM-07,0
10,inhibitory_neuron,ndGBM-08,0
10,inhibitory_neuron,ndGBM-09,0
10,inhibitory_neuron,ndGBM-11,0
10,inhibitory_neuron,rGBM-01,0
10,inhibitory_neuron,rGBM-02,0
10,inhibitory_neuron,rGBM-03,0
10,inhibitory_neuron,rGBM-04,0
10,oligodendrocyte,3182,2
10,oligodendrocyte,3282,0
10,oligodendrocyte,3295,0
10,oligodendrocyte,BT333,0
10,oligodendrocyte,BT346,4
10,oligodendrocyte,BT363,0
10,oligodendrocyte,BT364,8
10,oligodendrocyte,BT368,1
10,oligodendrocyte,BT389,1
10,oligodendrocyte,BT390,6
10,oligodendrocyte,BT397,0
10,oligodendrocyte,BT402,1
10,oligodendrocyte,BT407,1
10,oligodendrocyte,BT409,0
10,oligodendrocyte,C3L-02705,0
10,oligodendrocyte,C3L-03405,1
10,oligodendrocyte,C3L-03968,0
10,oligodendrocyte,C3N-00662,0
10,oligodendrocyte,C3N-01334,0
10,oligodendrocyte,C3N-01798,0
10,oligodendrocyte,C3N-01814,0
10,oligodendrocyte,C3N-01815,0
10,oligodendrocyte,C3N-01816,0
10,oligodendrocyte,C3N-02181,1
10,oligodendrocyte,C3N-02188,0
10,oligodendrocyte,C3N-02190,1
10,oligodendrocyte,C3N-02769,0
10,oligodendrocyte,C3N-02783,2
10,oligodendrocyte,C3N-02784,4
10,oligodendrocyte,C3N-03184,0
10,oligodendrocyte,C3N-03186,0
10,oligodendrocyte,C3N-03188,0
10,oligodendrocyte,E10,1
10,oligodendrocyte,E100,0
10,oligodendrocyte,G523,0
10,oligodendrocyte,G549,0
10,oligodendrocyte,G566,0
10,oligodendrocyte,G583,0
10,oligodendrocyte,G620,0
10,oligodendrocyte,G637,0
10,oligodendrocyte,G729,0
10,oligodendrocyte,G799,0
10,oligodendrocyte,G837,0
10,oligodendrocyte,G851,0
10,oligodendrocyte,G910,9
10,oligodendrocyte,G945,0
10,oligodendrocyte,G946,2
10,oligodendrocyte,G967,3
10,oligodendrocyte,G983,55
10,oligodendrocyte,G1003,0
10,oligodendrocyte,GSM4141788,0
10,oligodendrocyte,GSM4141789,0
10,oligodendrocyte,GSM4141790,0
10,oligodendrocyte,JK125,0
10,oligodendrocyte,JK134,0
10,oligodendrocyte,JK136,0
10,oligodendrocyte,JK142,20
10,oligodendrocyte,JK153,0
10,oligodendrocyte,JK156,0
10,oligodendrocyte,JK163,0
10,oligodendrocyte,LB3018T,0
10,oligodendrocyte,LB3579T,0
10,oligodendrocyte,LB3612T,1
10,oligodendrocyte,LB3667T,5
10,oligodendrocyte,LB3771T,0
10,oligodendrocyte,LB3851T,0
10,oligodendrocyte,LB3853T,0
10,oligodendrocyte,LB3854T,0
10,oligodendrocyte,LB3864T,0
10,oligodendrocyte,LB3865T,0
10,oligodendrocyte,LB3869T,0
10,oligodendrocyte,LB3871T,0
10,oligodendrocyte,LB3872T,0
10,oligodendrocyte,LB3914T,0
10,oligodendrocyte,LB3915T,0
10,oligodendrocyte,LB3931T,0
10,oligodendrocyte,LB3944T,0
10,oligodendrocyte,LB3963T,0
10,oligodendrocyte,LB4003T,2
10,oligodendrocyte,LB4006T,0
10,oligodendrocyte,LB4015T,0
10,oligodendrocyte,LB4024T,0
10,oligodendrocyte,LB4034T,0
10,oligodendrocyte,LB4059T,0
10,oligodendrocyte,LB4075T,1
10,oligodendrocyte,LB4101T,0
10,oligodendrocyte,LB4117T,0
10,oligodendrocyte,LB4180T,0
10,oligodendrocyte,MGH102,0
10,oligodendrocyte,MGH105,0
10,oligodendrocyte,MGH114,0
10,oligodendrocyte,MGH115,0
10,oligodendrocyte,MGH118,0
10,oligodendrocyte,MGH124,0
10,oligodendrocyte,MGH125,0
10,oligodendrocyte,MGH126,0
10,oligodendrocyte,ND4,0
10,oligodendrocyte,P234_JAK,1
10,oligodendrocyte,P294,0
10,oligodendrocyte,P317,44
10,oligodendrocyte,P322,0
10,oligodendrocyte,Patient_2,0
10,oligodendrocyte,Patient_4,1
10,oligodendrocyte,R2,0
10,oligodendrocyte,R3,0
10,oligodendrocyte,R5,0
10,oligodendrocyte,SF4297,0
10,oligodendrocyte,SF6996,1
10,oligodendrocyte,SF9259R,0
10,oligodendrocyte,SF9259S,0
10,oligodendrocyte,SF10022,0
10,oligodendrocyte,SF10127,0
10,oligodendrocyte,SF11159,0
10,oligodendrocyte,SF11209,0
10,oligodendrocyte,SF11232,2
10,oligodendrocyte,SF11247,0
10,oligodendrocyte,SF11644,0
10,oligodendrocyte,SF11956,1
10,oligodendrocyte,SF11979,0
10,oligodendrocyte,SM006,0
10,oligodendrocyte,SM011,0
10,oligodendrocyte,SM012,2
10,oligodendrocyte,SM017,1
10,oligodendrocyte,SM018,6
10,oligodendrocyte,X154,8
10,oligodendrocyte,X192,35
10,oligodendrocyte,X194,1337
10,oligodendrocyte,ndGBM-01,1
10,oligodendrocyte,ndGBM-02,1
10,oligodendrocyte,ndGBM-03,0
10,oligodendrocyte,ndGBM-04,0
10,oligodendrocyte,ndGBM-05,1
10,oligodendrocyte,ndGBM-06,0
10,oligodendrocyte,ndGBM-07,19
10,oligodendrocyte,ndGBM-08,0
10,oligodendrocyte,ndGBM-09,0
10,oligodendrocyte,ndGBM-11,1
10,oligodendrocyte,rGBM-01,5
10,oligodendrocyte,rGBM-02,0
10,oligodendrocyte,rGBM-03,0
10,oligodendrocyte,rGBM-04,17
11,excitatory_neuron,3182,0
11,excitatory_neuron,3282,0
11,excitatory_neuron,3295,0
11,excitatory_neuron,BT333,0
11,excitatory_neuron,BT346,0
11,excitatory_neuron,BT363,0
11,excitatory_neuron,BT364,0
11,excitatory_neuron,BT368,0
11,excitatory_neuron,BT389,0
11,excitatory_neuron,BT390,0
11,excitatory_neuron,BT397,0
11,excitatory_neuron,BT402,0
11,excitatory_neuron,BT407,0
11,excitatory_neuron,BT409,0
11,excitatory_neuron,C3L-02705,13
11,excitatory_neuron,C3L-03405,33
11,excitatory_neuron,C3L-03968,0
11,excitatory_neuron,C3N-00662,1
11,excitatory_neuron,C3N-01334,150
11,excitatory_neuron,C3N-01798,4
11,excitatory_neuron,C3N-01814,3
11,excitatory_neuron,C3N-01815,0
11,excitatory_neuron,C3N-01816,0
11,excitatory_neuron,C3N-02181,0
11,excitatory_neuron,C3N-02188,0
11,excitatory_neuron,C3N-02190,2
11,excitatory_neuron,C3N-02769,40
11,excitatory_neuron,C3N-02783,1
11,excitatory_neuron,C3N-02784,0
11,excitatory_neuron,C3N-03184,0
11,excitatory_neuron,C3N-03186,496
11,excitatory_neuron,C3N-03188,1
11,excitatory_neuron,E10,0
11,excitatory_neuron,E100,0
11,excitatory_neuron,G523,28
11,excitatory_neuron,G549,336
11,excitatory_neuron,G566,0
11,excitatory_neuron,G583,1
11,excitatory_neuron,G620,0
11,excitatory_neuron,G637,4
11,excitatory_neuron,G729,226
11,excitatory_neuron,G799,58
11,excitatory_neuron,G837,10
11,excitatory_neuron,G851,0
11,excitatory_neuron,G910,0
11,excitatory_neuron,G945,0
11,excitatory_neuron,G946,0
11,excitatory_neuron,G967,0
11,excitatory_neuron,G983,0
11,excitatory_neuron,G1003,0
11,excitatory_neuron,GSM4141788,0
11,excitatory_neuron,GSM4141789,0
11,excitatory_neuron,GSM4141790,0
11,excitatory_neuron,JK125,0
11,excitatory_neuron,JK134,0
11,excitatory_neuron,JK136,0
11,excitatory_neuron,JK142,1
11,excitatory_neuron,JK153,0
11,excitatory_neuron,JK156,0
11,excitatory_neuron,JK163,0
11,excitatory_neuron,LB3018T,0
11,excitatory_neuron,LB3579T,0
11,excitatory_neuron,LB3612T,0
11,excitatory_neuron,LB3667T,0
11,excitatory_neuron,LB3771T,0
11,excitatory_neuron,LB3851T,0
11,excitatory_neuron,LB3853T,0
11,excitatory_neuron,LB3854T,0
11,excitatory_neuron,LB3864T,0
11,excitatory_neuron,LB3865T,0
11,excitatory_neuron,LB3869T,0
11,excitatory_neuron,LB3871T,0
11,excitatory_neuron,LB3872T,0
11,excitatory_neuron,LB3914T,0
11,excitatory_neuron,LB3915T,0
11,excitatory_neuron,LB3931T,0
11,excitatory_neuron,LB3944T,0
11,excitatory_neuron,LB3963T,0
11,excitatory_neuron,LB4003T,0
11,excitatory_neuron,LB4006T,0
11,excitatory_neuron,LB4015T,0
11,excitatory_neuron,LB4024T,0
11,excitatory_neuron,LB4034T,0
11,excitatory_neuron,LB4059T,0
11,excitatory_neuron,LB4075T,0
11,excitatory_neuron,LB4101T,0
11,excitatory_neuron,LB4117T,0
11,excitatory_neuron,LB4180T,0
11,excitatory_neuron,MGH102,0
11,excitatory_neuron,MGH105,0
11,excitatory_neuron,MGH114,0
11,excitatory_neuron,MGH115,0
11,excitatory_neuron,MGH118,0
11,excitatory_neuron,MGH124,0
11,excitatory_neuron,MGH125,0
11,excitatory_neuron,MGH126,0
11,excitatory_neuron,ND4,0
11,excitatory_neuron,P234_JAK,0
11,excitatory_neuron,P294,0
11,excitatory_neuron,P317,0
11,excitatory_neuron,P322,0
11,excitatory_neuron,Patient_2,0
11,excitatory_neuron,Patient_4,0
11,excitatory_neuron,R2,0
11,excitatory_neuron,R3,0
11,excitatory_neuron,R5,0
11,excitatory_neuron,SF4297,0
11,excitatory_neuron,SF6996,0
11,excitatory_neuron,SF9259R,0
11,excitatory_neuron,SF9259S,0
11,excitatory_neuron,SF10022,0
11,excitatory_neuron,SF10127,0
11,excitatory_neuron,SF11159,1
11,excitatory_neuron,SF11209,1
11,excitatory_neuron,SF11232,0
11,excitatory_neuron,SF11247,1
11,excitatory_neuron,SF11644,0
11,excitatory_neuron,SF11956,0
11,excitatory_neuron,SF11979,1
11,excitatory_neuron,SM006,0
11,excitatory_neuron,SM011,0
11,excitatory_neuron,SM012,0
11,excitatory_neuron,SM017,0
11,excitatory_neuron,SM018,0
11,excitatory_neuron,X154,0
11,excitatory_neuron,X192,0
11,excitatory_neuron,X194,0
11,excitatory_neuron,ndGBM-01,0
11,excitatory_neuron,ndGBM-02,0
11,excitatory_neuron,ndGBM-03,0
11,excitatory_neuron,ndGBM-04,0
11,excitatory_neuron,ndGBM-05,0
11,excitatory_neuron,ndGBM-06,0
11,excitatory_neuron,ndGBM-07,0
11,excitatory_neuron,ndGBM-08,1
11,excitatory_neuron,ndGBM-09,0
11,excitatory_neuron,ndGBM-11,0
11,excitatory_neuron,rGBM-01,0
11,excitatory_neuron,rGBM-02,0
11,excitatory_neuron,rGBM-03,0
11,excitatory_neuron,rGBM-04,0
11,inhibitory_neuron,3182,0
11,inhibitory_neuron,3282,0
11,inhibitory_neuron,3295,0
11,inhibitory_neuron,BT333,0
11,inhibitory_neuron,BT346,0
11,inhibitory_neuron,BT363,0
11,inhibitory_neuron,BT364,0
11,inhibitory_neuron,BT368,0
11,inhibitory_neuron,BT389,0
11,inhibitory_neuron,BT390,0
11,inhibitory_neuron,BT397,0
11,inhibitory_neuron,BT402,0
11,inhibitory_neuron,BT407,0
11,inhibitory_neuron,BT409,0
11,inhibitory_neuron,C3L-02705,0
11,inhibitory_neuron,C3L-03405,0
11,inhibitory_neuron,C3L-03968,0
11,inhibitory_neuron,C3N-00662,0
11,inhibitory_neuron,C3N-01334,0
11,inhibitory_neuron,C3N-01798,0
11,inhibitory_neuron,C3N-01814,0
11,inhibitory_neuron,C3N-01815,0
11,inhibitory_neuron,C3N-01816,0
11,inhibitory_neuron,C3N-02181,0
11,inhibitory_neuron,C3N-02188,0
11,inhibitory_neuron,C3N-02190,0
11,inhibitory_neuron,C3N-02769,0
11,inhibitory_neuron,C3N-02783,0
11,inhibitory_neuron,C3N-02784,0
11,inhibitory_neuron,C3N-03184,0
11,inhibitory_neuron,C3N-03186,0
11,inhibitory_neuron,C3N-03188,0
11,inhibitory_neuron,E10,0
11,inhibitory_neuron,E100,0
11,inhibitory_neuron,G523,0
11,inhibitory_neuron,G549,0
11,inhibitory_neuron,G566,0
11,inhibitory_neuron,G583,0
11,inhibitory_neuron,G620,0
11,inhibitory_neuron,G637,0
11,inhibitory_neuron,G729,0
11,inhibitory_neuron,G799,0
11,inhibitory_neuron,G837,0
11,inhibitory_neuron,G851,0
11,inhibitory_neuron,G910,0
11,inhibitory_neuron,G945,0
11,inhibitory_neuron,G946,0
11,inhibitory_neuron,G967,0
11,inhibitory_neuron,G983,0
11,inhibitory_neuron,G1003,0
11,inhibitory_neuron,GSM4141788,0
11,inhibitory_neuron,GSM4141789,0
11,inhibitory_neuron,GSM4141790,0
11,inhibitory_neuron,JK125,0
11,inhibitory_neuron,JK134,0
11,inhibitory_neuron,JK136,0
11,inhibitory_neuron,JK142,0
11,inhibitory_neuron,JK153,0
11,inhibitory_neuron,JK156,0
11,inhibitory_neuron,JK163,0
11,inhibitory_neuron,LB3018T,0
11,inhibitory_neuron,LB3579T,0
11,inhibitory_neuron,LB3612T,0
11,inhibitory_neuron,LB3667T,0
11,inhibitory_neuron,LB3771T,0
11,inhibitory_neuron,LB3851T,0
11,inhibitory_neuron,LB3853T,0
11,inhibitory_neuron,LB3854T,0
11,inhibitory_neuron,LB3864T,0
11,inhibitory_neuron,LB3865T,0
11,inhibitory_neuron,LB3869T,0
11,inhibitory_neuron,LB3871T,0
11,inhibitory_neuron,LB3872T,0
11,inhibitory_neuron,LB3914T,0
11,inhibitory_neuron,LB3915T,0
11,inhibitory_neuron,LB3931T,0
11,inhibitory_neuron,LB3944T,0
11,inhibitory_neuron,LB3963T,0
11,inhibitory_neuron,LB4003T,0
11,inhibitory_neuron,LB4006T,0
11,inhibitory_neuron,LB4015T,0
11,inhibitory_neuron,LB4024T,0
11,inhibitory_neuron,LB4034T,0
11,inhibitory_neuron,LB4059T,0
11,inhibitory_neuron,LB4075T,0
11,inhibitory_neuron,LB4101T,0
11,inhibitory_neuron,LB4117T,0
11,inhibitory_neuron,LB4180T,0
11,inhibitory_neuron,MGH102,0
11,inhibitory_neuron,MGH105,0
11,inhibitory_neuron,MGH114,0
11,inhibitory_neuron,MGH115,0
11,inhibitory_neuron,MGH118,0
11,inhibitory_neuron,MGH124,0
11,inhibitory_neuron,MGH125,0
11,inhibitory_neuron,MGH126,0
11,inhibitory_neuron,ND4,0
11,inhibitory_neuron,P234_JAK,0
11,inhibitory_neuron,P294,0
11,inhibitory_neuron,P317,0
11,inhibitory_neuron,P322,0
11,inhibitory_neuron,Patient_2,0
11,inhibitory_neuron,Patient_4,0
11,inhibitory_neuron,R2,0
11,inhibitory_neuron,R3,0
11,inhibitory_neuron,R5,0
11,inhibitory_neuron,SF4297,0
11,inhibitory_neuron,SF6996,0
11,inhibitory_neuron,SF9259R,0
11,inhibitory_neuron,SF9259S,0
11,inhibitory_neuron,SF10022,0
11,inhibitory_neuron,SF10127,0
11,inhibitory_neuron,SF11159,0
11,inhibitory_neuron,SF11209,0
11,inhibitory_neuron,SF11232,0
11,inhibitory_neuron,SF11247,0
11,inhibitory_neuron,SF11644,0
11,inhibitory_neuron,SF11956,0
11,inhibitory_neuron,SF11979,0
11,inhibitory_neuron,SM006,0
11,inhibitory_neuron,SM011,0
11,inhibitory_neuron,SM012,0
11,inhibitory_neuron,SM017,0
11,inhibitory_neuron,SM018,0
11,inhibitory_neuron,X154,0
11,inhibitory_neuron,X192,0
11,inhibitory_neuron,X194,0
11,inhibitory_neuron,ndGBM-01,0
11,inhibitory_neuron,ndGBM-02,0
11,inhibitory_neuron,ndGBM-03,0
11,inhibitory_neuron,ndGBM-04,0
11,inhibitory_neuron,ndGBM-05,0
11,inhibitory_neuron,ndGBM-06,0
11,inhibitory_neuron,ndGBM-07,0
11,inhibitory_neuron,ndGBM-08,0
11,inhibitory_neuron,ndGBM-09,0
11,inhibitory_neuron,ndGBM-11,0
11,inhibitory_neuron,rGBM-01,0
11,inhibitory_neuron,rGBM-02,0
11,inhibitory_neuron,rGBM-03,0
11,inhibitory_neuron,rGBM-04,0
11,oligodendrocyte,3182,0
11,oligodendrocyte,3282,0
11,oligodendrocyte,3295,0
11,oligodendrocyte,BT333,0
11,oligodendrocyte,BT346,0
11,oligodendrocyte,BT363,0
11,oligodendrocyte,BT364,0
11,oligodendrocyte,BT368,0
11,oligodendrocyte,BT389,0
11,oligodendrocyte,BT390,0
11,oligodendrocyte,BT397,0
11,oligodendrocyte,BT402,0
11,oligodendrocyte,BT407,0
11,oligodendrocyte,BT409,0
11,oligodendrocyte,C3L-02705,0
11,oligodendrocyte,C3L-03405,0
11,oligodendrocyte,C3L-03968,0
11,oligodendrocyte,C3N-00662,0
11,oligodendrocyte,C3N-01334,0
11,oligodendrocyte,C3N-01798,0
11,oligodendrocyte,C3N-01814,0
11,oligodendrocyte,C3N-01815,0
11,oligodendrocyte,C3N-01816,0
11,oligodendrocyte,C3N-02181,0
11,oligodendrocyte,C3N-02188,0
11,oligodendrocyte,C3N-02190,0
11,oligodendrocyte,C3N-02769,0
11,oligodendrocyte,C3N-02783,0
11,oligodendrocyte,C3N-02784,0
11,oligodendrocyte,C3N-03184,0
11,oligodendrocyte,C3N-03186,0
11,oligodendrocyte,C3N-03188,0
11,oligodendrocyte,E10,0
11,oligodendrocyte,E100,0
11,oligodendrocyte,G523,0
11,oligodendrocyte,G549,0
11,oligodendrocyte,G566,0
11,oligodendrocyte,G583,0
11,oligodendrocyte,G620,0
11,oligodendrocyte,G637,0
11,oligodendrocyte,G729,0
11,oligodendrocyte,G799,0
11,oligodendrocyte,G837,0
11,oligodendrocyte,G851,0
11,oligodendrocyte,G910,0
11,oligodendrocyte,G945,0
11,oligodendrocyte,G946,0
11,oligodendrocyte,G967,0
11,oligodendrocyte,G983,0
11,oligodendrocyte,G1003,0
11,oligodendrocyte,GSM4141788,0
11,oligodendrocyte,GSM4141789,0
11,oligodendrocyte,GSM4141790,0
11,oligodendrocyte,JK125,0
11,oligodendrocyte,JK134,0
11,oligodendrocyte,JK136,0
11,oligodendrocyte,JK142,0
11,oligodendrocyte,JK153,0
11,oligodendrocyte,JK156,0
11,oligodendrocyte,JK163,0
11,oligodendrocyte,LB3018T,0
11,oligodendrocyte,LB3579T,0
11,oligodendrocyte,LB3612T,0
11,oligodendrocyte,LB3667T,0
11,oligodendrocyte,LB3771T,0
11,oligodendrocyte,LB3851T,0
11,oligodendrocyte,LB3853T,0
11,oligodendrocyte,LB3854T,0
11,oligodendrocyte,LB3864T,0
11,oligodendrocyte,LB3865T,0
11,oligodendrocyte,LB3869T,0
11,oligodendrocyte,LB3871T,0
11,oligodendrocyte,LB3872T,0
11,oligodendrocyte,LB3914T,0
11,oligodendrocyte,LB3915T,0
11,oligodendrocyte,LB3931T,0
11,oligodendrocyte,LB3944T,0
11,oligodendrocyte,LB3963T,0
11,oligodendrocyte,LB4003T,0
11,oligodendrocyte,LB4006T,0
11,oligodendrocyte,LB4015T,0
11,oligodendrocyte,LB4024T,0
11,oligodendrocyte,LB4034T,0
11,oligodendrocyte,LB4059T,0
11,oligodendrocyte,LB4075T,0
11,oligodendrocyte,LB4101T,0
11,oligodendrocyte,LB4117T,0
11,oligodendrocyte,LB4180T,0
11,oligodendrocyte,MGH102,0
11,oligodendrocyte,MGH105,0
11,oligodendrocyte,MGH114,0
11,oligodendrocyte,MGH115,0
11,oligodendrocyte,MGH118,0
11,oligodendrocyte,MGH124,0
11,oligodendrocyte,MGH125,0
11,oligodendrocyte,MGH126,0
11,oligodendrocyte,ND4,0
11,oligodendrocyte,P234_JAK,0
11,oligodendrocyte,P294,0
11,oligodendrocyte,P317,0
11,oligodendrocyte,P322,0
11,oligodendrocyte,Patient_2,0
11,oligodendrocyte,Patient_4,0
11,oligodendrocyte,R2,0
11,oligodendrocyte,R3,0
11,oligodendrocyte,R5,0
11,oligodendrocyte,SF4297,0
11,oligodendrocyte,SF6996,0
11,oligodendrocyte,SF9259R,0
11,oligodendrocyte,SF9259S,0
11,oligodendrocyte,SF10022,0
11,oligodendrocyte,SF10127,0
11,oligodendrocyte,SF11159,0
11,oligodendrocyte,SF11209,0
11,oligodendrocyte,SF11232,0
11,oligodendrocyte,SF11247,0
11,oligodendrocyte,SF11644,0
11,oligodendrocyte,SF11956,0
11,oligodendrocyte,SF11979,0
11,oligodendrocyte,SM006,0
11,oligodendrocyte,SM011,0
11,oligodendrocyte,SM012,0
11,oligodendrocyte,SM017,0
11,oligodendrocyte,SM018,0
11,oligodendrocyte,X154,0
11,oligodendrocyte,X192,0
11,oligodendrocyte,X194,0
11,oligodendrocyte,ndGBM-01,0
11,oligodendrocyte,ndGBM-02,0
11,oligodendrocyte,ndGBM-03,0
11,oligodendrocyte,ndGBM-04,0
11,oligodendrocyte,ndGBM-05,0
11,oligodendrocyte,ndGBM-06,0
11,oligodendrocyte,ndGBM-07,0
11,oligodendrocyte,ndGBM-08,0
11,oligodendrocyte,ndGBM-09,0
11,oligodendrocyte,ndGBM-11,0
11,oligodendrocyte,rGBM-01,0
11,oligodendrocyte,rGBM-02,0
11,oligodendrocyte,rGBM-03,0
11,oligodendrocyte,rGBM-04,0
12,excitatory_neuron,3182,0
12,excitatory_neuron,3282,0
12,excitatory_neuron,3295,0
12,excitatory_neuron,BT333,0
12,excitatory_neuron,BT346,0
12,excitatory_neuron,BT363,0
12,excitatory_neuron,BT364,0
12,excitatory_neuron,BT368,0
12,excitatory_neuron,BT389,0
12,excitatory_neuron,BT390,0
12,excitatory_neuron,BT397,0
12,excitatory_neuron,BT402,0
12,excitatory_neuron,BT407,0
12,excitatory_neuron,BT409,0
12,excitatory_neuron,C3L-02705,0
12,excitatory_neuron,C3L-03405,0
12,excitatory_neuron,C3L-03968,0
12,excitatory_neuron,C3N-00662,0
12,excitatory_neuron,C3N-01334,0
12,excitatory_neuron,C3N-01798,0
12,excitatory_neuron,C3N-01814,0
12,excitatory_neuron,C3N-01815,0
12,excitatory_neuron,C3N-01816,0
12,excitatory_neuron,C3N-02181,0
12,excitatory_neuron,C3N-02188,0
12,excitatory_neuron,C3N-02190,0
12,excitatory_neuron,C3N-02769,0
12,excitatory_neuron,C3N-02783,0
12,excitatory_neuron,C3N-02784,0
12,excitatory_neuron,C3N-03184,0
12,excitatory_neuron,C3N-03186,0
12,excitatory_neuron,C3N-03188,0
12,excitatory_neuron,E10,0
12,excitatory_neuron,E100,0
12,excitatory_neuron,G523,0
12,excitatory_neuron,G549,0
12,excitatory_neuron,G566,0
12,excitatory_neuron,G583,0
12,excitatory_neuron,G620,0
12,excitatory_neuron,G637,0
12,excitatory_neuron,G729,0
12,excitatory_neuron,G799,0
12,excitatory_neuron,G837,0
12,excitatory_neuron,G851,0
12,excitatory_neuron,G910,0
12,excitatory_neuron,G945,0
12,excitatory_neuron,G946,0
12,excitatory_neuron,G967,0
12,excitatory_neuron,G983,0
12,excitatory_neuron,G1003,0
12,excitatory_neuron,GSM4141788,0
12,excitatory_neuron,GSM4141789,0
12,excitatory_neuron,GSM4141790,0
12,excitatory_neuron,JK125,0
12,excitatory_neuron,JK134,0
12,excitatory_neuron,JK136,0
12,excitatory_neuron,JK142,0
12,excitatory_neuron,JK153,0
12,excitatory_neuron,JK156,0
12,excitatory_neuron,JK163,0
12,excitatory_neuron,LB3018T,0
12,excitatory_neuron,LB3579T,0
12,excitatory_neuron,LB3612T,0
12,excitatory_neuron,LB3667T,0
12,excitatory_neuron,LB3771T,0
12,excitatory_neuron,LB3851T,0
12,excitatory_neuron,LB3853T,0
12,excitatory_neuron,LB3854T,0
12,excitatory_neuron,LB3864T,0
12,excitatory_neuron,LB3865T,0
12,excitatory_neuron,LB3869T,0
12,excitatory_neuron,LB3871T,0
12,excitatory_neuron,LB3872T,0
12,excitatory_neuron,LB3914T,0
12,excitatory_neuron,LB3915T,0
12,excitatory_neuron,LB3931T,0
12,excitatory_neuron,LB3944T,0
12,excitatory_neuron,LB3963T,0
12,excitatory_neuron,LB4003T,0
12,excitatory_neuron,LB4006T,0
12,excitatory_neuron,LB4015T,0
12,excitatory_neuron,LB4024T,0
12,excitatory_neuron,LB4034T,0
12,excitatory_neuron,LB4059T,0
12,excitatory_neuron,LB4075T,0
12,excitatory_neuron,LB4101T,0
12,excitatory_neuron,LB4117T,0
12,excitatory_neuron,LB4180T,0
12,excitatory_neuron,MGH102,0
12,excitatory_neuron,MGH105,0
12,excitatory_neuron,MGH114,0
12,excitatory_neuron,MGH115,0
12,excitatory_neuron,MGH118,0
12,excitatory_neuron,MGH124,0
12,excitatory_neuron,MGH125,0
12,excitatory_neuron,MGH126,0
12,excitatory_neuron,ND4,0
12,excitatory_neuron,P234_JAK,0
12,excitatory_neuron,P294,0
12,excitatory_neuron,P317,0
12,excitatory_neuron,P322,0
12,excitatory_neuron,Patient_2,0
12,excitatory_neuron,Patient_4,0
12,excitatory_neuron,R2,0
12,excitatory_neuron,R3,0
12,excitatory_neuron,R5,0
12,excitatory_neuron,SF4297,0
12,excitatory_neuron,SF6996,0
12,excitatory_neuron,SF9259R,0
12,excitatory_neuron,SF9259S,0
12,excitatory_neuron,SF10022,0
12,excitatory_neuron,SF10127,0
12,excitatory_neuron,SF11159,0
12,excitatory_neuron,SF11209,0
12,excitatory_neuron,SF11232,0
12,excitatory_neuron,SF11247,0
12,excitatory_neuron,SF11644,0
12,excitatory_neuron,SF11956,0
12,excitatory_neuron,SF11979,0
12,excitatory_neuron,SM006,0
12,excitatory_neuron,SM011,0
12,excitatory_neuron,SM012,0
12,excitatory_neuron,SM017,0
12,excitatory_neuron,SM018,0
12,excitatory_neuron,X154,0
12,excitatory_neuron,X192,0
12,excitatory_neuron,X194,0
12,excitatory_neuron,ndGBM-01,0
12,excitatory_neuron,ndGBM-02,0
12,excitatory_neuron,ndGBM-03,0
12,excitatory_neuron,ndGBM-04,0
12,excitatory_neuron,ndGBM-05,0
12,excitatory_neuron,ndGBM-06,0
12,excitatory_neuron,ndGBM-07,0
12,excitatory_neuron,ndGBM-08,0
12,excitatory_neuron,ndGBM-09,0
12,excitatory_neuron,ndGBM-11,0
12,excitatory_neuron,rGBM-01,0
12,excitatory_neuron,rGBM-02,0
12,excitatory_neuron,rGBM-03,0
12,excitatory_neuron,rGBM-04,0
12,inhibitory_neuron,3182,0
12,inhibitory_neuron,3282,0
12,inhibitory_neuron,3295,0
12,inhibitory_neuron,BT333,0
12,inhibitory_neuron,BT346,0
12,inhibitory_neuron,BT363,0
12,inhibitory_neuron,BT364,0
12,inhibitory_neuron,BT368,0
12,inhibitory_neuron,BT389,0
12,inhibitory_neuron,BT390,0
12,inhibitory_neuron,BT397,0
12,inhibitory_neuron,BT402,0
12,inhibitory_neuron,BT407,0
12,inhibitory_neuron,BT409,0
12,inhibitory_neuron,C3L-02705,0
12,inhibitory_neuron,C3L-03405,0
12,inhibitory_neuron,C3L-03968,0
12,inhibitory_neuron,C3N-00662,0
12,inhibitory_neuron,C3N-01334,0
12,inhibitory_neuron,C3N-01798,0
12,inhibitory_neuron,C3N-01814,0
12,inhibitory_neuron,C3N-01815,0
12,inhibitory_neuron,C3N-01816,0
12,inhibitory_neuron,C3N-02181,0
12,inhibitory_neuron,C3N-02188,0
12,inhibitory_neuron,C3N-02190,0
12,inhibitory_neuron,C3N-02769,0
12,inhibitory_neuron,C3N-02783,0
12,inhibitory_neuron,C3N-02784,0
12,inhibitory_neuron,C3N-03184,0
12,inhibitory_neuron,C3N-03186,0
12,inhibitory_neuron,C3N-03188,0
12,inhibitory_neuron,E10,0
12,inhibitory_neuron,E100,0
12,inhibitory_neuron,G523,0
12,inhibitory_neuron,G549,0
12,inhibitory_neuron,G566,0
12,inhibitory_neuron,G583,0
12,inhibitory_neuron,G620,0
12,inhibitory_neuron,G637,0
12,inhibitory_neuron,G729,0
12,inhibitory_neuron,G799,0
12,inhibitory_neuron,G837,0
12,inhibitory_neuron,G851,0
12,inhibitory_neuron,G910,0
12,inhibitory_neuron,G945,0
12,inhibitory_neuron,G946,0
12,inhibitory_neuron,G967,0
12,inhibitory_neuron,G983,0
12,inhibitory_neuron,G1003,0
12,inhibitory_neuron,GSM4141788,0
12,inhibitory_neuron,GSM4141789,0
12,inhibitory_neuron,GSM4141790,0
12,inhibitory_neuron,JK125,0
12,inhibitory_neuron,JK134,0
12,inhibitory_neuron,JK136,0
12,inhibitory_neuron,JK142,0
12,inhibitory_neuron,JK153,0
12,inhibitory_neuron,JK156,0
12,inhibitory_neuron,JK163,0
12,inhibitory_neuron,LB3018T,0
12,inhibitory_neuron,LB3579T,0
12,inhibitory_neuron,LB3612T,0
12,inhibitory_neuron,LB3667T,0
12,inhibitory_neuron,LB3771T,0
12,inhibitory_neuron,LB3851T,0
12,inhibitory_neuron,LB3853T,0
12,inhibitory_neuron,LB3854T,0
12,inhibitory_neuron,LB3864T,0
12,inhibitory_neuron,LB3865T,0
12,inhibitory_neuron,LB3869T,0
12,inhibitory_neuron,LB3871T,0
12,inhibitory_neuron,LB3872T,0
12,inhibitory_neuron,LB3914T,0
12,inhibitory_neuron,LB3915T,0
12,inhibitory_neuron,LB3931T,0
12,inhibitory_neuron,LB3944T,0
12,inhibitory_neuron,LB3963T,0
12,inhibitory_neuron,LB4003T,0
12,inhibitory_neuron,LB4006T,0
12,inhibitory_neuron,LB4015T,0
12,inhibitory_neuron,LB4024T,0
12,inhibitory_neuron,LB4034T,0
12,inhibitory_neuron,LB4059T,0
12,inhibitory_neuron,LB4075T,0
12,inhibitory_neuron,LB4101T,0
12,inhibitory_neuron,LB4117T,0
12,inhibitory_neuron,LB4180T,0
12,inhibitory_neuron,MGH102,0
12,inhibitory_neuron,MGH105,0
12,inhibitory_neuron,MGH114,0
12,inhibitory_neuron,MGH115,0
12,inhibitory_neuron,MGH118,0
12,inhibitory_neuron,MGH124,0
12,inhibitory_neuron,MGH125,0
12,inhibitory_neuron,MGH126,0
12,inhibitory_neuron,ND4,0
12,inhibitory_neuron,P234_JAK,0
12,inhibitory_neuron,P294,0
12,inhibitory_neuron,P317,0
12,inhibitory_neuron,P322,0
12,inhibitory_neuron,Patient_2,0
12,inhibitory_neuron,Patient_4,0
12,inhibitory_neuron,R2,0
12,inhibitory_neuron,R3,0
12,inhibitory_neuron,R5,0
12,inhibitory_neuron,SF4297,0
12,inhibitory_neuron,SF6996,0
12,inhibitory_neuron,SF9259R,0
12,inhibitory_neuron,SF9259S,0
12,inhibitory_neuron,SF10022,0
12,inhibitory_neuron,SF10127,0
12,inhibitory_neuron,SF11159,0
12,inhibitory_neuron,SF11209,0
12,inhibitory_neuron,SF11232,0
12,inhibitory_neuron,SF11247,0
12,inhibitory_neuron,SF11644,0
12,inhibitory_neuron,SF11956,0
12,inhibitory_neuron,SF11979,0
12,inhibitory_neuron,SM006,0
12,inhibitory_neuron,SM011,0
12,inhibitory_neuron,SM012,0
12,inhibitory_neuron,SM017,0
12,inhibitory_neuron,SM018,0
12,inhibitory_neuron,X154,0
12,inhibitory_neuron,X192,0
12,inhibitory_neuron,X194,0
12,inhibitory_neuron,ndGBM-01,0
12,inhibitory_neuron,ndGBM-02,0
12,inhibitory_neuron,ndGBM-03,0
12,inhibitory_neuron,ndGBM-04,0
12,inhibitory_neuron,ndGBM-05,0
12,inhibitory_neuron,ndGBM-06,0
12,inhibitory_neuron,ndGBM-07,0
12,inhibitory_neuron,ndGBM-08,0
12,inhibitory_neuron,ndGBM-09,0
12,inhibitory_neuron,ndGBM-11,0
12,inhibitory_neuron,rGBM-01,0
12,inhibitory_neuron,rGBM-02,0
12,inhibitory_neuron,rGBM-03,0
12,inhibitory_neuron,rGBM-04,0
12,oligodendrocyte,3182,0
12,oligodendrocyte,3282,0
12,oligodendrocyte,3295,0
12,oligodendrocyte,BT333,5
12,oligodendrocyte,BT346,6
12,oligodendrocyte,BT363,0
12,oligodendrocyte,BT364,0
12,oligodendrocyte,BT368,0
12,oligodendrocyte,BT389,0
12,oligodendrocyte,BT390,0
12,oligodendrocyte,BT397,0
12,oligodendrocyte,BT402,0
12,oligodendrocyte,BT407,1
12,oligodendrocyte,BT409,0
12,oligodendrocyte,C3L-02705,0
12,oligodendrocyte,C3L-03405,0
12,oligodendrocyte,C3L-03968,424
12,oligodendrocyte,C3N-00662,10
12,oligodendrocyte,C3N-01334,0
12,oligodendrocyte,C3N-01798,0
12,oligodendrocyte,C3N-01814,574
12,oligodendrocyte,C3N-01815,2
12,oligodendrocyte,C3N-01816,1
12,oligodendrocyte,C3N-02181,19
12,oligodendrocyte,C3N-02188,0
12,oligodendrocyte,C3N-02190,0
12,oligodendrocyte,C3N-02769,0
12,oligodendrocyte,C3N-02783,65
12,oligodendrocyte,C3N-02784,2
12,oligodendrocyte,C3N-03184,0
12,oligodendrocyte,C3N-03186,1
12,oligodendrocyte,C3N-03188,16
12,oligodendrocyte,E10,0
12,oligodendrocyte,E100,0
12,oligodendrocyte,G523,109
12,oligodendrocyte,G549,1
12,oligodendrocyte,G566,0
12,oligodendrocyte,G583,2
12,oligodendrocyte,G620,1
12,oligodendrocyte,G637,1
12,oligodendrocyte,G729,2
12,oligodendrocyte,G799,20
12,oligodendrocyte,G837,0
12,oligodendrocyte,G851,0
12,oligodendrocyte,G910,0
12,oligodendrocyte,G945,0
12,oligodendrocyte,G946,0
12,oligodendrocyte,G967,0
12,oligodendrocyte,G983,0
12,oligodendrocyte,G1003,0
12,oligodendrocyte,GSM4141788,0
12,oligodendrocyte,GSM4141789,0
12,oligodendrocyte,GSM4141790,0
12,oligodendrocyte,JK125,1
12,oligodendrocyte,JK134,1
12,oligodendrocyte,JK136,0
12,oligodendrocyte,JK142,1
12,oligodendrocyte,JK153,3
12,oligodendrocyte,JK156,0
12,oligodendrocyte,JK163,0
12,oligodendrocyte,LB3018T,0
12,oligodendrocyte,LB3579T,0
12,oligodendrocyte,LB3612T,0
12,oligodendrocyte,LB3667T,0
12,oligodendrocyte,LB3771T,0
12,oligodendrocyte,LB3851T,0
12,oligodendrocyte,LB3853T,0
12,oligodendrocyte,LB3854T,0
12,oligodendrocyte,LB3864T,0
12,oligodendrocyte,LB3865T,0
12,oligodendrocyte,LB3869T,0
12,oligodendrocyte,LB3871T,1
12,oligodendrocyte,LB3872T,0
12,oligodendrocyte,LB3914T,0
12,oligodendrocyte,LB3915T,1
12,oligodendrocyte,LB3931T,0
12,oligodendrocyte,LB3944T,0
12,oligodendrocyte,LB3963T,0
12,oligodendrocyte,LB4003T,0
12,oligodendrocyte,LB4006T,0
12,oligodendrocyte,LB4015T,0
12,oligodendrocyte,LB4024T,1
12,oligodendrocyte,LB4034T,0
12,oligodendrocyte,LB4059T,0
12,oligodendrocyte,LB4075T,0
12,oligodendrocyte,LB4101T,0
12,oligodendrocyte,LB4117T,0
12,oligodendrocyte,LB4180T,0
12,oligodendrocyte,MGH102,0
12,oligodendrocyte,MGH105,0
12,oligodendrocyte,MGH114,0
12,oligodendrocyte,MGH115,0
12,oligodendrocyte,MGH118,0
12,oligodendrocyte,MGH124,0
12,oligodendrocyte,MGH125,1
12,oligodendrocyte,MGH126,0
12,oligodendrocyte,ND4,0
12,oligodendrocyte,P234_JAK,0
12,oligodendrocyte,P294,0
12,oligodendrocyte,P317,0
12,oligodendrocyte,P322,0
12,oligodendrocyte,Patient_2,0
12,oligodendrocyte,Patient_4,0
12,oligodendrocyte,R2,0
12,oligodendrocyte,R3,0
12,oligodendrocyte,R5,0
12,oligodendrocyte,SF4297,2
12,oligodendrocyte,SF6996,0
12,oligodendrocyte,SF9259R,4
12,oligodendrocyte,SF9259S,1
12,oligodendrocyte,SF10022,5
12,oligodendrocyte,SF10127,0
12,oligodendrocyte,SF11159,2
12,oligodendrocyte,SF11209,0
12,oligodendrocyte,SF11232,0
12,oligodendrocyte,SF11247,0
12,oligodendrocyte,SF11644,1
12,oligodendrocyte,SF11956,0
12,oligodendrocyte,SF11979,0
12,oligodendrocyte,SM006,0
12,oligodendrocyte,SM011,1
12,oligodendrocyte,SM012,2
12,oligodendrocyte,SM017,2
12,oligodendrocyte,SM018,5
12,oligodendrocyte,X154,0
12,oligodendrocyte,X192,0
12,oligodendrocyte,X194,0
12,oligodendrocyte,ndGBM-01,8
12,oligodendrocyte,ndGBM-02,1
12,oligodendrocyte,ndGBM-03,1
12,oligodendrocyte,ndGBM-04,0
12,oligodendrocyte,ndGBM-05,0
12,oligodendrocyte,ndGBM-06,1
12,oligodendrocyte,ndGBM-07,0
12,oligodendrocyte,ndGBM-08,0
12,oligodendrocyte,ndGBM-09,1
12,oligodendrocyte,ndGBM-11,0
12,oligodendrocyte,rGBM-01,0
12,oligodendrocyte,rGBM-02,5
12,oligodendrocyte,rGBM-03,0
12,oligodendrocyte,rGBM-04,0
13,excitatory_neuron,3182,0
13,excitatory_neuron,3282,0
13,excitatory_neuron,3295,0
13,excitatory_neuron,BT333,0
13,excitatory_neuron,BT346,0
13,excitatory_neuron,BT363,0
13,excitatory_neuron,BT364,0
13,excitatory_neuron,BT368,0
13,excitatory_neuron,BT389,0
13,excitatory_neuron,BT390,0
13,excitatory_neuron,BT397,0
13,excitatory_neuron,BT402,0
13,excitatory_neuron,BT407,0
13,excitatory_neuron,BT409,0
13,excitatory_neuron,C3L-02705,0
13,excitatory_neuron,C3L-03405,0
13,excitatory_neuron,C3L-03968,0
13,excitatory_neuron,C3N-00662,0
13,excitatory_neuron,C3N-01334,0
13,excitatory_neuron,C3N-01798,0
13,excitatory_neuron,C3N-01814,0
13,excitatory_neuron,C3N-01815,0
13,excitatory_neuron,C3N-01816,0
13,excitatory_neuron,C3N-02181,0
13,excitatory_neuron,C3N-02188,0
13,excitatory_neuron,C3N-02190,0
13,excitatory_neuron,C3N-02769,0
13,excitatory_neuron,C3N-02783,0
13,excitatory_neuron,C3N-02784,0
13,excitatory_neuron,C3N-03184,0
13,excitatory_neuron,C3N-03186,0
13,excitatory_neuron,C3N-03188,0
13,excitatory_neuron,E10,0
13,excitatory_neuron,E100,0
13,excitatory_neuron,G523,0
13,excitatory_neuron,G549,0
13,excitatory_neuron,G566,0
13,excitatory_neuron,G583,0
13,excitatory_neuron,G620,0
13,excitatory_neuron,G637,0
13,excitatory_neuron,G729,0
13,excitatory_neuron,G799,0
13,excitatory_neuron,G837,0
13,excitatory_neuron,G851,0
13,excitatory_neuron,G910,0
13,excitatory_neuron,G945,0
13,excitatory_neuron,G946,0
13,excitatory_neuron,G967,0
13,excitatory_neuron,G983,0
13,excitatory_neuron,G1003,0
13,excitatory_neuron,GSM4141788,0
13,excitatory_neuron,GSM4141789,0
13,excitatory_neuron,GSM4141790,0
13,excitatory_neuron,JK125,0
13,excitatory_neuron,JK134,0
13,excitatory_neuron,JK136,0
13,excitatory_neuron,JK142,0
13,excitatory_neuron,JK153,0
13,excitatory_neuron,JK156,0
13,excitatory_neuron,JK163,0
13,excitatory_neuron,LB3018T,0
13,excitatory_neuron,LB3579T,0
13,excitatory_neuron,LB3612T,0
13,excitatory_neuron,LB3667T,0
13,excitatory_neuron,LB3771T,0
13,excitatory_neuron,LB3851T,0
13,excitatory_neuron,LB3853T,0
13,excitatory_neuron,LB3854T,0
13,excitatory_neuron,LB3864T,0
13,excitatory_neuron,LB3865T,0
13,excitatory_neuron,LB3869T,0
13,excitatory_neuron,LB3871T,0
13,excitatory_neuron,LB3872T,0
13,excitatory_neuron,LB3914T,0
13,excitatory_neuron,LB3915T,0
13,excitatory_neuron,LB3931T,0
13,excitatory_neuron,LB3944T,0
13,excitatory_neuron,LB3963T,0
13,excitatory_neuron,LB4003T,0
13,excitatory_neuron,LB4006T,0
13,excitatory_neuron,LB4015T,0
13,excitatory_neuron,LB4024T,0
13,excitatory_neuron,LB4034T,0
13,excitatory_neuron,LB4059T,0
13,excitatory_neuron,LB4075T,0
13,excitatory_neuron,LB4101T,0
13,excitatory_neuron,LB4117T,0
13,excitatory_neuron,LB4180T,0
13,excitatory_neuron,MGH102,0
13,excitatory_neuron,MGH105,0
13,excitatory_neuron,MGH114,0
13,excitatory_neuron,MGH115,0
13,excitatory_neuron,MGH118,0
13,excitatory_neuron,MGH124,0
13,excitatory_neuron,MGH125,0
13,excitatory_neuron,MGH126,0
13,excitatory_neuron,ND4,0
13,excitatory_neuron,P234_JAK,0
13,excitatory_neuron,P294,0
13,excitatory_neuron,P317,0
13,excitatory_neuron,P322,0
13,excitatory_neuron,Patient_2,0
13,excitatory_neuron,Patient_4,0
13,excitatory_neuron,R2,0
13,excitatory_neuron,R3,0
13,excitatory_neuron,R5,0
13,excitatory_neuron,SF4297,0
13,excitatory_neuron,SF6996,0
13,excitatory_neuron,SF9259R,0
13,excitatory_neuron,SF9259S,0
13,excitatory_neuron,SF10022,0
13,excitatory_neuron,SF10127,0
13,excitatory_neuron,SF11159,0
13,excitatory_neuron,SF11209,0
13,excitatory_neuron,SF11232,0
13,excitatory_neuron,SF11247,0
13,excitatory_neuron,SF11644,0
13,excitatory_neuron,SF11956,0
13,excitatory_neuron,SF11979,0
13,excitatory_neuron,SM006,0
13,excitatory_neuron,SM011,0
13,excitatory_neuron,SM012,0
13,excitatory_neuron,SM017,0
13,excitatory_neuron,SM018,0
13,excitatory_neuron,X154,0
13,excitatory_neuron,X192,0
13,excitatory_neuron,X194,0
13,excitatory_neuron,ndGBM-01,0
13,excitatory_neuron,ndGBM-02,0
13,excitatory_neuron,ndGBM-03,0
13,excitatory_neuron,ndGBM-04,0
13,excitatory_neuron,ndGBM-05,0
13,excitatory_neuron,ndGBM-06,0
13,excitatory_neuron,ndGBM-07,0
13,excitatory_neuron,ndGBM-08,0
13,excitatory_neuron,ndGBM-09,0
13,excitatory_neuron,ndGBM-11,0
13,excitatory_neuron,rGBM-01,0
13,excitatory_neuron,rGBM-02,0
13,excitatory_neuron,rGBM-03,0
13,excitatory_neuron,rGBM-04,0
13,inhibitory_neuron,3182,0
13,inhibitory_neuron,3282,0
13,inhibitory_neuron,3295,0
13,inhibitory_neuron,BT333,0
13,inhibitory_neuron,BT346,0
13,inhibitory_neuron,BT363,0
13,inhibitory_neuron,BT364,0
13,inhibitory_neuron,BT368,0
13,inhibitory_neuron,BT389,0
13,inhibitory_neuron,BT390,0
13,inhibitory_neuron,BT397,0
13,inhibitory_neuron,BT402,0
13,inhibitory_neuron,BT407,0
13,inhibitory_neuron,BT409,0
13,inhibitory_neuron,C3L-02705,0
13,inhibitory_neuron,C3L-03405,0
13,inhibitory_neuron,C3L-03968,0
13,inhibitory_neuron,C3N-00662,0
13,inhibitory_neuron,C3N-01334,0
13,inhibitory_neuron,C3N-01798,0
13,inhibitory_neuron,C3N-01814,0
13,inhibitory_neuron,C3N-01815,0
13,inhibitory_neuron,C3N-01816,0
13,inhibitory_neuron,C3N-02181,0
13,inhibitory_neuron,C3N-02188,0
13,inhibitory_neuron,C3N-02190,0
13,inhibitory_neuron,C3N-02769,0
13,inhibitory_neuron,C3N-02783,0
13,inhibitory_neuron,C3N-02784,0
13,inhibitory_neuron,C3N-03184,0
13,inhibitory_neuron,C3N-03186,0
13,inhibitory_neuron,C3N-03188,0
13,inhibitory_neuron,E10,0
13,inhibitory_neuron,E100,0
13,inhibitory_neuron,G523,0
13,inhibitory_neuron,G549,0
13,inhibitory_neuron,G566,0
13,inhibitory_neuron,G583,0
13,inhibitory_neuron,G620,0
13,inhibitory_neuron,G637,0
13,inhibitory_neuron,G729,0
13,inhibitory_neuron,G799,0
13,inhibitory_neuron,G837,0
13,inhibitory_neuron,G851,0
13,inhibitory_neuron,G910,0
13,inhibitory_neuron,G945,0
13,inhibitory_neuron,G946,0
13,inhibitory_neuron,G967,0
13,inhibitory_neuron,G983,0
13,inhibitory_neuron,G1003,0
13,inhibitory_neuron,GSM4141788,0
13,inhibitory_neuron,GSM4141789,0
13,inhibitory_neuron,GSM4141790,0
13,inhibitory_neuron,JK125,0
13,inhibitory_neuron,JK134,0
13,inhibitory_neuron,JK136,0
13,inhibitory_neuron,JK142,0
13,inhibitory_neuron,JK153,0
13,inhibitory_neuron,JK156,0
13,inhibitory_neuron,JK163,0
13,inhibitory_neuron,LB3018T,0
13,inhibitory_neuron,LB3579T,0
13,inhibitory_neuron,LB3612T,0
13,inhibitory_neuron,LB3667T,0
13,inhibitory_neuron,LB3771T,0
13,inhibitory_neuron,LB3851T,0
13,inhibitory_neuron,LB3853T,0
13,inhibitory_neuron,LB3854T,0
13,inhibitory_neuron,LB3864T,0
13,inhibitory_neuron,LB3865T,0
13,inhibitory_neuron,LB3869T,0
13,inhibitory_neuron,LB3871T,0
13,inhibitory_neuron,LB3872T,0
13,inhibitory_neuron,LB3914T,0
13,inhibitory_neuron,LB3915T,0
13,inhibitory_neuron,LB3931T,0
13,inhibitory_neuron,LB3944T,0
13,inhibitory_neuron,LB3963T,0
13,inhibitory_neuron,LB4003T,0
13,inhibitory_neuron,LB4006T,0
13,inhibitory_neuron,LB4015T,0
13,inhibitory_neuron,LB4024T,0
13,inhibitory_neuron,LB4034T,0
13,inhibitory_neuron,LB4059T,0
13,inhibitory_neuron,LB4075T,0
13,inhibitory_neuron,LB4101T,0
13,inhibitory_neuron,LB4117T,0
13,inhibitory_neuron,LB4180T,0
13,inhibitory_neuron,MGH102,0
13,inhibitory_neuron,MGH105,0
13,inhibitory_neuron,MGH114,0
13,inhibitory_neuron,MGH115,0
13,inhibitory_neuron,MGH118,0
13,inhibitory_neuron,MGH124,0
13,inhibitory_neuron,MGH125,0
13,inhibitory_neuron,MGH126,0
13,inhibitory_neuron,ND4,0
13,inhibitory_neuron,P234_JAK,0
13,inhibitory_neuron,P294,0
13,inhibitory_neuron,P317,0
13,inhibitory_neuron,P322,0
13,inhibitory_neuron,Patient_2,0
13,inhibitory_neuron,Patient_4,0
13,inhibitory_neuron,R2,0
13,inhibitory_neuron,R3,0
13,inhibitory_neuron,R5,0
13,inhibitory_neuron,SF4297,0
13,inhibitory_neuron,SF6996,0
13,inhibitory_neuron,SF9259R,0
13,inhibitory_neuron,SF9259S,0
13,inhibitory_neuron,SF10022,0
13,inhibitory_neuron,SF10127,0
13,inhibitory_neuron,SF11159,0
13,inhibitory_neuron,SF11209,0
13,inhibitory_neuron,SF11232,0
13,inhibitory_neuron,SF11247,0
13,inhibitory_neuron,SF11644,0
13,inhibitory_neuron,SF11956,0
13,inhibitory_neuron,SF11979,0
13,inhibitory_neuron,SM006,0
13,inhibitory_neuron,SM011,0
13,inhibitory_neuron,SM012,0
13,inhibitory_neuron,SM017,0
13,inhibitory_neuron,SM018,0
13,inhibitory_neuron,X154,0
13,inhibitory_neuron,X192,0
13,inhibitory_neuron,X194,0
13,inhibitory_neuron,ndGBM-01,1
13,inhibitory_neuron,ndGBM-02,0
13,inhibitory_neuron,ndGBM-03,0
13,inhibitory_neuron,ndGBM-04,0
13,inhibitory_neuron,ndGBM-05,0
13,inhibitory_neuron,ndGBM-06,0
13,inhibitory_neuron,ndGBM-07,0
13,inhibitory_neuron,ndGBM-08,0
13,inhibitory_neuron,ndGBM-09,0
13,inhibitory_neuron,ndGBM-11,0
13,inhibitory_neuron,rGBM-01,0
13,inhibitory_neuron,rGBM-02,0
13,inhibitory_neuron,rGBM-03,0
13,inhibitory_neuron,rGBM-04,0
13,oligodendrocyte,3182,0
13,oligodendrocyte,3282,0
13,oligodendrocyte,3295,0
13,oligodendrocyte,BT333,0
13,oligodendrocyte,BT346,9
13,oligodendrocyte,BT363,3
13,oligodendrocyte,BT364,7
13,oligodendrocyte,BT368,0
13,oligodendrocyte,BT389,0
13,oligodendrocyte,BT390,1
13,oligodendrocyte,BT397,0
13,oligodendrocyte,BT402,4
13,oligodendrocyte,BT407,2
13,oligodendrocyte,BT409,5
13,oligodendrocyte,C3L-02705,11
13,oligodendrocyte,C3L-03405,3
13,oligodendrocyte,C3L-03968,1
13,oligodendrocyte,C3N-00662,9
13,oligodendrocyte,C3N-01334,4
13,oligodendrocyte,C3N-01798,7
13,oligodendrocyte,C3N-01814,28
13,oligodendrocyte,C3N-01815,30
13,oligodendrocyte,C3N-01816,1
13,oligodendrocyte,C3N-02181,2
13,oligodendrocyte,C3N-02188,0
13,oligodendrocyte,C3N-02190,5
13,oligodendrocyte,C3N-02769,11
13,oligodendrocyte,C3N-02783,10
13,oligodendrocyte,C3N-02784,52
13,oligodendrocyte,C3N-03184,0
13,oligodendrocyte,C3N-03186,19
13,oligodendrocyte,C3N-03188,107
13,oligodendrocyte,E10,0
13,oligodendrocyte,E100,0
13,oligodendrocyte,G523,358
13,oligodendrocyte,G549,1
13,oligodendrocyte,G566,0
13,oligodendrocyte,G583,5
13,oligodendrocyte,G620,0
13,oligodendrocyte,G637,0
13,oligodendrocyte,G729,5
13,oligodendrocyte,G799,0
13,oligodendrocyte,G837,1
13,oligodendrocyte,G851,0
13,oligodendrocyte,G910,24
13,oligodendrocyte,G945,0
13,oligodendrocyte,G946,3
13,oligodendrocyte,G967,3
13,oligodendrocyte,G983,19
13,oligodendrocyte,G1003,0
13,oligodendrocyte,GSM4141788,0
13,oligodendrocyte,GSM4141789,1
13,oligodendrocyte,GSM4141790,0
13,oligodendrocyte,JK125,0
13,oligodendrocyte,JK134,0
13,oligodendrocyte,JK136,0
13,oligodendrocyte,JK142,0
13,oligodendrocyte,JK153,0
13,oligodendrocyte,JK156,0
13,oligodendrocyte,JK163,0
13,oligodendrocyte,LB3018T,2
13,oligodendrocyte,LB3579T,0
13,oligodendrocyte,LB3612T,0
13,oligodendrocyte,LB3667T,64
13,oligodendrocyte,LB3771T,0
13,oligodendrocyte,LB3851T,0
13,oligodendrocyte,LB3853T,0
13,oligodendrocyte,LB3854T,1
13,oligodendrocyte,LB3864T,4
13,oligodendrocyte,LB3865T,3
13,oligodendrocyte,LB3869T,1
13,oligodendrocyte,LB3871T,0
13,oligodendrocyte,LB3872T,0
13,oligodendrocyte,LB3914T,24
13,oligodendrocyte,LB3915T,0
13,oligodendrocyte,LB3931T,2
13,oligodendrocyte,LB3944T,0
13,oligodendrocyte,LB3963T,0
13,oligodendrocyte,LB4003T,8
13,oligodendrocyte,LB4006T,1
13,oligodendrocyte,LB4015T,0
13,oligodendrocyte,LB4024T,1
13,oligodendrocyte,LB4034T,0
13,oligodendrocyte,LB4059T,2
13,oligodendrocyte,LB4075T,4
13,oligodendrocyte,LB4101T,1
13,oligodendrocyte,LB4117T,0
13,oligodendrocyte,LB4180T,0
13,oligodendrocyte,MGH102,0
13,oligodendrocyte,MGH105,0
13,oligodendrocyte,MGH114,0
13,oligodendrocyte,MGH115,0
13,oligodendrocyte,MGH118,0
13,oligodendrocyte,MGH124,0
13,oligodendrocyte,MGH125,1
13,oligodendrocyte,MGH126,0
13,oligodendrocyte,ND4,1
13,oligodendrocyte,P234_JAK,0
13,oligodendrocyte,P294,0
13,oligodendrocyte,P317,2
13,oligodendrocyte,P322,0
13,oligodendrocyte,Patient_2,0
13,oligodendrocyte,Patient_4,2
13,oligodendrocyte,R2,0
13,oligodendrocyte,R3,0
13,oligodendrocyte,R5,0
13,oligodendrocyte,SF4297,0
13,oligodendrocyte,SF6996,1
13,oligodendrocyte,SF9259R,2
13,oligodendrocyte,SF9259S,0
13,oligodendrocyte,SF10022,0
13,oligodendrocyte,SF10127,0
13,oligodendrocyte,SF11159,0
13,oligodendrocyte,SF11209,2
13,oligodendrocyte,SF11232,0
13,oligodendrocyte,SF11247,3
13,oligodendrocyte,SF11644,1
13,oligodendrocyte,SF11956,2
13,oligodendrocyte,SF11979,1
13,oligodendrocyte,SM006,0
13,oligodendrocyte,SM011,3
13,oligodendrocyte,SM012,3
13,oligodendrocyte,SM017,0
13,oligodendrocyte,SM018,1
13,oligodendrocyte,X154,8
13,oligodendrocyte,X192,12
13,oligodendrocyte,X194,20
13,oligodendrocyte,ndGBM-01,3
13,oligodendrocyte,ndGBM-02,5
13,oligodendrocyte,ndGBM-03,0
13,oligodendrocyte,ndGBM-04,0
13,oligodendrocyte,ndGBM-05,1
13,oligodendrocyte,ndGBM-06,20
13,oligodendrocyte,ndGBM-07,17
13,oligodendrocyte,ndGBM-08,1
13,oligodendrocyte,ndGBM-09,1
13,oligodendrocyte,ndGBM-11,0
13,oligodendrocyte,rGBM-01,24
13,oligodendrocyte,rGBM-02,3
13,oligodendrocyte,rGBM-03,2
13,oligodendrocyte,rGBM-04,25
14,excitatory_neuron,3182,0
14,excitatory_neuron,3282,0
14,excitatory_neuron,3295,0
14,excitatory_neuron,BT333,0
14,excitatory_neuron,BT346,0
14,excitatory_neuron,BT363,0
14,excitatory_neuron,BT364,0
14,excitatory_neuron,BT368,0
14,excitatory_neuron,BT389,0
14,excitatory_neuron,BT390,0
14,excitatory_neuron,BT397,0
14,excitatory_neuron,BT402,0
14,excitatory_neuron,BT407,0
14,excitatory_neuron,BT409,0
14,excitatory_neuron,C3L-02705,3
14,excitatory_neuron,C3L-03405,1
14,excitatory_neuron,C3L-03968,0
14,excitatory_neuron,C3N-00662,1
14,excitatory_neuron,C3N-01334,16
14,excitatory_neuron,C3N-01798,1
14,excitatory_neuron,C3N-01814,0
14,excitatory_neuron,C3N-01815,0
14,excitatory_neuron,C3N-01816,0
14,excitatory_neuron,C3N-02181,0
14,excitatory_neuron,C3N-02188,0
14,excitatory_neuron,C3N-02190,0
14,excitatory_neuron,C3N-02769,6
14,excitatory_neuron,C3N-02783,1
14,excitatory_neuron,C3N-02784,0
14,excitatory_neuron,C3N-03184,0
14,excitatory_neuron,C3N-03186,181
14,excitatory_neuron,C3N-03188,0
14,excitatory_neuron,E10,0
14,excitatory_neuron,E100,0
14,excitatory_neuron,G523,3
14,excitatory_neuron,G549,245
14,excitatory_neuron,G566,0
14,excitatory_neuron,G583,0
14,excitatory_neuron,G620,0
14,excitatory_neuron,G637,4
14,excitatory_neuron,G729,83
14,excitatory_neuron,G799,31
14,excitatory_neuron,G837,10
14,excitatory_neuron,G851,2
14,excitatory_neuron,G910,0
14,excitatory_neuron,G945,0
14,excitatory_neuron,G946,0
14,excitatory_neuron,G967,0
14,excitatory_neuron,G983,0
14,excitatory_neuron,G1003,0
14,excitatory_neuron,GSM4141788,0
14,excitatory_neuron,GSM4141789,0
14,excitatory_neuron,GSM4141790,0
14,excitatory_neuron,JK125,0
14,excitatory_neuron,JK134,0
14,excitatory_neuron,JK136,0
14,excitatory_neuron,JK142,2
14,excitatory_neuron,JK153,0
14,excitatory_neuron,JK156,0
14,excitatory_neuron,JK163,0
14,excitatory_neuron,LB3018T,0
14,excitatory_neuron,LB3579T,0
14,excitatory_neuron,LB3612T,0
14,excitatory_neuron,LB3667T,0
14,excitatory_neuron,LB3771T,0
14,excitatory_neuron,LB3851T,0
14,excitatory_neuron,LB3853T,0
14,excitatory_neuron,LB3854T,0
14,excitatory_neuron,LB3864T,0
14,excitatory_neuron,LB3865T,0
14,excitatory_neuron,LB3869T,0
14,excitatory_neuron,LB3871T,0
14,excitatory_neuron,LB3872T,0
14,excitatory_neuron,LB3914T,0
14,excitatory_neuron,LB3915T,0
14,excitatory_neuron,LB3931T,0
14,excitatory_neuron,LB3944T,0
14,excitatory_neuron,LB3963T,0
14,excitatory_neuron,LB4003T,0
14,excitatory_neuron,LB4006T,0
14,excitatory_neuron,LB4015T,0
14,excitatory_neuron,LB4024T,0
14,excitatory_neuron,LB4034T,0
14,excitatory_neuron,LB4059T,0
14,excitatory_neuron,LB4075T,0
14,excitatory_neuron,LB4101T,0
14,excitatory_neuron,LB4117T,0
14,excitatory_neuron,LB4180T,0
14,excitatory_neuron,MGH102,0
14,excitatory_neuron,MGH105,0
14,excitatory_neuron,MGH114,0
14,excitatory_neuron,MGH115,0
14,excitatory_neuron,MGH118,0
14,excitatory_neuron,MGH124,0
14,excitatory_neuron,MGH125,0
14,excitatory_neuron,MGH126,0
14,excitatory_neuron,ND4,0
14,excitatory_neuron,P234_JAK,0
14,excitatory_neuron,P294,0
14,excitatory_neuron,P317,0
14,excitatory_neuron,P322,0
14,excitatory_neuron,Patient_2,0
14,excitatory_neuron,Patient_4,0
14,excitatory_neuron,R2,0
14,excitatory_neuron,R3,0
14,excitatory_neuron,R5,0
14,excitatory_neuron,SF4297,2
14,excitatory_neuron,SF6996,0
14,excitatory_neuron,SF9259R,0
14,excitatory_neuron,SF9259S,0
14,excitatory_neuron,SF10022,0
14,excitatory_neuron,SF10127,0
14,excitatory_neuron,SF11159,0
14,excitatory_neuron,SF11209,0
14,excitatory_neuron,SF11232,0
14,excitatory_neuron,SF11247,0
14,excitatory_neuron,SF11644,1
14,excitatory_neuron,SF11956,1
14,excitatory_neuron,SF11979,0
14,excitatory_neuron,SM006,0
14,excitatory_neuron,SM011,0
14,excitatory_neuron,SM012,0
14,excitatory_neuron,SM017,0
14,excitatory_neuron,SM018,0
14,excitatory_neuron,X154,0
14,excitatory_neuron,X192,0
14,excitatory_neuron,X194,0
14,excitatory_neuron,ndGBM-01,0
14,excitatory_neuron,ndGBM-02,0
14,excitatory_neuron,ndGBM-03,0
14,excitatory_neuron,ndGBM-04,0
14,excitatory_neuron,ndGBM-05,0
14,excitatory_neuron,ndGBM-06,0
14,excitatory_neuron,ndGBM-07,0
14,excitatory_neuron,ndGBM-08,0
14,excitatory_neuron,ndGBM-09,0
14,excitatory_neuron,ndGBM-11,0
14,excitatory_neuron,rGBM-01,0
14,excitatory_neuron,rGBM-02,0
14,excitatory_neuron,rGBM-03,0
14,excitatory_neuron,rGBM-04,0
14,inhibitory_neuron,3182,0
14,inhibitory_neuron,3282,0
14,inhibitory_neuron,3295,0
14,inhibitory_neuron,BT333,0
14,inhibitory_neuron,BT346,0
14,inhibitory_neuron,BT363,0
14,inhibitory_neuron,BT364,0
14,inhibitory_neuron,BT368,0
14,inhibitory_neuron,BT389,0
14,inhibitory_neuron,BT390,0
14,inhibitory_neuron,BT397,0
14,inhibitory_neuron,BT402,0
14,inhibitory_neuron,BT407,0
14,inhibitory_neuron,BT409,0
14,inhibitory_neuron,C3L-02705,0
14,inhibitory_neuron,C3L-03405,0
14,inhibitory_neuron,C3L-03968,0
14,inhibitory_neuron,C3N-00662,0
14,inhibitory_neuron,C3N-01334,0
14,inhibitory_neuron,C3N-01798,0
14,inhibitory_neuron,C3N-01814,0
14,inhibitory_neuron,C3N-01815,0
14,inhibitory_neuron,C3N-01816,0
14,inhibitory_neuron,C3N-02181,0
14,inhibitory_neuron,C3N-02188,0
14,inhibitory_neuron,C3N-02190,0
14,inhibitory_neuron,C3N-02769,0
14,inhibitory_neuron,C3N-02783,0
14,inhibitory_neuron,C3N-02784,0
14,inhibitory_neuron,C3N-03184,0
14,inhibitory_neuron,C3N-03186,0
14,inhibitory_neuron,C3N-03188,0
14,inhibitory_neuron,E10,0
14,inhibitory_neuron,E100,0
14,inhibitory_neuron,G523,0
14,inhibitory_neuron,G549,0
14,inhibitory_neuron,G566,0
14,inhibitory_neuron,G583,0
14,inhibitory_neuron,G620,0
14,inhibitory_neuron,G637,0
14,inhibitory_neuron,G729,0
14,inhibitory_neuron,G799,0
14,inhibitory_neuron,G837,0
14,inhibitory_neuron,G851,0
14,inhibitory_neuron,G910,0
14,inhibitory_neuron,G945,0
14,inhibitory_neuron,G946,0
14,inhibitory_neuron,G967,0
14,inhibitory_neuron,G983,0
14,inhibitory_neuron,G1003,0
14,inhibitory_neuron,GSM4141788,0
14,inhibitory_neuron,GSM4141789,0
14,inhibitory_neuron,GSM4141790,0
14,inhibitory_neuron,JK125,0
14,inhibitory_neuron,JK134,0
14,inhibitory_neuron,JK136,0
14,inhibitory_neuron,JK142,0
14,inhibitory_neuron,JK153,0
14,inhibitory_neuron,JK156,0
14,inhibitory_neuron,JK163,0
14,inhibitory_neuron,LB3018T,0
14,inhibitory_neuron,LB3579T,0
14,inhibitory_neuron,LB3612T,0
14,inhibitory_neuron,LB3667T,0
14,inhibitory_neuron,LB3771T,0
14,inhibitory_neuron,LB3851T,0
14,inhibitory_neuron,LB3853T,0
14,inhibitory_neuron,LB3854T,0
14,inhibitory_neuron,LB3864T,0
14,inhibitory_neuron,LB3865T,0
14,inhibitory_neuron,LB3869T,0
14,inhibitory_neuron,LB3871T,0
14,inhibitory_neuron,LB3872T,0
14,inhibitory_neuron,LB3914T,0
14,inhibitory_neuron,LB3915T,0
14,inhibitory_neuron,LB3931T,0
14,inhibitory_neuron,LB3944T,0
14,inhibitory_neuron,LB3963T,0
14,inhibitory_neuron,LB4003T,0
14,inhibitory_neuron,LB4006T,0
14,inhibitory_neuron,LB4015T,0
14,inhibitory_neuron,LB4024T,0
14,inhibitory_neuron,LB4034T,0
14,inhibitory_neuron,LB4059T,0
14,inhibitory_neuron,LB4075T,0
14,inhibitory_neuron,LB4101T,0
14,inhibitory_neuron,LB4117T,0
14,inhibitory_neuron,LB4180T,0
14,inhibitory_neuron,MGH102,0
14,inhibitory_neuron,MGH105,0
14,inhibitory_neuron,MGH114,0
14,inhibitory_neuron,MGH115,0
14,inhibitory_neuron,MGH118,0
14,inhibitory_neuron,MGH124,0
14,inhibitory_neuron,MGH125,0
14,inhibitory_neuron,MGH126,0
14,inhibitory_neuron,ND4,0
14,inhibitory_neuron,P234_JAK,0
14,inhibitory_neuron,P294,0
14,inhibitory_neuron,P317,0
14,inhibitory_neuron,P322,0
14,inhibitory_neuron,Patient_2,0
14,inhibitory_neuron,Patient_4,0
14,inhibitory_neuron,R2,0
14,inhibitory_neuron,R3,0
14,inhibitory_neuron,R5,0
14,inhibitory_neuron,SF4297,0
14,inhibitory_neuron,SF6996,0
14,inhibitory_neuron,SF9259R,0
14,inhibitory_neuron,SF9259S,0
14,inhibitory_neuron,SF10022,0
14,inhibitory_neuron,SF10127,0
14,inhibitory_neuron,SF11159,0
14,inhibitory_neuron,SF11209,0
14,inhibitory_neuron,SF11232,0
14,inhibitory_neuron,SF11247,0
14,inhibitory_neuron,SF11644,0
14,inhibitory_neuron,SF11956,0
14,inhibitory_neuron,SF11979,0
14,inhibitory_neuron,SM006,0
14,inhibitory_neuron,SM011,0
14,inhibitory_neuron,SM012,0
14,inhibitory_neuron,SM017,0
14,inhibitory_neuron,SM018,0
14,inhibitory_neuron,X154,0
14,inhibitory_neuron,X192,0
14,inhibitory_neuron,X194,0
14,inhibitory_neuron,ndGBM-01,0
14,inhibitory_neuron,ndGBM-02,0
14,inhibitory_neuron,ndGBM-03,0
14,inhibitory_neuron,ndGBM-04,0
14,inhibitory_neuron,ndGBM-05,0
14,inhibitory_neuron,ndGBM-06,0
14,inhibitory_neuron,ndGBM-07,0
14,inhibitory_neuron,ndGBM-08,0
14,inhibitory_neuron,ndGBM-09,0
14,inhibitory_neuron,ndGBM-11,0
14,inhibitory_neuron,rGBM-01,0
14,inhibitory_neuron,rGBM-02,0
14,inhibitory_neuron,rGBM-03,0
14,inhibitory_neuron,rGBM-04,0
14,oligodendrocyte,3182,0
14,oligodendrocyte,3282,0
14,oligodendrocyte,3295,0
14,oligodendrocyte,BT333,0
14,oligodendrocyte,BT346,0
14,oligodendrocyte,BT363,0
14,oligodendrocyte,BT364,0
14,oligodendrocyte,BT368,0
14,oligodendrocyte,BT389,0
14,oligodendrocyte,BT390,0
14,oligodendrocyte,BT397,0
14,oligodendrocyte,BT402,0
14,oligodendrocyte,BT407,0
14,oligodendrocyte,BT409,0
14,oligodendrocyte,C3L-02705,0
14,oligodendrocyte,C3L-03405,0
14,oligodendrocyte,C3L-03968,0
14,oligodendrocyte,C3N-00662,0
14,oligodendrocyte,C3N-01334,0
14,oligodendrocyte,C3N-01798,0
14,oligodendrocyte,C3N-01814,0
14,oligodendrocyte,C3N-01815,0
14,oligodendrocyte,C3N-01816,0
14,oligodendrocyte,C3N-02181,0
14,oligodendrocyte,C3N-02188,0
14,oligodendrocyte,C3N-02190,0
14,oligodendrocyte,C3N-02769,0
14,oligodendrocyte,C3N-02783,0
14,oligodendrocyte,C3N-02784,0
14,oligodendrocyte,C3N-03184,0
14,oligodendrocyte,C3N-03186,0
14,oligodendrocyte,C3N-03188,0
14,oligodendrocyte,E10,0
14,oligodendrocyte,E100,0
14,oligodendrocyte,G523,0
14,oligodendrocyte,G549,0
14,oligodendrocyte,G566,0
14,oligodendrocyte,G583,0
14,oligodendrocyte,G620,0
14,oligodendrocyte,G637,0
14,oligodendrocyte,G729,0
14,oligodendrocyte,G799,0
14,oligodendrocyte,G837,0
14,oligodendrocyte,G851,0
14,oligodendrocyte,G910,0
14,oligodendrocyte,G945,0
14,oligodendrocyte,G946,0
14,oligodendrocyte,G967,0
14,oligodendrocyte,G983,0
14,oligodendrocyte,G1003,0
14,oligodendrocyte,GSM4141788,0
14,oligodendrocyte,GSM4141789,0
14,oligodendrocyte,GSM4141790,0
14,oligodendrocyte,JK125,0
14,oligodendrocyte,JK134,0
14,oligodendrocyte,JK136,0
14,oligodendrocyte,JK142,0
14,oligodendrocyte,JK153,0
14,oligodendrocyte,JK156,0
14,oligodendrocyte,JK163,0
14,oligodendrocyte,LB3018T,0
14,oligodendrocyte,LB3579T,0
14,oligodendrocyte,LB3612T,0
14,oligodendrocyte,LB3667T,0
14,oligodendrocyte,LB3771T,0
14,oligodendrocyte,LB3851T,0
14,oligodendrocyte,LB3853T,0
14,oligodendrocyte,LB3854T,0
14,oligodendrocyte,LB3864T,0
14,oligodendrocyte,LB3865T,0
14,oligodendrocyte,LB3869T,0
14,oligodendrocyte,LB3871T,0
14,oligodendrocyte,LB3872T,0
14,oligodendrocyte,LB3914T,0
14,oligodendrocyte,LB3915T,0
14,oligodendrocyte,LB3931T,0
14,oligodendrocyte,LB3944T,0
14,oligodendrocyte,LB3963T,0
14,oligodendrocyte,LB4003T,0
14,oligodendrocyte,LB4006T,0
14,oligodendrocyte,LB4015T,0
14,oligodendrocyte,LB4024T,0
14,oligodendrocyte,LB4034T,0
14,oligodendrocyte,LB4059T,0
14,oligodendrocyte,LB4075T,0
14,oligodendrocyte,LB4101T,0
14,oligodendrocyte,LB4117T,0
14,oligodendrocyte,LB4180T,0
14,oligodendrocyte,MGH102,0
14,oligodendrocyte,MGH105,0
14,oligodendrocyte,MGH114,0
14,oligodendrocyte,MGH115,0
14,oligodendrocyte,MGH118,0
14,oligodendrocyte,MGH124,0
14,oligodendrocyte,MGH125,0
14,oligodendrocyte,MGH126,0
14,oligodendrocyte,ND4,0
14,oligodendrocyte,P234_JAK,0
14,oligodendrocyte,P294,0
14,oligodendrocyte,P317,0
14,oligodendrocyte,P322,0
14,oligodendrocyte,Patient_2,0
14,oligodendrocyte,Patient_4,0
14,oligodendrocyte,R2,0
14,oligodendrocyte,R3,0
14,oligodendrocyte,R5,0
14,oligodendrocyte,SF4297,0
14,oligodendrocyte,SF6996,0
14,oligodendrocyte,SF9259R,0
14,oligodendrocyte,SF9259S,0
14,oligodendrocyte,SF10022,0
14,oligodendrocyte,SF10127,0
14,oligodendrocyte,SF11159,0
14,oligodendrocyte,SF11209,0
14,oligodendrocyte,SF11232,0
14,oligodendrocyte,SF11247,0
14,oligodendrocyte,SF11644,0
14,oligodendrocyte,SF11956,0
14,oligodendrocyte,SF11979,0
14,oligodendrocyte,SM006,0
14,oligodendrocyte,SM011,0
14,oligodendrocyte,SM012,0
14,oligodendrocyte,SM017,0
14,oligodendrocyte,SM018,0
14,oligodendrocyte,X154,0
14,oligodendrocyte,X192,0
14,oligodendrocyte,X194,0
14,oligodendrocyte,ndGBM-01,0
14,oligodendrocyte,ndGBM-02,0
14,oligodendrocyte,ndGBM-03,0
14,oligodendrocyte,ndGBM-04,0
14,oligodendrocyte,ndGBM-05,0
14,oligodendrocyte,ndGBM-06,0
14,oligodendrocyte,ndGBM-07,0
14,oligodendrocyte,ndGBM-08,0
14,oligodendrocyte,ndGBM-09,0
14,oligodendrocyte,ndGBM-11,0
14,oligodendrocyte,rGBM-01,0
14,oligodendrocyte,rGBM-02,0
14,oligodendrocyte,rGBM-03,0
14,oligodendrocyte,rGBM-04,0
15,excitatory_neuron,3182,0
15,excitatory_neuron,3282,0
15,excitatory_neuron,3295,0
15,excitatory_neuron,BT333,0
15,excitatory_neuron,BT346,0
15,excitatory_neuron,BT363,0
15,excitatory_neuron,BT364,0
15,excitatory_neuron,BT368,0
15,excitatory_neuron,BT389,0
15,excitatory_neuron,BT390,0
15,excitatory_neuron,BT397,0
15,excitatory_neuron,BT402,0
15,excitatory_neuron,BT407,0
15,excitatory_neuron,BT409,0
15,excitatory_neuron,C3L-02705,0
15,excitatory_neuron,C3L-03405,0
15,excitatory_neuron,C3L-03968,0
15,excitatory_neuron,C3N-00662,0
15,excitatory_neuron,C3N-01334,0
15,excitatory_neuron,C3N-01798,0
15,excitatory_neuron,C3N-01814,0
15,excitatory_neuron,C3N-01815,0
15,excitatory_neuron,C3N-01816,0
15,excitatory_neuron,C3N-02181,0
15,excitatory_neuron,C3N-02188,0
15,excitatory_neuron,C3N-02190,0
15,excitatory_neuron,C3N-02769,0
15,excitatory_neuron,C3N-02783,0
15,excitatory_neuron,C3N-02784,0
15,excitatory_neuron,C3N-03184,0
15,excitatory_neuron,C3N-03186,0
15,excitatory_neuron,C3N-03188,0
15,excitatory_neuron,E10,0
15,excitatory_neuron,E100,0
15,excitatory_neuron,G523,0
15,excitatory_neuron,G549,0
15,excitatory_neuron,G566,0
15,excitatory_neuron,G583,0
15,excitatory_neuron,G620,0
15,excitatory_neuron,G637,0
15,excitatory_neuron,G729,0
15,excitatory_neuron,G799,0
15,excitatory_neuron,G837,0
15,excitatory_neuron,G851,0
15,excitatory_neuron,G910,0
15,excitatory_neuron,G945,0
15,excitatory_neuron,G946,0
15,excitatory_neuron,G967,0
15,excitatory_neuron,G983,0
15,excitatory_neuron,G1003,0
15,excitatory_neuron,GSM4141788,0
15,excitatory_neuron,GSM4141789,0
15,excitatory_neuron,GSM4141790,0
15,excitatory_neuron,JK125,0
15,excitatory_neuron,JK134,0
15,excitatory_neuron,JK136,0
15,excitatory_neuron,JK142,0
15,excitatory_neuron,JK153,0
15,excitatory_neuron,JK156,0
15,excitatory_neuron,JK163,0
15,excitatory_neuron,LB3018T,0
15,excitatory_neuron,LB3579T,0
15,excitatory_neuron,LB3612T,0
15,excitatory_neuron,LB3667T,0
15,excitatory_neuron,LB3771T,0
15,excitatory_neuron,LB3851T,0
15,excitatory_neuron,LB3853T,0
15,excitatory_neuron,LB3854T,0
15,excitatory_neuron,LB3864T,0
15,excitatory_neuron,LB3865T,0
15,excitatory_neuron,LB3869T,0
15,excitatory_neuron,LB3871T,0
15,excitatory_neuron,LB3872T,0
15,excitatory_neuron,LB3914T,0
15,excitatory_neuron,LB3915T,0
15,excitatory_neuron,LB3931T,0
15,excitatory_neuron,LB3944T,0
15,excitatory_neuron,LB3963T,0
15,excitatory_neuron,LB4003T,0
15,excitatory_neuron,LB4006T,0
15,excitatory_neuron,LB4015T,0
15,excitatory_neuron,LB4024T,0
15,excitatory_neuron,LB4034T,0
15,excitatory_neuron,LB4059T,0
15,excitatory_neuron,LB4075T,0
15,excitatory_neuron,LB4101T,0
15,excitatory_neuron,LB4117T,0
15,excitatory_neuron,LB4180T,0
15,excitatory_neuron,MGH102,0
15,excitatory_neuron,MGH105,0
15,excitatory_neuron,MGH114,0
15,excitatory_neuron,MGH115,0
15,excitatory_neuron,MGH118,0
15,excitatory_neuron,MGH124,0
15,excitatory_neuron,MGH125,0
15,excitatory_neuron,MGH126,0
15,excitatory_neuron,ND4,0
15,excitatory_neuron,P234_JAK,0
15,excitatory_neuron,P294,0
15,excitatory_neuron,P317,0
15,excitatory_neuron,P322,0
15,excitatory_neuron,Patient_2,0
15,excitatory_neuron,Patient_4,0
15,excitatory_neuron,R2,0
15,excitatory_neuron,R3,0
15,excitatory_neuron,R5,0
15,excitatory_neuron,SF4297,0
15,excitatory_neuron,SF6996,0
15,excitatory_neuron,SF9259R,0
15,excitatory_neuron,SF9259S,0
15,excitatory_neuron,SF10022,0
15,excitatory_neuron,SF10127,0
15,excitatory_neuron,SF11159,0
15,excitatory_neuron,SF11209,0
15,excitatory_neuron,SF11232,0
15,excitatory_neuron,SF11247,0
15,excitatory_neuron,SF11644,0
15,excitatory_neuron,SF11956,0
15,excitatory_neuron,SF11979,0
15,excitatory_neuron,SM006,0
15,excitatory_neuron,SM011,0
15,excitatory_neuron,SM012,0
15,excitatory_neuron,SM017,0
15,excitatory_neuron,SM018,0
15,excitatory_neuron,X154,0
15,excitatory_neuron,X192,0
15,excitatory_neuron,X194,0
15,excitatory_neuron,ndGBM-01,0
15,excitatory_neuron,ndGBM-02,0
15,excitatory_neuron,ndGBM-03,0
15,excitatory_neuron,ndGBM-04,0
15,excitatory_neuron,ndGBM-05,0
15,excitatory_neuron,ndGBM-06,0
15,excitatory_neuron,ndGBM-07,0
15,excitatory_neuron,ndGBM-08,0
15,excitatory_neuron,ndGBM-09,0
15,excitatory_neuron,ndGBM-11,0
15,excitatory_neuron,rGBM-01,0
15,excitatory_neuron,rGBM-02,0
15,excitatory_neuron,rGBM-03,0
15,excitatory_neuron,rGBM-04,0
15,inhibitory_neuron,3182,0
15,inhibitory_neuron,3282,0
15,inhibitory_neuron,3295,0
15,inhibitory_neuron,BT333,0
15,inhibitory_neuron,BT346,0
15,inhibitory_neuron,BT363,0
15,inhibitory_neuron,BT364,0
15,inhibitory_neuron,BT368,0
15,inhibitory_neuron,BT389,0
15,inhibitory_neuron,BT390,0
15,inhibitory_neuron,BT397,0
15,inhibitory_neuron,BT402,0
15,inhibitory_neuron,BT407,0
15,inhibitory_neuron,BT409,0
15,inhibitory_neuron,C3L-02705,0
15,inhibitory_neuron,C3L-03405,0
15,inhibitory_neuron,C3L-03968,0
15,inhibitory_neuron,C3N-00662,0
15,inhibitory_neuron,C3N-01334,0
15,inhibitory_neuron,C3N-01798,0
15,inhibitory_neuron,C3N-01814,0
15,inhibitory_neuron,C3N-01815,0
15,inhibitory_neuron,C3N-01816,0
15,inhibitory_neuron,C3N-02181,0
15,inhibitory_neuron,C3N-02188,0
15,inhibitory_neuron,C3N-02190,0
15,inhibitory_neuron,C3N-02769,0
15,inhibitory_neuron,C3N-02783,0
15,inhibitory_neuron,C3N-02784,0
15,inhibitory_neuron,C3N-03184,0
15,inhibitory_neuron,C3N-03186,0
15,inhibitory_neuron,C3N-03188,0
15,inhibitory_neuron,E10,0
15,inhibitory_neuron,E100,0
15,inhibitory_neuron,G523,0
15,inhibitory_neuron,G549,0
15,inhibitory_neuron,G566,0
15,inhibitory_neuron,G583,0
15,inhibitory_neuron,G620,0
15,inhibitory_neuron,G637,0
15,inhibitory_neuron,G729,0
15,inhibitory_neuron,G799,0
15,inhibitory_neuron,G837,0
15,inhibitory_neuron,G851,0
15,inhibitory_neuron,G910,0
15,inhibitory_neuron,G945,0
15,inhibitory_neuron,G946,0
15,inhibitory_neuron,G967,0
15,inhibitory_neuron,G983,0
15,inhibitory_neuron,G1003,0
15,inhibitory_neuron,GSM4141788,0
15,inhibitory_neuron,GSM4141789,0
15,inhibitory_neuron,GSM4141790,0
15,inhibitory_neuron,JK125,0
15,inhibitory_neuron,JK134,0
15,inhibitory_neuron,JK136,0
15,inhibitory_neuron,JK142,0
15,inhibitory_neuron,JK153,0
15,inhibitory_neuron,JK156,0
15,inhibitory_neuron,JK163,0
15,inhibitory_neuron,LB3018T,0
15,inhibitory_neuron,LB3579T,0
15,inhibitory_neuron,LB3612T,0
15,inhibitory_neuron,LB3667T,0
15,inhibitory_neuron,LB3771T,0
15,inhibitory_neuron,LB3851T,0
15,inhibitory_neuron,LB3853T,0
15,inhibitory_neuron,LB3854T,0
15,inhibitory_neuron,LB3864T,0
15,inhibitory_neuron,LB3865T,0
15,inhibitory_neuron,LB3869T,0
15,inhibitory_neuron,LB3871T,0
15,inhibitory_neuron,LB3872T,0
15,inhibitory_neuron,LB3914T,0
15,inhibitory_neuron,LB3915T,0
15,inhibitory_neuron,LB3931T,0
15,inhibitory_neuron,LB3944T,0
15,inhibitory_neuron,LB3963T,0
15,inhibitory_neuron,LB4003T,0
15,inhibitory_neuron,LB4006T,0
15,inhibitory_neuron,LB4015T,0
15,inhibitory_neuron,LB4024T,0
15,inhibitory_neuron,LB4034T,0
15,inhibitory_neuron,LB4059T,0
15,inhibitory_neuron,LB4075T,0
15,inhibitory_neuron,LB4101T,0
15,inhibitory_neuron,LB4117T,0
15,inhibitory_neuron,LB4180T,0
15,inhibitory_neuron,MGH102,0
15,inhibitory_neuron,MGH105,0
15,inhibitory_neuron,MGH114,0
15,inhibitory_neuron,MGH115,0
15,inhibitory_neuron,MGH118,0
15,inhibitory_neuron,MGH124,0
15,inhibitory_neuron,MGH125,0
15,inhibitory_neuron,MGH126,0
15,inhibitory_neuron,ND4,0
15,inhibitory_neuron,P234_JAK,0
15,inhibitory_neuron,P294,0
15,inhibitory_neuron,P317,0
15,inhibitory_neuron,P322,0
15,inhibitory_neuron,Patient_2,0
15,inhibitory_neuron,Patient_4,0
15,inhibitory_neuron,R2,0
15,inhibitory_neuron,R3,0
15,inhibitory_neuron,R5,0
15,inhibitory_neuron,SF4297,0
15,inhibitory_neuron,SF6996,0
15,inhibitory_neuron,SF9259R,0
15,inhibitory_neuron,SF9259S,0
15,inhibitory_neuron,SF10022,0
15,inhibitory_neuron,SF10127,0
15,inhibitory_neuron,SF11159,0
15,inhibitory_neuron,SF11209,0
15,inhibitory_neuron,SF11232,0
15,inhibitory_neuron,SF11247,0
15,inhibitory_neuron,SF11644,0
15,inhibitory_neuron,SF11956,0
15,inhibitory_neuron,SF11979,0
15,inhibitory_neuron,SM006,0
15,inhibitory_neuron,SM011,0
15,inhibitory_neuron,SM012,0
15,inhibitory_neuron,SM017,0
15,inhibitory_neuron,SM018,0
15,inhibitory_neuron,X154,0
15,inhibitory_neuron,X192,0
15,inhibitory_neuron,X194,0
15,inhibitory_neuron,ndGBM-01,0
15,inhibitory_neuron,ndGBM-02,0
15,inhibitory_neuron,ndGBM-03,0
15,inhibitory_neuron,ndGBM-04,0
15,inhibitory_neuron,ndGBM-05,0
15,inhibitory_neuron,ndGBM-06,0
15,inhibitory_neuron,ndGBM-07,0
15,inhibitory_neuron,ndGBM-08,0
15,inhibitory_neuron,ndGBM-09,0
15,inhibitory_neuron,ndGBM-11,0
15,inhibitory_neuron,rGBM-01,0
15,inhibitory_neuron,rGBM-02,0
15,inhibitory_neuron,rGBM-03,0
15,inhibitory_neuron,rGBM-04,0
15,oligodendrocyte,3182,1
15,oligodendrocyte,3282,0
15,oligodendrocyte,3295,0
15,oligodendrocyte,BT333,1
15,oligodendrocyte,BT346,0
15,oligodendrocyte,BT363,1
15,oligodendrocyte,BT364,0
15,oligodendrocyte,BT368,0
15,oligodendrocyte,BT389,0
15,oligodendrocyte,BT390,1
15,oligodendrocyte,BT397,0
15,oligodendrocyte,BT402,2
15,oligodendrocyte,BT407,3
15,oligodendrocyte,BT409,2
15,oligodendrocyte,C3L-02705,0
15,oligodendrocyte,C3L-03405,0
15,oligodendrocyte,C3L-03968,0
15,oligodendrocyte,C3N-00662,0
15,oligodendrocyte,C3N-01334,0
15,oligodendrocyte,C3N-01798,0
15,oligodendrocyte,C3N-01814,2
15,oligodendrocyte,C3N-01815,0
15,oligodendrocyte,C3N-01816,0
15,oligodendrocyte,C3N-02181,0
15,oligodendrocyte,C3N-02188,0
15,oligodendrocyte,C3N-02190,0
15,oligodendrocyte,C3N-02769,0
15,oligodendrocyte,C3N-02783,0
15,oligodendrocyte,C3N-02784,0
15,oligodendrocyte,C3N-03184,0
15,oligodendrocyte,C3N-03186,0
15,oligodendrocyte,C3N-03188,0
15,oligodendrocyte,E10,0
15,oligodendrocyte,E100,0
15,oligodendrocyte,G523,0
15,oligodendrocyte,G549,1
15,oligodendrocyte,G566,0
15,oligodendrocyte,G583,0
15,oligodendrocyte,G620,0
15,oligodendrocyte,G637,0
15,oligodendrocyte,G729,1
15,oligodendrocyte,G799,0
15,oligodendrocyte,G837,0
15,oligodendrocyte,G851,0
15,oligodendrocyte,G910,1
15,oligodendrocyte,G945,2
15,oligodendrocyte,G946,0
15,oligodendrocyte,G967,1
15,oligodendrocyte,G983,25
15,oligodendrocyte,G1003,1
15,oligodendrocyte,GSM4141788,0
15,oligodendrocyte,GSM4141789,0
15,oligodendrocyte,GSM4141790,0
15,oligodendrocyte,JK125,0
15,oligodendrocyte,JK134,0
15,oligodendrocyte,JK136,0
15,oligodendrocyte,JK142,29
15,oligodendrocyte,JK153,0
15,oligodendrocyte,JK156,0
15,oligodendrocyte,JK163,0
15,oligodendrocyte,LB3018T,8
15,oligodendrocyte,LB3579T,0
15,oligodendrocyte,LB3612T,2
15,oligodendrocyte,LB3667T,3
15,oligodendrocyte,LB3771T,0
15,oligodendrocyte,LB3851T,0
15,oligodendrocyte,LB3853T,0
15,oligodendrocyte,LB3854T,0
15,oligodendrocyte,LB3864T,0
15,oligodendrocyte,LB3865T,0
15,oligodendrocyte,LB3869T,0
15,oligodendrocyte,LB3871T,0
15,oligodendrocyte,LB3872T,0
15,oligodendrocyte,LB3914T,0
15,oligodendrocyte,LB3915T,0
15,oligodendrocyte,LB3931T,0
15,oligodendrocyte,LB3944T,0
15,oligodendrocyte,LB3963T,0
15,oligodendrocyte,LB4003T,2
15,oligodendrocyte,LB4006T,0
15,oligodendrocyte,LB4015T,1
15,oligodendrocyte,LB4024T,0
15,oligodendrocyte,LB4034T,0
15,oligodendrocyte,LB4059T,0
15,oligodendrocyte,LB4075T,0
15,oligodendrocyte,LB4101T,1
15,oligodendrocyte,LB4117T,0
15,oligodendrocyte,LB4180T,0
15,oligodendrocyte,MGH102,0
15,oligodendrocyte,MGH105,0
15,oligodendrocyte,MGH114,0
15,oligodendrocyte,MGH115,0
15,oligodendrocyte,MGH118,1
15,oligodendrocyte,MGH124,0
15,oligodendrocyte,MGH125,0
15,oligodendrocyte,MGH126,0
15,oligodendrocyte,ND4,0
15,oligodendrocyte,P234_JAK,0
15,oligodendrocyte,P294,0
15,oligodendrocyte,P317,0
15,oligodendrocyte,P322,0
15,oligodendrocyte,Patient_2,0
15,oligodendrocyte,Patient_4,0
15,oligodendrocyte,R2,0
15,oligodendrocyte,R3,0
15,oligodendrocyte,R5,1
15,oligodendrocyte,SF4297,0
15,oligodendrocyte,SF6996,0
15,oligodendrocyte,SF9259R,0
15,oligodendrocyte,SF9259S,0
15,oligodendrocyte,SF10022,0
15,oligodendrocyte,SF10127,0
15,oligodendrocyte,SF11159,110
15,oligodendrocyte,SF11209,0
15,oligodendrocyte,SF11232,0
15,oligodendrocyte,SF11247,0
15,oligodendrocyte,SF11644,0
15,oligodendrocyte,SF11956,0
15,oligodendrocyte,SF11979,0
15,oligodendrocyte,SM006,1
15,oligodendrocyte,SM011,9
15,oligodendrocyte,SM012,7
15,oligodendrocyte,SM017,0
15,oligodendrocyte,SM018,124
15,oligodendrocyte,X154,0
15,oligodendrocyte,X192,0
15,oligodendrocyte,X194,3
15,oligodendrocyte,ndGBM-01,2
15,oligodendrocyte,ndGBM-02,2
15,oligodendrocyte,ndGBM-03,4
15,oligodendrocyte,ndGBM-04,2
15,oligodendrocyte,ndGBM-05,11
15,oligodendrocyte,ndGBM-06,1
15,oligodendrocyte,ndGBM-07,10
15,oligodendrocyte,ndGBM-08,1
15,oligodendrocyte,ndGBM-09,0
15,oligodendrocyte,ndGBM-11,0
15,oligodendrocyte,rGBM-01,2
15,oligodendrocyte,rGBM-02,3
15,oligodendrocyte,rGBM-03,19
15,oligodendrocyte,rGBM-04,104
16,excitatory_neuron,3182,0
16,excitatory_neuron,3282,0
16,excitatory_neuron,3295,0
16,excitatory_neuron,BT333,0
16,excitatory_neuron,BT346,0
16,excitatory_neuron,BT363,0
16,excitatory_neuron,BT364,0
16,excitatory_neuron,BT368,0
16,excitatory_neuron,BT389,0
16,excitatory_neuron,BT390,0
16,excitatory_neuron,BT397,0
16,excitatory_neuron,BT402,0
16,excitatory_neuron,BT407,0
16,excitatory_neuron,BT409,0
16,excitatory_neuron,C3L-02705,0
16,excitatory_neuron,C3L-03405,0
16,excitatory_neuron,C3L-03968,0
16,excitatory_neuron,C3N-00662,0
16,excitatory_neuron,C3N-01334,0
16,excitatory_neuron,C3N-01798,0
16,excitatory_neuron,C3N-01814,0
16,excitatory_neuron,C3N-01815,0
16,excitatory_neuron,C3N-01816,0
16,excitatory_neuron,C3N-02181,0
16,excitatory_neuron,C3N-02188,0
16,excitatory_neuron,C3N-02190,0
16,excitatory_neuron,C3N-02769,0
16,excitatory_neuron,C3N-02783,0
16,excitatory_neuron,C3N-02784,0
16,excitatory_neuron,C3N-03184,0
16,excitatory_neuron,C3N-03186,0
16,excitatory_neuron,C3N-03188,0
16,excitatory_neuron,E10,0
16,excitatory_neuron,E100,0
16,excitatory_neuron,G523,0
16,excitatory_neuron,G549,0
16,excitatory_neuron,G566,0
16,excitatory_neuron,G583,0
16,excitatory_neuron,G620,0
16,excitatory_neuron,G637,0
16,excitatory_neuron,G729,0
16,excitatory_neuron,G799,0
16,excitatory_neuron,G837,0
16,excitatory_neuron,G851,0
16,excitatory_neuron,G910,0
16,excitatory_neuron,G945,0
16,excitatory_neuron,G946,0
16,excitatory_neuron,G967,0
16,excitatory_neuron,G983,0
16,excitatory_neuron,G1003,0
16,excitatory_neuron,GSM4141788,0
16,excitatory_neuron,GSM4141789,0
16,excitatory_neuron,GSM4141790,0
16,excitatory_neuron,JK125,0
16,excitatory_neuron,JK134,0
16,excitatory_neuron,JK136,0
16,excitatory_neuron,JK142,0
16,excitatory_neuron,JK153,0
16,excitatory_neuron,JK156,0
16,excitatory_neuron,JK163,0
16,excitatory_neuron,LB3018T,0
16,excitatory_neuron,LB3579T,0
16,excitatory_neuron,LB3612T,0
16,excitatory_neuron,LB3667T,0
16,excitatory_neuron,LB3771T,0
16,excitatory_neuron,LB3851T,0
16,excitatory_neuron,LB3853T,0
16,excitatory_neuron,LB3854T,0
16,excitatory_neuron,LB3864T,0
16,excitatory_neuron,LB3865T,0
16,excitatory_neuron,LB3869T,0
16,excitatory_neuron,LB3871T,0
16,excitatory_neuron,LB3872T,0
16,excitatory_neuron,LB3914T,0
16,excitatory_neuron,LB3915T,0
16,excitatory_neuron,LB3931T,0
16,excitatory_neuron,LB3944T,0
16,excitatory_neuron,LB3963T,0
16,excitatory_neuron,LB4003T,0
16,excitatory_neuron,LB4006T,0
16,excitatory_neuron,LB4015T,0
16,excitatory_neuron,LB4024T,0
16,excitatory_neuron,LB4034T,0
16,excitatory_neuron,LB4059T,0
16,excitatory_neuron,LB4075T,0
16,excitatory_neuron,LB4101T,0
16,excitatory_neuron,LB4117T,0
16,excitatory_neuron,LB4180T,0
16,excitatory_neuron,MGH102,0
16,excitatory_neuron,MGH105,0
16,excitatory_neuron,MGH114,0
16,excitatory_neuron,MGH115,0
16,excitatory_neuron,MGH118,0
16,excitatory_neuron,MGH124,0
16,excitatory_neuron,MGH125,0
16,excitatory_neuron,MGH126,0
16,excitatory_neuron,ND4,0
16,excitatory_neuron,P234_JAK,0
16,excitatory_neuron,P294,0
16,excitatory_neuron,P317,0
16,excitatory_neuron,P322,0
16,excitatory_neuron,Patient_2,0
16,excitatory_neuron,Patient_4,0
16,excitatory_neuron,R2,0
16,excitatory_neuron,R3,0
16,excitatory_neuron,R5,0
16,excitatory_neuron,SF4297,0
16,excitatory_neuron,SF6996,0
16,excitatory_neuron,SF9259R,0
16,excitatory_neuron,SF9259S,0
16,excitatory_neuron,SF10022,0
16,excitatory_neuron,SF10127,0
16,excitatory_neuron,SF11159,0
16,excitatory_neuron,SF11209,0
16,excitatory_neuron,SF11232,0
16,excitatory_neuron,SF11247,0
16,excitatory_neuron,SF11644,0
16,excitatory_neuron,SF11956,0
16,excitatory_neuron,SF11979,0
16,excitatory_neuron,SM006,0
16,excitatory_neuron,SM011,0
16,excitatory_neuron,SM012,0
16,excitatory_neuron,SM017,0
16,excitatory_neuron,SM018,0
16,excitatory_neuron,X154,0
16,excitatory_neuron,X192,0
16,excitatory_neuron,X194,0
16,excitatory_neuron,ndGBM-01,0
16,excitatory_neuron,ndGBM-02,0
16,excitatory_neuron,ndGBM-03,0
16,excitatory_neuron,ndGBM-04,0
16,excitatory_neuron,ndGBM-05,0
16,excitatory_neuron,ndGBM-06,0
16,excitatory_neuron,ndGBM-07,0
16,excitatory_neuron,ndGBM-08,0
16,excitatory_neuron,ndGBM-09,0
16,excitatory_neuron,ndGBM-11,0
16,excitatory_neuron,rGBM-01,0
16,excitatory_neuron,rGBM-02,0
16,excitatory_neuron,rGBM-03,0
16,excitatory_neuron,rGBM-04,0
16,inhibitory_neuron,3182,0
16,inhibitory_neuron,3282,0
16,inhibitory_neuron,3295,0
16,inhibitory_neuron,BT333,0
16,inhibitory_neuron,BT346,0
16,inhibitory_neuron,BT363,0
16,inhibitory_neuron,BT364,0
16,inhibitory_neuron,BT368,0
16,inhibitory_neuron,BT389,0
16,inhibitory_neuron,BT390,0
16,inhibitory_neuron,BT397,0
16,inhibitory_neuron,BT402,0
16,inhibitory_neuron,BT407,0
16,inhibitory_neuron,BT409,0
16,inhibitory_neuron,C3L-02705,0
16,inhibitory_neuron,C3L-03405,0
16,inhibitory_neuron,C3L-03968,0
16,inhibitory_neuron,C3N-00662,0
16,inhibitory_neuron,C3N-01334,0
16,inhibitory_neuron,C3N-01798,0
16,inhibitory_neuron,C3N-01814,0
16,inhibitory_neuron,C3N-01815,0
16,inhibitory_neuron,C3N-01816,0
16,inhibitory_neuron,C3N-02181,0
16,inhibitory_neuron,C3N-02188,0
16,inhibitory_neuron,C3N-02190,0
16,inhibitory_neuron,C3N-02769,0
16,inhibitory_neuron,C3N-02783,0
16,inhibitory_neuron,C3N-02784,0
16,inhibitory_neuron,C3N-03184,0
16,inhibitory_neuron,C3N-03186,0
16,inhibitory_neuron,C3N-03188,0
16,inhibitory_neuron,E10,0
16,inhibitory_neuron,E100,0
16,inhibitory_neuron,G523,0
16,inhibitory_neuron,G549,0
16,inhibitory_neuron,G566,0
16,inhibitory_neuron,G583,0
16,inhibitory_neuron,G620,0
16,inhibitory_neuron,G637,0
16,inhibitory_neuron,G729,0
16,inhibitory_neuron,G799,0
16,inhibitory_neuron,G837,0
16,inhibitory_neuron,G851,0
16,inhibitory_neuron,G910,0
16,inhibitory_neuron,G945,0
16,inhibitory_neuron,G946,0
16,inhibitory_neuron,G967,0
16,inhibitory_neuron,G983,0
16,inhibitory_neuron,G1003,0
16,inhibitory_neuron,GSM4141788,0
16,inhibitory_neuron,GSM4141789,0
16,inhibitory_neuron,GSM4141790,0
16,inhibitory_neuron,JK125,0
16,inhibitory_neuron,JK134,0
16,inhibitory_neuron,JK136,0
16,inhibitory_neuron,JK142,0
16,inhibitory_neuron,JK153,0
16,inhibitory_neuron,JK156,0
16,inhibitory_neuron,JK163,0
16,inhibitory_neuron,LB3018T,0
16,inhibitory_neuron,LB3579T,0
16,inhibitory_neuron,LB3612T,0
16,inhibitory_neuron,LB3667T,0
16,inhibitory_neuron,LB3771T,0
16,inhibitory_neuron,LB3851T,0
16,inhibitory_neuron,LB3853T,0
16,inhibitory_neuron,LB3854T,0
16,inhibitory_neuron,LB3864T,0
16,inhibitory_neuron,LB3865T,0
16,inhibitory_neuron,LB3869T,0
16,inhibitory_neuron,LB3871T,0
16,inhibitory_neuron,LB3872T,0
16,inhibitory_neuron,LB3914T,0
16,inhibitory_neuron,LB3915T,0
16,inhibitory_neuron,LB3931T,0
16,inhibitory_neuron,LB3944T,0
16,inhibitory_neuron,LB3963T,0
16,inhibitory_neuron,LB4003T,0
16,inhibitory_neuron,LB4006T,0
16,inhibitory_neuron,LB4015T,0
16,inhibitory_neuron,LB4024T,0
16,inhibitory_neuron,LB4034T,0
16,inhibitory_neuron,LB4059T,0
16,inhibitory_neuron,LB4075T,0
16,inhibitory_neuron,LB4101T,0
16,inhibitory_neuron,LB4117T,0
16,inhibitory_neuron,LB4180T,0
16,inhibitory_neuron,MGH102,0
16,inhibitory_neuron,MGH105,0
16,inhibitory_neuron,MGH114,0
16,inhibitory_neuron,MGH115,0
16,inhibitory_neuron,MGH118,0
16,inhibitory_neuron,MGH124,0
16,inhibitory_neuron,MGH125,0
16,inhibitory_neuron,MGH126,0
16,inhibitory_neuron,ND4,0
16,inhibitory_neuron,P234_JAK,0
16,inhibitory_neuron,P294,0
16,inhibitory_neuron,P317,0
16,inhibitory_neuron,P322,0
16,inhibitory_neuron,Patient_2,0
16,inhibitory_neuron,Patient_4,0
16,inhibitory_neuron,R2,0
16,inhibitory_neuron,R3,0
16,inhibitory_neuron,R5,0
16,inhibitory_neuron,SF4297,0
16,inhibitory_neuron,SF6996,0
16,inhibitory_neuron,SF9259R,0
16,inhibitory_neuron,SF9259S,0
16,inhibitory_neuron,SF10022,0
16,inhibitory_neuron,SF10127,0
16,inhibitory_neuron,SF11159,0
16,inhibitory_neuron,SF11209,0
16,inhibitory_neuron,SF11232,0
16,inhibitory_neuron,SF11247,0
16,inhibitory_neuron,SF11644,0
16,inhibitory_neuron,SF11956,0
16,inhibitory_neuron,SF11979,0
16,inhibitory_neuron,SM006,0
16,inhibitory_neuron,SM011,0
16,inhibitory_neuron,SM012,0
16,inhibitory_neuron,SM017,0
16,inhibitory_neuron,SM018,0
16,inhibitory_neuron,X154,0
16,inhibitory_neuron,X192,0
16,inhibitory_neuron,X194,0
16,inhibitory_neuron,ndGBM-01,0
16,inhibitory_neuron,ndGBM-02,0
16,inhibitory_neuron,ndGBM-03,0
16,inhibitory_neuron,ndGBM-04,0
16,inhibitory_neuron,ndGBM-05,0
16,inhibitory_neuron,ndGBM-06,0
16,inhibitory_neuron,ndGBM-07,0
16,inhibitory_neuron,ndGBM-08,0
16,inhibitory_neuron,ndGBM-09,0
16,inhibitory_neuron,ndGBM-11,0
16,inhibitory_neuron,rGBM-01,0
16,inhibitory_neuron,rGBM-02,0
16,inhibitory_neuron,rGBM-03,0
16,inhibitory_neuron,rGBM-04,0
16,oligodendrocyte,3182,0
16,oligodendrocyte,3282,0
16,oligodendrocyte,3295,0
16,oligodendrocyte,BT333,5
16,oligodendrocyte,BT346,5
16,oligodendrocyte,BT363,40
16,oligodendrocyte,BT364,98
16,oligodendrocyte,BT368,74
16,oligodendrocyte,BT389,0
16,oligodendrocyte,BT390,29
16,oligodendrocyte,BT397,1
16,oligodendrocyte,BT402,1
16,oligodendrocyte,BT407,1
16,oligodendrocyte,BT409,5
16,oligodendrocyte,C3L-02705,0
16,oligodendrocyte,C3L-03405,0
16,oligodendrocyte,C3L-03968,0
16,oligodendrocyte,C3N-00662,0
16,oligodendrocyte,C3N-01334,0
16,oligodendrocyte,C3N-01798,0
16,oligodendrocyte,C3N-01814,0
16,oligodendrocyte,C3N-01815,0
16,oligodendrocyte,C3N-01816,0
16,oligodendrocyte,C3N-02181,0
16,oligodendrocyte,C3N-02188,0
16,oligodendrocyte,C3N-02190,0
16,oligodendrocyte,C3N-02769,0
16,oligodendrocyte,C3N-02783,0
16,oligodendrocyte,C3N-02784,0
16,oligodendrocyte,C3N-03184,0
16,oligodendrocyte,C3N-03186,3
16,oligodendrocyte,C3N-03188,0
16,oligodendrocyte,E10,0
16,oligodendrocyte,E100,0
16,oligodendrocyte,G523,0
16,oligodendrocyte,G549,0
16,oligodendrocyte,G566,0
16,oligodendrocyte,G583,1
16,oligodendrocyte,G620,0
16,oligodendrocyte,G637,0
16,oligodendrocyte,G729,1
16,oligodendrocyte,G799,0
16,oligodendrocyte,G837,0
16,oligodendrocyte,G851,0
16,oligodendrocyte,G910,9
16,oligodendrocyte,G945,0
16,oligodendrocyte,G946,0
16,oligodendrocyte,G967,0
16,oligodendrocyte,G983,6
16,oligodendrocyte,G1003,4
16,oligodendrocyte,GSM4141788,0
16,oligodendrocyte,GSM4141789,1
16,oligodendrocyte,GSM4141790,0
16,oligodendrocyte,JK125,0
16,oligodendrocyte,JK134,0
16,oligodendrocyte,JK136,0
16,oligodendrocyte,JK142,5
16,oligodendrocyte,JK153,0
16,oligodendrocyte,JK156,1
16,oligodendrocyte,JK163,0
16,oligodendrocyte,LB3018T,0
16,oligodendrocyte,LB3579T,0
16,oligodendrocyte,LB3612T,0
16,oligodendrocyte,LB3667T,0
16,oligodendrocyte,LB3771T,0
16,oligodendrocyte,LB3851T,0
16,oligodendrocyte,LB3853T,0
16,oligodendrocyte,LB3854T,0
16,oligodendrocyte,LB3864T,0
16,oligodendrocyte,LB3865T,0
16,oligodendrocyte,LB3869T,0
16,oligodendrocyte,LB3871T,0
16,oligodendrocyte,LB3872T,0
16,oligodendrocyte,LB3914T,0
16,oligodendrocyte,LB3915T,0
16,oligodendrocyte,LB3931T,0
16,oligodendrocyte,LB3944T,0
16,oligodendrocyte,LB3963T,0
16,oligodendrocyte,LB4003T,0
16,oligodendrocyte,LB4006T,0
16,oligodendrocyte,LB4015T,0
16,oligodendrocyte,LB4024T,0
16,oligodendrocyte,LB4034T,0
16,oligodendrocyte,LB4059T,0
16,oligodendrocyte,LB4075T,0
16,oligodendrocyte,LB4101T,0
16,oligodendrocyte,LB4117T,0
16,oligodendrocyte,LB4180T,0
16,oligodendrocyte,MGH102,0
16,oligodendrocyte,MGH105,0
16,oligodendrocyte,MGH114,0
16,oligodendrocyte,MGH115,0
16,oligodendrocyte,MGH118,0
16,oligodendrocyte,MGH124,0
16,oligodendrocyte,MGH125,0
16,oligodendrocyte,MGH126,0
16,oligodendrocyte,ND4,0
16,oligodendrocyte,P234_JAK,0
16,oligodendrocyte,P294,0
16,oligodendrocyte,P317,2
16,oligodendrocyte,P322,0
16,oligodendrocyte,Patient_2,0
16,oligodendrocyte,Patient_4,0
16,oligodendrocyte,R2,0
16,oligodendrocyte,R3,0
16,oligodendrocyte,R5,0
16,oligodendrocyte,SF4297,0
16,oligodendrocyte,SF6996,0
16,oligodendrocyte,SF9259R,0
16,oligodendrocyte,SF9259S,0
16,oligodendrocyte,SF10022,0
16,oligodendrocyte,SF10127,0
16,oligodendrocyte,SF11159,0
16,oligodendrocyte,SF11209,0
16,oligodendrocyte,SF11232,2
16,oligodendrocyte,SF11247,0
16,oligodendrocyte,SF11644,0
16,oligodendrocyte,SF11956,0
16,oligodendrocyte,SF11979,0
16,oligodendrocyte,SM006,0
16,oligodendrocyte,SM011,4
16,oligodendrocyte,SM012,1
16,oligodendrocyte,SM017,0
16,oligodendrocyte,SM018,7
16,oligodendrocyte,X154,0
16,oligodendrocyte,X192,1
16,oligodendrocyte,X194,3
16,oligodendrocyte,ndGBM-01,2
16,oligodendrocyte,ndGBM-02,1
16,oligodendrocyte,ndGBM-03,0
16,oligodendrocyte,ndGBM-04,0
16,oligodendrocyte,ndGBM-05,0
16,oligodendrocyte,ndGBM-06,7
16,oligodendrocyte,ndGBM-07,1
16,oligodendrocyte,ndGBM-08,0
16,oligodendrocyte,ndGBM-09,0
16,oligodendrocyte,ndGBM-11,0
16,oligodendrocyte,rGBM-01,5
16,oligodendrocyte,rGBM-02,0
16,oligodendrocyte,rGBM-03,8
16,oligodendrocyte,rGBM-04,2
17,excitatory_neuron,3182,0
17,excitatory_neuron,3282,0
17,excitatory_neuron,3295,0
17,excitatory_neuron,BT333,0
17,excitatory_neuron,BT346,0
17,excitatory_neuron,BT363,0
17,excitatory_neuron,BT364,0
17,excitatory_neuron,BT368,0
17,excitatory_neuron,BT389,0
17,excitatory_neuron,BT390,0
17,excitatory_neuron,BT397,0
17,excitatory_neuron,BT402,0
17,excitatory_neuron,BT407,0
17,excitatory_neuron,BT409,0
17,excitatory_neuron,C3L-02705,0
17,excitatory_neuron,C3L-03405,0
17,excitatory_neuron,C3L-03968,0
17,excitatory_neuron,C3N-00662,0
17,excitatory_neuron,C3N-01334,0
17,excitatory_neuron,C3N-01798,0
17,excitatory_neuron,C3N-01814,0
17,excitatory_neuron,C3N-01815,0
17,excitatory_neuron,C3N-01816,0
17,excitatory_neuron,C3N-02181,0
17,excitatory_neuron,C3N-02188,0
17,excitatory_neuron,C3N-02190,0
17,excitatory_neuron,C3N-02769,0
17,excitatory_neuron,C3N-02783,0
17,excitatory_neuron,C3N-02784,0
17,excitatory_neuron,C3N-03184,0
17,excitatory_neuron,C3N-03186,0
17,excitatory_neuron,C3N-03188,0
17,excitatory_neuron,E10,0
17,excitatory_neuron,E100,0
17,excitatory_neuron,G523,0
17,excitatory_neuron,G549,0
17,excitatory_neuron,G566,0
17,excitatory_neuron,G583,0
17,excitatory_neuron,G620,0
17,excitatory_neuron,G637,0
17,excitatory_neuron,G729,0
17,excitatory_neuron,G799,0
17,excitatory_neuron,G837,0
17,excitatory_neuron,G851,0
17,excitatory_neuron,G910,0
17,excitatory_neuron,G945,0
17,excitatory_neuron,G946,0
17,excitatory_neuron,G967,0
17,excitatory_neuron,G983,0
17,excitatory_neuron,G1003,0
17,excitatory_neuron,GSM4141788,0
17,excitatory_neuron,GSM4141789,0
17,excitatory_neuron,GSM4141790,0
17,excitatory_neuron,JK125,0
17,excitatory_neuron,JK134,0
17,excitatory_neuron,JK136,0
17,excitatory_neuron,JK142,0
17,excitatory_neuron,JK153,0
17,excitatory_neuron,JK156,0
17,excitatory_neuron,JK163,0
17,excitatory_neuron,LB3018T,0
17,excitatory_neuron,LB3579T,0
17,excitatory_neuron,LB3612T,0
17,excitatory_neuron,LB3667T,0
17,excitatory_neuron,LB3771T,0
17,excitatory_neuron,LB3851T,0
17,excitatory_neuron,LB3853T,0
17,excitatory_neuron,LB3854T,0
17,excitatory_neuron,LB3864T,0
17,excitatory_neuron,LB3865T,0
17,excitatory_neuron,LB3869T,0
17,excitatory_neuron,LB3871T,0
17,excitatory_neuron,LB3872T,0
17,excitatory_neuron,LB3914T,0
17,excitatory_neuron,LB3915T,0
17,excitatory_neuron,LB3931T,0
17,excitatory_neuron,LB3944T,0
17,excitatory_neuron,LB3963T,0
17,excitatory_neuron,LB4003T,0
17,excitatory_neuron,LB4006T,0
17,excitatory_neuron,LB4015T,0
17,excitatory_neuron,LB4024T,0
17,excitatory_neuron,LB4034T,0
17,excitatory_neuron,LB4059T,0
17,excitatory_neuron,LB4075T,0
17,excitatory_neuron,LB4101T,0
17,excitatory_neuron,LB4117T,0
17,excitatory_neuron,LB4180T,0
17,excitatory_neuron,MGH102,0
17,excitatory_neuron,MGH105,0
17,excitatory_neuron,MGH114,0
17,excitatory_neuron,MGH115,0
17,excitatory_neuron,MGH118,0
17,excitatory_neuron,MGH124,0
17,excitatory_neuron,MGH125,0
17,excitatory_neuron,MGH126,0
17,excitatory_neuron,ND4,0
17,excitatory_neuron,P234_JAK,0
17,excitatory_neuron,P294,0
17,excitatory_neuron,P317,0
17,excitatory_neuron,P322,0
17,excitatory_neuron,Patient_2,0
17,excitatory_neuron,Patient_4,0
17,excitatory_neuron,R2,0
17,excitatory_neuron,R3,0
17,excitatory_neuron,R5,0
17,excitatory_neuron,SF4297,0
17,excitatory_neuron,SF6996,0
17,excitatory_neuron,SF9259R,0
17,excitatory_neuron,SF9259S,0
17,excitatory_neuron,SF10022,0
17,excitatory_neuron,SF10127,0
17,excitatory_neuron,SF11159,0
17,excitatory_neuron,SF11209,0
17,excitatory_neuron,SF11232,0
17,excitatory_neuron,SF11247,0
17,excitatory_neuron,SF11644,0
17,excitatory_neuron,SF11956,0
17,excitatory_neuron,SF11979,0
17,excitatory_neuron,SM006,0
17,excitatory_neuron,SM011,0
17,excitatory_neuron,SM012,0
17,excitatory_neuron,SM017,0
17,excitatory_neuron,SM018,0
17,excitatory_neuron,X154,0
17,excitatory_neuron,X192,0
17,excitatory_neuron,X194,0
17,excitatory_neuron,ndGBM-01,0
17,excitatory_neuron,ndGBM-02,0
17,excitatory_neuron,ndGBM-03,0
17,excitatory_neuron,ndGBM-04,0
17,excitatory_neuron,ndGBM-05,0
17,excitatory_neuron,ndGBM-06,0
17,excitatory_neuron,ndGBM-07,0
17,excitatory_neuron,ndGBM-08,0
17,excitatory_neuron,ndGBM-09,0
17,excitatory_neuron,ndGBM-11,0
17,excitatory_neuron,rGBM-01,0
17,excitatory_neuron,rGBM-02,0
17,excitatory_neuron,rGBM-03,0
17,excitatory_neuron,rGBM-04,0
17,inhibitory_neuron,3182,0
17,inhibitory_neuron,3282,0
17,inhibitory_neuron,3295,0
17,inhibitory_neuron,BT333,0
17,inhibitory_neuron,BT346,0
17,inhibitory_neuron,BT363,0
17,inhibitory_neuron,BT364,0
17,inhibitory_neuron,BT368,0
17,inhibitory_neuron,BT389,0
17,inhibitory_neuron,BT390,0
17,inhibitory_neuron,BT397,0
17,inhibitory_neuron,BT402,0
17,inhibitory_neuron,BT407,0
17,inhibitory_neuron,BT409,0
17,inhibitory_neuron,C3L-02705,0
17,inhibitory_neuron,C3L-03405,0
17,inhibitory_neuron,C3L-03968,0
17,inhibitory_neuron,C3N-00662,0
17,inhibitory_neuron,C3N-01334,0
17,inhibitory_neuron,C3N-01798,0
17,inhibitory_neuron,C3N-01814,0
17,inhibitory_neuron,C3N-01815,0
17,inhibitory_neuron,C3N-01816,0
17,inhibitory_neuron,C3N-02181,0
17,inhibitory_neuron,C3N-02188,0
17,inhibitory_neuron,C3N-02190,0
17,inhibitory_neuron,C3N-02769,0
17,inhibitory_neuron,C3N-02783,0
17,inhibitory_neuron,C3N-02784,0
17,inhibitory_neuron,C3N-03184,0
17,inhibitory_neuron,C3N-03186,0
17,inhibitory_neuron,C3N-03188,0
17,inhibitory_neuron,E10,0
17,inhibitory_neuron,E100,0
17,inhibitory_neuron,G523,0
17,inhibitory_neuron,G549,0
17,inhibitory_neuron,G566,0
17,inhibitory_neuron,G583,0
17,inhibitory_neuron,G620,0
17,inhibitory_neuron,G637,0
17,inhibitory_neuron,G729,0
17,inhibitory_neuron,G799,0
17,inhibitory_neuron,G837,0
17,inhibitory_neuron,G851,0
17,inhibitory_neuron,G910,0
17,inhibitory_neuron,G945,0
17,inhibitory_neuron,G946,0
17,inhibitory_neuron,G967,0
17,inhibitory_neuron,G983,0
17,inhibitory_neuron,G1003,0
17,inhibitory_neuron,GSM4141788,0
17,inhibitory_neuron,GSM4141789,0
17,inhibitory_neuron,GSM4141790,0
17,inhibitory_neuron,JK125,0
17,inhibitory_neuron,JK134,0
17,inhibitory_neuron,JK136,0
17,inhibitory_neuron,JK142,0
17,inhibitory_neuron,JK153,0
17,inhibitory_neuron,JK156,0
17,inhibitory_neuron,JK163,0
17,inhibitory_neuron,LB3018T,0
17,inhibitory_neuron,LB3579T,0
17,inhibitory_neuron,LB3612T,0
17,inhibitory_neuron,LB3667T,0
17,inhibitory_neuron,LB3771T,0
17,inhibitory_neuron,LB3851T,0
17,inhibitory_neuron,LB3853T,0
17,inhibitory_neuron,LB3854T,0
17,inhibitory_neuron,LB3864T,0
17,inhibitory_neuron,LB3865T,0
17,inhibitory_neuron,LB3869T,0
17,inhibitory_neuron,LB3871T,0
17,inhibitory_neuron,LB3872T,0
17,inhibitory_neuron,LB3914T,0
17,inhibitory_neuron,LB3915T,0
17,inhibitory_neuron,LB3931T,0
17,inhibitory_neuron,LB3944T,0
17,inhibitory_neuron,LB3963T,0
17,inhibitory_neuron,LB4003T,0
17,inhibitory_neuron,LB4006T,0
17,inhibitory_neuron,LB4015T,0
17,inhibitory_neuron,LB4024T,0
17,inhibitory_neuron,LB4034T,0
17,inhibitory_neuron,LB4059T,0
17,inhibitory_neuron,LB4075T,0
17,inhibitory_neuron,LB4101T,0
17,inhibitory_neuron,LB4117T,0
17,inhibitory_neuron,LB4180T,0
17,inhibitory_neuron,MGH102,0
17,inhibitory_neuron,MGH105,0
17,inhibitory_neuron,MGH114,0
17,inhibitory_neuron,MGH115,0
17,inhibitory_neuron,MGH118,0
17,inhibitory_neuron,MGH124,0
17,inhibitory_neuron,MGH125,0
17,inhibitory_neuron,MGH126,0
17,inhibitory_neuron,ND4,0
17,inhibitory_neuron,P234_JAK,0
17,inhibitory_neuron,P294,0
17,inhibitory_neuron,P317,0
17,inhibitory_neuron,P322,0
17,inhibitory_neuron,Patient_2,0
17,inhibitory_neuron,Patient_4,0
17,inhibitory_neuron,R2,0
17,inhibitory_neuron,R3,0
17,inhibitory_neuron,R5,0
17,inhibitory_neuron,SF4297,0
17,inhibitory_neuron,SF6996,0
17,inhibitory_neuron,SF9259R,0
17,inhibitory_neuron,SF9259S,0
17,inhibitory_neuron,SF10022,0
17,inhibitory_neuron,SF10127,0
17,inhibitory_neuron,SF11159,0
17,inhibitory_neuron,SF11209,0
17,inhibitory_neuron,SF11232,0
17,inhibitory_neuron,SF11247,0
17,inhibitory_neuron,SF11644,0
17,inhibitory_neuron,SF11956,0
17,inhibitory_neuron,SF11979,0
17,inhibitory_neuron,SM006,0
17,inhibitory_neuron,SM011,0
17,inhibitory_neuron,SM012,0
17,inhibitory_neuron,SM017,0
17,inhibitory_neuron,SM018,0
17,inhibitory_neuron,X154,0
17,inhibitory_neuron,X192,0
17,inhibitory_neuron,X194,0
17,inhibitory_neuron,ndGBM-01,0
17,inhibitory_neuron,ndGBM-02,0
17,inhibitory_neuron,ndGBM-03,0
17,inhibitory_neuron,ndGBM-04,0
17,inhibitory_neuron,ndGBM-05,0
17,inhibitory_neuron,ndGBM-06,0
17,inhibitory_neuron,ndGBM-07,0
17,inhibitory_neuron,ndGBM-08,0
17,inhibitory_neuron,ndGBM-09,0
17,inhibitory_neuron,ndGBM-11,0
17,inhibitory_neuron,rGBM-01,0
17,inhibitory_neuron,rGBM-02,0
17,inhibitory_neuron,rGBM-03,0
17,inhibitory_neuron,rGBM-04,0
17,oligodendrocyte,3182,0
17,oligodendrocyte,3282,0
17,oligodendrocyte,3295,0
17,oligodendrocyte,BT333,2
17,oligodendrocyte,BT346,0
17,oligodendrocyte,BT363,0
17,oligodendrocyte,BT364,0
17,oligodendrocyte,BT368,0
17,oligodendrocyte,BT389,0
17,oligodendrocyte,BT390,1
17,oligodendrocyte,BT397,0
17,oligodendrocyte,BT402,0
17,oligodendrocyte,BT407,0
17,oligodendrocyte,BT409,1
17,oligodendrocyte,C3L-02705,0
17,oligodendrocyte,C3L-03405,0
17,oligodendrocyte,C3L-03968,0
17,oligodendrocyte,C3N-00662,0
17,oligodendrocyte,C3N-01334,0
17,oligodendrocyte,C3N-01798,0
17,oligodendrocyte,C3N-01814,0
17,oligodendrocyte,C3N-01815,0
17,oligodendrocyte,C3N-01816,0
17,oligodendrocyte,C3N-02181,0
17,oligodendrocyte,C3N-02188,0
17,oligodendrocyte,C3N-02190,0
17,oligodendrocyte,C3N-02769,0
17,oligodendrocyte,C3N-02783,0
17,oligodendrocyte,C3N-02784,0
17,oligodendrocyte,C3N-03184,0
17,oligodendrocyte,C3N-03186,0
17,oligodendrocyte,C3N-03188,0
17,oligodendrocyte,E10,0
17,oligodendrocyte,E100,0
17,oligodendrocyte,G523,0
17,oligodendrocyte,G549,0
17,oligodendrocyte,G566,0
17,oligodendrocyte,G583,0
17,oligodendrocyte,G620,0
17,oligodendrocyte,G637,0
17,oligodendrocyte,G729,0
17,oligodendrocyte,G799,0
17,oligodendrocyte,G837,0
17,oligodendrocyte,G851,0
17,oligodendrocyte,G910,1
17,oligodendrocyte,G945,0
17,oligodendrocyte,G946,0
17,oligodendrocyte,G967,0
17,oligodendrocyte,G983,27
17,oligodendrocyte,G1003,2
17,oligodendrocyte,GSM4141788,0
17,oligodendrocyte,GSM4141789,0
17,oligodendrocyte,GSM4141790,0
17,oligodendrocyte,JK125,0
17,oligodendrocyte,JK134,0
17,oligodendrocyte,JK136,0
17,oligodendrocyte,JK142,1
17,oligodendrocyte,JK153,0
17,oligodendrocyte,JK156,0
17,oligodendrocyte,JK163,0
17,oligodendrocyte,LB3018T,0
17,oligodendrocyte,LB3579T,0
17,oligodendrocyte,LB3612T,0
17,oligodendrocyte,LB3667T,0
17,oligodendrocyte,LB3771T,0
17,oligodendrocyte,LB3851T,0
17,oligodendrocyte,LB3853T,0
17,oligodendrocyte,LB3854T,0
17,oligodendrocyte,LB3864T,0
17,oligodendrocyte,LB3865T,0
17,oligodendrocyte,LB3869T,0
17,oligodendrocyte,LB3871T,0
17,oligodendrocyte,LB3872T,0
17,oligodendrocyte,LB3914T,0
17,oligodendrocyte,LB3915T,0
17,oligodendrocyte,LB3931T,0
17,oligodendrocyte,LB3944T,0
17,oligodendrocyte,LB3963T,0
17,oligodendrocyte,LB4003T,0
17,oligodendrocyte,LB4006T,0
17,oligodendrocyte,LB4015T,0
17,oligodendrocyte,LB4024T,0
17,oligodendrocyte,LB4034T,0
17,oligodendrocyte,LB4059T,0
17,oligodendrocyte,LB4075T,0
17,oligodendrocyte,LB4101T,0
17,oligodendrocyte,LB4117T,0
17,oligodendrocyte,LB4180T,0
17,oligodendrocyte,MGH102,0
17,oligodendrocyte,MGH105,89
17,oligodendrocyte,MGH114,0
17,oligodendrocyte,MGH115,0
17,oligodendrocyte,MGH118,0
17,oligodendrocyte,MGH124,0
17,oligodendrocyte,MGH125,0
17,oligodendrocyte,MGH126,0
17,oligodendrocyte,ND4,0
17,oligodendrocyte,P234_JAK,0
17,oligodendrocyte,P294,0
17,oligodendrocyte,P317,0
17,oligodendrocyte,P322,0
17,oligodendrocyte,Patient_2,0
17,oligodendrocyte,Patient_4,0
17,oligodendrocyte,R2,0
17,oligodendrocyte,R3,0
17,oligodendrocyte,R5,0
17,oligodendrocyte,SF4297,0
17,oligodendrocyte,SF6996,0
17,oligodendrocyte,SF9259R,0
17,oligodendrocyte,SF9259S,0
17,oligodendrocyte,SF10022,0
17,oligodendrocyte,SF10127,0
17,oligodendrocyte,SF11159,0
17,oligodendrocyte,SF11209,0
17,oligodendrocyte,SF11232,1
17,oligodendrocyte,SF11247,0
17,oligodendrocyte,SF11644,0
17,oligodendrocyte,SF11956,0
17,oligodendrocyte,SF11979,0
17,oligodendrocyte,SM006,0
17,oligodendrocyte,SM011,0
17,oligodendrocyte,SM012,0
17,oligodendrocyte,SM017,0
17,oligodendrocyte,SM018,0
17,oligodendrocyte,X154,0
17,oligodendrocyte,X192,0
17,oligodendrocyte,X194,0
17,oligodendrocyte,ndGBM-01,0
17,oligodendrocyte,ndGBM-02,0
17,oligodendrocyte,ndGBM-03,0
17,oligodendrocyte,ndGBM-04,0
17,oligodendrocyte,ndGBM-05,0
17,oligodendrocyte,ndGBM-06,0
17,oligodendrocyte,ndGBM-07,0
17,oligodendrocyte,ndGBM-08,0
17,oligodendrocyte,ndGBM-09,0
17,oligodendrocyte,ndGBM-11,0
17,oligodendrocyte,rGBM-01,0
17,oligodendrocyte,rGBM-02,0
17,oligodendrocyte,rGBM-03,0
17,oligodendrocyte,rGBM-04,0
18,excitatory_neuron,3182,0
18,excitatory_neuron,3282,0
18,excitatory_neuron,3295,0
18,excitatory_neuron,BT333,0
18,excitatory_neuron,BT346,0
18,excitatory_neuron,BT363,0
18,excitatory_neuron,BT364,0
18,excitatory_neuron,BT368,0
18,excitatory_neuron,BT389,0
18,excitatory_neuron,BT390,0
18,excitatory_neuron,BT397,0
18,excitatory_neuron,BT402,0
18,excitatory_neuron,BT407,0
18,excitatory_neuron,BT409,0
18,excitatory_neuron,C3L-02705,0
18,excitatory_neuron,C3L-03405,0
18,excitatory_neuron,C3L-03968,0
18,excitatory_neuron,C3N-00662,0
18,excitatory_neuron,C3N-01334,0
18,excitatory_neuron,C3N-01798,0
18,excitatory_neuron,C3N-01814,0
18,excitatory_neuron,C3N-01815,0
18,excitatory_neuron,C3N-01816,0
18,excitatory_neuron,C3N-02181,0
18,excitatory_neuron,C3N-02188,0
18,excitatory_neuron,C3N-02190,0
18,excitatory_neuron,C3N-02769,0
18,excitatory_neuron,C3N-02783,0
18,excitatory_neuron,C3N-02784,0
18,excitatory_neuron,C3N-03184,0
18,excitatory_neuron,C3N-03186,0
18,excitatory_neuron,C3N-03188,0
18,excitatory_neuron,E10,0
18,excitatory_neuron,E100,0
18,excitatory_neuron,G523,0
18,excitatory_neuron,G549,0
18,excitatory_neuron,G566,0
18,excitatory_neuron,G583,0
18,excitatory_neuron,G620,0
18,excitatory_neuron,G637,0
18,excitatory_neuron,G729,0
18,excitatory_neuron,G799,0
18,excitatory_neuron,G837,0
18,excitatory_neuron,G851,0
18,excitatory_neuron,G910,0
18,excitatory_neuron,G945,0
18,excitatory_neuron,G946,0
18,excitatory_neuron,G967,0
18,excitatory_neuron,G983,0
18,excitatory_neuron,G1003,0
18,excitatory_neuron,GSM4141788,0
18,excitatory_neuron,GSM4141789,0
18,excitatory_neuron,GSM4141790,0
18,excitatory_neuron,JK125,0
18,excitatory_neuron,JK134,0
18,excitatory_neuron,JK136,0
18,excitatory_neuron,JK142,0
18,excitatory_neuron,JK153,0
18,excitatory_neuron,JK156,0
18,excitatory_neuron,JK163,0
18,excitatory_neuron,LB3018T,0
18,excitatory_neuron,LB3579T,0
18,excitatory_neuron,LB3612T,0
18,excitatory_neuron,LB3667T,0
18,excitatory_neuron,LB3771T,0
18,excitatory_neuron,LB3851T,0
18,excitatory_neuron,LB3853T,0
18,excitatory_neuron,LB3854T,0
18,excitatory_neuron,LB3864T,0
18,excitatory_neuron,LB3865T,0
18,excitatory_neuron,LB3869T,0
18,excitatory_neuron,LB3871T,0
18,excitatory_neuron,LB3872T,0
18,excitatory_neuron,LB3914T,0
18,excitatory_neuron,LB3915T,0
18,excitatory_neuron,LB3931T,0
18,excitatory_neuron,LB3944T,0
18,excitatory_neuron,LB3963T,0
18,excitatory_neuron,LB4003T,0
18,excitatory_neuron,LB4006T,0
18,excitatory_neuron,LB4015T,0
18,excitatory_neuron,LB4024T,0
18,excitatory_neuron,LB4034T,0
18,excitatory_neuron,LB4059T,0
18,excitatory_neuron,LB4075T,0
18,excitatory_neuron,LB4101T,0
18,excitatory_neuron,LB4117T,0
18,excitatory_neuron,LB4180T,0
18,excitatory_neuron,MGH102,0
18,excitatory_neuron,MGH105,0
18,excitatory_neuron,MGH114,0
18,excitatory_neuron,MGH115,0
18,excitatory_neuron,MGH118,0
18,excitatory_neuron,MGH124,0
18,excitatory_neuron,MGH125,0
18,excitatory_neuron,MGH126,0
18,excitatory_neuron,ND4,0
18,excitatory_neuron,P234_JAK,0
18,excitatory_neuron,P294,0
18,excitatory_neuron,P317,0
18,excitatory_neuron,P322,0
18,excitatory_neuron,Patient_2,0
18,excitatory_neuron,Patient_4,0
18,excitatory_neuron,R2,0
18,excitatory_neuron,R3,0
18,excitatory_neuron,R5,0
18,excitatory_neuron,SF4297,0
18,excitatory_neuron,SF6996,0
18,excitatory_neuron,SF9259R,0
18,excitatory_neuron,SF9259S,0
18,excitatory_neuron,SF10022,0
18,excitatory_neuron,SF10127,0
18,excitatory_neuron,SF11159,0
18,excitatory_neuron,SF11209,0
18,excitatory_neuron,SF11232,0
18,excitatory_neuron,SF11247,0
18,excitatory_neuron,SF11644,0
18,excitatory_neuron,SF11956,0
18,excitatory_neuron,SF11979,0
18,excitatory_neuron,SM006,0
18,excitatory_neuron,SM011,0
18,excitatory_neuron,SM012,0
18,excitatory_neuron,SM017,0
18,excitatory_neuron,SM018,0
18,excitatory_neuron,X154,0
18,excitatory_neuron,X192,0
18,excitatory_neuron,X194,0
18,excitatory_neuron,ndGBM-01,0
18,excitatory_neuron,ndGBM-02,0
18,excitatory_neuron,ndGBM-03,0
18,excitatory_neuron,ndGBM-04,0
18,excitatory_neuron,ndGBM-05,0
18,excitatory_neuron,ndGBM-06,0
18,excitatory_neuron,ndGBM-07,0
18,excitatory_neuron,ndGBM-08,0
18,excitatory_neuron,ndGBM-09,0
18,excitatory_neuron,ndGBM-11,0
18,excitatory_neuron,rGBM-01,0
18,excitatory_neuron,rGBM-02,0
18,excitatory_neuron,rGBM-03,0
18,excitatory_neuron,rGBM-04,0
18,inhibitory_neuron,3182,0
18,inhibitory_neuron,3282,0
18,inhibitory_neuron,3295,0
18,inhibitory_neuron,BT333,0
18,inhibitory_neuron,BT346,0
18,inhibitory_neuron,BT363,0
18,inhibitory_neuron,BT364,0
18,inhibitory_neuron,BT368,0
18,inhibitory_neuron,BT389,0
18,inhibitory_neuron,BT390,0
18,inhibitory_neuron,BT397,0
18,inhibitory_neuron,BT402,0
18,inhibitory_neuron,BT407,0
18,inhibitory_neuron,BT409,0
18,inhibitory_neuron,C3L-02705,0
18,inhibitory_neuron,C3L-03405,0
18,inhibitory_neuron,C3L-03968,0
18,inhibitory_neuron,C3N-00662,0
18,inhibitory_neuron,C3N-01334,0
18,inhibitory_neuron,C3N-01798,0
18,inhibitory_neuron,C3N-01814,0
18,inhibitory_neuron,C3N-01815,0
18,inhibitory_neuron,C3N-01816,0
18,inhibitory_neuron,C3N-02181,0
18,inhibitory_neuron,C3N-02188,0
18,inhibitory_neuron,C3N-02190,0
18,inhibitory_neuron,C3N-02769,0
18,inhibitory_neuron,C3N-02783,0
18,inhibitory_neuron,C3N-02784,0
18,inhibitory_neuron,C3N-03184,0
18,inhibitory_neuron,C3N-03186,0
18,inhibitory_neuron,C3N-03188,0
18,inhibitory_neuron,E10,0
18,inhibitory_neuron,E100,0
18,inhibitory_neuron,G523,0
18,inhibitory_neuron,G549,0
18,inhibitory_neuron,G566,0
18,inhibitory_neuron,G583,0
18,inhibitory_neuron,G620,0
18,inhibitory_neuron,G637,0
18,inhibitory_neuron,G729,0
18,inhibitory_neuron,G799,0
18,inhibitory_neuron,G837,0
18,inhibitory_neuron,G851,0
18,inhibitory_neuron,G910,0
18,inhibitory_neuron,G945,0
18,inhibitory_neuron,G946,0
18,inhibitory_neuron,G967,0
18,inhibitory_neuron,G983,0
18,inhibitory_neuron,G1003,0
18,inhibitory_neuron,GSM4141788,0
18,inhibitory_neuron,GSM4141789,0
18,inhibitory_neuron,GSM4141790,0
18,inhibitory_neuron,JK125,0
18,inhibitory_neuron,JK134,0
18,inhibitory_neuron,JK136,0
18,inhibitory_neuron,JK142,0
18,inhibitory_neuron,JK153,0
18,inhibitory_neuron,JK156,0
18,inhibitory_neuron,JK163,0
18,inhibitory_neuron,LB3018T,0
18,inhibitory_neuron,LB3579T,0
18,inhibitory_neuron,LB3612T,0
18,inhibitory_neuron,LB3667T,0
18,inhibitory_neuron,LB3771T,0
18,inhibitory_neuron,LB3851T,0
18,inhibitory_neuron,LB3853T,0
18,inhibitory_neuron,LB3854T,0
18,inhibitory_neuron,LB3864T,0
18,inhibitory_neuron,LB3865T,0
18,inhibitory_neuron,LB3869T,0
18,inhibitory_neuron,LB3871T,0
18,inhibitory_neuron,LB3872T,0
18,inhibitory_neuron,LB3914T,0
18,inhibitory_neuron,LB3915T,0
18,inhibitory_neuron,LB3931T,0
18,inhibitory_neuron,LB3944T,0
18,inhibitory_neuron,LB3963T,0
18,inhibitory_neuron,LB4003T,0
18,inhibitory_neuron,LB4006T,0
18,inhibitory_neuron,LB4015T,0
18,inhibitory_neuron,LB4024T,0
18,inhibitory_neuron,LB4034T,0
18,inhibitory_neuron,LB4059T,0
18,inhibitory_neuron,LB4075T,0
18,inhibitory_neuron,LB4101T,0
18,inhibitory_neuron,LB4117T,0
18,inhibitory_neuron,LB4180T,0
18,inhibitory_neuron,MGH102,0
18,inhibitory_neuron,MGH105,0
18,inhibitory_neuron,MGH114,0
18,inhibitory_neuron,MGH115,0
18,inhibitory_neuron,MGH118,0
18,inhibitory_neuron,MGH124,0
18,inhibitory_neuron,MGH125,0
18,inhibitory_neuron,MGH126,0
18,inhibitory_neuron,ND4,0
18,inhibitory_neuron,P234_JAK,0
18,inhibitory_neuron,P294,0
18,inhibitory_neuron,P317,0
18,inhibitory_neuron,P322,0
18,inhibitory_neuron,Patient_2,0
18,inhibitory_neuron,Patient_4,0
18,inhibitory_neuron,R2,0
18,inhibitory_neuron,R3,0
18,inhibitory_neuron,R5,0
18,inhibitory_neuron,SF4297,0
18,inhibitory_neuron,SF6996,0
18,inhibitory_neuron,SF9259R,0
18,inhibitory_neuron,SF9259S,0
18,inhibitory_neuron,SF10022,0
18,inhibitory_neuron,SF10127,0
18,inhibitory_neuron,SF11159,0
18,inhibitory_neuron,SF11209,0
18,inhibitory_neuron,SF11232,0
18,inhibitory_neuron,SF11247,0
18,inhibitory_neuron,SF11644,0
18,inhibitory_neuron,SF11956,0
18,inhibitory_neuron,SF11979,0
18,inhibitory_neuron,SM006,0
18,inhibitory_neuron,SM011,0
18,inhibitory_neuron,SM012,0
18,inhibitory_neuron,SM017,0
18,inhibitory_neuron,SM018,0
18,inhibitory_neuron,X154,0
18,inhibitory_neuron,X192,0
18,inhibitory_neuron,X194,0
18,inhibitory_neuron,ndGBM-01,0
18,inhibitory_neuron,ndGBM-02,0
18,inhibitory_neuron,ndGBM-03,0
18,inhibitory_neuron,ndGBM-04,0
18,inhibitory_neuron,ndGBM-05,0
18,inhibitory_neuron,ndGBM-06,0
18,inhibitory_neuron,ndGBM-07,0
18,inhibitory_neuron,ndGBM-08,0
18,inhibitory_neuron,ndGBM-09,0
18,inhibitory_neuron,ndGBM-11,0
18,inhibitory_neuron,rGBM-01,0
18,inhibitory_neuron,rGBM-02,0
18,inhibitory_neuron,rGBM-03,0
18,inhibitory_neuron,rGBM-04,0
18,oligodendrocyte,3182,0
18,oligodendrocyte,3282,0
18,oligodendrocyte,3295,0
18,oligodendrocyte,BT333,0
18,oligodendrocyte,BT346,0
18,oligodendrocyte,BT363,0
18,oligodendrocyte,BT364,0
18,oligodendrocyte,BT368,0
18,oligodendrocyte,BT389,0
18,oligodendrocyte,BT390,0
18,oligodendrocyte,BT397,0
18,oligodendrocyte,BT402,0
18,oligodendrocyte,BT407,0
18,oligodendrocyte,BT409,0
18,oligodendrocyte,C3L-02705,0
18,oligodendrocyte,C3L-03405,0
18,oligodendrocyte,C3L-03968,0
18,oligodendrocyte,C3N-00662,0
18,oligodendrocyte,C3N-01334,0
18,oligodendrocyte,C3N-01798,0
18,oligodendrocyte,C3N-01814,0
18,oligodendrocyte,C3N-01815,0
18,oligodendrocyte,C3N-01816,0
18,oligodendrocyte,C3N-02181,0
18,oligodendrocyte,C3N-02188,0
18,oligodendrocyte,C3N-02190,0
18,oligodendrocyte,C3N-02769,0
18,oligodendrocyte,C3N-02783,0
18,oligodendrocyte,C3N-02784,0
18,oligodendrocyte,C3N-03184,0
18,oligodendrocyte,C3N-03186,0
18,oligodendrocyte,C3N-03188,0
18,oligodendrocyte,E10,0
18,oligodendrocyte,E100,0
18,oligodendrocyte,G523,0
18,oligodendrocyte,G549,0
18,oligodendrocyte,G566,0
18,oligodendrocyte,G583,0
18,oligodendrocyte,G620,0
18,oligodendrocyte,G637,0
18,oligodendrocyte,G729,0
18,oligodendrocyte,G799,0
18,oligodendrocyte,G837,0
18,oligodendrocyte,G851,0
18,oligodendrocyte,G910,0
18,oligodendrocyte,G945,0
18,oligodendrocyte,G946,0
18,oligodendrocyte,G967,0
18,oligodendrocyte,G983,1
18,oligodendrocyte,G1003,0
18,oligodendrocyte,GSM4141788,0
18,oligodendrocyte,GSM4141789,0
18,oligodendrocyte,GSM4141790,0
18,oligodendrocyte,JK125,0
18,oligodendrocyte,JK134,0
18,oligodendrocyte,JK136,0
18,oligodendrocyte,JK142,0
18,oligodendrocyte,JK153,0
18,oligodendrocyte,JK156,0
18,oligodendrocyte,JK163,0
18,oligodendrocyte,LB3018T,0
18,oligodendrocyte,LB3579T,0
18,oligodendrocyte,LB3612T,0
18,oligodendrocyte,LB3667T,0
18,oligodendrocyte,LB3771T,0
18,oligodendrocyte,LB3851T,0
18,oligodendrocyte,LB3853T,0
18,oligodendrocyte,LB3854T,0
18,oligodendrocyte,LB3864T,0
18,oligodendrocyte,LB3865T,0
18,oligodendrocyte,LB3869T,0
18,oligodendrocyte,LB3871T,0
18,oligodendrocyte,LB3872T,0
18,oligodendrocyte,LB3914T,0
18,oligodendrocyte,LB3915T,0
18,oligodendrocyte,LB3931T,0
18,oligodendrocyte,LB3944T,0
18,oligodendrocyte,LB3963T,0
18,oligodendrocyte,LB4003T,0
18,oligodendrocyte,LB4006T,0
18,oligodendrocyte,LB4015T,0
18,oligodendrocyte,LB4024T,0
18,oligodendrocyte,LB4034T,0
18,oligodendrocyte,LB4059T,0
18,oligodendrocyte,LB4075T,0
18,oligodendrocyte,LB4101T,0
18,oligodendrocyte,LB4117T,0
18,oligodendrocyte,LB4180T,0
18,oligodendrocyte,MGH102,0
18,oligodendrocyte,MGH105,0
18,oligodendrocyte,MGH114,38
18,oligodendrocyte,MGH115,7
18,oligodendrocyte,MGH118,0
18,oligodendrocyte,MGH124,0
18,oligodendrocyte,MGH125,0
18,oligodendrocyte,MGH126,0
18,oligodendrocyte,ND4,0
18,oligodendrocyte,P234_JAK,0
18,oligodendrocyte,P294,0
18,oligodendrocyte,P317,0
18,oligodendrocyte,P322,0
18,oligodendrocyte,Patient_2,0
18,oligodendrocyte,Patient_4,0
18,oligodendrocyte,R2,0
18,oligodendrocyte,R3,0
18,oligodendrocyte,R5,0
18,oligodendrocyte,SF4297,0
18,oligodendrocyte,SF6996,0
18,oligodendrocyte,SF9259R,0
18,oligodendrocyte,SF9259S,0
18,oligodendrocyte,SF10022,0
18,oligodendrocyte,SF10127,0
18,oligodendrocyte,SF11159,0
18,oligodendrocyte,SF11209,0
18,oligodendrocyte,SF11232,0
18,oligodendrocyte,SF11247,0
18,oligodendrocyte,SF11644,0
18,oligodendrocyte,SF11956,0
18,oligodendrocyte,SF11979,0
18,oligodendrocyte,SM006,0
18,oligodendrocyte,SM011,0
18,oligodendrocyte,SM012,0
18,oligodendrocyte,SM017,0
18,oligodendrocyte,SM018,0
18,oligodendrocyte,X154,0
18,oligodendrocyte,X192,3
18,oligodendrocyte,X194,63
18,oligodendrocyte,ndGBM-01,0
18,oligodendrocyte,ndGBM-02,0
18,oligodendrocyte,ndGBM-03,0
18,oligodendrocyte,ndGBM-04,0
18,oligodendrocyte,ndGBM-05,0
18,oligodendrocyte,ndGBM-06,1
18,oligodendrocyte,ndGBM-07,0
18,oligodendrocyte,ndGBM-08,0
18,oligodendrocyte,ndGBM-09,0
18,oligodendrocyte,ndGBM-11,0
18,oligodendrocyte,rGBM-01,0
18,oligodendrocyte,rGBM-02,0
18,oligodendrocyte,rGBM-03,0
18,oligodendrocyte,rGBM-04,0
19,excitatory_neuron,3182,0
19,excitatory_neuron,3282,0
19,excitatory_neuron,3295,0
19,excitatory_neuron,BT333,0
19,excitatory_neuron,BT346,0
19,excitatory_neuron,BT363,0
19,excitatory_neuron,BT364,0
19,excitatory_neuron,BT368,0
19,excitatory_neuron,BT389,0
19,excitatory_neuron,BT390,0
19,excitatory_neuron,BT397,0
19,excitatory_neuron,BT402,0
19,excitatory_neuron,BT407,0
19,excitatory_neuron,BT409,0
19,excitatory_neuron,C3L-02705,0
19,excitatory_neuron,C3L-03405,0
19,excitatory_neuron,C3L-03968,0
19,excitatory_neuron,C3N-00662,0
19,excitatory_neuron,C3N-01334,0
19,excitatory_neuron,C3N-01798,0
19,excitatory_neuron,C3N-01814,0
19,excitatory_neuron,C3N-01815,0
19,excitatory_neuron,C3N-01816,0
19,excitatory_neuron,C3N-02181,0
19,excitatory_neuron,C3N-02188,0
19,excitatory_neuron,C3N-02190,0
19,excitatory_neuron,C3N-02769,0
19,excitatory_neuron,C3N-02783,0
19,excitatory_neuron,C3N-02784,0
19,excitatory_neuron,C3N-03184,0
19,excitatory_neuron,C3N-03186,0
19,excitatory_neuron,C3N-03188,0
19,excitatory_neuron,E10,0
19,excitatory_neuron,E100,0
19,excitatory_neuron,G523,0
19,excitatory_neuron,G549,3
19,excitatory_neuron,G566,0
19,excitatory_neuron,G583,0
19,excitatory_neuron,G620,0
19,excitatory_neuron,G637,0
19,excitatory_neuron,G729,0
19,excitatory_neuron,G799,0
19,excitatory_neuron,G837,0
19,excitatory_neuron,G851,0
19,excitatory_neuron,G910,0
19,excitatory_neuron,G945,0
19,excitatory_neuron,G946,0
19,excitatory_neuron,G967,0
19,excitatory_neuron,G983,1
19,excitatory_neuron,G1003,0
19,excitatory_neuron,GSM4141788,0
19,excitatory_neuron,GSM4141789,0
19,excitatory_neuron,GSM4141790,0
19,excitatory_neuron,JK125,0
19,excitatory_neuron,JK134,0
19,excitatory_neuron,JK136,0
19,excitatory_neuron,JK142,0
19,excitatory_neuron,JK153,0
19,excitatory_neuron,JK156,0
19,excitatory_neuron,JK163,0
19,excitatory_neuron,LB3018T,0
19,excitatory_neuron,LB3579T,0
19,excitatory_neuron,LB3612T,0
19,excitatory_neuron,LB3667T,0
19,excitatory_neuron,LB3771T,0
19,excitatory_neuron,LB3851T,0
19,excitatory_neuron,LB3853T,0
19,excitatory_neuron,LB3854T,21
19,excitatory_neuron,LB3864T,0
19,excitatory_neuron,LB3865T,0
19,excitatory_neuron,LB3869T,0
19,excitatory_neuron,LB3871T,0
19,excitatory_neuron,LB3872T,1
19,excitatory_neuron,LB3914T,0
19,excitatory_neuron,LB3915T,0
19,excitatory_neuron,LB3931T,18
19,excitatory_neuron,LB3944T,0
19,excitatory_neuron,LB3963T,0
19,excitatory_neuron,LB4003T,24
19,excitatory_neuron,LB4006T,0
19,excitatory_neuron,LB4015T,0
19,excitatory_neuron,LB4024T,0
19,excitatory_neuron,LB4034T,0
19,excitatory_neuron,LB4059T,0
19,excitatory_neuron,LB4075T,0
19,excitatory_neuron,LB4101T,0
19,excitatory_neuron,LB4117T,0
19,excitatory_neuron,LB4180T,0
19,excitatory_neuron,MGH102,0
19,excitatory_neuron,MGH105,0
19,excitatory_neuron,MGH114,0
19,excitatory_neuron,MGH115,0
19,excitatory_neuron,MGH118,0
19,excitatory_neuron,MGH124,0
19,excitatory_neuron,MGH125,0
19,excitatory_neuron,MGH126,0
19,excitatory_neuron,ND4,0
19,excitatory_neuron,P234_JAK,0
19,excitatory_neuron,P294,0
19,excitatory_neuron,P317,0
19,excitatory_neuron,P322,0
19,excitatory_neuron,Patient_2,14
19,excitatory_neuron,Patient_4,0
19,excitatory_neuron,R2,0
19,excitatory_neuron,R3,0
19,excitatory_neuron,R5,0
19,excitatory_neuron,SF4297,0
19,excitatory_neuron,SF6996,0
19,excitatory_neuron,SF9259R,0
19,excitatory_neuron,SF9259S,0
19,excitatory_neuron,SF10022,0
19,excitatory_neuron,SF10127,0
19,excitatory_neuron,SF11159,0
19,excitatory_neuron,SF11209,0
19,excitatory_neuron,SF11232,0
19,excitatory_neuron,SF11247,0
19,excitatory_neuron,SF11644,4
19,excitatory_neuron,SF11956,20
19,excitatory_neuron,SF11979,0
19,excitatory_neuron,SM006,0
19,excitatory_neuron,SM011,0
19,excitatory_neuron,SM012,0
19,excitatory_neuron,SM017,0
19,excitatory_neuron,SM018,0
19,excitatory_neuron,X154,0
19,excitatory_neuron,X192,0
19,excitatory_neuron,X194,0
19,excitatory_neuron,ndGBM-01,0
19,excitatory_neuron,ndGBM-02,0
19,excitatory_neuron,ndGBM-03,0
19,excitatory_neuron,ndGBM-04,0
19,excitatory_neuron,ndGBM-05,0
19,excitatory_neuron,ndGBM-06,0
19,excitatory_neuron,ndGBM-07,0
19,excitatory_neuron,ndGBM-08,0
19,excitatory_neuron,ndGBM-09,0
19,excitatory_neuron,ndGBM-11,0
19,excitatory_neuron,rGBM-01,0
19,excitatory_neuron,rGBM-02,0
19,excitatory_neuron,rGBM-03,0
19,excitatory_neuron,rGBM-04,0
19,inhibitory_neuron,3182,0
19,inhibitory_neuron,3282,0
19,inhibitory_neuron,3295,0
19,inhibitory_neuron,BT333,0
19,inhibitory_neuron,BT346,0
19,inhibitory_neuron,BT363,0
19,inhibitory_neuron,BT364,0
19,inhibitory_neuron,BT368,0
19,inhibitory_neuron,BT389,0
19,inhibitory_neuron,BT390,0
19,inhibitory_neuron,BT397,0
19,inhibitory_neuron,BT402,0
19,inhibitory_neuron,BT407,0
19,inhibitory_neuron,BT409,0
19,inhibitory_neuron,C3L-02705,0
19,inhibitory_neuron,C3L-03405,0
19,inhibitory_neuron,C3L-03968,0
19,inhibitory_neuron,C3N-00662,0
19,inhibitory_neuron,C3N-01334,0
19,inhibitory_neuron,C3N-01798,0
19,inhibitory_neuron,C3N-01814,0
19,inhibitory_neuron,C3N-01815,0
19,inhibitory_neuron,C3N-01816,0
19,inhibitory_neuron,C3N-02181,0
19,inhibitory_neuron,C3N-02188,0
19,inhibitory_neuron,C3N-02190,0
19,inhibitory_neuron,C3N-02769,0
19,inhibitory_neuron,C3N-02783,0
19,inhibitory_neuron,C3N-02784,0
19,inhibitory_neuron,C3N-03184,0
19,inhibitory_neuron,C3N-03186,0
19,inhibitory_neuron,C3N-03188,0
19,inhibitory_neuron,E10,0
19,inhibitory_neuron,E100,0
19,inhibitory_neuron,G523,0
19,inhibitory_neuron,G549,0
19,inhibitory_neuron,G566,0
19,inhibitory_neuron,G583,0
19,inhibitory_neuron,G620,0
19,inhibitory_neuron,G637,0
19,inhibitory_neuron,G729,0
19,inhibitory_neuron,G799,0
19,inhibitory_neuron,G837,0
19,inhibitory_neuron,G851,0
19,inhibitory_neuron,G910,0
19,inhibitory_neuron,G945,0
19,inhibitory_neuron,G946,0
19,inhibitory_neuron,G967,0
19,inhibitory_neuron,G983,0
19,inhibitory_neuron,G1003,0
19,inhibitory_neuron,GSM4141788,0
19,inhibitory_neuron,GSM4141789,0
19,inhibitory_neuron,GSM4141790,0
19,inhibitory_neuron,JK125,0
19,inhibitory_neuron,JK134,0
19,inhibitory_neuron,JK136,0
19,inhibitory_neuron,JK142,0
19,inhibitory_neuron,JK153,0
19,inhibitory_neuron,JK156,0
19,inhibitory_neuron,JK163,0
19,inhibitory_neuron,LB3018T,0
19,inhibitory_neuron,LB3579T,0
19,inhibitory_neuron,LB3612T,0
19,inhibitory_neuron,LB3667T,0
19,inhibitory_neuron,LB3771T,0
19,inhibitory_neuron,LB3851T,0
19,inhibitory_neuron,LB3853T,0
19,inhibitory_neuron,LB3854T,0
19,inhibitory_neuron,LB3864T,0
19,inhibitory_neuron,LB3865T,0
19,inhibitory_neuron,LB3869T,0
19,inhibitory_neuron,LB3871T,0
19,inhibitory_neuron,LB3872T,0
19,inhibitory_neuron,LB3914T,0
19,inhibitory_neuron,LB3915T,0
19,inhibitory_neuron,LB3931T,0
19,inhibitory_neuron,LB3944T,0
19,inhibitory_neuron,LB3963T,0
19,inhibitory_neuron,LB4003T,0
19,inhibitory_neuron,LB4006T,0
19,inhibitory_neuron,LB4015T,0
19,inhibitory_neuron,LB4024T,0
19,inhibitory_neuron,LB4034T,0
19,inhibitory_neuron,LB4059T,0
19,inhibitory_neuron,LB4075T,0
19,inhibitory_neuron,LB4101T,0
19,inhibitory_neuron,LB4117T,0
19,inhibitory_neuron,LB4180T,0
19,inhibitory_neuron,MGH102,0
19,inhibitory_neuron,MGH105,0
19,inhibitory_neuron,MGH114,0
19,inhibitory_neuron,MGH115,0
19,inhibitory_neuron,MGH118,0
19,inhibitory_neuron,MGH124,0
19,inhibitory_neuron,MGH125,0
19,inhibitory_neuron,MGH126,0
19,inhibitory_neuron,ND4,0
19,inhibitory_neuron,P234_JAK,0
19,inhibitory_neuron,P294,0
19,inhibitory_neuron,P317,0
19,inhibitory_neuron,P322,0
19,inhibitory_neuron,Patient_2,0
19,inhibitory_neuron,Patient_4,0
19,inhibitory_neuron,R2,0
19,inhibitory_neuron,R3,0
19,inhibitory_neuron,R5,0
19,inhibitory_neuron,SF4297,0
19,inhibitory_neuron,SF6996,0
19,inhibitory_neuron,SF9259R,0
19,inhibitory_neuron,SF9259S,0
19,inhibitory_neuron,SF10022,0
19,inhibitory_neuron,SF10127,0
19,inhibitory_neuron,SF11159,0
19,inhibitory_neuron,SF11209,0
19,inhibitory_neuron,SF11232,0
19,inhibitory_neuron,SF11247,0
19,inhibitory_neuron,SF11644,0
19,inhibitory_neuron,SF11956,0
19,inhibitory_neuron,SF11979,0
19,inhibitory_neuron,SM006,0
19,inhibitory_neuron,SM011,0
19,inhibitory_neuron,SM012,0
19,inhibitory_neuron,SM017,0
19,inhibitory_neuron,SM018,0
19,inhibitory_neuron,X154,0
19,inhibitory_neuron,X192,0
19,inhibitory_neuron,X194,0
19,inhibitory_neuron,ndGBM-01,0
19,inhibitory_neuron,ndGBM-02,0
19,inhibitory_neuron,ndGBM-03,0
19,inhibitory_neuron,ndGBM-04,0
19,inhibitory_neuron,ndGBM-05,0
19,inhibitory_neuron,ndGBM-06,0
19,inhibitory_neuron,ndGBM-07,0
19,inhibitory_neuron,ndGBM-08,0
19,inhibitory_neuron,ndGBM-09,0
19,inhibitory_neuron,ndGBM-11,0
19,inhibitory_neuron,rGBM-01,0
19,inhibitory_neuron,rGBM-02,0
19,inhibitory_neuron,rGBM-03,0
19,inhibitory_neuron,rGBM-04,0
19,oligodendrocyte,3182,0
19,oligodendrocyte,3282,0
19,oligodendrocyte,3295,0
19,oligodendrocyte,BT333,0
19,oligodendrocyte,BT346,0
19,oligodendrocyte,BT363,0
19,oligodendrocyte,BT364,0
19,oligodendrocyte,BT368,0
19,oligodendrocyte,BT389,0
19,oligodendrocyte,BT390,0
19,oligodendrocyte,BT397,0
19,oligodendrocyte,BT402,0
19,oligodendrocyte,BT407,0
19,oligodendrocyte,BT409,0
19,oligodendrocyte,C3L-02705,0
19,oligodendrocyte,C3L-03405,0
19,oligodendrocyte,C3L-03968,0
19,oligodendrocyte,C3N-00662,0
19,oligodendrocyte,C3N-01334,0
19,oligodendrocyte,C3N-01798,0
19,oligodendrocyte,C3N-01814,0
19,oligodendrocyte,C3N-01815,0
19,oligodendrocyte,C3N-01816,0
19,oligodendrocyte,C3N-02181,0
19,oligodendrocyte,C3N-02188,0
19,oligodendrocyte,C3N-02190,0
19,oligodendrocyte,C3N-02769,0
19,oligodendrocyte,C3N-02783,0
19,oligodendrocyte,C3N-02784,0
19,oligodendrocyte,C3N-03184,0
19,oligodendrocyte,C3N-03186,0
19,oligodendrocyte,C3N-03188,0
19,oligodendrocyte,E10,0
19,oligodendrocyte,E100,0
19,oligodendrocyte,G523,0
19,oligodendrocyte,G549,0
19,oligodendrocyte,G566,0
19,oligodendrocyte,G583,0
19,oligodendrocyte,G620,0
19,oligodendrocyte,G637,0
19,oligodendrocyte,G729,0
19,oligodendrocyte,G799,0
19,oligodendrocyte,G837,0
19,oligodendrocyte,G851,0
19,oligodendrocyte,G910,0
19,oligodendrocyte,G945,0
19,oligodendrocyte,G946,0
19,oligodendrocyte,G967,0
19,oligodendrocyte,G983,0
19,oligodendrocyte,G1003,0
19,oligodendrocyte,GSM4141788,0
19,oligodendrocyte,GSM4141789,0
19,oligodendrocyte,GSM4141790,0
19,oligodendrocyte,JK125,0
19,oligodendrocyte,JK134,0
19,oligodendrocyte,JK136,0
19,oligodendrocyte,JK142,0
19,oligodendrocyte,JK153,0
19,oligodendrocyte,JK156,0
19,oligodendrocyte,JK163,0
19,oligodendrocyte,LB3018T,0
19,oligodendrocyte,LB3579T,0
19,oligodendrocyte,LB3612T,0
19,oligodendrocyte,LB3667T,0
19,oligodendrocyte,LB3771T,0
19,oligodendrocyte,LB3851T,0
19,oligodendrocyte,LB3853T,0
19,oligodendrocyte,LB3854T,0
19,oligodendrocyte,LB3864T,0
19,oligodendrocyte,LB3865T,0
19,oligodendrocyte,LB3869T,0
19,oligodendrocyte,LB3871T,0
19,oligodendrocyte,LB3872T,0
19,oligodendrocyte,LB3914T,0
19,oligodendrocyte,LB3915T,0
19,oligodendrocyte,LB3931T,0
19,oligodendrocyte,LB3944T,0
19,oligodendrocyte,LB3963T,0
19,oligodendrocyte,LB4003T,0
19,oligodendrocyte,LB4006T,0
19,oligodendrocyte,LB4015T,0
19,oligodendrocyte,LB4024T,0
19,oligodendrocyte,LB4034T,0
19,oligodendrocyte,LB4059T,0
19,oligodendrocyte,LB4075T,0
19,oligodendrocyte,LB4101T,0
19,oligodendrocyte,LB4117T,0
19,oligodendrocyte,LB4180T,0
19,oligodendrocyte,MGH102,0
19,oligodendrocyte,MGH105,0
19,oligodendrocyte,MGH114,0
19,oligodendrocyte,MGH115,0
19,oligodendrocyte,MGH118,0
19,oligodendrocyte,MGH124,0
19,oligodendrocyte,MGH125,0
19,oligodendrocyte,MGH126,0
19,oligodendrocyte,ND4,0
19,oligodendrocyte,P234_JAK,0
19,oligodendrocyte,P294,0
19,oligodendrocyte,P317,0
19,oligodendrocyte,P322,0
19,oligodendrocyte,Patient_2,0
19,oligodendrocyte,Patient_4,0
19,oligodendrocyte,R2,0
19,oligodendrocyte,R3,0
19,oligodendrocyte,R5,0
19,oligodendrocyte,SF4297,0
19,oligodendrocyte,SF6996,0
19,oligodendrocyte,SF9259R,0
19,oligodendrocyte,SF9259S,0
19,oligodendrocyte,SF10022,0
19,oligodendrocyte,SF10127,0
19,oligodendrocyte,SF11159,0
19,oligodendrocyte,SF11209,0
19,oligodendrocyte,SF11232,0
19,oligodendrocyte,SF11247,0
19,oligodendrocyte,SF11644,0
19,oligodendrocyte,SF11956,0
19,oligodendrocyte,SF11979,0
19,oligodendrocyte,SM006,0
19,oligodendrocyte,SM011,0
19,oligodendrocyte,SM012,0
19,oligodendrocyte,SM017,0
19,oligodendrocyte,SM018,0
19,oligodendrocyte,X154,0
19,oligodendrocyte,X192,0
19,oligodendrocyte,X194,0
19,oligodendrocyte,ndGBM-01,0
19,oligodendrocyte,ndGBM-02,0
19,oligodendrocyte,ndGBM-03,0
19,oligodendrocyte,ndGBM-04,0
19,oligodendrocyte,ndGBM-05,0
19,oligodendrocyte,ndGBM-06,0
19,oligodendrocyte,ndGBM-07,0
19,oligodendrocyte,ndGBM-08,0
19,oligodendrocyte,ndGBM-09,0
19,oligodendrocyte,ndGBM-11,0
19,oligodendrocyte,rGBM-01,0
19,oligodendrocyte,rGBM-02,0
19,oligodendrocyte,rGBM-03,0
19,oligodendrocyte,rGBM-04,0
20,excitatory_neuron,3182,0
20,excitatory_neuron,3282,0
20,excitatory_neuron,3295,0
20,excitatory_neuron,BT333,0
20,excitatory_neuron,BT346,0
20,excitatory_neuron,BT363,0
20,excitatory_neuron,BT364,0
20,excitatory_neuron,BT368,0
20,excitatory_neuron,BT389,0
20,excitatory_neuron,BT390,0
20,excitatory_neuron,BT397,0
20,excitatory_neuron,BT402,0
20,excitatory_neuron,BT407,0
20,excitatory_neuron,BT409,0
20,excitatory_neuron,C3L-02705,0
20,excitatory_neuron,C3L-03405,0
20,excitatory_neuron,C3L-03968,0
20,excitatory_neuron,C3N-00662,0
20,excitatory_neuron,C3N-01334,0
20,excitatory_neuron,C3N-01798,0
20,excitatory_neuron,C3N-01814,0
20,excitatory_neuron,C3N-01815,0
20,excitatory_neuron,C3N-01816,0
20,excitatory_neuron,C3N-02181,0
20,excitatory_neuron,C3N-02188,0
20,excitatory_neuron,C3N-02190,0
20,excitatory_neuron,C3N-02769,0
20,excitatory_neuron,C3N-02783,0
20,excitatory_neuron,C3N-02784,0
20,excitatory_neuron,C3N-03184,0
20,excitatory_neuron,C3N-03186,0
20,excitatory_neuron,C3N-03188,0
20,excitatory_neuron,E10,0
20,excitatory_neuron,E100,0
20,excitatory_neuron,G523,0
20,excitatory_neuron,G549,0
20,excitatory_neuron,G566,0
20,excitatory_neuron,G583,0
20,excitatory_neuron,G620,0
20,excitatory_neuron,G637,0
20,excitatory_neuron,G729,0
20,excitatory_neuron,G799,0
20,excitatory_neuron,G837,0
20,excitatory_neuron,G851,0
20,excitatory_neuron,G910,0
20,excitatory_neuron,G945,0
20,excitatory_neuron,G946,0
20,excitatory_neuron,G967,0
20,excitatory_neuron,G983,0
20,excitatory_neuron,G1003,0
20,excitatory_neuron,GSM4141788,0
20,excitatory_neuron,GSM4141789,0
20,excitatory_neuron,GSM4141790,0
20,excitatory_neuron,JK125,0
20,excitatory_neuron,JK134,0
20,excitatory_neuron,JK136,0
20,excitatory_neuron,JK142,0
20,excitatory_neuron,JK153,0
20,excitatory_neuron,JK156,0
20,excitatory_neuron,JK163,0
20,excitatory_neuron,LB3018T,0
20,excitatory_neuron,LB3579T,0
20,excitatory_neuron,LB3612T,0
20,excitatory_neuron,LB3667T,0
20,excitatory_neuron,LB3771T,0
20,excitatory_neuron,LB3851T,0
20,excitatory_neuron,LB3853T,0
20,excitatory_neuron,LB3854T,0
20,excitatory_neuron,LB3864T,0
20,excitatory_neuron,LB3865T,0
20,excitatory_neuron,LB3869T,0
20,excitatory_neuron,LB3871T,0
20,excitatory_neuron,LB3872T,0
20,excitatory_neuron,LB3914T,0
20,excitatory_neuron,LB3915T,0
20,excitatory_neuron,LB3931T,0
20,excitatory_neuron,LB3944T,0
20,excitatory_neuron,LB3963T,0
20,excitatory_neuron,LB4003T,0
20,excitatory_neuron,LB4006T,0
20,excitatory_neuron,LB4015T,0
20,excitatory_neuron,LB4024T,0
20,excitatory_neuron,LB4034T,0
20,excitatory_neuron,LB4059T,0
20,excitatory_neuron,LB4075T,0
20,excitatory_neuron,LB4101T,0
20,excitatory_neuron,LB4117T,0
20,excitatory_neuron,LB4180T,0
20,excitatory_neuron,MGH102,0
20,excitatory_neuron,MGH105,0
20,excitatory_neuron,MGH114,0
20,excitatory_neuron,MGH115,0
20,excitatory_neuron,MGH118,0
20,excitatory_neuron,MGH124,0
20,excitatory_neuron,MGH125,0
20,excitatory_neuron,MGH126,0
20,excitatory_neuron,ND4,0
20,excitatory_neuron,P234_JAK,0
20,excitatory_neuron,P294,0
20,excitatory_neuron,P317,0
20,excitatory_neuron,P322,0
20,excitatory_neuron,Patient_2,0
20,excitatory_neuron,Patient_4,0
20,excitatory_neuron,R2,0
20,excitatory_neuron,R3,0
20,excitatory_neuron,R5,0
20,excitatory_neuron,SF4297,0
20,excitatory_neuron,SF6996,0
20,excitatory_neuron,SF9259R,0
20,excitatory_neuron,SF9259S,0
20,excitatory_neuron,SF10022,0
20,excitatory_neuron,SF10127,0
20,excitatory_neuron,SF11159,0
20,excitatory_neuron,SF11209,0
20,excitatory_neuron,SF11232,0
20,excitatory_neuron,SF11247,0
20,excitatory_neuron,SF11644,0
20,excitatory_neuron,SF11956,0
20,excitatory_neuron,SF11979,0
20,excitatory_neuron,SM006,0
20,excitatory_neuron,SM011,0
20,excitatory_neuron,SM012,0
20,excitatory_neuron,SM017,0
20,excitatory_neuron,SM018,0
20,excitatory_neuron,X154,0
20,excitatory_neuron,X192,0
20,excitatory_neuron,X194,0
20,excitatory_neuron,ndGBM-01,0
20,excitatory_neuron,ndGBM-02,0
20,excitatory_neuron,ndGBM-03,0
20,excitatory_neuron,ndGBM-04,0
20,excitatory_neuron,ndGBM-05,0
20,excitatory_neuron,ndGBM-06,0
20,excitatory_neuron,ndGBM-07,0
20,excitatory_neuron,ndGBM-08,0
20,excitatory_neuron,ndGBM-09,0
20,excitatory_neuron,ndGBM-11,0
20,excitatory_neuron,rGBM-01,0
20,excitatory_neuron,rGBM-02,0
20,excitatory_neuron,rGBM-03,0
20,excitatory_neuron,rGBM-04,0
20,inhibitory_neuron,3182,0
20,inhibitory_neuron,3282,0
20,inhibitory_neuron,3295,0
20,inhibitory_neuron,BT333,0
20,inhibitory_neuron,BT346,0
20,inhibitory_neuron,BT363,0
20,inhibitory_neuron,BT364,0
20,inhibitory_neuron,BT368,0
20,inhibitory_neuron,BT389,0
20,inhibitory_neuron,BT390,0
20,inhibitory_neuron,BT397,0
20,inhibitory_neuron,BT402,0
20,inhibitory_neuron,BT407,0
20,inhibitory_neuron,BT409,0
20,inhibitory_neuron,C3L-02705,0
20,inhibitory_neuron,C3L-03405,0
20,inhibitory_neuron,C3L-03968,0
20,inhibitory_neuron,C3N-00662,0
20,inhibitory_neuron,C3N-01334,0
20,inhibitory_neuron,C3N-01798,0
20,inhibitory_neuron,C3N-01814,0
20,inhibitory_neuron,C3N-01815,0
20,inhibitory_neuron,C3N-01816,0
20,inhibitory_neuron,C3N-02181,0
20,inhibitory_neuron,C3N-02188,0
20,inhibitory_neuron,C3N-02190,0
20,inhibitory_neuron,C3N-02769,0
20,inhibitory_neuron,C3N-02783,0
20,inhibitory_neuron,C3N-02784,0
20,inhibitory_neuron,C3N-03184,0
20,inhibitory_neuron,C3N-03186,0
20,inhibitory_neuron,C3N-03188,0
20,inhibitory_neuron,E10,0
20,inhibitory_neuron,E100,0
20,inhibitory_neuron,G523,0
20,inhibitory_neuron,G549,0
20,inhibitory_neuron,G566,0
20,inhibitory_neuron,G583,0
20,inhibitory_neuron,G620,0
20,inhibitory_neuron,G637,0
20,inhibitory_neuron,G729,0
20,inhibitory_neuron,G799,0
20,inhibitory_neuron,G837,0
20,inhibitory_neuron,G851,0
20,inhibitory_neuron,G910,0
20,inhibitory_neuron,G945,0
20,inhibitory_neuron,G946,0
20,inhibitory_neuron,G967,0
20,inhibitory_neuron,G983,0
20,inhibitory_neuron,G1003,0
20,inhibitory_neuron,GSM4141788,0
20,inhibitory_neuron,GSM4141789,0
20,inhibitory_neuron,GSM4141790,0
20,inhibitory_neuron,JK125,0
20,inhibitory_neuron,JK134,0
20,inhibitory_neuron,JK136,0
20,inhibitory_neuron,JK142,0
20,inhibitory_neuron,JK153,0
20,inhibitory_neuron,JK156,0
20,inhibitory_neuron,JK163,0
20,inhibitory_neuron,LB3018T,0
20,inhibitory_neuron,LB3579T,0
20,inhibitory_neuron,LB3612T,0
20,inhibitory_neuron,LB3667T,0
20,inhibitory_neuron,LB3771T,0
20,inhibitory_neuron,LB3851T,0
20,inhibitory_neuron,LB3853T,0
20,inhibitory_neuron,LB3854T,0
20,inhibitory_neuron,LB3864T,0
20,inhibitory_neuron,LB3865T,0
20,inhibitory_neuron,LB3869T,0
20,inhibitory_neuron,LB3871T,0
20,inhibitory_neuron,LB3872T,0
20,inhibitory_neuron,LB3914T,0
20,inhibitory_neuron,LB3915T,0
20,inhibitory_neuron,LB3931T,0
20,inhibitory_neuron,LB3944T,0
20,inhibitory_neuron,LB3963T,0
20,inhibitory_neuron,LB4003T,0
20,inhibitory_neuron,LB4006T,0
20,inhibitory_neuron,LB4015T,0
20,inhibitory_neuron,LB4024T,0
20,inhibitory_neuron,LB4034T,0
20,inhibitory_neuron,LB4059T,0
20,inhibitory_neuron,LB4075T,0
20,inhibitory_neuron,LB4101T,0
20,inhibitory_neuron,LB4117T,0
20,inhibitory_neuron,LB4180T,0
20,inhibitory_neuron,MGH102,0
20,inhibitory_neuron,MGH105,0
20,inhibitory_neuron,MGH114,0
20,inhibitory_neuron,MGH115,0
20,inhibitory_neuron,MGH118,0
20,inhibitory_neuron,MGH124,0
20,inhibitory_neuron,MGH125,0
20,inhibitory_neuron,MGH126,0
20,inhibitory_neuron,ND4,0
20,inhibitory_neuron,P234_JAK,0
20,inhibitory_neuron,P294,0
20,inhibitory_neuron,P317,0
20,inhibitory_neuron,P322,0
20,inhibitory_neuron,Patient_2,0
20,inhibitory_neuron,Patient_4,0
20,inhibitory_neuron,R2,0
20,inhibitory_neuron,R3,0
20,inhibitory_neuron,R5,0
20,inhibitory_neuron,SF4297,0
20,inhibitory_neuron,SF6996,0
20,inhibitory_neuron,SF9259R,0
20,inhibitory_neuron,SF9259S,0
20,inhibitory_neuron,SF10022,0
20,inhibitory_neuron,SF10127,0
20,inhibitory_neuron,SF11159,0
20,inhibitory_neuron,SF11209,0
20,inhibitory_neuron,SF11232,0
20,inhibitory_neuron,SF11247,0
20,inhibitory_neuron,SF11644,0
20,inhibitory_neuron,SF11956,0
20,inhibitory_neuron,SF11979,0
20,inhibitory_neuron,SM006,0
20,inhibitory_neuron,SM011,0
20,inhibitory_neuron,SM012,0
20,inhibitory_neuron,SM017,0
20,inhibitory_neuron,SM018,0
20,inhibitory_neuron,X154,0
20,inhibitory_neuron,X192,0
20,inhibitory_neuron,X194,0
20,inhibitory_neuron,ndGBM-01,0
20,inhibitory_neuron,ndGBM-02,0
20,inhibitory_neuron,ndGBM-03,0
20,inhibitory_neuron,ndGBM-04,0
20,inhibitory_neuron,ndGBM-05,0
20,inhibitory_neuron,ndGBM-06,0
20,inhibitory_neuron,ndGBM-07,0
20,inhibitory_neuron,ndGBM-08,0
20,inhibitory_neuron,ndGBM-09,0
20,inhibitory_neuron,ndGBM-11,0
20,inhibitory_neuron,rGBM-01,0
20,inhibitory_neuron,rGBM-02,0
20,inhibitory_neuron,rGBM-03,0
20,inhibitory_neuron,rGBM-04,0
20,oligodendrocyte,3182,6
20,oligodendrocyte,3282,0
20,oligodendrocyte,3295,0
20,oligodendrocyte,BT333,0
20,oligodendrocyte,BT346,0
20,oligodendrocyte,BT363,0
20,oligodendrocyte,BT364,0
20,oligodendrocyte,BT368,0
20,oligodendrocyte,BT389,0
20,oligodendrocyte,BT390,0
20,oligodendrocyte,BT397,0
20,oligodendrocyte,BT402,0
20,oligodendrocyte,BT407,0
20,oligodendrocyte,BT409,0
20,oligodendrocyte,C3L-02705,0
20,oligodendrocyte,C3L-03405,0
20,oligodendrocyte,C3L-03968,0
20,oligodendrocyte,C3N-00662,0
20,oligodendrocyte,C3N-01334,0
20,oligodendrocyte,C3N-01798,0
20,oligodendrocyte,C3N-01814,0
20,oligodendrocyte,C3N-01815,0
20,oligodendrocyte,C3N-01816,0
20,oligodendrocyte,C3N-02181,0
20,oligodendrocyte,C3N-02188,0
20,oligodendrocyte,C3N-02190,0
20,oligodendrocyte,C3N-02769,0
20,oligodendrocyte,C3N-02783,71
20,oligodendrocyte,C3N-02784,3
20,oligodendrocyte,C3N-03184,0
20,oligodendrocyte,C3N-03186,0
20,oligodendrocyte,C3N-03188,1
20,oligodendrocyte,E10,0
20,oligodendrocyte,E100,0
20,oligodendrocyte,G523,0
20,oligodendrocyte,G549,0
20,oligodendrocyte,G566,0
20,oligodendrocyte,G583,0
20,oligodendrocyte,G620,0
20,oligodendrocyte,G637,0
20,oligodendrocyte,G729,0
20,oligodendrocyte,G799,0
20,oligodendrocyte,G837,0
20,oligodendrocyte,G851,0
20,oligodendrocyte,G910,0
20,oligodendrocyte,G945,0
20,oligodendrocyte,G946,0
20,oligodendrocyte,G967,0
20,oligodendrocyte,G983,0
20,oligodendrocyte,G1003,0
20,oligodendrocyte,GSM4141788,0
20,oligodendrocyte,GSM4141789,0
20,oligodendrocyte,GSM4141790,0
20,oligodendrocyte,JK125,0
20,oligodendrocyte,JK134,0
20,oligodendrocyte,JK136,0
20,oligodendrocyte,JK142,0
20,oligodendrocyte,JK153,0
20,oligodendrocyte,JK156,0
20,oligodendrocyte,JK163,0
20,oligodendrocyte,LB3018T,0
20,oligodendrocyte,LB3579T,0
20,oligodendrocyte,LB3612T,0
20,oligodendrocyte,LB3667T,0
20,oligodendrocyte,LB3771T,0
20,oligodendrocyte,LB3851T,0
20,oligodendrocyte,LB3853T,0
20,oligodendrocyte,LB3854T,0
20,oligodendrocyte,LB3864T,0
20,oligodendrocyte,LB3865T,0
20,oligodendrocyte,LB3869T,0
20,oligodendrocyte,LB3871T,0
20,oligodendrocyte,LB3872T,0
20,oligodendrocyte,LB3914T,0
20,oligodendrocyte,LB3915T,0
20,oligodendrocyte,LB3931T,0
20,oligodendrocyte,LB3944T,0
20,oligodendrocyte,LB3963T,0
20,oligodendrocyte,LB4003T,0
20,oligodendrocyte,LB4006T,0
20,oligodendrocyte,LB4015T,0
20,oligodendrocyte,LB4024T,0
20,oligodendrocyte,LB4034T,0
20,oligodendrocyte,LB4059T,0
20,oligodendrocyte,LB4075T,0
20,oligodendrocyte,LB4101T,0
20,oligodendrocyte,LB4117T,0
20,oligodendrocyte,LB4180T,0
20,oligodendrocyte,MGH102,0
20,oligodendrocyte,MGH105,0
20,oligodendrocyte,MGH114,0
20,oligodendrocyte,MGH115,0
20,oligodendrocyte,MGH118,0
20,oligodendrocyte,MGH124,0
20,oligodendrocyte,MGH125,0
20,oligodendrocyte,MGH126,0
20,oligodendrocyte,ND4,0
20,oligodendrocyte,P234_JAK,0
20,oligodendrocyte,P294,0
20,oligodendrocyte,P317,1
20,oligodendrocyte,P322,0
20,oligodendrocyte,Patient_2,0
20,oligodendrocyte,Patient_4,0
20,oligodendrocyte,R2,0
20,oligodendrocyte,R3,0
20,oligodendrocyte,R5,0
20,oligodendrocyte,SF4297,0
20,oligodendrocyte,SF6996,0
20,oligodendrocyte,SF9259R,0
20,oligodendrocyte,SF9259S,0
20,oligodendrocyte,SF10022,0
20,oligodendrocyte,SF10127,0
20,oligodendrocyte,SF11159,0
20,oligodendrocyte,SF11209,0
20,oligodendrocyte,SF11232,0
20,oligodendrocyte,SF11247,0
20,oligodendrocyte,SF11644,0
20,oligodendrocyte,SF11956,0
20,oligodendrocyte,SF11979,0
20,oligodendrocyte,SM006,0
20,oligodendrocyte,SM011,0
20,oligodendrocyte,SM012,1
20,oligodendrocyte,SM017,0
20,oligodendrocyte,SM018,1
20,oligodendrocyte,X154,0
20,oligodendrocyte,X192,1
20,oligodendrocyte,X194,5
20,oligodendrocyte,ndGBM-01,0
20,oligodendrocyte,ndGBM-02,0
20,oligodendrocyte,ndGBM-03,0
20,oligodendrocyte,ndGBM-04,0
20,oligodendrocyte,ndGBM-05,0
20,oligodendrocyte,ndGBM-06,0
20,oligodendrocyte,ndGBM-07,0
20,oligodendrocyte,ndGBM-08,0
20,oligodendrocyte,ndGBM-09,0
20,oligodendrocyte,ndGBM-11,0
20,oligodendrocyte,rGBM-01,0
20,oligodendrocyte,rGBM-02,0
20,oligodendrocyte,rGBM-03,0
20,oligodendrocyte,rGBM-04,0
21,excitatory_neuron,3182,0
21,excitatory_neuron,3282,0
21,excitatory_neuron,3295,0
21,excitatory_neuron,BT333,0
21,excitatory_neuron,BT346,0
21,excitatory_neuron,BT363,0
21,excitatory_neuron,BT364,0
21,excitatory_neuron,BT368,0
21,excitatory_neuron,BT389,0
21,excitatory_neuron,BT390,0
21,excitatory_neuron,BT397,0
21,excitatory_neuron,BT402,0
21,excitatory_neuron,BT407,0
21,excitatory_neuron,BT409,0
21,excitatory_neuron,C3L-02705,0
21,excitatory_neuron,C3L-03405,0
21,excitatory_neuron,C3L-03968,0
21,excitatory_neuron,C3N-00662,0
21,excitatory_neuron,C3N-01334,0
21,excitatory_neuron,C3N-01798,0
21,excitatory_neuron,C3N-01814,0
21,excitatory_neuron,C3N-01815,0
21,excitatory_neuron,C3N-01816,0
21,excitatory_neuron,C3N-02181,0
21,excitatory_neuron,C3N-02188,0
21,excitatory_neuron,C3N-02190,0
21,excitatory_neuron,C3N-02769,0
21,excitatory_neuron,C3N-02783,0
21,excitatory_neuron,C3N-02784,0
21,excitatory_neuron,C3N-03184,0
21,excitatory_neuron,C3N-03186,0
21,excitatory_neuron,C3N-03188,0
21,excitatory_neuron,E10,0
21,excitatory_neuron,E100,0
21,excitatory_neuron,G523,0
21,excitatory_neuron,G549,0
21,excitatory_neuron,G566,0
21,excitatory_neuron,G583,0
21,excitatory_neuron,G620,0
21,excitatory_neuron,G637,0
21,excitatory_neuron,G729,0
21,excitatory_neuron,G799,0
21,excitatory_neuron,G837,0
21,excitatory_neuron,G851,0
21,excitatory_neuron,G910,0
21,excitatory_neuron,G945,0
21,excitatory_neuron,G946,0
21,excitatory_neuron,G967,0
21,excitatory_neuron,G983,0
21,excitatory_neuron,G1003,0
21,excitatory_neuron,GSM4141788,0
21,excitatory_neuron,GSM4141789,0
21,excitatory_neuron,GSM4141790,0
21,excitatory_neuron,JK125,0
21,excitatory_neuron,JK134,0
21,excitatory_neuron,JK136,0
21,excitatory_neuron,JK142,0
21,excitatory_neuron,JK153,0
21,excitatory_neuron,JK156,0
21,excitatory_neuron,JK163,0
21,excitatory_neuron,LB3018T,0
21,excitatory_neuron,LB3579T,0
21,excitatory_neuron,LB3612T,0
21,excitatory_neuron,LB3667T,0
21,excitatory_neuron,LB3771T,0
21,excitatory_neuron,LB3851T,0
21,excitatory_neuron,LB3853T,0
21,excitatory_neuron,LB3854T,0
21,excitatory_neuron,LB3864T,0
21,excitatory_neuron,LB3865T,0
21,excitatory_neuron,LB3869T,0
21,excitatory_neuron,LB3871T,0
21,excitatory_neuron,LB3872T,0
21,excitatory_neuron,LB3914T,0
21,excitatory_neuron,LB3915T,0
21,excitatory_neuron,LB3931T,0
21,excitatory_neuron,LB3944T,0
21,excitatory_neuron,LB3963T,0
21,excitatory_neuron,LB4003T,0
21,excitatory_neuron,LB4006T,0
21,excitatory_neuron,LB4015T,0
21,excitatory_neuron,LB4024T,0
21,excitatory_neuron,LB4034T,0
21,excitatory_neuron,LB4059T,0
21,excitatory_neuron,LB4075T,0
21,excitatory_neuron,LB4101T,0
21,excitatory_neuron,LB4117T,0
21,excitatory_neuron,LB4180T,0
21,excitatory_neuron,MGH102,0
21,excitatory_neuron,MGH105,0
21,excitatory_neuron,MGH114,0
21,excitatory_neuron,MGH115,0
21,excitatory_neuron,MGH118,0
21,excitatory_neuron,MGH124,0
21,excitatory_neuron,MGH125,0
21,excitatory_neuron,MGH126,0
21,excitatory_neuron,ND4,0
21,excitatory_neuron,P234_JAK,0
21,excitatory_neuron,P294,0
21,excitatory_neuron,P317,0
21,excitatory_neuron,P322,0
21,excitatory_neuron,Patient_2,0
21,excitatory_neuron,Patient_4,0
21,excitatory_neuron,R2,0
21,excitatory_neuron,R3,0
21,excitatory_neuron,R5,0
21,excitatory_neuron,SF4297,0
21,excitatory_neuron,SF6996,0
21,excitatory_neuron,SF9259R,0
21,excitatory_neuron,SF9259S,0
21,excitatory_neuron,SF10022,0
21,excitatory_neuron,SF10127,0
21,excitatory_neuron,SF11159,0
21,excitatory_neuron,SF11209,0
21,excitatory_neuron,SF11232,0
21,excitatory_neuron,SF11247,0
21,excitatory_neuron,SF11644,0
21,excitatory_neuron,SF11956,0
21,excitatory_neuron,SF11979,0
21,excitatory_neuron,SM006,0
21,excitatory_neuron,SM011,0
21,excitatory_neuron,SM012,0
21,excitatory_neuron,SM017,0
21,excitatory_neuron,SM018,0
21,excitatory_neuron,X154,0
21,excitatory_neuron,X192,0
21,excitatory_neuron,X194,0
21,excitatory_neuron,ndGBM-01,0
21,excitatory_neuron,ndGBM-02,0
21,excitatory_neuron,ndGBM-03,0
21,excitatory_neuron,ndGBM-04,0
21,excitatory_neuron,ndGBM-05,0
21,excitatory_neuron,ndGBM-06,0
21,excitatory_neuron,ndGBM-07,0
21,excitatory_neuron,ndGBM-08,0
21,excitatory_neuron,ndGBM-09,0
21,excitatory_neuron,ndGBM-11,0
21,excitatory_neuron,rGBM-01,0
21,excitatory_neuron,rGBM-02,0
21,excitatory_neuron,rGBM-03,0
21,excitatory_neuron,rGBM-04,0
21,inhibitory_neuron,3182,0
21,inhibitory_neuron,3282,0
21,inhibitory_neuron,3295,0
21,inhibitory_neuron,BT333,0
21,inhibitory_neuron,BT346,0
21,inhibitory_neuron,BT363,0
21,inhibitory_neuron,BT364,0
21,inhibitory_neuron,BT368,0
21,inhibitory_neuron,BT389,0
21,inhibitory_neuron,BT390,0
21,inhibitory_neuron,BT397,0
21,inhibitory_neuron,BT402,0
21,inhibitory_neuron,BT407,0
21,inhibitory_neuron,BT409,0
21,inhibitory_neuron,C3L-02705,0
21,inhibitory_neuron,C3L-03405,0
21,inhibitory_neuron,C3L-03968,0
21,inhibitory_neuron,C3N-00662,0
21,inhibitory_neuron,C3N-01334,0
21,inhibitory_neuron,C3N-01798,0
21,inhibitory_neuron,C3N-01814,0
21,inhibitory_neuron,C3N-01815,0
21,inhibitory_neuron,C3N-01816,0
21,inhibitory_neuron,C3N-02181,0
21,inhibitory_neuron,C3N-02188,0
21,inhibitory_neuron,C3N-02190,0
21,inhibitory_neuron,C3N-02769,0
21,inhibitory_neuron,C3N-02783,0
21,inhibitory_neuron,C3N-02784,0
21,inhibitory_neuron,C3N-03184,0
21,inhibitory_neuron,C3N-03186,0
21,inhibitory_neuron,C3N-03188,0
21,inhibitory_neuron,E10,0
21,inhibitory_neuron,E100,0
21,inhibitory_neuron,G523,0
21,inhibitory_neuron,G549,0
21,inhibitory_neuron,G566,0
21,inhibitory_neuron,G583,0
21,inhibitory_neuron,G620,0
21,inhibitory_neuron,G637,0
21,inhibitory_neuron,G729,0
21,inhibitory_neuron,G799,0
21,inhibitory_neuron,G837,0
21,inhibitory_neuron,G851,0
21,inhibitory_neuron,G910,0
21,inhibitory_neuron,G945,0
21,inhibitory_neuron,G946,0
21,inhibitory_neuron,G967,0
21,inhibitory_neuron,G983,0
21,inhibitory_neuron,G1003,0
21,inhibitory_neuron,GSM4141788,0
21,inhibitory_neuron,GSM4141789,0
21,inhibitory_neuron,GSM4141790,0
21,inhibitory_neuron,JK125,0
21,inhibitory_neuron,JK134,0
21,inhibitory_neuron,JK136,0
21,inhibitory_neuron,JK142,0
21,inhibitory_neuron,JK153,0
21,inhibitory_neuron,JK156,0
21,inhibitory_neuron,JK163,0
21,inhibitory_neuron,LB3018T,0
21,inhibitory_neuron,LB3579T,0
21,inhibitory_neuron,LB3612T,0
21,inhibitory_neuron,LB3667T,0
21,inhibitory_neuron,LB3771T,0
21,inhibitory_neuron,LB3851T,0
21,inhibitory_neuron,LB3853T,0
21,inhibitory_neuron,LB3854T,0
21,inhibitory_neuron,LB3864T,0
21,inhibitory_neuron,LB3865T,0
21,inhibitory_neuron,LB3869T,0
21,inhibitory_neuron,LB3871T,0
21,inhibitory_neuron,LB3872T,0
21,inhibitory_neuron,LB3914T,0
21,inhibitory_neuron,LB3915T,0
21,inhibitory_neuron,LB3931T,0
21,inhibitory_neuron,LB3944T,0
21,inhibitory_neuron,LB3963T,0
21,inhibitory_neuron,LB4003T,0
21,inhibitory_neuron,LB4006T,0
21,inhibitory_neuron,LB4015T,0
21,inhibitory_neuron,LB4024T,0
21,inhibitory_neuron,LB4034T,0
21,inhibitory_neuron,LB4059T,0
21,inhibitory_neuron,LB4075T,0
21,inhibitory_neuron,LB4101T,0
21,inhibitory_neuron,LB4117T,0
21,inhibitory_neuron,LB4180T,0
21,inhibitory_neuron,MGH102,0
21,inhibitory_neuron,MGH105,0
21,inhibitory_neuron,MGH114,0
21,inhibitory_neuron,MGH115,0
21,inhibitory_neuron,MGH118,0
21,inhibitory_neuron,MGH124,0
21,inhibitory_neuron,MGH125,0
21,inhibitory_neuron,MGH126,0
21,inhibitory_neuron,ND4,0
21,inhibitory_neuron,P234_JAK,0
21,inhibitory_neuron,P294,0
21,inhibitory_neuron,P317,0
21,inhibitory_neuron,P322,0
21,inhibitory_neuron,Patient_2,0
21,inhibitory_neuron,Patient_4,0
21,inhibitory_neuron,R2,0
21,inhibitory_neuron,R3,0
21,inhibitory_neuron,R5,0
21,inhibitory_neuron,SF4297,0
21,inhibitory_neuron,SF6996,0
21,inhibitory_neuron,SF9259R,0
21,inhibitory_neuron,SF9259S,0
21,inhibitory_neuron,SF10022,0
21,inhibitory_neuron,SF10127,0
21,inhibitory_neuron,SF11159,0
21,inhibitory_neuron,SF11209,0
21,inhibitory_neuron,SF11232,0
21,inhibitory_neuron,SF11247,0
21,inhibitory_neuron,SF11644,0
21,inhibitory_neuron,SF11956,0
21,inhibitory_neuron,SF11979,0
21,inhibitory_neuron,SM006,0
21,inhibitory_neuron,SM011,0
21,inhibitory_neuron,SM012,0
21,inhibitory_neuron,SM017,0
21,inhibitory_neuron,SM018,0
21,inhibitory_neuron,X154,0
21,inhibitory_neuron,X192,0
21,inhibitory_neuron,X194,0
21,inhibitory_neuron,ndGBM-01,0
21,inhibitory_neuron,ndGBM-02,0
21,inhibitory_neuron,ndGBM-03,0
21,inhibitory_neuron,ndGBM-04,0
21,inhibitory_neuron,ndGBM-05,0
21,inhibitory_neuron,ndGBM-06,0
21,inhibitory_neuron,ndGBM-07,0
21,inhibitory_neuron,ndGBM-08,0
21,inhibitory_neuron,ndGBM-09,0
21,inhibitory_neuron,ndGBM-11,0
21,inhibitory_neuron,rGBM-01,0
21,inhibitory_neuron,rGBM-02,0
21,inhibitory_neuron,rGBM-03,0
21,inhibitory_neuron,rGBM-04,0
21,oligodendrocyte,3182,0
21,oligodendrocyte,3282,0
21,oligodendrocyte,3295,0
21,oligodendrocyte,BT333,0
21,oligodendrocyte,BT346,0
21,oligodendrocyte,BT363,0
21,oligodendrocyte,BT364,0
21,oligodendrocyte,BT368,0
21,oligodendrocyte,BT389,0
21,oligodendrocyte,BT390,0
21,oligodendrocyte,BT397,0
21,oligodendrocyte,BT402,0
21,oligodendrocyte,BT407,0
21,oligodendrocyte,BT409,0
21,oligodendrocyte,C3L-02705,0
21,oligodendrocyte,C3L-03405,0
21,oligodendrocyte,C3L-03968,0
21,oligodendrocyte,C3N-00662,0
21,oligodendrocyte,C3N-01334,0
21,oligodendrocyte,C3N-01798,0
21,oligodendrocyte,C3N-01814,0
21,oligodendrocyte,C3N-01815,0
21,oligodendrocyte,C3N-01816,0
21,oligodendrocyte,C3N-02181,0
21,oligodendrocyte,C3N-02188,0
21,oligodendrocyte,C3N-02190,0
21,oligodendrocyte,C3N-02769,0
21,oligodendrocyte,C3N-02783,0
21,oligodendrocyte,C3N-02784,0
21,oligodendrocyte,C3N-03184,0
21,oligodendrocyte,C3N-03186,0
21,oligodendrocyte,C3N-03188,0
21,oligodendrocyte,E10,0
21,oligodendrocyte,E100,0
21,oligodendrocyte,G523,0
21,oligodendrocyte,G549,0
21,oligodendrocyte,G566,0
21,oligodendrocyte,G583,0
21,oligodendrocyte,G620,0
21,oligodendrocyte,G637,0
21,oligodendrocyte,G729,0
21,oligodendrocyte,G799,0
21,oligodendrocyte,G837,0
21,oligodendrocyte,G851,0
21,oligodendrocyte,G910,0
21,oligodendrocyte,G945,0
21,oligodendrocyte,G946,0
21,oligodendrocyte,G967,0
21,oligodendrocyte,G983,0
21,oligodendrocyte,G1003,0
21,oligodendrocyte,GSM4141788,0
21,oligodendrocyte,GSM4141789,0
21,oligodendrocyte,GSM4141790,0
21,oligodendrocyte,JK125,0
21,oligodendrocyte,JK134,0
21,oligodendrocyte,JK136,0
21,oligodendrocyte,JK142,0
21,oligodendrocyte,JK153,0
21,oligodendrocyte,JK156,0
21,oligodendrocyte,JK163,0
21,oligodendrocyte,LB3018T,0
21,oligodendrocyte,LB3579T,0
21,oligodendrocyte,LB3612T,0
21,oligodendrocyte,LB3667T,0
21,oligodendrocyte,LB3771T,0
21,oligodendrocyte,LB3851T,0
21,oligodendrocyte,LB3853T,0
21,oligodendrocyte,LB3854T,0
21,oligodendrocyte,LB3864T,0
21,oligodendrocyte,LB3865T,0
21,oligodendrocyte,LB3869T,0
21,oligodendrocyte,LB3871T,0
21,oligodendrocyte,LB3872T,0
21,oligodendrocyte,LB3914T,0
21,oligodendrocyte,LB3915T,0
21,oligodendrocyte,LB3931T,0
21,oligodendrocyte,LB3944T,0
21,oligodendrocyte,LB3963T,0
21,oligodendrocyte,LB4003T,0
21,oligodendrocyte,LB4006T,0
21,oligodendrocyte,LB4015T,0
21,oligodendrocyte,LB4024T,0
21,oligodendrocyte,LB4034T,0
21,oligodendrocyte,LB4059T,0
21,oligodendrocyte,LB4075T,0
21,oligodendrocyte,LB4101T,0
21,oligodendrocyte,LB4117T,0
21,oligodendrocyte,LB4180T,0
21,oligodendrocyte,MGH102,0
21,oligodendrocyte,MGH105,0
21,oligodendrocyte,MGH114,0
21,oligodendrocyte,MGH115,0
21,oligodendrocyte,MGH118,0
21,oligodendrocyte,MGH124,0
21,oligodendrocyte,MGH125,0
21,oligodendrocyte,MGH126,0
21,oligodendrocyte,ND4,0
21,oligodendrocyte,P234_JAK,0
21,oligodendrocyte,P294,0
21,oligodendrocyte,P317,0
21,oligodendrocyte,P322,0
21,oligodendrocyte,Patient_2,19
21,oligodendrocyte,Patient_4,0
21,oligodendrocyte,R2,0
21,oligodendrocyte,R3,0
21,oligodendrocyte,R5,0
21,oligodendrocyte,SF4297,0
21,oligodendrocyte,SF6996,0
21,oligodendrocyte,SF9259R,0
21,oligodendrocyte,SF9259S,0
21,oligodendrocyte,SF10022,0
21,oligodendrocyte,SF10127,0
21,oligodendrocyte,SF11159,0
21,oligodendrocyte,SF11209,0
21,oligodendrocyte,SF11232,0
21,oligodendrocyte,SF11247,0
21,oligodendrocyte,SF11644,0
21,oligodendrocyte,SF11956,0
21,oligodendrocyte,SF11979,0
21,oligodendrocyte,SM006,0
21,oligodendrocyte,SM011,0
21,oligodendrocyte,SM012,0
21,oligodendrocyte,SM017,0
21,oligodendrocyte,SM018,0
21,oligodendrocyte,X154,0
21,oligodendrocyte,X192,0
21,oligodendrocyte,X194,0
21,oligodendrocyte,ndGBM-01,0
21,oligodendrocyte,ndGBM-02,0
21,oligodendrocyte,ndGBM-03,0
21,oligodendrocyte,ndGBM-04,0
21,oligodendrocyte,ndGBM-05,0
21,oligodendrocyte,ndGBM-06,0
21,oligodendrocyte,ndGBM-07,0
21,oligodendrocyte,ndGBM-08,0
21,oligodendrocyte,ndGBM-09,0
21,oligodendrocyte,ndGBM-11,0
21,oligodendrocyte,rGBM-01,0
21,oligodendrocyte,rGBM-02,0
21,oligodendrocyte,rGBM-03,0
21,oligodendrocyte,rGBM-04,0
22,excitatory_neuron,3182,0
22,excitatory_neuron,3282,0
22,excitatory_neuron,3295,0
22,excitatory_neuron,BT333,0
22,excitatory_neuron,BT346,0
22,excitatory_neuron,BT363,0
22,excitatory_neuron,BT364,0
22,excitatory_neuron,BT368,0
22,excitatory_neuron,BT389,0
22,excitatory_neuron,BT390,0
22,excitatory_neuron,BT397,0
22,excitatory_neuron,BT402,0
22,excitatory_neuron,BT407,0
22,excitatory_neuron,BT409,0
22,excitatory_neuron,C3L-02705,0
22,excitatory_neuron,C3L-03405,0
22,excitatory_neuron,C3L-03968,0
22,excitatory_neuron,C3N-00662,0
22,excitatory_neuron,C3N-01334,0
22,excitatory_neuron,C3N-01798,0
22,excitatory_neuron,C3N-01814,0
22,excitatory_neuron,C3N-01815,0
22,excitatory_neuron,C3N-01816,0
22,excitatory_neuron,C3N-02181,0
22,excitatory_neuron,C3N-02188,0
22,excitatory_neuron,C3N-02190,0
22,excitatory_neuron,C3N-02769,0
22,excitatory_neuron,C3N-02783,0
22,excitatory_neuron,C3N-02784,0
22,excitatory_neuron,C3N-03184,0
22,excitatory_neuron,C3N-03186,0
22,excitatory_neuron,C3N-03188,0
22,excitatory_neuron,E10,0
22,excitatory_neuron,E100,0
22,excitatory_neuron,G523,0
22,excitatory_neuron,G549,0
22,excitatory_neuron,G566,0
22,excitatory_neuron,G583,0
22,excitatory_neuron,G620,0
22,excitatory_neuron,G637,0
22,excitatory_neuron,G729,0
22,excitatory_neuron,G799,0
22,excitatory_neuron,G837,0
22,excitatory_neuron,G851,0
22,excitatory_neuron,G910,0
22,excitatory_neuron,G945,0
22,excitatory_neuron,G946,0
22,excitatory_neuron,G967,0
22,excitatory_neuron,G983,0
22,excitatory_neuron,G1003,0
22,excitatory_neuron,GSM4141788,0
22,excitatory_neuron,GSM4141789,0
22,excitatory_neuron,GSM4141790,0
22,excitatory_neuron,JK125,0
22,excitatory_neuron,JK134,0
22,excitatory_neuron,JK136,0
22,excitatory_neuron,JK142,0
22,excitatory_neuron,JK153,0
22,excitatory_neuron,JK156,0
22,excitatory_neuron,JK163,0
22,excitatory_neuron,LB3018T,0
22,excitatory_neuron,LB3579T,0
22,excitatory_neuron,LB3612T,0
22,excitatory_neuron,LB3667T,0
22,excitatory_neuron,LB3771T,0
22,excitatory_neuron,LB3851T,0
22,excitatory_neuron,LB3853T,0
22,excitatory_neuron,LB3854T,0
22,excitatory_neuron,LB3864T,0
22,excitatory_neuron,LB3865T,0
22,excitatory_neuron,LB3869T,0
22,excitatory_neuron,LB3871T,0
22,excitatory_neuron,LB3872T,0
22,excitatory_neuron,LB3914T,0
22,excitatory_neuron,LB3915T,0
22,excitatory_neuron,LB3931T,0
22,excitatory_neuron,LB3944T,0
22,excitatory_neuron,LB3963T,0
22,excitatory_neuron,LB4003T,0
22,excitatory_neuron,LB4006T,0
22,excitatory_neuron,LB4015T,0
22,excitatory_neuron,LB4024T,0
22,excitatory_neuron,LB4034T,0
22,excitatory_neuron,LB4059T,0
22,excitatory_neuron,LB4075T,0
22,excitatory_neuron,LB4101T,0
22,excitatory_neuron,LB4117T,0
22,excitatory_neuron,LB4180T,0
22,excitatory_neuron,MGH102,0
22,excitatory_neuron,MGH105,0
22,excitatory_neuron,MGH114,0
22,excitatory_neuron,MGH115,0
22,excitatory_neuron,MGH118,0
22,excitatory_neuron,MGH124,0
22,excitatory_neuron,MGH125,0
22,excitatory_neuron,MGH126,0
22,excitatory_neuron,ND4,0
22,excitatory_neuron,P234_JAK,0
22,excitatory_neuron,P294,0
22,excitatory_neuron,P317,0
22,excitatory_neuron,P322,0
22,excitatory_neuron,Patient_2,0
22,excitatory_neuron,Patient_4,0
22,excitatory_neuron,R2,0
22,excitatory_neuron,R3,0
22,excitatory_neuron,R5,0
22,excitatory_neuron,SF4297,0
22,excitatory_neuron,SF6996,0
22,excitatory_neuron,SF9259R,0
22,excitatory_neuron,SF9259S,0
22,excitatory_neuron,SF10022,0
22,excitatory_neuron,SF10127,0
22,excitatory_neuron,SF11159,0
22,excitatory_neuron,SF11209,0
22,excitatory_neuron,SF11232,0
22,excitatory_neuron,SF11247,0
22,excitatory_neuron,SF11644,0
22,excitatory_neuron,SF11956,0
22,excitatory_neuron,SF11979,0
22,excitatory_neuron,SM006,0
22,excitatory_neuron,SM011,0
22,excitatory_neuron,SM012,0
22,excitatory_neuron,SM017,0
22,excitatory_neuron,SM018,0
22,excitatory_neuron,X154,0
22,excitatory_neuron,X192,0
22,excitatory_neuron,X194,0
22,excitatory_neuron,ndGBM-01,0
22,excitatory_neuron,ndGBM-02,0
22,excitatory_neuron,ndGBM-03,0
22,excitatory_neuron,ndGBM-04,0
22,excitatory_neuron,ndGBM-05,0
22,excitatory_neuron,ndGBM-06,0
22,excitatory_neuron,ndGBM-07,0
22,excitatory_neuron,ndGBM-08,0
22,excitatory_neuron,ndGBM-09,0
22,excitatory_neuron,ndGBM-11,0
22,excitatory_neuron,rGBM-01,0
22,excitatory_neuron,rGBM-02,0
22,excitatory_neuron,rGBM-03,0
22,excitatory_neuron,rGBM-04,0
22,inhibitory_neuron,3182,0
22,inhibitory_neuron,3282,0
22,inhibitory_neuron,3295,0
22,inhibitory_neuron,BT333,0
22,inhibitory_neuron,BT346,0
22,inhibitory_neuron,BT363,0
22,inhibitory_neuron,BT364,0
22,inhibitory_neuron,BT368,0
22,inhibitory_neuron,BT389,0
22,inhibitory_neuron,BT390,0
22,inhibitory_neuron,BT397,0
22,inhibitory_neuron,BT402,0
22,inhibitory_neuron,BT407,0
22,inhibitory_neuron,BT409,0
22,inhibitory_neuron,C3L-02705,0
22,inhibitory_neuron,C3L-03405,0
22,inhibitory_neuron,C3L-03968,0
22,inhibitory_neuron,C3N-00662,0
22,inhibitory_neuron,C3N-01334,0
22,inhibitory_neuron,C3N-01798,0
22,inhibitory_neuron,C3N-01814,0
22,inhibitory_neuron,C3N-01815,0
22,inhibitory_neuron,C3N-01816,0
22,inhibitory_neuron,C3N-02181,0
22,inhibitory_neuron,C3N-02188,0
22,inhibitory_neuron,C3N-02190,0
22,inhibitory_neuron,C3N-02769,0
22,inhibitory_neuron,C3N-02783,0
22,inhibitory_neuron,C3N-02784,0
22,inhibitory_neuron,C3N-03184,0
22,inhibitory_neuron,C3N-03186,0
22,inhibitory_neuron,C3N-03188,0
22,inhibitory_neuron,E10,0
22,inhibitory_neuron,E100,0
22,inhibitory_neuron,G523,0
22,inhibitory_neuron,G549,0
22,inhibitory_neuron,G566,0
22,inhibitory_neuron,G583,0
22,inhibitory_neuron,G620,0
22,inhibitory_neuron,G637,0
22,inhibitory_neuron,G729,0
22,inhibitory_neuron,G799,0
22,inhibitory_neuron,G837,0
22,inhibitory_neuron,G851,0
22,inhibitory_neuron,G910,0
22,inhibitory_neuron,G945,0
22,inhibitory_neuron,G946,0
22,inhibitory_neuron,G967,0
22,inhibitory_neuron,G983,0
22,inhibitory_neuron,G1003,0
22,inhibitory_neuron,GSM4141788,0
22,inhibitory_neuron,GSM4141789,0
22,inhibitory_neuron,GSM4141790,0
22,inhibitory_neuron,JK125,0
22,inhibitory_neuron,JK134,0
22,inhibitory_neuron,JK136,0
22,inhibitory_neuron,JK142,0
22,inhibitory_neuron,JK153,0
22,inhibitory_neuron,JK156,0
22,inhibitory_neuron,JK163,0
22,inhibitory_neuron,LB3018T,0
22,inhibitory_neuron,LB3579T,0
22,inhibitory_neuron,LB3612T,0
22,inhibitory_neuron,LB3667T,0
22,inhibitory_neuron,LB3771T,0
22,inhibitory_neuron,LB3851T,0
22,inhibitory_neuron,LB3853T,0
22,inhibitory_neuron,LB3854T,0
22,inhibitory_neuron,LB3864T,0
22,inhibitory_neuron,LB3865T,0
22,inhibitory_neuron,LB3869T,0
22,inhibitory_neuron,LB3871T,0
22,inhibitory_neuron,LB3872T,0
22,inhibitory_neuron,LB3914T,0
22,inhibitory_neuron,LB3915T,0
22,inhibitory_neuron,LB3931T,0
22,inhibitory_neuron,LB3944T,0
22,inhibitory_neuron,LB3963T,0
22,inhibitory_neuron,LB4003T,0
22,inhibitory_neuron,LB4006T,0
22,inhibitory_neuron,LB4015T,0
22,inhibitory_neuron,LB4024T,0
22,inhibitory_neuron,LB4034T,0
22,inhibitory_neuron,LB4059T,0
22,inhibitory_neuron,LB4075T,0
22,inhibitory_neuron,LB4101T,0
22,inhibitory_neuron,LB4117T,0
22,inhibitory_neuron,LB4180T,0
22,inhibitory_neuron,MGH102,0
22,inhibitory_neuron,MGH105,0
22,inhibitory_neuron,MGH114,0
22,inhibitory_neuron,MGH115,0
22,inhibitory_neuron,MGH118,0
22,inhibitory_neuron,MGH124,0
22,inhibitory_neuron,MGH125,0
22,inhibitory_neuron,MGH126,0
22,inhibitory_neuron,ND4,0
22,inhibitory_neuron,P234_JAK,0
22,inhibitory_neuron,P294,0
22,inhibitory_neuron,P317,0
22,inhibitory_neuron,P322,0
22,inhibitory_neuron,Patient_2,0
22,inhibitory_neuron,Patient_4,0
22,inhibitory_neuron,R2,0
22,inhibitory_neuron,R3,0
22,inhibitory_neuron,R5,0
22,inhibitory_neuron,SF4297,0
22,inhibitory_neuron,SF6996,0
22,inhibitory_neuron,SF9259R,0
22,inhibitory_neuron,SF9259S,0
22,inhibitory_neuron,SF10022,0
22,inhibitory_neuron,SF10127,0
22,inhibitory_neuron,SF11159,0
22,inhibitory_neuron,SF11209,0
22,inhibitory_neuron,SF11232,0
22,inhibitory_neuron,SF11247,0
22,inhibitory_neuron,SF11644,0
22,inhibitory_neuron,SF11956,0
22,inhibitory_neuron,SF11979,0
22,inhibitory_neuron,SM006,0
22,inhibitory_neuron,SM011,0
22,inhibitory_neuron,SM012,0
22,inhibitory_neuron,SM017,0
22,inhibitory_neuron,SM018,0
22,inhibitory_neuron,X154,0
22,inhibitory_neuron,X192,0
22,inhibitory_neuron,X194,0
22,inhibitory_neuron,ndGBM-01,0
22,inhibitory_neuron,ndGBM-02,0
22,inhibitory_neuron,ndGBM-03,0
22,inhibitory_neuron,ndGBM-04,0
22,inhibitory_neuron,ndGBM-05,0
22,inhibitory_neuron,ndGBM-06,0
22,inhibitory_neuron,ndGBM-07,0
22,inhibitory_neuron,ndGBM-08,0
22,inhibitory_neuron,ndGBM-09,0
22,inhibitory_neuron,ndGBM-11,0
22,inhibitory_neuron,rGBM-01,0
22,inhibitory_neuron,rGBM-02,0
22,inhibitory_neuron,rGBM-03,0
22,inhibitory_neuron,rGBM-04,0
22,oligodendrocyte,3182,0
22,oligodendrocyte,3282,0
22,oligodendrocyte,3295,0
22,oligodendrocyte,BT333,0
22,oligodendrocyte,BT346,0
22,oligodendrocyte,BT363,0
22,oligodendrocyte,BT364,0
22,oligodendrocyte,BT368,0
22,oligodendrocyte,BT389,0
22,oligodendrocyte,BT390,0
22,oligodendrocyte,BT397,0
22,oligodendrocyte,BT402,0
22,oligodendrocyte,BT407,0
22,oligodendrocyte,BT409,0
22,oligodendrocyte,C3L-02705,0
22,oligodendrocyte,C3L-03405,0
22,oligodendrocyte,C3L-03968,0
22,oligodendrocyte,C3N-00662,0
22,oligodendrocyte,C3N-01334,0
22,oligodendrocyte,C3N-01798,0
22,oligodendrocyte,C3N-01814,0
22,oligodendrocyte,C3N-01815,0
22,oligodendrocyte,C3N-01816,0
22,oligodendrocyte,C3N-02181,0
22,oligodendrocyte,C3N-02188,0
22,oligodendrocyte,C3N-02190,0
22,oligodendrocyte,C3N-02769,0
22,oligodendrocyte,C3N-02783,0
22,oligodendrocyte,C3N-02784,0
22,oligodendrocyte,C3N-03184,0
22,oligodendrocyte,C3N-03186,0
22,oligodendrocyte,C3N-03188,0
22,oligodendrocyte,E10,0
22,oligodendrocyte,E100,0
22,oligodendrocyte,G523,0
22,oligodendrocyte,G549,0
22,oligodendrocyte,G566,0
22,oligodendrocyte,G583,0
22,oligodendrocyte,G620,0
22,oligodendrocyte,G637,0
22,oligodendrocyte,G729,0
22,oligodendrocyte,G799,0
22,oligodendrocyte,G837,0
22,oligodendrocyte,G851,0
22,oligodendrocyte,G910,0
22,oligodendrocyte,G945,0
22,oligodendrocyte,G946,0
22,oligodendrocyte,G967,0
22,oligodendrocyte,G983,0
22,oligodendrocyte,G1003,0
22,oligodendrocyte,GSM4141788,0
22,oligodendrocyte,GSM4141789,0
22,oligodendrocyte,GSM4141790,0
22,oligodendrocyte,JK125,0
22,oligodendrocyte,JK134,0
22,oligodendrocyte,JK136,0
22,oligodendrocyte,JK142,0
22,oligodendrocyte,JK153,0
22,oligodendrocyte,JK156,0
22,oligodendrocyte,JK163,0
22,oligodendrocyte,LB3018T,0
22,oligodendrocyte,LB3579T,0
22,oligodendrocyte,LB3612T,0
22,oligodendrocyte,LB3667T,0
22,oligodendrocyte,LB3771T,0
22,oligodendrocyte,LB3851T,0
22,oligodendrocyte,LB3853T,0
22,oligodendrocyte,LB3854T,0
22,oligodendrocyte,LB3864T,0
22,oligodendrocyte,LB3865T,0
22,oligodendrocyte,LB3869T,0
22,oligodendrocyte,LB3871T,0
22,oligodendrocyte,LB3872T,0
22,oligodendrocyte,LB3914T,0
22,oligodendrocyte,LB3915T,0
22,oligodendrocyte,LB3931T,0
22,oligodendrocyte,LB3944T,0
22,oligodendrocyte,LB3963T,0
22,oligodendrocyte,LB4003T,0
22,oligodendrocyte,LB4006T,0
22,oligodendrocyte,LB4015T,0
22,oligodendrocyte,LB4024T,0
22,oligodendrocyte,LB4034T,0
22,oligodendrocyte,LB4059T,0
22,oligodendrocyte,LB4075T,0
22,oligodendrocyte,LB4101T,0
22,oligodendrocyte,LB4117T,0
22,oligodendrocyte,LB4180T,0
22,oligodendrocyte,MGH102,0
22,oligodendrocyte,MGH105,0
22,oligodendrocyte,MGH114,0
22,oligodendrocyte,MGH115,0
22,oligodendrocyte,MGH118,0
22,oligodendrocyte,MGH124,0
22,oligodendrocyte,MGH125,0
22,oligodendrocyte,MGH126,0
22,oligodendrocyte,ND4,0
22,oligodendrocyte,P234_JAK,0
22,oligodendrocyte,P294,0
22,oligodendrocyte,P317,0
22,oligodendrocyte,P322,0
22,oligodendrocyte,Patient_2,0
22,oligodendrocyte,Patient_4,0
22,oligodendrocyte,R2,0
22,oligodendrocyte,R3,0
22,oligodendrocyte,R5,0
22,oligodendrocyte,SF4297,0
22,oligodendrocyte,SF6996,18
22,oligodendrocyte,SF9259R,0
22,oligodendrocyte,SF9259S,0
22,oligodendrocyte,SF10022,0
22,oligodendrocyte,SF10127,0
22,oligodendrocyte,SF11159,0
22,oligodendrocyte,SF11209,0
22,oligodendrocyte,SF11232,0
22,oligodendrocyte,SF11247,0
22,oligodendrocyte,SF11644,0
22,oligodendrocyte,SF11956,0
22,oligodendrocyte,SF11979,0
22,oligodendrocyte,SM006,0
22,oligodendrocyte,SM011,0
22,oligodendrocyte,SM012,0
22,oligodendrocyte,SM017,0
22,oligodendrocyte,SM018,0
22,oligodendrocyte,X154,0
22,oligodendrocyte,X192,0
22,oligodendrocyte,X194,0
22,oligodendrocyte,ndGBM-01,0
22,oligodendrocyte,ndGBM-02,0
22,oligodendrocyte,ndGBM-03,0
22,oligodendrocyte,ndGBM-04,0
22,oligodendrocyte,ndGBM-05,0
22,oligodendrocyte,ndGBM-06,0
22,oligodendrocyte,ndGBM-07,0
22,oligodendrocyte,ndGBM-08,0
22,oligodendrocyte,ndGBM-09,0
22,oligodendrocyte,ndGBM-11,0
22,oligodendrocyte,rGBM-01,0
22,oligodendrocyte,rGBM-02,0
22,oligodendrocyte,rGBM-03,0
22,oligodendrocyte,rGBM-04,0
