cluster,names,gene_symbol,scores,logfoldchanges,pvals,pvals_adj,dominant_sample_fraction,n_contributing_samples,normalised_entropy,batch_qc_pass
10,ENSG00000115310,RTN4,56.492508,1.8854629,0.0,0.0,0.8274,7,0.1908,False
10,ENSG00000086061,DNAJA1,52.893974,2.966538,0.0,0.0,0.8274,7,0.1908,False
10,ENSG00000169504,CLIC4,52.642975,2.8900905,0.0,0.0,0.8274,7,0.1908,False
10,ENSG00000125740,FOSB,51.88668,3.5722818,0.0,0.0,0.8274,7,0.1908,False
10,ENSG00000096384,HSP90AB1,51.851944,2.7287784,0.0,0.0,0.8274,7,0.1908,False
10,ENSG00000178053,MLF1,51.680786,4.159892,0.0,0.0,0.8274,7,0.1908,False
10,ENSG00000080824,HSP90AA1,51.371155,2.4744067,0.0,0.0,0.8274,7,0.1908,False
10,ENSG00000008405,CRY1,50.809162,3.8962133,0.0,0.0,0.8274,7,0.1908,False
10,ENSG00000159388,BTG2,50.7989,3.3202078,0.0,0.0,0.8274,7,0.1908,False
10,ENSG00000166086,JAM3,50.338776,2.6265285,0.0,0.0,0.8274,7,0.1908,False
10,ENSG00000099860,GADD45B,50.190342,3.3589594,0.0,0.0,0.8274,7,0.1908,False
10,ENSG00000164924,YWHAZ,50.12699,2.4336643,0.0,0.0,0.8274,7,0.1908,False
10,ENSG00000161011,SQSTM1,50.0401,2.5692825,0.0,0.0,0.8274,7,0.1908,False
10,ENSG00000087074,PPP1R15A,49.41629,3.065414,0.0,0.0,0.8274,7,0.1908,False
10,ENSG00000163660,CCNL1,49.346806,2.626785,0.0,0.0,0.8274,7,0.1908,False
10,ENSG00000105835,NAMPT,49.287727,3.146604,0.0,0.0,0.8274,7,0.1908,False
10,ENSG00000171223,JUNB,49.282467,3.1365006,0.0,0.0,0.8274,7,0.1908,False
10,ENSG00000132002,DNAJB1,49.24003,3.0059416,0.0,0.0,0.8274,7,0.1908,False
10,ENSG00000109846,CRYAB,48.296974,3.599313,0.0,0.0,0.8274,7,0.1908,False
10,ENSG00000166233,ARIH1,47.931313,2.6643097,0.0,0.0,0.8274,7,0.1908,False
10,ENSG00000122042,UBL3,47.882046,2.3573465,0.0,0.0,0.8274,7,0.1908,False
10,ENSG00000104765,BNIP3L,47.73011,2.4338646,0.0,0.0,0.8274,7,0.1908,False
10,ENSG00000126524,SBDS,47.39799,2.553902,0.0,0.0,0.8274,7,0.1908,False
10,ENSG00000160888,IER2,47.378456,3.0493734,0.0,0.0,0.8274,7,0.1908,False
10,ENSG00000006652,IFRD1,46.883133,2.8061953,0.0,0.0,0.8274,7,0.1908,False
10,ENSG00000146278,PNRC1,46.45157,2.5462825,0.0,0.0,0.8274,7,0.1908,False
10,ENSG00000185022,MAFF,46.268948,3.1158378,0.0,0.0,0.8274,7,0.1908,False
10,ENSG00000120694,HSPH1,45.46912,2.9234421,0.0,0.0,0.8274,7,0.1908,False
10,ENSG00000140941,MAP1LC3B,45.428448,2.4702768,0.0,0.0,0.8274,7,0.1908,False
10,ENSG00000111266,DUSP16,45.404125,2.8284705,0.0,0.0,0.8274,7,0.1908,False
10,ENSG00000198668,CALM1,45.11024,2.3094249,0.0,0.0,0.8274,7,0.1908,False
10,ENSG00000153113,CAST,44.84017,2.3124278,0.0,0.0,0.8274,7,0.1908,False
10,ENSG00000054267,ARID4B,44.812866,1.9549077,0.0,0.0,0.8274,7,0.1908,False
10,ENSG00000121101,TEX14,44.708786,5.0213904,0.0,0.0,0.8274,7,0.1908,False
10,ENSG00000100664,EIF5,44.432228,2.2483044,0.0,0.0,0.8274,7,0.1908,False
10,ENSG00000044574,HSPA5,44.403297,2.504641,0.0,0.0,0.8274,7,0.1908,False
10,ENSG00000136826,KLF4,43.9451,3.9109051,0.0,0.0,0.8274,7,0.1908,False
10,ENSG00000072364,AFF4,43.677513,2.0647573,0.0,0.0,0.8274,7,0.1908,False
10,ENSG00000075785,RAB7A,43.430916,1.9545478,0.0,0.0,0.8274,7,0.1908,False
10,ENSG00000115053,NCL,43.202633,2.2641969,0.0,0.0,0.8274,7,0.1908,False
10,ENSG00000089220,PEBP1,43.100384,2.3534598,0.0,0.0,0.8274,7,0.1908,False
10,ENSG00000184557,SOCS3,43.085297,2.5258722,0.0,0.0,0.8274,7,0.1908,False
10,ENSG00000115875,SRSF7,43.01875,2.3295743,0.0,0.0,0.8274,7,0.1908,False
10,ENSG00000113013,HSPA9,42.85692,2.2544618,0.0,0.0,0.8274,7,0.1908,False
10,ENSG00000144381,HSPD1,42.795486,2.2652786,0.0,0.0,0.8274,7,0.1908,False
10,ENSG00000165029,ABCA1,42.744663,2.4696722,0.0,0.0,0.8274,7,0.1908,False
10,ENSG00000125347,IRF1,42.61387,2.5511463,0.0,0.0,0.8274,7,0.1908,False
10,ENSG00000167552,TUBA1A,42.477493,2.3285978,0.0,0.0,0.8274,7,0.1908,False
10,ENSG00000160789,LMNA,42.05742,2.1881464,0.0,0.0,0.8274,7,0.1908,False
10,ENSG00000070759,TESK2,41.90624,3.0118823,0.0,0.0,0.8274,7,0.1908,False
1,ENSG00000167641,PPP1R14A,74.11862,3.4367344,0.0,0.0,0.1941,18,0.5886,True
1,ENSG00000075624,ACTB,73.85778,2.882995,0.0,0.0,0.1941,18,0.5886,True
1,ENSG00000143933,CALM2,73.43619,3.1752462,0.0,0.0,0.1941,18,0.5886,True
1,ENSG00000205542,TMSB4X,73.165016,3.3601837,0.0,0.0,0.1941,18,0.5886,True
1,ENSG00000243449,NICOL1,69.883736,2.9901516,0.0,0.0,0.1941,18,0.5886,True
1,ENSG00000111640,GAPDH,69.412186,2.972015,0.0,0.0,0.1941,18,0.5886,True
1,ENSG00000115268,RPS15,68.99585,3.1144812,0.0,0.0,0.1941,18,0.5886,True
1,ENSG00000142541,RPL13A,68.11276,3.1662576,0.0,0.0,0.1941,18,0.5886,True
1,ENSG00000160307,S100B,67.955154,3.1555037,0.0,0.0,0.1941,18,0.5886,True
1,ENSG00000147403,RPL10,66.82807,3.0779793,0.0,0.0,0.1941,18,0.5886,True
1,ENSG00000107317,PTGDS,66.68944,2.865316,0.0,0.0,0.1941,18,0.5886,True
1,ENSG00000229117,RPL41,66.49195,3.0560455,0.0,0.0,0.1941,18,0.5886,True
1,ENSG00000124172,ATP5F1E,66.48207,2.7714496,0.0,0.0,0.1941,18,0.5886,True
1,ENSG00000170315,UBB,65.83381,3.0223777,0.0,0.0,0.1941,18,0.5886,True
1,ENSG00000080822,CLDND1,65.82175,2.4242458,0.0,0.0,0.1941,18,0.5886,True
1,ENSG00000169020,ATP5ME,65.810616,2.8575337,0.0,0.0,0.1941,18,0.5886,True
1,ENSG00000109475,RPL34,65.534096,3.027422,0.0,0.0,0.1941,18,0.5886,True
1,ENSG00000164587,RPS14,65.38413,2.952562,0.0,0.0,0.1941,18,0.5886,True
1,ENSG00000122026,RPL21,65.16943,3.1106324,0.0,0.0,0.1941,18,0.5886,True
1,ENSG00000189058,APOD,64.82497,2.8587792,0.0,0.0,0.1941,18,0.5886,True
1,ENSG00000135940,COX5B,64.639786,2.649202,0.0,0.0,0.1941,18,0.5886,True
1,ENSG00000105372,RPS19,64.493675,2.809685,0.0,0.0,0.1941,18,0.5886,True
1,ENSG00000175130,MARCKSL1,64.34257,2.8539457,0.0,0.0,0.1941,18,0.5886,True
1,ENSG00000187514,PTMA,63.75477,2.9057431,0.0,0.0,0.1941,18,0.5886,True
1,ENSG00000144713,RPL32,63.635605,2.9232259,0.0,0.0,0.1941,18,0.5886,True
1,ENSG00000105290,APLP1,63.517868,2.4264052,0.0,0.0,0.1941,18,0.5886,True
1,ENSG00000118785,SPP1,63.40654,2.5354233,0.0,0.0,0.1941,18,0.5886,True
1,ENSG00000108107,RPL28,63.195934,2.7478378,0.0,0.0,0.1941,18,0.5886,True
1,ENSG00000173786,CNP,63.04036,2.5373173,0.0,0.0,0.1941,18,0.5886,True
1,ENSG00000167526,RPL13,62.925144,2.6920128,0.0,0.0,0.1941,18,0.5886,True
1,ENSG00000087086,FTL,62.838997,3.0971103,0.0,0.0,0.1941,18,0.5886,True
1,ENSG00000137818,RPLP1,62.79776,2.8394024,0.0,0.0,0.1941,18,0.5886,True
1,ENSG00000167996,FTH1,62.772827,3.3513641,0.0,0.0,0.1941,18,0.5886,True
1,ENSG00000233927,RPS28,62.751244,2.8281639,0.0,0.0,0.1941,18,0.5886,True
1,ENSG00000177954,RPS27,62.202755,2.9832382,0.0,0.0,0.1941,18,0.5886,True
1,ENSG00000143947,RPS27A,62.174595,2.8614812,0.0,0.0,0.1941,18,0.5886,True
1,ENSG00000130255,RPL36,61.95912,2.7531567,0.0,0.0,0.1941,18,0.5886,True
1,ENSG00000125534,PPDPF,61.71607,2.7531474,0.0,0.0,0.1941,18,0.5886,True
1,ENSG00000108298,RPL19,61.534687,2.8247292,0.0,0.0,0.1941,18,0.5886,True
1,ENSG00000170889,RPS9,61.443783,2.709563,0.0,0.0,0.1941,18,0.5886,True
1,ENSG00000197756,RPL37A,61.217712,2.7838726,0.0,0.0,0.1941,18,0.5886,True
1,ENSG00000177600,RPLP2,61.09804,2.7223742,0.0,0.0,0.1941,18,0.5886,True
1,ENSG00000136942,RPL35,60.982773,2.686344,0.0,0.0,0.1941,18,0.5886,True
1,ENSG00000140988,RPS2,60.740482,2.7321434,0.0,0.0,0.1941,18,0.5886,True
1,ENSG00000112306,RPS12,60.720203,2.8415477,0.0,0.0,0.1941,18,0.5886,True
1,ENSG00000161970,RPL26,60.66383,2.9409795,0.0,0.0,0.1941,18,0.5886,True
1,ENSG00000129538,RNASE1,60.655357,2.6426148,0.0,0.0,0.1941,18,0.5886,True
1,ENSG00000123560,PLP1,59.967888,2.7341957,0.0,0.0,0.1941,18,0.5886,True
1,ENSG00000240972,MIF,59.8956,2.9354687,0.0,0.0,0.1941,18,0.5886,True
1,ENSG00000214253,FIS1,59.8017,2.395273,0.0,0.0,0.1941,18,0.5886,True
2,ENSG00000173786,CNP,79.92912,3.1585724,0.0,0.0,0.4082,17,0.533,True
2,ENSG00000123560,PLP1,73.6948,3.190874,0.0,0.0,0.4082,17,0.533,True
2,ENSG00000129538,RNASE1,71.3175,3.084085,0.0,0.0,0.4082,17,0.533,True
2,ENSG00000170315,UBB,70.99567,3.2694685,0.0,0.0,0.4082,17,0.533,True
2,ENSG00000189058,APOD,70.85604,3.1025848,0.0,0.0,0.4082,17,0.533,True
2,ENSG00000167641,PPP1R14A,70.55635,3.3306317,0.0,0.0,0.4082,17,0.533,True
2,ENSG00000198888,MT-ND1,69.33997,3.4338791,0.0,0.0,0.4082,17,0.533,True
2,ENSG00000107317,PTGDS,69.24485,2.958982,0.0,0.0,0.4082,17,0.533,True
2,ENSG00000198763,MT-ND2,68.55568,3.452816,0.0,0.0,0.4082,17,0.533,True
2,ENSG00000099194,SCD,68.4224,2.657262,0.0,0.0,0.4082,17,0.533,True
2,ENSG00000105290,APLP1,68.085846,2.5944598,0.0,0.0,0.4082,17,0.533,True
2,ENSG00000143933,CALM2,67.70969,2.9822483,0.0,0.0,0.4082,17,0.533,True
2,ENSG00000237949,LINC00844,67.40756,3.8343897,0.0,0.0,0.4082,17,0.533,True
2,ENSG00000166925,TSC22D4,66.458534,2.692512,0.0,0.0,0.4082,17,0.533,True
2,ENSG00000136541,ERMN,65.82344,2.6844947,0.0,0.0,0.4082,17,0.533,True
2,ENSG00000159176,CSRP1,65.65345,2.5964248,0.0,0.0,0.4082,17,0.533,True
2,ENSG00000198886,MT-ND4,65.30031,3.2402425,0.0,0.0,0.4082,17,0.533,True
2,ENSG00000104833,TUBB4A,64.836586,2.5847218,0.0,0.0,0.4082,17,0.533,True
2,ENSG00000187514,PTMA,64.40167,2.947951,0.0,0.0,0.4082,17,0.533,True
2,ENSG00000198899,MT-ATP6,64.19498,3.2282012,0.0,0.0,0.4082,17,0.533,True
2,ENSG00000198712,MT-CO2,63.1122,3.0883179,0.0,0.0,0.4082,17,0.533,True
2,ENSG00000198804,MT-CO1,61.733665,3.0590203,0.0,0.0,0.4082,17,0.533,True
2,ENSG00000169020,ATP5ME,61.68088,2.5942369,0.0,0.0,0.4082,17,0.533,True
2,ENSG00000184221,OLIG1,61.389687,2.5097387,0.0,0.0,0.4082,17,0.533,True
2,ENSG00000080822,CLDND1,61.039207,2.3017147,0.0,0.0,0.4082,17,0.533,True
2,ENSG00000198938,MT-CO3,60.956383,2.8502076,0.0,0.0,0.4082,17,0.533,True
2,ENSG00000102934,PLLP,60.50969,2.165756,0.0,0.0,0.4082,17,0.533,True
2,ENSG00000220205,VAMP2,60.471405,2.3653486,0.0,0.0,0.4082,17,0.533,True
2,ENSG00000109846,CRYAB,60.38942,3.2656744,0.0,0.0,0.4082,17,0.533,True
2,ENSG00000172005,MAL,60.076485,2.4048092,0.0,0.0,0.4082,17,0.533,True
2,ENSG00000159228,CBR1,60.000534,2.320666,0.0,0.0,0.4082,17,0.533,True
2,ENSG00000214253,FIS1,59.98601,2.38133,0.0,0.0,0.4082,17,0.533,True
2,ENSG00000167996,FTH1,59.853962,3.3070152,0.0,0.0,0.4082,17,0.533,True
2,ENSG00000198840,MT-ND3,59.742256,2.9007492,0.0,0.0,0.4082,17,0.533,True
2,ENSG00000102760,RGCC,59.711468,2.5892458,0.0,0.0,0.4082,17,0.533,True
2,ENSG00000243449,NICOL1,59.60315,2.5427504,0.0,0.0,0.4082,17,0.533,True
2,ENSG00000126860,EVI2A,59.50977,2.562844,0.0,0.0,0.4082,17,0.533,True
2,ENSG00000175130,MARCKSL1,59.22182,2.6345804,0.0,0.0,0.4082,17,0.533,True
2,ENSG00000177954,RPS27,59.21297,2.8283095,0.0,0.0,0.4082,17,0.533,True
2,ENSG00000136717,BIN1,58.980938,1.988923,0.0,0.0,0.4082,17,0.533,True
2,ENSG00000233927,RPS28,58.65055,2.6421032,0.0,0.0,0.4082,17,0.533,True
2,ENSG00000167552,TUBA1A,58.440834,2.2772336,0.0,0.0,0.4082,17,0.533,True
2,ENSG00000122026,RPL21,58.27257,2.785123,0.0,0.0,0.4082,17,0.533,True
2,ENSG00000163041,H3-3A,58.029438,2.3595402,0.0,0.0,0.4082,17,0.533,True
2,ENSG00000197728,RPS26,57.651737,2.663109,0.0,0.0,0.4082,17,0.533,True
2,ENSG00000142541,RPL13A,57.413795,2.6834495,0.0,0.0,0.4082,17,0.533,True
2,ENSG00000177600,RPLP2,57.39541,2.5124576,0.0,0.0,0.4082,17,0.533,True
2,ENSG00000197971,MBP,57.087494,1.6770047,0.0,0.0,0.4082,17,0.533,True
2,ENSG00000126803,HSPA2,57.029182,2.3570716,0.0,0.0,0.4082,17,0.533,True
2,ENSG00000156508,EEF1A1,56.814915,2.42798,0.0,0.0,0.4082,17,0.533,True
20,ENSG00000080824,HSP90AA1,14.73349,3.4877253,3.928785375917823e-49,9.483695018928032e-45,0.7889,9,0.1802,False
20,ENSG00000204389,HSPA1A,12.932652,4.0760565,2.944822966929537e-38,3.554254079935605e-34,0.7889,9,0.1802,False
20,ENSG00000204388,HSPA1B,12.518484,3.7939744,5.915442351951659e-36,4.108752226780029e-32,0.7889,9,0.1802,False
20,ENSG00000120694,HSPH1,12.507318,4.7599673,6.808487885629113e-36,4.108752226780029e-32,0.7889,9,0.1802,False
20,ENSG00000154678,PDE1C,11.133789,2.453081,8.590464833766487e-29,4.147304612445785e-25,0.7889,9,0.1802,False
20,ENSG00000184226,PCDH9,10.622939,2.0124335,2.331035137734891e-26,9.378142864963756e-23,0.7889,9,0.1802,False
20,ENSG00000075539,FRYL,10.5453005,2.048353,5.340188888794875e-26,1.841525994094564e-22,0.7889,9,0.1802,False
20,ENSG00000188153,COL4A5,10.152945,2.3627584,3.2151439196007373e-24,9.701294884405271e-21,0.7889,9,0.1802,False
20,ENSG00000120738,EGR1,10.051331,3.458637,9.063557132230966e-24,2.4309467290547032e-20,0.7889,9,0.1802,False
20,ENSG00000124406,ATP8A1,9.489284,1.7567234,2.3262803261694738e-21,5.2467132026015445e-18,0.7889,9,0.1802,False
20,ENSG00000188641,DPYD,9.486426,2.2897577,2.3908962769218685e-21,5.2467132026015445e-18,0.7889,9,0.1802,False
20,ENSG00000154654,NCAM2,9.3370695,2.2666473,9.903731575731236e-21,1.9922181375548018e-17,0.7889,9,0.1802,False
20,ENSG00000183230,CTNNA3,9.324815,2.7900574,1.1117792131963506e-20,2.0644029559497466e-17,0.7889,9,0.1802,False
20,ENSG00000188580,NKAIN2,9.300189,2.5965617,1.4019631915725417e-20,2.314938413726043e-17,0.7889,9,0.1802,False
20,ENSG00000132002,DNAJB1,9.297453,2.5250645,1.438505166158111e-20,2.314938413726043e-17,0.7889,9,0.1802,False
20,ENSG00000229494,ENSG00000229494,9.270192,3.7041154,1.858107249339768e-20,2.803303180738291e-17,0.7889,9,0.1802,False
20,ENSG00000182168,UNC5C,9.221158,2.5217905,2.939088637638514e-20,4.17333297787977e-17,0.7889,9,0.1802,False
20,ENSG00000164176,EDIL3,9.137257,1.4742683,6.405655230478383e-20,8.590339533806536e-17,0.7889,9,0.1802,False
20,ENSG00000168314,MOBP,9.009957,2.0819473,2.0613651180981472e-19,2.580096998853773e-16,0.7889,9,0.1802,False
20,ENSG00000150867,PIP4K2A,9.005969,1.4422363,2.13769998662229e-19,2.580096998853773e-16,0.7889,9,0.1802,False
20,ENSG00000153707,PTPRD,8.8867235,1.8618652,6.293721327131815e-19,7.234482815030234e-16,0.7889,9,0.1802,False
20,ENSG00000112531,QKI,8.85493,1.2743539,8.373614660396079e-19,9.187758376695496e-16,0.7889,9,0.1802,False
20,ENSG00000229807,XIST,8.656664,2.2268696,4.85772296369176e-18,5.0982858530676255e-15,0.7889,9,0.1802,False
20,ENSG00000196104,SPOCK3,8.60945,1.6052552,7.3411594314849e-18,7.383676979858915e-15,0.7889,9,0.1802,False
20,ENSG00000033170,FUT8,8.573962,1.7538831,9.998424486673052e-18,9.654078747352032e-15,0.7889,9,0.1802,False
20,ENSG00000144381,HSPD1,8.4911785,2.887342,2.0455190209745068e-17,1.8991070633578318e-14,0.7889,9,0.1802,False
20,ENSG00000150672,DLG2,8.412446,2.0015686,4.015467183543149e-17,3.5899763830943734e-14,0.7889,9,0.1802,False
20,ENSG00000047365,ARAP2,8.402383,1.7227209,4.3750759085706366e-17,3.7717841913209504e-14,0.7889,9,0.1802,False
20,ENSG00000169918,OTUD7A,8.367613,1.929545,5.879732768089494e-17,4.8941679065142176e-14,0.7889,9,0.1802,False
20,ENSG00000163539,CLASP2,8.353619,1.4229269,6.620285616802191e-17,5.174031696851242e-14,0.7889,9,0.1802,False
20,ENSG00000187391,MAGI2,8.353185,1.978904,6.644640730866584e-17,5.174031696851242e-14,0.7889,9,0.1802,False
20,ENSG00000145416,MARCHF1,8.266461,1.8448988,1.3799415327947007e-16,1.0409502706291025e-13,0.7889,9,0.1802,False
20,ENSG00000224924,LINC00320,8.253691,2.3040464,1.5357660634170823e-16,1.123389606206817e-13,0.7889,9,0.1802,False
20,ENSG00000112893,MAN2A1,8.206458,1.9506458,2.2780924820100614e-16,1.6173786595070848e-13,0.7889,9,0.1802,False
20,ENSG00000141338,ABCA8,8.076263,1.8242652,6.678150318339959e-16,4.605824872411664e-13,0.7889,9,0.1802,False
20,ENSG00000257585,LINC00609,8.063349,2.195733,7.423246974154225e-16,4.977493297475247e-13,0.7889,9,0.1802,False
20,ENSG00000147488,ST18,8.00059,2.0772324,1.2382437216734236e-15,8.078368972290479e-13,0.7889,9,0.1802,False
20,ENSG00000070214,SLC44A1,7.982039,1.0753409,1.439354911544804e-15,9.143312686784215e-13,0.7889,9,0.1802,False
20,ENSG00000187164,SHTN1,7.9607615,1.3407497,1.7098373930705218e-15,1.0583016623417777e-12,0.7889,9,0.1802,False
20,ENSG00000169306,IL1RAPL1,7.953396,2.2994378,1.8146718003290773e-15,1.09510906470359e-12,0.7889,9,0.1802,False
20,ENSG00000135049,AGTPBP1,7.95,1.7453629,1.8651176640901324e-15,1.098099397401749e-12,0.7889,9,0.1802,False
20,ENSG00000144339,TMEFF2,7.8065004,1.8290085,5.879785823014396e-15,3.37933690432725e-12,0.7889,9,0.1802,False
20,ENSG00000135905,DOCK10,7.707396,1.6841899,1.2841090499944076e-14,7.208629850654653e-12,0.7889,9,0.1802,False
20,ENSG00000198822,GRM3,7.704024,1.7988781,1.3184714438089816e-14,7.2333141322965925e-12,0.7889,9,0.1802,False
20,ENSG00000176658,MYO1D,7.6808004,1.765348,1.5809789189590502e-14,8.480722249945003e-12,0.7889,9,0.1802,False
20,ENSG00000152894,PTPRK,7.6756268,1.8133638,1.6461207777560066e-14,8.578445387553102e-12,0.7889,9,0.1802,False
20,ENSG00000198597,ZNF536,7.672688,1.6860268,1.6842878230683228e-14,8.578445387553102e-12,0.7889,9,0.1802,False
20,ENSG00000181722,ZBTB20,7.6710596,1.4712467,1.7058095969284102e-14,8.578445387553102e-12,0.7889,9,0.1802,False
20,ENSG00000155849,ELMO1,7.6529136,1.7858938,1.9647619222433803e-14,9.679058783884276e-12,0.7889,9,0.1802,False
20,ENSG00000136237,RAPGEF5,7.6501484,1.4099787,2.0074757589258307e-14,9.691691468942126e-12,0.7889,9,0.1802,False
9,ENSG00000160307,S100B,51.746914,3.1528459,0.0,0.0,0.4802,7,0.3212,True
9,ENSG00000198668,CALM1,48.813213,2.299354,0.0,0.0,0.4802,7,0.3212,True
9,ENSG00000065534,MYLK,48.0422,2.4531674,0.0,0.0,0.4802,7,0.3212,True
9,ENSG00000120885,CLU,47.53922,2.6037827,0.0,0.0,0.4802,7,0.3212,True
9,ENSG00000162704,ARPC5,47.425816,2.2234,0.0,0.0,0.4802,7,0.3212,True
9,ENSG00000118785,SPP1,47.407803,2.5015206,0.0,0.0,0.4802,7,0.3212,True
9,ENSG00000178980,SELENOW,46.87287,2.3285413,0.0,0.0,0.4802,7,0.3212,True
9,ENSG00000136810,TXN,46.763664,2.4238214,0.0,0.0,0.4802,7,0.3212,True
9,ENSG00000132718,SYT11,46.37983,2.0032017,0.0,0.0,0.4802,7,0.3212,True
9,ENSG00000148834,GSTO1,46.01886,2.2341423,0.0,0.0,0.4802,7,0.3212,True
9,ENSG00000162734,PEA15,45.669563,2.2525983,0.0,0.0,0.4802,7,0.3212,True
9,ENSG00000197982,C1orf122,44.981907,2.2041442,0.0,0.0,0.4802,7,0.3212,True
9,ENSG00000137285,TUBB2B,44.80478,2.5628343,0.0,0.0,0.4802,7,0.3212,True
9,ENSG00000015592,STMN4,43.95824,2.2392027,0.0,0.0,0.4802,7,0.3212,True
9,ENSG00000142669,SH3BGRL3,43.738613,2.2245562,0.0,0.0,0.4802,7,0.3212,True
9,ENSG00000131711,MAP1B,43.675243,1.6669928,0.0,0.0,0.4802,7,0.3212,True
9,ENSG00000167552,TUBA1A,43.281822,2.2117524,0.0,0.0,0.4802,7,0.3212,True
9,ENSG00000140905,GCSH,43.227722,2.129599,0.0,0.0,0.4802,7,0.3212,True
9,ENSG00000108518,PFN1,43.208744,2.2462544,0.0,0.0,0.4802,7,0.3212,True
9,ENSG00000125868,DSTN,43.185234,2.033956,0.0,0.0,0.4802,7,0.3212,True
9,ENSG00000136156,ITM2B,42.79262,2.0770783,0.0,0.0,0.4802,7,0.3212,True
9,ENSG00000117450,PRDX1,42.676468,2.3170092,0.0,0.0,0.4802,7,0.3212,True
9,ENSG00000230989,HSBP1,42.25577,2.0537705,0.0,0.0,0.4802,7,0.3212,True
9,ENSG00000175130,MARCKSL1,42.228138,2.3980045,0.0,0.0,0.4802,7,0.3212,True
9,ENSG00000177556,ATOX1,42.203533,2.0317636,0.0,0.0,0.4802,7,0.3212,True
9,ENSG00000080822,CLDND1,42.131493,2.1263328,0.0,0.0,0.4802,7,0.3212,True
9,ENSG00000182718,ANXA2,42.126892,2.4936879,0.0,0.0,0.4802,7,0.3212,True
9,ENSG00000166963,MAP1A,41.926254,1.9894114,0.0,0.0,0.4802,7,0.3212,True
9,ENSG00000130770,ATP5IF1,41.869102,1.9999894,0.0,0.0,0.4802,7,0.3212,True
9,ENSG00000126524,SBDS,41.640488,2.0687668,0.0,0.0,0.4802,7,0.3212,True
9,ENSG00000143198,MGST3,41.535694,1.9161689,0.0,0.0,0.4802,7,0.3212,True
9,ENSG00000080824,HSP90AA1,41.497784,1.8652459,0.0,0.0,0.4802,7,0.3212,True
9,ENSG00000124172,ATP5F1E,41.39248,2.2511976,0.0,0.0,0.4802,7,0.3212,True
9,ENSG00000054148,PHPT1,41.287758,1.9964368,0.0,0.0,0.4802,7,0.3212,True
9,ENSG00000167468,GPX4,41.052654,2.0679748,0.0,0.0,0.4802,7,0.3212,True
9,ENSG00000189043,NDUFA4,41.025864,2.0569382,0.0,0.0,0.4802,7,0.3212,True
9,ENSG00000092841,MYL6,40.950596,2.0361133,0.0,0.0,0.4802,7,0.3212,True
9,ENSG00000133142,TCEAL4,40.91523,1.9197046,0.0,0.0,0.4802,7,0.3212,True
9,ENSG00000173486,FKBP2,40.86381,1.9683104,0.0,0.0,0.4802,7,0.3212,True
9,ENSG00000135940,COX5B,40.729744,2.1819582,0.0,0.0,0.4802,7,0.3212,True
9,ENSG00000166562,SEC11C,40.69863,1.9346323,0.0,0.0,0.4802,7,0.3212,True
9,ENSG00000109846,CRYAB,40.695343,2.9199114,0.0,0.0,0.4802,7,0.3212,True
9,ENSG00000181061,HIGD1A,40.577927,2.0901392,0.0,0.0,0.4802,7,0.3212,True
9,ENSG00000162444,RBP7,40.56392,2.3448048,0.0,0.0,0.4802,7,0.3212,True
9,ENSG00000099977,DDT,40.509678,1.9545797,0.0,0.0,0.4802,7,0.3212,True
9,ENSG00000083937,CHMP2B,40.50393,1.9984763,0.0,0.0,0.4802,7,0.3212,True
9,ENSG00000111775,COX6A1,40.495598,2.003611,0.0,0.0,0.4802,7,0.3212,True
9,ENSG00000172428,COPS9,40.44651,1.9516022,0.0,0.0,0.4802,7,0.3212,True
9,ENSG00000149218,ENDOD1,40.433113,1.8958446,0.0,0.0,0.4802,7,0.3212,True
9,ENSG00000168894,RNF181,40.30144,1.9363892,0.0,0.0,0.4802,7,0.3212,True
15,ENSG00000198888,MT-ND1,30.62235,3.8900769,6.17043290489685e-206,1.4894807989130509e-201,0.2441,11,0.4778,True
15,ENSG00000198938,MT-CO3,30.437319,3.7648845,1.7630681905258122e-203,2.1279351525551293e-199,0.2441,11,0.4778,True
15,ENSG00000198804,MT-CO1,29.99026,3.8105953,1.3147509895657234e-197,1.0578924712375663e-193,0.2441,11,0.4778,True
15,ENSG00000198727,MT-CYB,29.794832,3.7198796,4.5578384761362336e-195,2.7505415743863135e-191,0.2441,11,0.4778,True
15,ENSG00000198899,MT-ATP6,29.681894,4.160226,1.3152347026039952e-193,6.349690097231568e-190,0.2441,11,0.4778,True
15,ENSG00000198886,MT-ND4,29.545034,3.7531064,7.606232895470461e-192,2.7868422625728067e-188,0.2441,11,0.4778,True
15,ENSG00000198712,MT-CO2,29.542986,3.8230703,8.081484667140167e-192,2.7868422625728067e-188,0.2441,11,0.4778,True
15,ENSG00000198763,MT-ND2,28.606462,3.6034832,5.583537601024622e-180,1.684762676889167e-176,0.2441,11,0.4778,True
15,ENSG00000198786,MT-ND5,26.990377,3.2094748,1.9169286080726092e-160,5.1414155189183015e-157,0.2441,11,0.4778,True
15,ENSG00000105695,MAG,24.325983,2.3232644,1.0411617380344928e-130,2.5132603194414623e-127,0.2441,11,0.4778,True
15,ENSG00000123560,PLP1,24.272362,2.645988,3.840033346747899e-130,8.426778632467958e-127,0.2441,11,0.4778,True
15,ENSG00000198840,MT-ND3,24.259647,3.3208787,5.230646220839456e-130,1.0521880760403635e-126,0.2441,11,0.4778,True
15,ENSG00000250722,SELENOP,21.554306,2.3605478,4.824492667304256e-103,6.850495793885732e-100,0.2441,11,0.4778,True
15,ENSG00000091513,TF,21.336609,1.7276154,5.1927151478879816e-101,6.597207944993052e-98,0.2441,11,0.4778,True
15,ENSG00000251562,MALAT1,20.53772,1.4621749,9.91069255053456e-94,1.0874282158061531e-90,0.2441,11,0.4778,True
15,ENSG00000173786,CNP,20.45304,2.0986547,5.6447219593524775e-93,5.67741430736706e-90,0.2441,11,0.4778,True
15,ENSG00000107317,PTGDS,20.2361,2.2571585,4.7099909835197315e-91,4.372864321199339e-88,0.2441,11,0.4778,True
15,ENSG00000118785,SPP1,20.221613,2.095242,6.318243236998096e-91,5.648743462885076e-88,0.2441,11,0.4778,True
15,ENSG00000080824,HSP90AA1,20.079561,1.7598444,1.1137326779823663e-89,9.60156896922012e-87,0.2441,11,0.4778,True
15,ENSG00000099194,SCD,19.960392,1.9408416,1.217530624843922e-88,9.796657251035812e-86,0.2441,11,0.4778,True
15,ENSG00000170345,FOS,19.779736,2.5045352,4.450165949462467e-87,3.3569548704398277e-84,0.2441,11,0.4778,True
15,ENSG00000046653,GPM6B,19.70147,1.2210678,2.0945554017358066e-86,1.532135540681837e-83,0.2441,11,0.4778,True
15,ENSG00000005893,LAMP2,19.621906,1.5765251,1.0051150257757218e-85,6.932134744914328e-83,0.2441,11,0.4778,True
15,ENSG00000197971,MBP,18.848194,1.4305968,3.0404441033901547e-79,1.747459052660356e-76,0.2441,11,0.4778,True
15,ENSG00000212907,MT-ND4L,18.623306,2.5835485,2.079692268768829e-77,1.0913411233871905e-74,0.2441,11,0.4778,True
15,ENSG00000136541,ERMN,17.941898,1.8876055,5.552518457517936e-72,2.4820785749263975e-69,0.2441,11,0.4778,True
15,ENSG00000105290,APLP1,17.900991,1.7653346,1.1583963966711582e-71,5.084096476226379e-69,0.2441,11,0.4778,True
15,ENSG00000184144,CNTN2,17.883312,1.4206988,1.590962103934231e-71,6.857898969083643e-69,0.2441,11,0.4778,True
15,ENSG00000107331,ABCA2,17.875235,1.3295351,1.838994009247163e-71,7.787978313897766e-69,0.2441,11,0.4778,True
15,ENSG00000167552,TUBA1A,17.872229,1.7856568,1.94080401425114e-71,8.077425534484183e-69,0.2441,11,0.4778,True
15,ENSG00000109099,PMP22,17.710787,1.700975,3.461942001163847e-70,1.3478680317111952e-67,0.2441,11,0.4778,True
15,ENSG00000148180,GSN,17.324064,1.4685923,3.096936884717542e-67,1.1157755143312948e-64,0.2441,11,0.4778,True
15,ENSG00000132702,HAPLN2,17.068153,1.7138598,2.561733931867878e-65,8.588568802966487e-63,0.2441,11,0.4778,True
15,ENSG00000010278,CD9,17.061285,1.8003684,2.881475400192857e-65,9.5282102308569e-63,0.2441,11,0.4778,True
15,ENSG00000109971,HSPA8,17.021011,1.7581699,5.737196041494758e-65,1.871488854670837e-62,0.2441,11,0.4778,True
15,ENSG00000080822,CLDND1,16.944319,1.6546259,2.1197310818762152e-64,6.560024177616659e-62,0.2441,11,0.4778,True
15,ENSG00000166710,B2M,16.873177,2.1914463,7.088052846874984e-64,2.1387313458839404e-61,0.2441,11,0.4778,True
15,ENSG00000170775,GPR37,16.601942,1.5878026,6.747248483581857e-62,1.850816263013437e-59,0.2441,11,0.4778,True
15,ENSG00000126803,HSPA2,16.487173,1.7956083,4.53691607869988e-61,1.1775980346638323e-58,0.2441,11,0.4778,True
15,ENSG00000132718,SYT11,16.24278,1.439173,2.5127485608254383e-59,6.318253907267212e-57,0.2441,11,0.4778,True
15,ENSG00000143153,ATP1B1,16.156166,1.3133408,1.0275795460794793e-58,2.480474266281255e-56,0.2441,11,0.4778,True
15,ENSG00000015592,STMN4,16.096294,1.7696478,2.7084344098232338e-58,6.409695903796375e-56,0.2441,11,0.4778,True
15,ENSG00000136156,ITM2B,16.007767,1.5246737,1.1278660980796024e-57,2.6178422828407238e-55,0.2441,11,0.4778,True
15,ENSG00000150991,UBC,15.932551,1.6865746,3.766683497183226e-57,8.659425994143418e-55,0.2441,11,0.4778,True
15,ENSG00000096384,HSP90AB1,15.920548,1.5272942,4.563586711543288e-57,1.0294204022985196e-54,0.2441,11,0.4778,True
15,ENSG00000108679,LGALS3BP,15.684601,1.6919081,1.9276985698125947e-55,4.0463231110179332e-53,0.2441,11,0.4778,True
15,ENSG00000126860,EVI2A,15.616532,1.8026323,5.617872491481738e-55,1.1395783535451906e-52,0.2441,11,0.4778,True
15,ENSG00000166963,MAP1A,15.534162,1.6292912,2.0372022706679936e-54,4.064134348070636e-52,0.2441,11,0.4778,True
15,ENSG00000198695,MT-ND6,15.442851,3.038536,8.429011003227635e-54,1.6408701339267092e-51,0.2441,11,0.4778,True
15,ENSG00000149557,FEZ1,15.1720915,1.3364029,5.412393698671935e-52,1.0127889262964484e-49,0.2441,11,0.4778,True
0,ENSG00000169306,IL1RAPL1,88.61055,3.388409,0.0,0.0,0.1812,15,0.5697,True
0,ENSG00000183230,CTNNA3,88.342995,3.6687615,0.0,0.0,0.1812,15,0.5697,True
0,ENSG00000184226,PCDH9,84.74,2.2142873,0.0,0.0,0.1812,15,0.5697,True
0,ENSG00000155886,SLC24A2,84.432396,2.441133,0.0,0.0,0.1812,15,0.5697,True
0,ENSG00000182168,UNC5C,83.69504,3.2567036,0.0,0.0,0.1812,15,0.5697,True
0,ENSG00000137941,TTLL7,82.92249,2.0446064,0.0,0.0,0.1812,15,0.5697,True
0,ENSG00000154654,NCAM2,81.47228,2.7782023,0.0,0.0,0.1812,15,0.5697,True
0,ENSG00000188580,NKAIN2,80.89415,3.179135,0.0,0.0,0.1812,15,0.5697,True
0,ENSG00000151150,ANK3,80.49802,2.2138,0.0,0.0,0.1812,15,0.5697,True
0,ENSG00000112893,MAN2A1,79.33827,2.628354,0.0,0.0,0.1812,15,0.5697,True
0,ENSG00000140262,TCF12,78.85502,2.3995714,0.0,0.0,0.1812,15,0.5697,True
0,ENSG00000187391,MAGI2,78.74447,2.613745,0.0,0.0,0.1812,15,0.5697,True
0,ENSG00000147488,ST18,78.42561,2.807985,0.0,0.0,0.1812,15,0.5697,True
0,ENSG00000187164,SHTN1,77.65617,1.8810897,0.0,0.0,0.1812,15,0.5697,True
0,ENSG00000153707,PTPRD,77.43598,2.2148435,0.0,0.0,0.1812,15,0.5697,True
0,ENSG00000081913,PHLPP1,77.30367,2.4357564,0.0,0.0,0.1812,15,0.5697,True
0,ENSG00000150672,DLG2,76.110794,2.510424,0.0,0.0,0.1812,15,0.5697,True
0,ENSG00000149571,KIRREL3,75.392494,3.0452893,0.0,0.0,0.1812,15,0.5697,True
0,ENSG00000075539,FRYL,75.11128,2.028795,0.0,0.0,0.1812,15,0.5697,True
0,ENSG00000135905,DOCK10,75.04963,2.283299,0.0,0.0,0.1812,15,0.5697,True
0,ENSG00000145416,MARCHF1,74.72312,2.374686,0.0,0.0,0.1812,15,0.5697,True
0,ENSG00000196104,SPOCK3,73.74696,1.9589447,0.0,0.0,0.1812,15,0.5697,True
0,ENSG00000154678,PDE1C,73.74101,2.3180983,0.0,0.0,0.1812,15,0.5697,True
0,ENSG00000187147,RNF220,73.55699,2.8355377,0.0,0.0,0.1812,15,0.5697,True
0,ENSG00000047365,ARAP2,73.25751,2.0837598,0.0,0.0,0.1812,15,0.5697,True
0,ENSG00000178568,ERBB4,72.592514,2.8789418,0.0,0.0,0.1812,15,0.5697,True
0,ENSG00000155849,ELMO1,72.42042,2.3272552,0.0,0.0,0.1812,15,0.5697,True
0,ENSG00000181722,ZBTB20,72.27152,1.9100022,0.0,0.0,0.1812,15,0.5697,True
0,ENSG00000163539,CLASP2,72.02158,1.7170448,0.0,0.0,0.1812,15,0.5697,True
0,ENSG00000160584,SIK3,71.70251,2.1586525,0.0,0.0,0.1812,15,0.5697,True
0,ENSG00000154027,AK5,71.16805,2.2667055,0.0,0.0,0.1812,15,0.5697,True
0,ENSG00000171877,FRMD5,70.911354,2.510956,0.0,0.0,0.1812,15,0.5697,True
0,ENSG00000229989,MIR181A1HG,70.86603,2.4477599,0.0,0.0,0.1812,15,0.5697,True
0,ENSG00000112531,QKI,70.596794,1.4342965,0.0,0.0,0.1812,15,0.5697,True
0,ENSG00000114757,PEX5L,70.51165,2.003606,0.0,0.0,0.1812,15,0.5697,True
0,ENSG00000070214,SLC44A1,70.41627,1.353791,0.0,0.0,0.1812,15,0.5697,True
0,ENSG00000154493,C10orf90,70.378815,2.4196172,0.0,0.0,0.1812,15,0.5697,True
0,ENSG00000135525,MAP7,70.14569,1.767667,0.0,0.0,0.1812,15,0.5697,True
0,ENSG00000253877,LINC01608,70.06532,3.2481382,0.0,0.0,0.1812,15,0.5697,True
0,ENSG00000183960,KCNH8,70.04825,2.5203407,0.0,0.0,0.1812,15,0.5697,True
0,ENSG00000188153,COL4A5,68.86915,2.407076,0.0,0.0,0.1812,15,0.5697,True
0,ENSG00000158321,AUTS2,68.47969,2.3638055,0.0,0.0,0.1812,15,0.5697,True
0,ENSG00000156475,PPP2R2B,68.453636,2.455752,0.0,0.0,0.1812,15,0.5697,True
0,ENSG00000152894,PTPRK,67.75386,2.2442598,0.0,0.0,0.1812,15,0.5697,True
0,ENSG00000147459,DOCK5,67.73713,2.0731888,0.0,0.0,0.1812,15,0.5697,True
0,ENSG00000033170,FUT8,67.61415,1.9442884,0.0,0.0,0.1812,15,0.5697,True
0,ENSG00000109458,GAB1,67.24759,2.0812905,0.0,0.0,0.1812,15,0.5697,True
0,ENSG00000186231,KLHL32,66.94289,2.1340857,0.0,0.0,0.1812,15,0.5697,True
0,ENSG00000198597,ZNF536,66.68925,2.077749,0.0,0.0,0.1812,15,0.5697,True
0,ENSG00000144339,TMEFF2,66.63866,2.1747665,0.0,0.0,0.1812,15,0.5697,True
6,ENSG00000132475,H3-3B,65.09157,3.0127199,0.0,0.0,0.2036,24,0.6567,True
6,ENSG00000166710,B2M,64.38349,3.5107727,0.0,0.0,0.2036,24,0.6567,True
6,ENSG00000135404,CD63,64.03745,3.0830805,0.0,0.0,0.2036,24,0.6567,True
6,ENSG00000125148,MT2A,63.889618,3.7207682,0.0,0.0,0.2036,24,0.6567,True
6,ENSG00000173812,EIF1,63.271603,3.066695,0.0,0.0,0.2036,24,0.6567,True
6,ENSG00000167996,FTH1,59.379192,3.4627938,0.0,0.0,0.2036,24,0.6567,True
6,ENSG00000197746,PSAP,58.641056,2.1508021,0.0,0.0,0.2036,24,0.6567,True
6,ENSG00000111640,GAPDH,58.408035,3.0053034,0.0,0.0,0.2036,24,0.6567,True
6,ENSG00000204525,HLA-C,58.072807,2.8269882,0.0,0.0,0.2036,24,0.6567,True
6,ENSG00000120885,CLU,57.87374,2.715525,0.0,0.0,0.2036,24,0.6567,True
6,ENSG00000034510,TMSB10,57.401466,3.0818279,0.0,0.0,0.2036,24,0.6567,True
6,ENSG00000197956,S100A6,57.306416,3.7914267,0.0,0.0,0.2036,24,0.6567,True
6,ENSG00000184009,ACTG1,56.781113,2.5387616,0.0,0.0,0.2036,24,0.6567,True
6,ENSG00000010278,CD9,55.768936,2.6281133,0.0,0.0,0.2036,24,0.6567,True
6,ENSG00000156508,EEF1A1,55.39279,2.6010206,0.0,0.0,0.2036,24,0.6567,True
6,ENSG00000206503,HLA-A,55.357586,2.4828837,0.0,0.0,0.2036,24,0.6567,True
6,ENSG00000187514,PTMA,54.805126,2.8685153,0.0,0.0,0.2036,24,0.6567,True
6,ENSG00000149806,FAU,53.71393,2.493266,0.0,0.0,0.2036,24,0.6567,True
6,ENSG00000100316,RPL3,52.674854,2.7530444,0.0,0.0,0.2036,24,0.6567,True
6,ENSG00000135821,GLUL,52.668747,2.5903938,0.0,0.0,0.2036,24,0.6567,True
6,ENSG00000087086,FTL,51.342205,2.9921205,0.0,0.0,0.2036,24,0.6567,True
6,ENSG00000147403,RPL10,51.106266,2.7540941,0.0,0.0,0.2036,24,0.6567,True
6,ENSG00000074800,ENO1,50.843475,2.5288463,0.0,0.0,0.2036,24,0.6567,True
6,ENSG00000170345,FOS,50.760593,3.0930042,0.0,0.0,0.2036,24,0.6567,True
6,ENSG00000099860,GADD45B,50.74037,3.2262998,0.0,0.0,0.2036,24,0.6567,True
6,ENSG00000150991,UBC,50.621513,2.3858795,0.0,0.0,0.2036,24,0.6567,True
6,ENSG00000140988,RPS2,50.270123,2.6126273,0.0,0.0,0.2036,24,0.6567,True
6,ENSG00000151552,QDPR,50.184277,2.1364512,0.0,0.0,0.2036,24,0.6567,True
6,ENSG00000198763,MT-ND2,50.147602,2.9004102,0.0,0.0,0.2036,24,0.6567,True
6,ENSG00000142676,RPL11,50.051476,2.5474114,0.0,0.0,0.2036,24,0.6567,True
6,ENSG00000075624,ACTB,49.887394,2.3504064,0.0,0.0,0.2036,24,0.6567,True
6,ENSG00000174748,RPL15,49.78193,2.573386,0.0,0.0,0.2036,24,0.6567,True
6,ENSG00000137818,RPLP1,49.710564,2.593457,0.0,0.0,0.2036,24,0.6567,True
6,ENSG00000164587,RPS14,49.660744,2.5886266,0.0,0.0,0.2036,24,0.6567,True
6,ENSG00000177954,RPS27,49.6073,2.749284,0.0,0.0,0.2036,24,0.6567,True
6,ENSG00000137154,RPS6,49.578148,2.610226,0.0,0.0,0.2036,24,0.6567,True
6,ENSG00000198804,MT-CO1,49.52877,2.8152356,0.0,0.0,0.2036,24,0.6567,True
6,ENSG00000117984,CTSD,49.4817,2.276888,0.0,0.0,0.2036,24,0.6567,True
6,ENSG00000143947,RPS27A,49.36211,2.6178937,0.0,0.0,0.2036,24,0.6567,True
6,ENSG00000198712,MT-CO2,49.05979,2.753341,0.0,0.0,0.2036,24,0.6567,True
6,ENSG00000133112,TPT1,48.727257,2.331614,0.0,0.0,0.2036,24,0.6567,True
6,ENSG00000161016,RPL8,48.69226,2.4458818,0.0,0.0,0.2036,24,0.6567,True
6,ENSG00000140264,SERF2,48.581264,2.2145274,0.0,0.0,0.2036,24,0.6567,True
6,ENSG00000109846,CRYAB,48.402744,3.0337133,0.0,0.0,0.2036,24,0.6567,True
6,ENSG00000108298,RPL19,48.250076,2.543161,0.0,0.0,0.2036,24,0.6567,True
6,ENSG00000161970,RPL26,48.24344,2.679616,0.0,0.0,0.2036,24,0.6567,True
6,ENSG00000147604,RPL7,47.962967,2.5686228,0.0,0.0,0.2036,24,0.6567,True
6,ENSG00000198242,RPL23A,47.722565,2.5268576,0.0,0.0,0.2036,24,0.6567,True
6,ENSG00000198886,MT-ND4,47.63937,2.7303886,0.0,0.0,0.2036,24,0.6567,True
6,ENSG00000186468,RPS23,47.60636,2.5022943,0.0,0.0,0.2036,24,0.6567,True
16,ENSG00000173812,EIF1,27.338392,3.7427595,1.483958874851946e-164,3.5821283280051125e-160,0.2917,16,0.4833,True
16,ENSG00000177954,RPS27,27.0521,4.0991144,3.608244059188863e-161,4.354970167237998e-157,0.2917,16,0.4833,True
16,ENSG00000229117,RPL41,26.978777,3.9219837,2.6226414216162973e-160,2.1102647092131925e-156,0.2917,16,0.4833,True
16,ENSG00000109475,RPL34,26.186462,3.7538123,3.790320805109233e-151,2.2873638478632946e-147,0.2917,16,0.4833,True
16,ENSG00000147403,RPL10,25.983671,3.6764598,7.575000695393389e-149,3.65705883572202e-145,0.2917,16,0.4833,True
16,ENSG00000122026,RPL21,25.692152,3.8061075,1.4304733812170096e-145,5.7550328248662324e-142,0.2917,16,0.4833,True
16,ENSG00000161970,RPL26,25.445429,3.7800407,7.931803015158313e-143,2.735225614041521e-139,0.2917,16,0.4833,True
16,ENSG00000142541,RPL13A,25.340057,3.6771584,1.1566353332712628e-141,3.4900025387293763e-138,0.2917,16,0.4833,True
16,ENSG00000174748,RPL15,25.205935,3.4176908,3.4484505550177397e-140,9.249127549730359e-137,0.2917,16,0.4833,True
16,ENSG00000144713,RPL32,25.127962,3.542255,2.4614602956707633e-139,5.941719007719656e-136,0.2917,16,0.4833,True
16,ENSG00000105372,RPS19,25.092619,3.4297247,5.987252214686459e-139,1.3138752837301495e-135,0.2917,16,0.4833,True
16,ENSG00000140988,RPS2,24.911871,3.4723687,5.533162747454538e-137,1.1130417963400423e-133,0.2917,16,0.4833,True
16,ENSG00000198918,RPL39,24.89847,3.5025678,7.72971013875483e-137,1.4352882541492527e-133,0.2917,16,0.4833,True
16,ENSG00000105640,RPL18A,24.742136,3.454897,3.767447019520876e-135,6.495885971729602e-132,0.2917,16,0.4833,True
16,ENSG00000147604,RPL7,24.488459,3.534068,1.9606067397470334e-132,3.1551390727169094e-129,0.2917,16,0.4833,True
16,ENSG00000150991,UBC,24.314222,3.2722425,1.3865333768971958e-130,2.0918455740575876e-127,0.2917,16,0.4833,True
16,ENSG00000143947,RPS27A,24.266626,3.3685856,4.414554185463697e-130,6.268407263700482e-127,0.2917,16,0.4833,True
16,ENSG00000110700,RPS13,24.23742,3.4132254,8.975031245886803e-130,1.2036015513581195e-126,0.2917,16,0.4833,True
16,ENSG00000182899,RPL35A,24.230679,3.393348,1.0570679175036088e-129,1.3429769716115585e-126,0.2917,16,0.4833,True
16,ENSG00000156508,EEF1A1,24.215261,2.9648325,1.5365498026971433e-129,1.8545387843653173e-126,0.2917,16,0.4833,True
16,ENSG00000115268,RPS15,24.207706,3.3469822,1.8455942705961243e-129,2.1214666713295163e-126,0.2917,16,0.4833,True
16,ENSG00000132475,H3-3B,24.159632,3.1476684,5.914471453462281e-129,6.489519382505728e-126,0.2917,16,0.4833,True
16,ENSG00000170889,RPS9,24.103653,3.2413027,2.288702013873396e-128,2.402042517951735e-125,0.2917,16,0.4833,True
16,ENSG00000083845,RPS5,24.026121,3.343758,1.4835125654447882e-127,1.492104575719656e-124,0.2917,16,0.4833,True
16,ENSG00000167526,RPL13,24.005562,3.1045444,2.432655894588453e-127,2.3488752255788264e-124,0.2917,16,0.4833,True
16,ENSG00000142937,RPS8,23.934832,3.3159835,1.32946818471686e-126,1.2343089427261647e-123,0.2917,16,0.4833,True
16,ENSG00000142676,RPL11,23.889948,3.2102323,3.895834775660715e-126,3.4830205796175555e-123,0.2917,16,0.4833,True
16,ENSG00000197756,RPL37A,23.795305,3.3289714,3.735290040946733e-125,3.005538876613773e-122,0.2917,16,0.4833,True
16,ENSG00000161016,RPL8,23.729607,3.1745124,1.7845303461724435e-124,1.3895734847179556e-121,0.2917,16,0.4833,True
16,ENSG00000137818,RPLP1,23.719421,3.243026,2.273276439579005e-124,1.7148318742186749e-121,0.2917,16,0.4833,True
16,ENSG00000100316,RPL3,23.681032,3.2710123,5.655785933754194e-124,4.1371217168149235e-121,0.2917,16,0.4833,True
16,ENSG00000186468,RPS23,23.639679,3.2454755,1.507235893699672e-123,1.0700931540593054e-120,0.2917,16,0.4833,True
16,ENSG00000135821,GLUL,23.547884,3.4323444,1.31962388344613e-122,9.101257406430325e-120,0.2917,16,0.4833,True
16,ENSG00000164587,RPS14,23.523714,3.2123485,2.3331677762821112e-122,1.5644538042131634e-119,0.2917,16,0.4833,True
16,ENSG00000134419,RPS15A,23.477701,3.2923815,6.893150159460137e-122,4.4971284243029256e-119,0.2917,16,0.4833,True
16,ENSG00000137154,RPS6,23.424881,3.2324765,2.384221858137859e-121,1.5145455640418368e-118,0.2917,16,0.4833,True
16,ENSG00000233927,RPS28,23.323189,3.1951792,2.579446044115403e-120,1.5965448220231206e-117,0.2917,16,0.4833,True
16,ENSG00000109846,CRYAB,23.319561,3.8204892,2.8075517547401827e-120,1.694287295191832e-117,0.2917,16,0.4833,True
16,ENSG00000213741,RPS29,23.238415,3.1949751,1.8630388478269266e-119,1.0968754816510776e-116,0.2917,16,0.4833,True
16,ENSG00000204628,RACK1,23.230957,2.9276886,2.2162841114788952e-119,1.2737829087378344e-116,0.2917,16,0.4833,True
16,ENSG00000163682,RPL9,23.196674,3.23092,4.919129567537069e-119,2.7614620611808674e-116,0.2917,16,0.4833,True
16,ENSG00000156482,RPL30,23.167177,3.1293938,9.75919628325806e-119,5.354028160944688e-116,0.2917,16,0.4833,True
16,ENSG00000149806,FAU,22.99877,2.9043734,4.795231052818208e-117,2.5722684974217494e-114,0.2917,16,0.4833,True
16,ENSG00000166441,RPL27A,22.843191,3.1584632,1.707874091771783e-115,8.962254935060665e-113,0.2917,16,0.4833,True
16,ENSG00000145425,RPS3A,22.733442,3.1838002,2.0926850296780953e-114,1.0747941261999904e-111,0.2917,16,0.4833,True
16,ENSG00000071082,RPL31,22.66919,3.2396274,9.024035571047912e-114,4.445534584684194e-111,0.2917,16,0.4833,True
16,ENSG00000105193,RPS16,22.605394,3.087213,3.835356632569372e-113,1.8516334750718416e-110,0.2917,16,0.4833,True
16,ENSG00000063177,RPL18,22.522078,3.0052295,2.522654447288819e-112,1.1710453019827848e-109,0.2917,16,0.4833,True
16,ENSG00000118181,RPS25,22.437704,3.176533,1.6873579759279625e-111,7.68511965677832e-109,0.2917,16,0.4833,True
16,ENSG00000198242,RPL23A,22.430655,3.1355546,1.977051448052689e-111,8.83778609343405e-109,0.2917,16,0.4833,True
12,ENSG00000185565,LSAMP,57.290176,4.7753806,0.0,0.0,0.4368,7,0.335,True
12,ENSG00000110693,SOX6,56.438526,6.300976,0.0,0.0,0.4368,7,0.335,True
12,ENSG00000136205,TNS3,54.222836,7.4405227,0.0,0.0,0.4368,7,0.335,True
12,ENSG00000148737,TCF7L2,52.905296,5.3161316,0.0,0.0,0.4368,7,0.335,True
12,ENSG00000010810,FYN,51.62888,4.006048,0.0,0.0,0.4368,7,0.335,True
12,ENSG00000187416,LHFPL3,50.794544,5.560347,0.0,0.0,0.4368,7,0.335,True
12,ENSG00000171587,DSCAM,50.351963,5.844532,0.0,0.0,0.4368,7,0.335,True
12,ENSG00000182621,PLCB1,50.115917,5.4095354,0.0,0.0,0.4368,7,0.335,True
12,ENSG00000175161,CADM2,49.813305,3.746757,0.0,0.0,0.4368,7,0.335,True
12,ENSG00000150471,ADGRL3,48.922314,3.8978214,0.0,0.0,0.4368,7,0.335,True
12,ENSG00000078018,MAP2,48.88578,4.329196,0.0,0.0,0.4368,7,0.335,True
12,ENSG00000227036,LINC00511,48.790825,4.1199317,0.0,0.0,0.4368,7,0.335,True
12,ENSG00000151474,FRMD4A,48.29355,4.565047,0.0,0.0,0.4368,7,0.335,True
12,ENSG00000134376,CRB1,47.77462,5.101796,0.0,0.0,0.4368,7,0.335,True
12,ENSG00000139364,TMEM132B,47.7138,4.575929,0.0,0.0,0.4368,7,0.335,True
12,ENSG00000132692,BCAN,47.154003,4.9810348,0.0,0.0,0.4368,7,0.335,True
12,ENSG00000198732,SMOC1,47.02281,4.51035,0.0,0.0,0.4368,7,0.335,True
12,ENSG00000154928,EPHB1,46.724854,5.5933332,0.0,0.0,0.4368,7,0.335,True
12,ENSG00000038427,VCAN,46.72281,4.825373,0.0,0.0,0.4368,7,0.335,True
12,ENSG00000183715,OPCML,46.385193,5.4677873,0.0,0.0,0.4368,7,0.335,True
12,ENSG00000114279,FGF12,46.185596,4.9461207,0.0,0.0,0.4368,7,0.335,True
12,ENSG00000124766,SOX4,45.726097,5.2214465,0.0,0.0,0.4368,7,0.335,True
12,ENSG00000172985,SH3RF3,45.714832,6.0716696,0.0,0.0,0.4368,7,0.335,True
12,ENSG00000152128,TMEM163,45.337166,5.5280714,0.0,0.0,0.4368,7,0.335,True
12,ENSG00000116147,TNR,45.15592,4.8582463,0.0,0.0,0.4368,7,0.335,True
12,ENSG00000169760,NLGN1,44.60997,3.2542565,0.0,0.0,0.4368,7,0.335,True
12,ENSG00000164418,GRIK2,44.5905,4.438737,0.0,0.0,0.4368,7,0.335,True
12,ENSG00000184384,MAML2,44.55697,3.2807298,0.0,0.0,0.4368,7,0.335,True
12,ENSG00000164619,BMPER,44.07441,6.2859917,0.0,0.0,0.4368,7,0.335,True
12,ENSG00000038382,TRIO,44.022648,3.6166515,0.0,0.0,0.4368,7,0.335,True
12,ENSG00000120251,GRIA2,43.789597,3.4118516,0.0,0.0,0.4368,7,0.335,True
12,ENSG00000150625,GPM6A,43.70689,3.8690295,0.0,0.0,0.4368,7,0.335,True
12,ENSG00000106278,PTPRZ1,43.662567,3.4856172,0.0,0.0,0.4368,7,0.335,True
12,ENSG00000144868,TMEM108,42.749416,4.909524,0.0,0.0,0.4368,7,0.335,True
12,ENSG00000151229,SLC2A13,41.957565,4.395461,0.0,0.0,0.4368,7,0.335,True
12,ENSG00000160007,ARHGAP35,41.634075,3.2024207,0.0,0.0,0.4368,7,0.335,True
12,ENSG00000111962,UST,41.137608,4.8381677,0.0,0.0,0.4368,7,0.335,True
12,ENSG00000170579,DLGAP1,40.64476,4.0875096,0.0,0.0,0.4368,7,0.335,True
12,ENSG00000082684,SEMA5B,40.57092,6.395169,0.0,0.0,0.4368,7,0.335,True
12,ENSG00000171132,PRKCE,40.25925,3.6216471,0.0,0.0,0.4368,7,0.335,True
12,ENSG00000136267,DGKB,40.085457,4.544963,0.0,0.0,0.4368,7,0.335,True
12,ENSG00000169851,PCDH7,40.009556,4.1941495,0.0,0.0,0.4368,7,0.335,True
12,ENSG00000156103,MMP16,39.76429,3.9276066,0.0,0.0,0.4368,7,0.335,True
12,ENSG00000116117,PARD3B,39.194443,3.4804127,0.0,0.0,0.4368,7,0.335,True
12,ENSG00000134532,SOX5,39.045715,3.516849,0.0,0.0,0.4368,7,0.335,True
12,ENSG00000146938,NLGN4X,38.85596,3.2754412,0.0,0.0,0.4368,7,0.335,True
12,ENSG00000187122,SLIT1,38.572754,5.871033,0.0,0.0,0.4368,7,0.335,True
12,ENSG00000106688,SLC1A1,38.50583,4.966293,0.0,0.0,0.4368,7,0.335,True
12,ENSG00000144847,IGSF11,38.277195,2.6617255,0.0,0.0,0.4368,7,0.335,True
12,ENSG00000107263,RAPGEF1,38.183292,4.1965957,0.0,0.0,0.4368,7,0.335,True
5,ENSG00000148826,NKX6-2,69.699974,3.1598516,0.0,0.0,0.5076,15,0.4523,False
5,ENSG00000162545,CAMK2N1,63.478767,2.6728966,0.0,0.0,0.5076,15,0.4523,False
5,ENSG00000250722,SELENOP,63.317184,2.9389231,0.0,0.0,0.5076,15,0.4523,False
5,ENSG00000148180,GSN,62.645428,2.2099426,0.0,0.0,0.5076,15,0.4523,False
5,ENSG00000091513,TF,61.43017,2.0709097,0.0,0.0,0.5076,15,0.4523,False
5,ENSG00000099822,HCN2,60.21067,2.7039874,0.0,0.0,0.5076,15,0.4523,False
5,ENSG00000198899,MT-ATP6,59.511158,3.3019443,0.0,0.0,0.5076,15,0.4523,False
5,ENSG00000198840,MT-ND3,58.55023,3.14461,0.0,0.0,0.5076,15,0.4523,False
5,ENSG00000184007,PTP4A2,57.25564,2.1871638,0.0,0.0,0.5076,15,0.4523,False
5,ENSG00000198668,CALM1,56.539997,2.24094,0.0,0.0,0.5076,15,0.4523,False
5,ENSG00000198786,MT-ND5,56.323624,2.6940641,0.0,0.0,0.5076,15,0.4523,False
5,ENSG00000108679,LGALS3BP,55.584667,2.3349369,0.0,0.0,0.5076,15,0.4523,False
5,ENSG00000123560,PLP1,55.490925,2.727718,0.0,0.0,0.5076,15,0.4523,False
5,ENSG00000132718,SYT11,55.13339,2.0385664,0.0,0.0,0.5076,15,0.4523,False
5,ENSG00000212907,MT-ND4L,55.085556,2.7201414,0.0,0.0,0.5076,15,0.4523,False
5,ENSG00000162704,ARPC5,54.907055,2.2363172,0.0,0.0,0.5076,15,0.4523,False
5,ENSG00000198886,MT-ND4,54.636265,3.0063853,0.0,0.0,0.5076,15,0.4523,False
5,ENSG00000198712,MT-CO2,54.498577,2.9514084,0.0,0.0,0.5076,15,0.4523,False
5,ENSG00000182253,SYNM,53.700726,2.711338,0.0,0.0,0.5076,15,0.4523,False
5,ENSG00000198888,MT-ND1,53.37969,2.920787,0.0,0.0,0.5076,15,0.4523,False
5,ENSG00000136541,ERMN,53.268276,2.3791177,0.0,0.0,0.5076,15,0.4523,False
5,ENSG00000198727,MT-CYB,52.86499,2.6805067,0.0,0.0,0.5076,15,0.4523,False
5,ENSG00000184009,ACTG1,52.563644,2.2841406,0.0,0.0,0.5076,15,0.4523,False
5,ENSG00000110651,CD81,52.200447,2.1643279,0.0,0.0,0.5076,15,0.4523,False
5,ENSG00000105695,MAG,52.19127,2.180896,0.0,0.0,0.5076,15,0.4523,False
5,ENSG00000166913,YWHAB,52.13145,2.0568907,0.0,0.0,0.5076,15,0.4523,False
5,ENSG00000129757,CDKN1C,52.03174,2.4606512,0.0,0.0,0.5076,15,0.4523,False
5,ENSG00000105711,SCN1B,51.716423,2.677526,0.0,0.0,0.5076,15,0.4523,False
5,ENSG00000101265,RASSF2,51.17307,2.0453558,0.0,0.0,0.5076,15,0.4523,False
5,ENSG00000196361,ELAVL3,51.04602,1.8719579,0.0,0.0,0.5076,15,0.4523,False
5,ENSG00000117450,PRDX1,50.953175,2.3151941,0.0,0.0,0.5076,15,0.4523,False
5,ENSG00000198804,MT-CO1,50.637627,2.7938943,0.0,0.0,0.5076,15,0.4523,False
5,ENSG00000136274,NACAD,50.296097,2.3547246,0.0,0.0,0.5076,15,0.4523,False
5,ENSG00000104419,NDRG1,50.24851,1.8210125,0.0,0.0,0.5076,15,0.4523,False
5,ENSG00000198938,MT-CO3,50.243263,2.6461852,0.0,0.0,0.5076,15,0.4523,False
5,ENSG00000013297,CLDN11,50.186,2.0098133,0.0,0.0,0.5076,15,0.4523,False
5,ENSG00000149557,FEZ1,50.033146,1.8399384,0.0,0.0,0.5076,15,0.4523,False
5,ENSG00000198763,MT-ND2,49.632736,2.7394187,0.0,0.0,0.5076,15,0.4523,False
5,ENSG00000197102,DYNC1H1,49.36527,1.7279837,0.0,0.0,0.5076,15,0.4523,False
5,ENSG00000046653,GPM6B,49.274376,1.3410501,0.0,0.0,0.5076,15,0.4523,False
5,ENSG00000243449,NICOL1,49.24818,2.2829762,0.0,0.0,0.5076,15,0.4523,False
5,ENSG00000115468,EFHD1,49.086792,1.9131695,0.0,0.0,0.5076,15,0.4523,False
5,ENSG00000099194,SCD,49.02555,2.0420117,0.0,0.0,0.5076,15,0.4523,False
5,ENSG00000139644,TMBIM6,49.01633,1.8085532,0.0,0.0,0.5076,15,0.4523,False
5,ENSG00000160307,S100B,48.81635,2.5960214,0.0,0.0,0.5076,15,0.4523,False
5,ENSG00000127022,CANX,48.812515,1.8575114,0.0,0.0,0.5076,15,0.4523,False
5,ENSG00000126878,AIF1L,48.807888,1.9419271,0.0,0.0,0.5076,15,0.4523,False
5,ENSG00000135404,CD63,48.713585,2.2466621,0.0,0.0,0.5076,15,0.4523,False
5,ENSG00000166710,B2M,48.70745,2.7286227,0.0,0.0,0.5076,15,0.4523,False
5,ENSG00000080822,CLDND1,48.641815,2.074535,0.0,0.0,0.5076,15,0.4523,False
17,ENSG00000187514,PTMA,17.216583,3.9594655,1.9942175307904977e-66,4.813841697575182e-62,0.712,4,0.1815,False
17,ENSG00000109846,CRYAB,16.851368,4.3468456,1.0251487621453928e-63,1.2373032984713816e-59,0.712,4,0.1815,False
17,ENSG00000143933,CALM2,16.501968,3.8044693,3.5512592040755616e-61,2.857461530905999e-57,0.712,4,0.1815,False
17,ENSG00000107317,PTGDS,16.353914,3.4872987,4.0791012484724176e-60,2.4616356259218917e-56,0.712,4,0.1815,False
17,ENSG00000088986,DYNLL1,15.686059,3.4313023,1.883941726841777e-55,9.095293868846733e-52,0.712,4,0.1815,False
17,ENSG00000189058,APOD,15.460401,3.562121,6.419780657291012e-54,2.582784754772463e-50,0.712,4,0.1815,False
17,ENSG00000170315,UBB,15.21596,3.6220264,2.7712524782944193e-52,9.556466224792711e-49,0.712,4,0.1815,False
17,ENSG00000197971,MBP,14.619669,2.2009964,2.1042091689749908e-48,4.9296703476286683e-45,0.712,4,0.1815,False
17,ENSG00000087086,FTL,14.5075245,3.5458157,1.0856804527233826e-47,2.1839367040241442e-44,0.712,4,0.1815,False
17,ENSG00000129538,RNASE1,14.427728,3.3903422,3.4630248075238104e-47,6.430304294524404e-44,0.712,4,0.1815,False
17,ENSG00000205542,TMSB4X,14.104798,3.3161519,3.5480095154608917e-45,5.352837605856904e-42,0.712,4,0.1815,False
17,ENSG00000117632,STMN1,13.834271,3.0603526,1.5833332380629536e-43,1.9888272551211628e-40,0.712,4,0.1815,False
17,ENSG00000198804,MT-CO1,13.8314,3.3927736,1.6478124654054958e-43,1.9888272551211628e-40,0.712,4,0.1815,False
17,ENSG00000149806,FAU,13.526795,3.0045989,1.0865765569055591e-41,1.0928696461309704e-38,0.712,4,0.1815,False
17,ENSG00000115268,RPS15,12.865855,3.0897229,7.006215161353975e-38,4.5708926427006374e-35,0.712,4,0.1815,False
17,ENSG00000089220,PEBP1,12.819089,2.6503623,1.2819857721606454e-37,7.934834501073287e-35,0.712,4,0.1815,False
17,ENSG00000147403,RPL10,12.308937,2.9377344,8.108371964770307e-35,3.5586907428652803e-32,0.712,4,0.1815,False
17,ENSG00000142541,RPL13A,12.227836,2.9036117,2.20741236833289e-34,8.880787859864606e-32,0.712,4,0.1815,False
17,ENSG00000198712,MT-CO2,12.18839,3.0018086,3.5843537266314494e-34,1.4184051574943695e-31,0.712,4,0.1815,False
17,ENSG00000176485,PLAAT3,12.160508,2.4535558,5.044418934269792e-34,1.9026129477240388e-31,0.712,4,0.1815,False
17,ENSG00000111640,GAPDH,12.138041,2.6538334,6.639712365920952e-34,2.3921793552382965e-31,0.712,4,0.1815,False
17,ENSG00000010278,CD9,12.134307,2.6837463,6.949601856043794e-34,2.4670064588682524e-31,0.712,4,0.1815,False
17,ENSG00000132475,H3-3B,12.0967045,2.6346266,1.0993642188179488e-33,3.7910789825780664e-31,0.712,4,0.1815,False
17,ENSG00000170889,RPS9,12.015648,2.7457988,2.9405489956539113e-33,9.997452423392924e-31,0.712,4,0.1815,False
17,ENSG00000163041,H3-3A,11.884214,2.8247454,1.4297339634003987e-32,4.368651663610408e-30,0.712,4,0.1815,False
17,ENSG00000182899,RPL35A,11.803186,2.7788868,3.7580661543847126e-32,1.1062921817157633e-29,0.712,4,0.1815,False
17,ENSG00000198938,MT-CO3,11.392875,2.6769004,4.537698878258959e-30,1.1292320950751859e-27,0.712,4,0.1815,False
17,ENSG00000118785,SPP1,11.384135,2.330376,5.0163430618662644e-30,1.235607195616222e-27,0.712,4,0.1815,False
17,ENSG00000198763,MT-ND2,11.348668,2.84461,7.530138763990165e-30,1.83606080428241e-27,0.712,4,0.1815,False
17,ENSG00000140264,SERF2,11.325525,2.5101962,9.80887543641245e-30,2.3443212293025757e-27,0.712,4,0.1815,False
17,ENSG00000109475,RPL34,11.270114,2.7533195,1.8433122963010285e-29,4.197709011359484e-27,0.712,4,0.1815,False
17,ENSG00000178980,SELENOW,11.202442,2.3614798,3.96645775703605e-29,8.473125999742762e-27,0.712,4,0.1815,False
17,ENSG00000140319,SRP14,11.195134,2.5358074,4.30748600765062e-29,9.12091269637529e-27,0.712,4,0.1815,False
17,ENSG00000108298,RPL19,11.153787,2.6322007,6.862287190438998e-29,1.392006306638714e-26,0.712,4,0.1815,False
17,ENSG00000108107,RPL28,11.120208,2.5019972,1.0003847767483421e-28,1.979367879174445e-26,0.712,4,0.1815,False
17,ENSG00000164587,RPS14,11.035251,2.63341,2.583312499475315e-28,5.028917776196342e-26,0.712,4,0.1815,False
17,ENSG00000118181,RPS25,10.9874325,2.7164433,4.392428184932568e-28,8.032486663339944e-26,0.712,4,0.1815,False
17,ENSG00000135940,COX5B,10.969476,2.4374323,5.35819942496313e-28,9.580857475495184e-26,0.712,4,0.1815,False
17,ENSG00000144713,RPL32,10.955699,2.6223872,6.239493883573592e-28,1.107464285702816e-25,0.712,4,0.1815,False
17,ENSG00000173786,CNP,10.862158,2.246147,1.7457548488278806e-27,3.0306176193087937e-25,0.712,4,0.1815,False
17,ENSG00000167552,TUBA1A,10.830325,2.1886942,2.4727531059658425e-27,4.1165370499937567e-25,0.712,4,0.1815,False
17,ENSG00000173812,EIF1,10.761799,2.4381728,5.2142258433141385e-27,8.335509776937748e-25,0.712,4,0.1815,False
17,ENSG00000124172,ATP5F1E,10.754266,2.3706474,5.6582598536860505e-27,8.92710683713252e-25,0.712,4,0.1815,False
17,ENSG00000198886,MT-ND4,10.69755,2.6995099,1.0450487157973098e-26,1.6275116742342748e-24,0.712,4,0.1815,False
17,ENSG00000126860,EVI2A,10.622934,2.6380916,2.331157748538691e-26,3.4522587050291696e-24,0.712,4,0.1815,False
17,ENSG00000107902,LHPP,10.587164,2.3451684,3.417895102780326e-26,4.9701548124105005e-24,0.712,4,0.1815,False
17,ENSG00000117450,PRDX1,10.468526,2.3927596,1.2050472516871823e-25,1.6717606671538448e-23,0.712,4,0.1815,False
17,ENSG00000103363,ELOB,10.447593,2.413288,1.502922886506592e-25,2.0613099748512856e-23,0.712,4,0.1815,False
17,ENSG00000166091,CMTM5,10.385294,2.4897454,2.892766235688907e-25,3.836729899082117e-23,0.712,4,0.1815,False
17,ENSG00000166925,TSC22D4,10.33681,2.1743436,4.802595079520492e-25,6.101570664449745e-23,0.712,4,0.1815,False
7,ENSG00000187147,RNF220,49.692997,2.6904798,0.0,0.0,0.17,15,0.5776,True
7,ENSG00000158865,SLC5A11,44.557644,2.5732512,0.0,0.0,0.17,15,0.5776,True
7,ENSG00000147488,ST18,43.736343,2.2845945,0.0,0.0,0.17,15,0.5776,True
7,ENSG00000183230,CTNNA3,43.00863,2.695738,0.0,0.0,0.17,15,0.5776,True
7,ENSG00000054690,PLEKHH1,42.62906,1.6683378,0.0,0.0,0.17,15,0.5776,True
7,ENSG00000257585,LINC00609,41.731747,2.4513183,0.0,0.0,0.17,15,0.5776,True
7,ENSG00000112893,MAN2A1,40.560337,1.9633292,0.0,0.0,0.17,15,0.5776,True
7,ENSG00000154493,C10orf90,38.999763,1.9546174,0.0,0.0,0.17,15,0.5776,True
7,ENSG00000147459,DOCK5,38.57139,1.7072123,0.0,0.0,0.17,15,0.5776,True
7,ENSG00000156475,PPP2R2B,38.1147,2.017697,0.0,0.0,0.17,15,0.5776,True
7,ENSG00000157827,FMNL2,37.941727,1.3981603,0.0,0.0,0.17,15,0.5776,True
7,ENSG00000167123,CERCAM,37.75244,1.8296515,0.0,0.0,0.17,15,0.5776,True
7,ENSG00000188580,NKAIN2,37.543888,2.2145877,1.772620147731673e-308,1.7828865727539518e-305,0.17,15,0.5776,True
7,ENSG00000114541,FRMD4B,37.47213,1.5384264,2.6201297010911044e-307,2.529892434185527e-304,0.17,15,0.5776,True
7,ENSG00000177103,DSCAML1,37.279778,1.8708608,3.4901598760002975e-304,3.1203321943248588e-301,0.17,15,0.5776,True
7,ENSG00000155849,ELMO1,36.604992,1.7257981,2.3822520525039026e-293,1.6913288910409326e-290,0.17,15,0.5776,True
7,ENSG00000182667,NTM,36.498608,1.442934,1.166729770558847e-291,8.04676855186286e-289,0.17,15,0.5776,True
7,ENSG00000157985,AGAP1,35.98819,1.4512917,1.2800399972128594e-283,8.583023747978115e-281,0.17,15,0.5776,True
7,ENSG00000176771,NCKAP5,35.6277,1.874061,5.21978557068784e-278,3.150010097270844e-275,0.17,15,0.5776,True
7,ENSG00000198597,ZNF536,35.53539,1.6235226,1.397089793404265e-276,7.842872214647801e-274,0.17,15,0.5776,True
7,ENSG00000140479,PCSK6,35.122047,1.6527628,3.1061455179276903e-270,1.4995849331451306e-267,0.17,15,0.5776,True
7,ENSG00000117266,CDK18,34.70793,1.3535049,5.981533046391789e-264,2.5331267755587963e-261,0.17,15,0.5776,True
7,ENSG00000135905,DOCK10,34.59791,1.5618578,2.7158028778646376e-262,1.0747010765372868e-259,0.17,15,0.5776,True
7,ENSG00000134851,TMEM165,33.865288,1.183335,2.1618565088473983e-251,7.455007752438191e-249,0.17,15,0.5776,True
7,ENSG00000150672,DLG2,33.678787,1.799408,1.1819892557957063e-248,3.908498444609938e-246,0.17,15,0.5776,True
7,ENSG00000080815,PSEN1,33.64203,1.4627514,4.078046888345665e-248,1.330269916726703e-245,0.17,15,0.5776,True
7,ENSG00000115896,PLCL1,33.21976,1.5396564,5.581444120004143e-242,1.7273138411894872e-239,0.17,15,0.5776,True
7,ENSG00000182168,UNC5C,33.00415,1.8803239,7.081510787203373e-239,2.0307129801621303e-236,0.17,15,0.5776,True
7,ENSG00000169918,OTUD7A,32.9745,1.626692,1.8851013818341386e-238,5.1709616200107115e-236,0.17,15,0.5776,True
7,ENSG00000133195,SLC39A11,32.95068,1.9118766,4.1363783148648794e-238,1.1094226238058147e-235,0.17,15,0.5776,True
7,ENSG00000078269,SYNJ2,32.861794,1.4229494,7.728359085927506e-237,2.005966236292517e-234,0.17,15,0.5776,True
7,ENSG00000184226,PCDH9,32.818764,1.3326794,3.1793693874213286e-236,8.07861027820668e-234,0.17,15,0.5776,True
7,ENSG00000187391,MAGI2,32.607693,1.7749314,3.1906910505987304e-233,7.625751610930964e-231,0.17,15,0.5776,True
7,ENSG00000176658,MYO1D,32.10697,1.5740823,3.523843427267336e-226,7.663248332505064e-224,0.17,15,0.5776,True
7,ENSG00000071054,MAP4K4,32.08233,1.0704099,7.777796488243886e-226,1.6763234770510638e-223,0.17,15,0.5776,True
7,ENSG00000088538,DOCK3,31.99511,1.5565614,1.2753495184309852e-224,2.7243948695049163e-222,0.17,15,0.5776,True
7,ENSG00000026652,AGPAT4,31.942831,1.5749645,6.794426707453553e-224,1.4138850542346665e-221,0.17,15,0.5776,True
7,ENSG00000186153,WWOX,31.854233,1.6616958,1.1501511110111492e-222,2.3136248057248437e-220,0.17,15,0.5776,True
7,ENSG00000184005,ST6GALNAC3,31.651186,1.7801263,7.30345196223975e-220,1.3773283352851978e-217,0.17,15,0.5776,True
7,ENSG00000171877,FRMD5,31.558096,1.7215121,1.3885049275028584e-218,2.539175791287235e-216,0.17,15,0.5776,True
7,ENSG00000188641,DPYD,31.551327,1.6718998,1.7194518618939719e-218,3.0974513801685505e-216,0.17,15,0.5776,True
7,ENSG00000153707,PTPRD,31.023018,1.359033,2.638131344660984e-211,4.302827873565642e-209,0.17,15,0.5776,True
7,ENSG00000112531,QKI,30.865211,0.9767642,3.5014198551169464e-209,5.488361940432985e-207,0.17,15,0.5776,True
7,ENSG00000169306,IL1RAPL1,30.746058,2.122925,1.3805370118469239e-207,2.1225976387880828e-205,0.17,15,0.5776,True
7,ENSG00000048471,SNX29,30.695183,1.6271431,6.599826081692186e-207,9.95707511162298e-205,0.17,15,0.5776,True
7,ENSG00000155886,SLC24A2,30.303694,1.3092915,1.0248528436914884e-201,1.4383094647598164e-199,0.17,15,0.5776,True
7,ENSG00000113319,RASGRF2,30.019419,1.7971936,5.4759282750904334e-198,7.183882208283041e-196,0.17,15,0.5776,True
7,ENSG00000151240,DIP2C,30.013945,1.2514507,6.455014824937841e-198,8.33249213150666e-196,0.17,15,0.5776,True
7,ENSG00000196814,MVB12B,29.936993,1.2635895,6.498186799513092e-197,8.127447210023135e-195,0.17,15,0.5776,True
7,ENSG00000127603,MACF1,29.762205,1.0249923,1.2055563290443324e-194,1.4550462113400566e-192,0.17,15,0.5776,True
13,ENSG00000187608,ISG15,19.091513,2.9902265,2.970401227494558e-81,7.170251523049114e-77,0.3452,18,0.5887,True
13,ENSG00000132432,SEC61G,18.380796,1.7377067,1.872025227523914e-75,2.259440848359988e-71,0.3452,18,0.5887,True
13,ENSG00000166710,B2M,16.854084,1.5897532,9.79142586525368e-64,7.878507632045286e-60,0.3452,18,0.5887,True
13,ENSG00000173193,PARP14,16.750347,2.2777438,5.629727318041679e-63,3.3973996932552028e-59,0.3452,18,0.5887,True
13,ENSG00000112851,ERBIN,16.339987,0.97524625,5.126372542905452e-60,2.4749101362638947e-56,0.3452,18,0.5887,True
13,ENSG00000206503,HLA-A,16.205181,1.1838115,4.635157881462574e-59,1.8648012683437512e-55,0.3452,18,0.5887,True
13,ENSG00000100242,SUN2,15.7995,1.1103415,3.135925615793538e-56,1.0814015491377173e-52,0.3452,18,0.5887,True
13,ENSG00000198938,MT-CO3,15.56328,1.3817282,1.2929832207142019e-54,3.901415245602515e-51,0.3452,18,0.5887,True
13,ENSG00000204525,HLA-C,14.549581,1.1899525,5.876189990161984e-48,1.4184535017252013e-44,0.3452,18,0.5887,True
13,ENSG00000198804,MT-CO1,14.373033,1.3087708,7.641097857315871e-47,1.6768041925249798e-43,0.3452,18,0.5887,True
13,ENSG00000126709,IFI6,14.285634,1.9030877,2.6895041722666566e-46,4.7810521367773154e-43,0.3452,18,0.5887,True
13,ENSG00000198712,MT-CO2,14.283507,1.3143256,2.7728874400299276e-46,4.7810521367773154e-43,0.3452,18,0.5887,True
13,ENSG00000138670,RASGEF1B,13.927263,1.9955871,4.32614715662249e-44,6.961924414247351e-41,0.3452,18,0.5887,True
13,ENSG00000175161,CADM2,13.102132,0.87076855,3.2013560268895376e-39,4.067238585951924e-36,0.3452,18,0.5887,True
13,ENSG00000070214,SLC44A1,13.011759,0.48136303,1.0489947030280075e-38,1.266084156819654e-35,0.3452,18,0.5887,True
13,ENSG00000148180,GSN,12.937546,0.7450341,2.763161022283916e-38,3.1761878055672116e-35,0.3452,18,0.5887,True
13,ENSG00000147459,DOCK5,12.589572,0.86540616,2.4097535502188298e-36,2.5290887369014053e-33,0.3452,18,0.5887,True
13,ENSG00000101439,CST3,12.39129,1.2995605,2.913195919335089e-35,2.9300681790345713e-32,0.3452,18,0.5887,True
13,ENSG00000167191,GPRC5B,12.26165,0.70987546,1.4550693805190221e-34,1.4049567910539468e-31,0.3452,18,0.5887,True
13,ENSG00000178568,ERBB4,12.245298,1.1487172,1.7802123125165122e-34,1.6527901927629268e-31,0.3452,18,0.5887,True
13,ENSG00000198840,MT-ND3,12.179542,1.1551918,3.995193477258884e-34,3.57185093879823e-31,0.3452,18,0.5887,True
13,ENSG00000198886,MT-ND4,11.707022,1.101775,1.1732858509632035e-31,8.329984457764933e-29,0.3452,18,0.5887,True
13,ENSG00000198888,MT-ND1,11.497007,1.0854676,1.3656881821091857e-30,9.418956293695324e-28,0.3452,18,0.5887,True
13,ENSG00000198899,MT-ATP6,11.442904,1.1277479,2.5519780384515047e-30,1.71117216306058e-27,0.3452,18,0.5887,True
13,ENSG00000034510,TMSB10,11.200434,1.0549722,4.0574201240726265e-29,2.388830838414369e-26,0.3452,18,0.5887,True
13,ENSG00000118515,SGK1,10.961194,0.5899239,5.871923846700928e-28,3.37481832703604e-25,0.3452,18,0.5887,True
13,ENSG00000135643,KCNMB4,10.915011,0.6037347,9.771673895811119e-28,5.4855450272322e-25,0.3452,18,0.5887,True
13,ENSG00000150656,CNDP1,10.541021,0.6742598,5.588856924270293e-26,2.6981883458992123e-23,0.3452,18,0.5887,True
13,ENSG00000164161,HHIP,10.449688,0.83831733,1.4700813234725334e-25,6.571535753204349e-23,0.3452,18,0.5887,True
13,ENSG00000013297,CLDN11,10.115184,0.7037455,4.7312585196090415e-24,1.730421960679434e-21,0.3452,18,0.5887,True
13,ENSG00000163629,PTPN13,10.041767,0.77333194,9.986849041830985e-24,3.545184544422914e-21,0.3452,18,0.5887,True
13,ENSG00000198727,MT-CYB,10.030865,0.9643218,1.1153569150084548e-23,3.901971097302767e-21,0.3452,18,0.5887,True
13,ENSG00000155886,SLC24A2,9.866896,0.6119462,5.792947490395431e-23,1.8160514216968216e-20,0.3452,18,0.5887,True
13,ENSG00000186231,KLHL32,9.7550745,0.72038907,1.7547125539654948e-22,5.165488578069888e-20,0.3452,18,0.5887,True
13,ENSG00000142089,IFITM3,9.668556,1.8950174,4.101233945205578e-22,1.178567692896636e-19,0.3452,18,0.5887,True
13,ENSG00000091138,SLC26A3,9.646671,2.8011024,5.077721356260045e-22,1.4252455327762934e-19,0.3452,18,0.5887,True
13,ENSG00000185745,IFIT1,9.58429,2.3888507,9.309614948132405e-22,2.5249976992468333e-19,0.3452,18,0.5887,True
13,ENSG00000169760,NLGN1,9.559252,0.85928947,1.1861147312502796e-21,3.181291499738945e-19,0.3452,18,0.5887,True
13,ENSG00000146648,EGFR,9.509411,1.7126174,1.917451211860301e-21,4.976919871300624e-19,0.3452,18,0.5887,True
13,ENSG00000071991,CDH19,9.404679,0.8344162,5.2188953112577735e-21,1.326093830720541e-18,0.3452,18,0.5887,True
13,ENSG00000125148,MT2A,9.196465,0.82141477,3.699210301133188e-20,8.84111261970832e-18,0.3452,18,0.5887,True
13,ENSG00000119917,IFIT3,9.1718025,1.3661683,4.6517298689163484e-20,1.0796933394785744e-17,0.3452,18,0.5887,True
13,ENSG00000151552,QDPR,9.151262,0.63156396,5.62723129724255e-20,1.2694928624685789e-17,0.3452,18,0.5887,True
13,ENSG00000198763,MT-ND2,9.140115,0.88946867,6.23861166782806e-20,1.3815949270614817e-17,0.3452,18,0.5887,True
13,ENSG00000115415,STAT1,9.13503,1.0177045,6.538877833183028e-20,1.4349270183200466e-17,0.3452,18,0.5887,True
13,ENSG00000160584,SIK3,8.845674,0.57030016,9.097750613689172e-19,1.7157078286237726e-16,0.3452,18,0.5887,True
13,ENSG00000253877,LINC01608,8.75375,1.0644556,2.0637829565227227e-18,3.682482694245684e-16,0.3452,18,0.5887,True
13,ENSG00000154654,NCAM2,8.733223,0.6787295,2.4751589966428323e-18,4.3295552913015454e-16,0.3452,18,0.5887,True
13,ENSG00000169306,IL1RAPL1,8.621577,0.7995556,6.6038066351286284e-18,1.0487453181932231e-15,0.3452,18,0.5887,True
13,ENSG00000124920,MYRF,8.6020565,0.5028599,7.830002794161374e-18,1.219409273859751e-15,0.3452,18,0.5887,True
3,ENSG00000179104,TMTC2,66.4863,3.00296,0.0,0.0,0.1893,16,0.5434,True
3,ENSG00000152894,PTPRK,62.719536,2.570493,0.0,0.0,0.1893,16,0.5434,True
3,ENSG00000188641,DPYD,60.919167,2.6803286,0.0,0.0,0.1893,16,0.5434,True
3,ENSG00000164741,DLC1,60.69664,2.6565702,0.0,0.0,0.1893,16,0.5434,True
3,ENSG00000155849,ELMO1,59.793926,2.3977058,0.0,0.0,0.1893,16,0.5434,True
3,ENSG00000197959,DNM3,59.665993,2.0495906,0.0,0.0,0.1893,16,0.5434,True
3,ENSG00000245532,NEAT1,59.506783,2.0055451,0.0,0.0,0.1893,16,0.5434,True
3,ENSG00000145349,CAMK2D,58.966785,2.7905958,0.0,0.0,0.1893,16,0.5434,True
3,ENSG00000112851,ERBIN,58.60077,2.058887,0.0,0.0,0.1893,16,0.5434,True
3,ENSG00000145362,ANK2,58.21619,2.1348593,0.0,0.0,0.1893,16,0.5434,True
3,ENSG00000171877,FRMD5,58.001163,2.5936208,0.0,0.0,0.1893,16,0.5434,True
3,ENSG00000184588,PDE4B,56.813576,2.513895,0.0,0.0,0.1893,16,0.5434,True
3,ENSG00000166833,NAV2,56.22393,2.4779656,0.0,0.0,0.1893,16,0.5434,True
3,ENSG00000169855,ROBO1,54.849678,2.4403074,0.0,0.0,0.1893,16,0.5434,True
3,ENSG00000160584,SIK3,54.03705,2.0692627,0.0,0.0,0.1893,16,0.5434,True
3,ENSG00000151322,NPAS3,53.042747,2.3071787,0.0,0.0,0.1893,16,0.5434,True
3,ENSG00000187147,RNF220,52.96316,2.5775273,0.0,0.0,0.1893,16,0.5434,True
3,ENSG00000147459,DOCK5,52.793247,2.0753517,0.0,0.0,0.1893,16,0.5434,True
3,ENSG00000157827,FMNL2,52.731293,1.7394588,0.0,0.0,0.1893,16,0.5434,True
3,ENSG00000169306,IL1RAPL1,52.515656,2.775552,0.0,0.0,0.1893,16,0.5434,True
3,ENSG00000109381,ELF2,52.413292,2.0348241,0.0,0.0,0.1893,16,0.5434,True
3,ENSG00000116675,DNAJC6,52.06106,1.8156046,0.0,0.0,0.1893,16,0.5434,True
3,ENSG00000120658,ENOX1,51.910736,2.449347,0.0,0.0,0.1893,16,0.5434,True
3,ENSG00000150760,DOCK1,51.298096,1.9621098,0.0,0.0,0.1893,16,0.5434,True
3,ENSG00000198825,INPP5F,51.272587,2.5268059,0.0,0.0,0.1893,16,0.5434,True
3,ENSG00000111596,CNOT2,49.079254,2.0659354,0.0,0.0,0.1893,16,0.5434,True
3,ENSG00000181722,ZBTB20,48.87337,1.6883775,0.0,0.0,0.1893,16,0.5434,True
3,ENSG00000151914,DST,48.83553,1.2262571,0.0,0.0,0.1893,16,0.5434,True
3,ENSG00000151320,AKAP6,48.801315,1.826471,0.0,0.0,0.1893,16,0.5434,True
3,ENSG00000157985,AGAP1,48.74381,1.7420917,0.0,0.0,0.1893,16,0.5434,True
3,ENSG00000176463,SLCO3A1,48.742516,1.7759236,0.0,0.0,0.1893,16,0.5434,True
3,ENSG00000163629,PTPN13,48.585392,1.9604316,0.0,0.0,0.1893,16,0.5434,True
3,ENSG00000115183,TANC1,48.54837,1.8774481,0.0,0.0,0.1893,16,0.5434,True
3,ENSG00000107863,ARHGAP21,47.99325,1.3216125,0.0,0.0,0.1893,16,0.5434,True
3,ENSG00000183580,FBXL7,47.969677,2.1499732,0.0,0.0,0.1893,16,0.5434,True
3,ENSG00000128512,DOCK4,47.687374,1.8495857,0.0,0.0,0.1893,16,0.5434,True
3,ENSG00000033327,GAB2,47.619274,1.9410548,0.0,0.0,0.1893,16,0.5434,True
3,ENSG00000106772,PRUNE2,47.527386,1.7609086,0.0,0.0,0.1893,16,0.5434,True
3,ENSG00000062716,VMP1,47.470272,1.8155587,0.0,0.0,0.1893,16,0.5434,True
3,ENSG00000112137,PHACTR1,46.901463,2.130597,0.0,0.0,0.1893,16,0.5434,True
3,ENSG00000187391,MAGI2,46.815754,2.1385877,0.0,0.0,0.1893,16,0.5434,True
3,ENSG00000140479,PCSK6,46.593075,1.8881581,0.0,0.0,0.1893,16,0.5434,True
3,ENSG00000153317,ASAP1,46.56178,1.8426259,0.0,0.0,0.1893,16,0.5434,True
3,ENSG00000156639,ZFAND3,46.44549,1.6945062,0.0,0.0,0.1893,16,0.5434,True
3,ENSG00000145416,MARCHF1,46.1333,1.9252726,0.0,0.0,0.1893,16,0.5434,True
3,ENSG00000151572,ANO4,45.679512,2.1932652,0.0,0.0,0.1893,16,0.5434,True
3,ENSG00000140262,TCF12,45.582874,1.8459996,0.0,0.0,0.1893,16,0.5434,True
3,ENSG00000075151,EIF4G3,45.54002,1.616701,0.0,0.0,0.1893,16,0.5434,True
3,ENSG00000179241,LDLRAD3,45.531986,1.929337,0.0,0.0,0.1893,16,0.5434,True
3,ENSG00000154655,L3MBTL4,45.48898,2.0730813,0.0,0.0,0.1893,16,0.5434,True
4,ENSG00000184005,ST6GALNAC3,71.11665,3.4738257,0.0,0.0,0.1779,16,0.5438,True
4,ENSG00000188580,NKAIN2,68.80967,3.4335155,0.0,0.0,0.1779,16,0.5438,True
4,ENSG00000112893,MAN2A1,68.03152,2.9051204,0.0,0.0,0.1779,16,0.5438,True
4,ENSG00000147488,ST18,66.55273,3.0342836,0.0,0.0,0.1779,16,0.5438,True
4,ENSG00000257585,LINC00609,66.404106,3.3034284,0.0,0.0,0.1779,16,0.5438,True
4,ENSG00000158865,SLC5A11,63.005497,3.0130014,0.0,0.0,0.1779,16,0.5438,True
4,ENSG00000183230,CTNNA3,62.4593,3.4027379,0.0,0.0,0.1779,16,0.5438,True
4,ENSG00000187147,RNF220,62.375042,3.0461767,0.0,0.0,0.1779,16,0.5438,True
4,ENSG00000183783,KCTD8,61.079666,3.1382391,0.0,0.0,0.1779,16,0.5438,True
4,ENSG00000113319,RASGRF2,60.921814,2.796536,0.0,0.0,0.1779,16,0.5438,True
4,ENSG00000182168,UNC5C,60.49174,3.0232275,0.0,0.0,0.1779,16,0.5438,True
4,ENSG00000124406,ATP8A1,59.817413,2.0222168,0.0,0.0,0.1779,16,0.5438,True
4,ENSG00000157827,FMNL2,59.571056,1.999648,0.0,0.0,0.1779,16,0.5438,True
4,ENSG00000135905,DOCK10,59.060135,2.3224905,0.0,0.0,0.1779,16,0.5438,True
4,ENSG00000157851,DPYSL5,58.971058,2.3749323,0.0,0.0,0.1779,16,0.5438,True
4,ENSG00000114757,PEX5L,58.785706,2.138869,0.0,0.0,0.1779,16,0.5438,True
4,ENSG00000164741,DLC1,58.002556,2.5685625,0.0,0.0,0.1779,16,0.5438,True
4,ENSG00000115896,PLCL1,57.97888,2.384036,0.0,0.0,0.1779,16,0.5438,True
4,ENSG00000156475,PPP2R2B,57.775326,2.6325142,0.0,0.0,0.1779,16,0.5438,True
4,ENSG00000154493,C10orf90,57.55662,2.5160782,0.0,0.0,0.1779,16,0.5438,True
4,ENSG00000152894,PTPRK,57.473938,2.4285135,0.0,0.0,0.1779,16,0.5438,True
4,ENSG00000150672,DLG2,57.41326,2.4709156,0.0,0.0,0.1779,16,0.5438,True
4,ENSG00000135525,MAP7,57.215816,1.8586054,0.0,0.0,0.1779,16,0.5438,True
4,ENSG00000004864,SLC25A13,56.76162,2.276626,0.0,0.0,0.1779,16,0.5438,True
4,ENSG00000169918,OTUD7A,56.5526,2.3675895,0.0,0.0,0.1779,16,0.5438,True
4,ENSG00000188641,DPYD,56.478348,2.5440543,0.0,0.0,0.1779,16,0.5438,True
4,ENSG00000187391,MAGI2,56.167503,2.4631078,0.0,0.0,0.1779,16,0.5438,True
4,ENSG00000075711,DLG1,55.21884,1.944843,0.0,0.0,0.1779,16,0.5438,True
4,ENSG00000140479,PCSK6,55.117573,2.2020724,0.0,0.0,0.1779,16,0.5438,True
4,ENSG00000133195,SLC39A11,54.89922,2.4607933,0.0,0.0,0.1779,16,0.5438,True
4,ENSG00000135362,PRR5L,54.70781,2.3870885,0.0,0.0,0.1779,16,0.5438,True
4,ENSG00000182667,NTM,54.598473,1.9415036,0.0,0.0,0.1779,16,0.5438,True
4,ENSG00000058335,RASGRF1,54.555824,2.8679175,0.0,0.0,0.1779,16,0.5438,True
4,ENSG00000155849,ELMO1,54.4862,2.2848186,0.0,0.0,0.1779,16,0.5438,True
4,ENSG00000149571,KIRREL3,54.471504,2.7393801,0.0,0.0,0.1779,16,0.5438,True
4,ENSG00000116675,DNAJC6,54.426407,1.9171576,0.0,0.0,0.1779,16,0.5438,True
4,ENSG00000075539,FRYL,54.25374,1.906064,0.0,0.0,0.1779,16,0.5438,True
4,ENSG00000196814,MVB12B,53.839287,1.9034029,0.0,0.0,0.1779,16,0.5438,True
4,ENSG00000188153,COL4A5,53.595776,2.2962184,0.0,0.0,0.1779,16,0.5438,True
4,ENSG00000054690,PLEKHH1,53.33023,1.8206129,0.0,0.0,0.1779,16,0.5438,True
4,ENSG00000197959,DNM3,53.169945,1.946364,0.0,0.0,0.1779,16,0.5438,True
4,ENSG00000169306,IL1RAPL1,52.951687,2.884247,0.0,0.0,0.1779,16,0.5438,True
4,ENSG00000179104,TMTC2,52.631905,2.4495165,0.0,0.0,0.1779,16,0.5438,True
4,ENSG00000186153,WWOX,52.580784,2.3802953,0.0,0.0,0.1779,16,0.5438,True
4,ENSG00000088538,DOCK3,52.441692,2.200139,0.0,0.0,0.1779,16,0.5438,True
4,ENSG00000177570,SAMD12,52.204933,2.3185086,0.0,0.0,0.1779,16,0.5438,True
4,ENSG00000176771,NCKAP5,52.170444,2.4120903,0.0,0.0,0.1779,16,0.5438,True
4,ENSG00000080815,PSEN1,51.908867,1.8799486,0.0,0.0,0.1779,16,0.5438,True
4,ENSG00000176658,MYO1D,51.876186,2.1164434,0.0,0.0,0.1779,16,0.5438,True
4,ENSG00000227110,LMCD1-AS1,51.691185,2.44071,0.0,0.0,0.1779,16,0.5438,True
11,ENSG00000185737,NRG3,61.39076,7.373707,0.0,0.0,0.351,8,0.3683,True
11,ENSG00000048740,CELF2,60.9883,5.928743,0.0,0.0,0.351,8,0.3683,True
11,ENSG00000078328,RBFOX1,60.76968,6.3027816,0.0,0.0,0.351,8,0.3683,True
11,ENSG00000183117,CSMD1,60.57573,6.0968766,0.0,0.0,0.351,8,0.3683,True
11,ENSG00000185774,KCNIP4,60.37615,7.058537,0.0,0.0,0.351,8,0.3683,True
11,ENSG00000214548,MEG3,59.701897,6.4261904,0.0,0.0,0.351,8,0.3683,True
11,ENSG00000067715,SYT1,59.556957,6.817888,0.0,0.0,0.351,8,0.3683,True
11,ENSG00000186094,AGBL4,59.26776,6.879921,0.0,0.0,0.351,8,0.3683,True
11,ENSG00000198626,RYR2,59.02967,5.6553116,0.0,0.0,0.351,8,0.3683,True
11,ENSG00000151067,CACNA1C,59.02834,6.30972,0.0,0.0,0.351,8,0.3683,True
11,ENSG00000183049,CAMK1D,58.77538,6.302125,0.0,0.0,0.351,8,0.3683,True
11,ENSG00000156113,KCNMA1,58.519367,5.2044425,0.0,0.0,0.351,8,0.3683,True
11,ENSG00000145087,STXBP5L,58.26824,6.665878,0.0,0.0,0.351,8,0.3683,True
11,ENSG00000160145,KALRN,58.004093,5.754666,0.0,0.0,0.351,8,0.3683,True
11,ENSG00000145934,TENM2,57.99839,7.4596734,0.0,0.0,0.351,8,0.3683,True
11,ENSG00000204442,NALF1,57.910187,5.9056263,0.0,0.0,0.351,8,0.3683,True
11,ENSG00000184672,RALYL,57.641483,7.5650287,0.0,0.0,0.351,8,0.3683,True
11,ENSG00000151474,FRMD4A,57.557194,4.9407477,0.0,0.0,0.351,8,0.3683,True
11,ENSG00000184156,KCNQ3,57.41439,6.0104094,0.0,0.0,0.351,8,0.3683,True
11,ENSG00000183715,OPCML,57.322662,5.7774506,0.0,0.0,0.351,8,0.3683,True
11,ENSG00000186487,MYT1L,56.616154,6.4183383,0.0,0.0,0.351,8,0.3683,True
11,ENSG00000182901,RGS7,56.536583,4.821746,0.0,0.0,0.351,8,0.3683,True
11,ENSG00000176406,RIMS2,56.52774,5.5713086,0.0,0.0,0.351,8,0.3683,True
11,ENSG00000179915,NRXN1,56.516647,5.0196085,0.0,0.0,0.351,8,0.3683,True
11,ENSG00000148408,CACNA1B,56.413963,7.172233,0.0,0.0,0.351,8,0.3683,True
11,ENSG00000184305,CCSER1,56.39991,6.5862613,0.0,0.0,0.351,8,0.3683,True
11,ENSG00000170579,DLGAP1,56.19563,5.1483035,0.0,0.0,0.351,8,0.3683,True
11,ENSG00000185760,KCNQ5,55.67235,6.150599,0.0,0.0,0.351,8,0.3683,True
11,ENSG00000133083,DCLK1,54.510017,5.61183,0.0,0.0,0.351,8,0.3683,True
11,ENSG00000144290,SLC4A10,54.299843,6.5440063,0.0,0.0,0.351,8,0.3683,True
11,ENSG00000141837,CACNA1A,54.293697,5.0775576,0.0,0.0,0.351,8,0.3683,True
11,ENSG00000169933,FRMPD4,54.15575,6.8900065,0.0,0.0,0.351,8,0.3683,True
11,ENSG00000183454,GRIN2A,53.88785,5.397896,0.0,0.0,0.351,8,0.3683,True
11,ENSG00000132639,SNAP25,53.686752,5.3674736,0.0,0.0,0.351,8,0.3683,True
11,ENSG00000169744,LDB2,53.58648,6.476252,0.0,0.0,0.351,8,0.3683,True
11,ENSG00000132932,ATP8A2,53.358814,5.1375804,0.0,0.0,0.351,8,0.3683,True
11,ENSG00000174469,CNTNAP2,53.308704,4.331895,0.0,0.0,0.351,8,0.3683,True
11,ENSG00000283154,IQCJ-SCHIP1,53.170414,4.5166078,0.0,0.0,0.351,8,0.3683,True
11,ENSG00000053108,FSTL4,53.1326,8.847499,0.0,0.0,0.351,8,0.3683,True
11,ENSG00000107518,ATRNL1,52.923088,5.0530853,0.0,0.0,0.351,8,0.3683,True
11,ENSG00000184349,EFNA5,52.815483,7.457866,0.0,0.0,0.351,8,0.3683,True
11,ENSG00000183023,SLC8A1,52.781715,5.060675,0.0,0.0,0.351,8,0.3683,True
11,ENSG00000112232,KHDRBS2,52.695465,6.036157,0.0,0.0,0.351,8,0.3683,True
11,ENSG00000002746,HECW1,52.30957,5.5616956,0.0,0.0,0.351,8,0.3683,True
11,ENSG00000135298,ADGRB3,52.268795,3.3009336,0.0,0.0,0.351,8,0.3683,True
11,ENSG00000182621,PLCB1,52.21588,4.5502734,0.0,0.0,0.351,8,0.3683,True
11,ENSG00000157152,SYN2,52.202206,6.2034945,0.0,0.0,0.351,8,0.3683,True
11,ENSG00000102466,FGF14,51.928787,4.7300315,0.0,0.0,0.351,8,0.3683,True
11,ENSG00000144218,AFF3,51.603653,4.5438337,0.0,0.0,0.351,8,0.3683,True
11,ENSG00000168959,GRM5,51.560135,5.206183,0.0,0.0,0.351,8,0.3683,True
14,ENSG00000174469,CNTNAP2,39.48348,5.610494,0.0,0.0,0.4125,7,0.3189,True
14,ENSG00000170579,DLGAP1,39.20543,5.814922,0.0,0.0,0.4125,7,0.3189,True
14,ENSG00000185737,NRG3,39.20344,6.711455,0.0,0.0,0.4125,7,0.3189,True
14,ENSG00000021645,NRXN3,38.56137,4.9402585,0.0,0.0,0.4125,7,0.3189,True
14,ENSG00000214548,MEG3,38.362854,5.963196,0.0,0.0,0.4125,7,0.3189,True
14,ENSG00000185008,ROBO2,38.133297,7.0200295,0.0,0.0,0.4125,7,0.3189,True
14,ENSG00000067715,SYT1,37.872833,6.098266,0.0,0.0,0.4125,7,0.3189,True
14,ENSG00000151474,FRMD4A,37.78234,5.024928,0.0,0.0,0.4125,7,0.3189,True
14,ENSG00000184305,CCSER1,37.575813,6.300846,5.338823186232275e-309,1.431931698805121e-305,0.4125,7,0.3189,True
14,ENSG00000145934,TENM2,36.911312,6.7974386,3.0427896769544597e-298,7.34499000120037e-295,0.4125,7,0.3189,True
14,ENSG00000078328,RBFOX1,36.35483,5.6494036,2.204190868854983e-289,4.836996671208222e-286,0.4125,7,0.3189,True
14,ENSG00000176406,RIMS2,36.219097,5.0798287,3.047354326575596e-287,6.130007174100692e-284,0.4125,7,0.3189,True
14,ENSG00000186487,MYT1L,36.042492,5.798653,1.8081540009942976e-284,3.357463802307796e-281,0.4125,7,0.3189,True
14,ENSG00000173406,DAB1,35.972862,5.0275373,2.2228491332003464e-283,3.8326682304516543e-280,0.4125,7,0.3189,True
14,ENSG00000182621,PLCB1,35.828423,4.9107423,3.987523242120991e-281,6.416988236103908e-278,0.4125,7,0.3189,True
14,ENSG00000204442,NALF1,35.803646,5.250683,9.691429385820996e-281,1.4621338371520813e-277,0.4125,7,0.3189,True
14,ENSG00000102466,FGF14,35.77897,4.997198,2.345738483721751e-280,3.1457656254755193e-277,0.4125,7,0.3189,True
14,ENSG00000183117,CSMD1,35.636322,5.19137,3.838341015220128e-278,4.876511250863089e-275,0.4125,7,0.3189,True
14,ENSG00000164418,GRIK2,35.527027,4.9316025,1.880876530542629e-276,2.1620227890842153e-273,0.4125,7,0.3189,True
14,ENSG00000132932,ATP8A2,35.174423,4.8873878,4.921610090975487e-271,5.400124817548058e-268,0.4125,7,0.3189,True
14,ENSG00000169933,FRMPD4,35.13018,6.0403004,2.3338454448041846e-270,2.4494215300925308e-267,0.4125,7,0.3189,True
14,ENSG00000133083,DCLK1,35.046432,5.285949,4.4191718429970055e-269,4.444766213254363e-266,0.4125,7,0.3189,True
14,ENSG00000151789,ZNF385D,34.75611,6.5393357,1.1206406035235656e-264,1.0018942047576056e-261,0.4125,7,0.3189,True
14,ENSG00000164830,OXR1,34.65523,4.0891943,3.725802672705906e-263,3.2120410970159955e-260,0.4125,7,0.3189,True
14,ENSG00000151067,CACNA1C,34.528103,4.9367247,3.03857853975817e-261,2.529249909352499e-258,0.4125,7,0.3189,True
14,ENSG00000144290,SLC4A10,34.476036,5.594957,1.834397279408647e-260,1.4760171975881777e-257,0.4125,7,0.3189,True
14,ENSG00000273079,GRIN2B,34.382767,5.516323,4.563003967123278e-259,3.553108153625445e-256,0.4125,7,0.3189,True
14,ENSG00000166006,KCNC2,34.297237,7.044854,8.628261361117318e-258,6.508675031125341e-255,0.4125,7,0.3189,True
14,ENSG00000206579,XKR4,34.21844,6.021835,1.2860356675877143e-256,9.407156054515102e-254,0.4125,7,0.3189,True
14,ENSG00000186094,AGBL4,34.17133,5.0799403,6.448885542968047e-256,4.5785190624031085e-253,0.4125,7,0.3189,True
14,ENSG00000155974,GRIP1,34.032642,6.078687,7.332504070330357e-254,5.057123307248699e-251,0.4125,7,0.3189,True
14,ENSG00000218336,TENM3,34.009365,6.358807,1.6198446132935512e-253,1.0861508088970288e-250,0.4125,7,0.3189,True
14,ENSG00000156113,KCNMA1,33.939484,4.3539515,1.7436121038597755e-252,1.1375419614884087e-249,0.4125,7,0.3189,True
14,ENSG00000163618,CADPS,33.84668,5.0084567,4.061257576842632e-251,2.579860438089587e-248,0.4125,7,0.3189,True
14,ENSG00000155511,GRIA1,33.698166,5.0836883,6.149413480334536e-249,3.806171589789626e-246,0.4125,7,0.3189,True
14,ENSG00000145087,STXBP5L,33.675167,5.0060554,1.335324819051011e-248,8.058351451768089e-246,0.4125,7,0.3189,True
14,ENSG00000183715,OPCML,33.217983,4.604895,5.921311651116943e-242,3.2485123169616336e-239,0.4125,7,0.3189,True
14,ENSG00000147481,SNTG1,33.152946,4.5851445,5.1356759366385846e-241,2.7548906985448626e-238,0.4125,7,0.3189,True
14,ENSG00000160145,KALRN,33.051525,4.4501414,1.4791549388500261e-239,7.762026319326255e-237,0.4125,7,0.3189,True
14,ENSG00000144619,CNTN4,32.76109,6.6083546,2.110777797900641e-235,1.0840864949685867e-232,0.4125,7,0.3189,True
14,ENSG00000183454,GRIN2A,32.588337,4.9202633,5.999980492248759e-233,3.017365189633183e-230,0.4125,7,0.3189,True
14,ENSG00000182901,RGS7,32.573784,4.0039053,9.643952933382276e-233,4.750926119569689e-230,0.4125,7,0.3189,True
14,ENSG00000114279,FGF12,32.43993,4.337067,7.512273693385679e-231,3.6267754936927375e-228,0.4125,7,0.3189,True
14,ENSG00000185274,GALNT17,32.375473,5.6351824,6.079095900511773e-230,2.877319528283405e-227,0.4125,7,0.3189,True
14,ENSG00000132639,SNAP25,32.257732,4.545589,2.7408536414880784e-228,1.2723358856130907e-225,0.4125,7,0.3189,True
14,ENSG00000081189,MEF2C,32.217117,4.857663,1.0164233975259367e-227,4.62932913073181e-225,0.4125,7,0.3189,True
14,ENSG00000172915,NBEA,31.754671,3.2000933,2.737199628017989e-221,1.2013320331041133e-218,0.4125,7,0.3189,True
14,ENSG00000148219,ASTN2,31.670784,3.570944,3.9244794004356856e-220,1.691660861555661e-217,0.4125,7,0.3189,True
14,ENSG00000141837,CACNA1A,31.61986,4.6000013,1.969495631135947e-219,8.196837075860452e-217,0.4125,7,0.3189,True
14,ENSG00000078018,MAP2,31.6,3.5416787,3.692093852295334e-219,1.510567008484018e-216,0.4125,7,0.3189,True
8,ENSG00000106278,PTPRZ1,77.59214,6.189024,0.0,0.0,0.9931,1,0.0113,False
8,ENSG00000134532,SOX5,77.171364,6.8155975,0.0,0.0,0.9931,1,0.0113,False
8,ENSG00000224184,MIR3681HG,76.466095,9.783398,0.0,0.0,0.9931,1,0.0113,False
8,ENSG00000103489,XYLT1,76.12913,6.1729207,0.0,0.0,0.9931,1,0.0113,False
8,ENSG00000242808,SOX2-OT,75.904045,5.738834,0.0,0.0,0.9931,1,0.0113,False
8,ENSG00000156103,MMP16,75.57705,6.5827527,0.0,0.0,0.9931,1,0.0113,False
8,ENSG00000139910,NOVA1,74.87921,3.9232848,0.0,0.0,0.9931,1,0.0113,False
8,ENSG00000196376,SLC35F1,74.71084,6.3214803,0.0,0.0,0.9931,1,0.0113,False
8,ENSG00000102466,FGF14,74.65404,6.139739,0.0,0.0,0.9931,1,0.0113,False
8,ENSG00000116147,TNR,74.37676,7.1161666,0.0,0.0,0.9931,1,0.0113,False
8,ENSG00000155052,CNTNAP5,74.17711,6.858995,0.0,0.0,0.9931,1,0.0113,False
8,ENSG00000058866,DGKG,74.00479,5.5414824,0.0,0.0,0.9931,1,0.0113,False
8,ENSG00000187416,LHFPL3,73.85566,6.2817802,0.0,0.0,0.9931,1,0.0113,False
8,ENSG00000176204,LRRTM4,73.22802,5.7938647,0.0,0.0,0.9931,1,0.0113,False
8,ENSG00000110693,SOX6,73.21431,6.044195,0.0,0.0,0.9931,1,0.0113,False
8,ENSG00000148516,ZEB1,72.918015,5.7902975,0.0,0.0,0.9931,1,0.0113,False
8,ENSG00000150471,ADGRL3,72.75233,4.5635056,0.0,0.0,0.9931,1,0.0113,False
8,ENSG00000148948,LRRC4C,72.69315,4.3945365,0.0,0.0,0.9931,1,0.0113,False
8,ENSG00000072134,EPN2,72.48791,3.4719212,0.0,0.0,0.9931,1,0.0113,False
8,ENSG00000134121,CHL1,72.34361,5.9521575,0.0,0.0,0.9931,1,0.0113,False
8,ENSG00000169851,PCDH7,72.19709,5.8988566,0.0,0.0,0.9931,1,0.0113,False
8,ENSG00000139915,MDGA2,72.028114,5.0663333,0.0,0.0,0.9931,1,0.0113,False
8,ENSG00000038382,TRIO,71.948364,4.6457434,0.0,0.0,0.9931,1,0.0113,False
8,ENSG00000164418,GRIK2,71.659584,5.630582,0.0,0.0,0.9931,1,0.0113,False
8,ENSG00000169760,NLGN1,71.52022,4.080303,0.0,0.0,0.9931,1,0.0113,False
8,ENSG00000204442,NALF1,71.250374,5.9290676,0.0,0.0,0.9931,1,0.0113,False
8,ENSG00000078018,MAP2,71.231445,4.86812,0.0,0.0,0.9931,1,0.0113,False
8,ENSG00000171310,CHST11,70.94514,6.0924683,0.0,0.0,0.9931,1,0.0113,False
8,ENSG00000112902,SEMA5A,70.88255,4.6088257,0.0,0.0,0.9931,1,0.0113,False
8,ENSG00000214548,MEG3,70.61735,5.604582,0.0,0.0,0.9931,1,0.0113,False
8,ENSG00000140538,NTRK3,70.5359,5.390052,0.0,0.0,0.9931,1,0.0113,False
8,ENSG00000112280,COL9A1,70.08145,7.824693,0.0,0.0,0.9931,1,0.0113,False
8,ENSG00000188107,EYS,69.89733,7.1337285,0.0,0.0,0.9931,1,0.0113,False
8,ENSG00000258399,MIR493HG,69.41254,6.017252,0.0,0.0,0.9931,1,0.0113,False
8,ENSG00000112769,LAMA4,69.01747,7.29524,0.0,0.0,0.9931,1,0.0113,False
8,ENSG00000140443,IGF1R,68.89156,3.8466592,0.0,0.0,0.9931,1,0.0113,False
8,ENSG00000091129,NRCAM,68.88402,4.621134,0.0,0.0,0.9931,1,0.0113,False
8,ENSG00000147408,CSGALNACT1,68.79209,6.3466277,0.0,0.0,0.9931,1,0.0113,False
8,ENSG00000156395,SORCS3,68.72293,5.7942233,0.0,0.0,0.9931,1,0.0113,False
8,ENSG00000198732,SMOC1,68.66025,5.088948,0.0,0.0,0.9931,1,0.0113,False
8,ENSG00000151952,TMEM132D,68.34392,6.2113285,0.0,0.0,0.9931,1,0.0113,False
8,ENSG00000144868,TMEM108,68.22124,5.326214,0.0,0.0,0.9931,1,0.0113,False
8,ENSG00000227036,LINC00511,67.54742,4.2614594,0.0,0.0,0.9931,1,0.0113,False
8,ENSG00000171587,DSCAM,67.39676,5.7909737,0.0,0.0,0.9931,1,0.0113,False
8,ENSG00000100505,TRIM9,67.323784,3.4010372,0.0,0.0,0.9931,1,0.0113,False
8,ENSG00000224078,SNHG14,66.983734,4.2141814,0.0,0.0,0.9931,1,0.0113,False
8,ENSG00000229807,XIST,66.91735,3.6088533,0.0,0.0,0.9931,1,0.0113,False
8,ENSG00000185565,LSAMP,66.63882,3.4981894,0.0,0.0,0.9931,1,0.0113,False
8,ENSG00000069667,RORA,66.37266,4.0803943,0.0,0.0,0.9931,1,0.0113,False
8,ENSG00000009694,TENM1,66.26858,5.5542383,0.0,0.0,0.9931,1,0.0113,False
19,ENSG00000198938,MT-CO3,15.490868,4.580584,3.9985529832931575e-54,3.217369015457117e-50,0.2264,7,0.3744,True
19,ENSG00000198712,MT-CO2,15.087298,4.300754,1.9631827584506176e-51,9.477853721247891e-48,0.2264,7,0.3744,True
19,ENSG00000198727,MT-CYB,14.105243,4.103683,3.525749765713185e-45,9.456452621616729e-42,0.2264,7,0.3744,True
19,ENSG00000198886,MT-ND4,12.884481,3.5870016,5.504427491368171e-38,4.4290458404712095e-35,0.2264,7,0.3744,True
19,ENSG00000198899,MT-ATP6,12.842468,3.676943,9.4802784927615e-38,7.382078791508706e-35,0.2264,7,0.3744,True
19,ENSG00000198804,MT-CO1,12.466704,3.4664896,1.1342051722591876e-35,7.02014837260629e-33,0.2264,7,0.3744,True
19,ENSG00000067715,SYT1,12.160626,5.2758117,5.037109359183752e-34,1.899855981583384e-31,0.2264,7,0.3744,True
19,ENSG00000214548,MEG3,11.720216,4.898282,1.0041616391169342e-31,2.920416603210082e-29,0.2264,7,0.3744,True
19,ENSG00000034510,TMSB10,11.659555,3.2899275,2.051097171745337e-31,5.824874662207138e-29,0.2264,7,0.3744,True
19,ENSG00000154277,UCHL1,11.087499,3.610015,1.4426519081624187e-28,3.0817853461179313e-26,0.2264,7,0.3744,True
19,ENSG00000123416,TUBA1B,10.646977,2.9914906,1.8011919508217529e-26,3.0836150709848443e-24,0.2264,7,0.3744,True
19,ENSG00000198888,MT-ND1,10.173482,2.9309404,2.6042935454185695e-24,3.7198249640744883e-22,0.2264,7,0.3744,True
19,ENSG00000128245,YWHAH,9.877513,4.129941,5.211023119689876e-23,6.690898249265634e-21,0.2264,7,0.3744,True
19,ENSG00000198668,CALM1,9.733,2.2855945,2.18064664800966e-22,2.6058727443715438e-20,0.2264,7,0.3744,True
19,ENSG00000198763,MT-ND2,9.374231,2.6938426,6.968159098560222e-21,6.950594730584512e-19,0.2264,7,0.3744,True
19,ENSG00000166165,CKB,9.338101,2.7451606,9.807731736494728e-21,9.584973133086893e-19,0.2264,7,0.3744,True
19,ENSG00000154096,THY1,9.273201,5.2833757,1.806410723967313e-20,1.7033182994471477e-18,0.2264,7,0.3744,True
19,ENSG00000138326,RPS24,9.205008,2.4566615,3.416479587924278e-20,3.100391006500156e-18,0.2264,7,0.3744,True
19,ENSG00000167526,RPL13,8.878422,2.1996346,6.781549738504421e-19,5.384862800584151e-17,0.2264,7,0.3744,True
19,ENSG00000154146,NRGN,8.820302,5.8468184,1.141516646523569e-18,8.692451208338306e-17,0.2264,7,0.3744,True
19,ENSG00000096384,HSP90AB1,8.498329,2.183835,1.9233872432603717e-17,1.2896845740295033e-15,0.2264,7,0.3744,True
19,ENSG00000152583,SPARCL1,8.392859,4.180528,4.744582896402222e-17,3.0218861882916426e-15,0.2264,7,0.3744,True
19,ENSG00000133169,BEX1,8.385987,3.0187366,5.0301949180151935e-17,3.1703361651688975e-15,0.2264,7,0.3744,True
19,ENSG00000205542,TMSB4X,8.383647,2.224521,5.131246171486031e-17,3.2256028993099298e-15,0.2264,7,0.3744,True
19,ENSG00000137818,RPLP1,8.343783,2.1895294,7.195098878126794e-17,4.453397226130839e-15,0.2264,7,0.3744,True
19,ENSG00000198840,MT-ND3,8.217287,2.446094,2.0815907300005341e-16,1.2166469402296101e-14,0.2264,7,0.3744,True
19,ENSG00000196262,PPIA,8.1719265,2.0315244,3.035043740539679e-16,1.7278990767190406e-14,0.2264,7,0.3744,True
19,ENSG00000058404,CAMK2B,8.10208,4.961622,5.402714500338881e-16,2.9843506939057266e-14,0.2264,7,0.3744,True
19,ENSG00000160014,CALM3,8.084468,2.817539,6.243602313606465e-16,3.4098261594603275e-14,0.2264,7,0.3744,True
19,ENSG00000102109,PCSK1N,8.051517,3.3127313,8.177427172359467e-16,4.3865536558574486e-14,0.2264,7,0.3744,True
19,ENSG00000131711,MAP1B,7.9923706,1.7377644,1.3236817898154021e-15,6.90961407747059e-14,0.2264,7,0.3744,True
19,ENSG00000102003,SYP,7.730987,3.886182,1.0671577425355367e-14,4.982615231540681e-13,0.2264,7,0.3744,True
19,ENSG00000106976,DNM1,7.7055035,4.0012026,1.3032868459353342e-14,6.003824651533022e-13,0.2264,7,0.3744,True
19,ENSG00000131143,COX4I1,7.6836953,1.9821662,1.5456397187488136e-14,7.079733808515676e-13,0.2264,7,0.3744,True
19,ENSG00000115268,RPS15,7.6287494,2.0770497,2.370417734820124e-14,1.0735368424169416e-12,0.2264,7,0.3744,True
19,ENSG00000100316,RPL3,7.619435,2.0323231,2.5478856074759348e-14,1.1495964612871325e-12,0.2264,7,0.3744,True
19,ENSG00000142541,RPL13A,7.496135,2.0283,6.572697019082951e-14,2.838252832623315e-12,0.2264,7,0.3744,True
19,ENSG00000176788,BASP1,7.491895,4.6620812,6.788605454832638e-14,2.92625262632509e-12,0.2264,7,0.3744,True
19,ENSG00000171617,ENC1,7.3099117,5.0105643,2.673183817282719e-13,1.0754664027564591e-11,0.2264,7,0.3744,True
19,ENSG00000111640,GAPDH,7.280525,1.8293668,3.3252344273133763e-13,1.3094263269317712e-11,0.2264,7,0.3744,True
19,ENSG00000220205,VAMP2,7.232243,2.1997025,4.750805313550163e-13,1.8174277252581203e-11,0.2264,7,0.3744,True
19,ENSG00000111674,ENO2,7.23132,3.0387146,4.783227979843687e-13,1.8269357627444107e-11,0.2264,7,0.3744,True
19,ENSG00000161016,RPL8,7.217579,1.9641826,5.292133116392846e-13,2.0085975046636302e-11,0.2264,7,0.3744,True
19,ENSG00000229117,RPL41,7.2052097,1.937944,5.795456459760506e-13,2.1961777626712528e-11,0.2264,7,0.3744,True
19,ENSG00000233927,RPS28,7.1323276,2.010737,9.86857643543924e-13,3.6369094133598135e-11,0.2264,7,0.3744,True
19,ENSG00000108107,RPL28,7.0843253,1.8212804,1.3972338876615833e-12,5.1102770930701445e-11,0.2264,7,0.3744,True
19,ENSG00000130558,OLFM1,7.046792,4.801718,1.830897773827285e-12,6.626093157783634e-11,0.2264,7,0.3744,True
19,ENSG00000132639,SNAP25,6.944026,3.7163694,3.810805891451708e-12,1.3312452013567696e-10,0.2264,7,0.3744,True
19,ENSG00000137267,TUBB2A,6.830378,3.4096036,8.469109797164775e-12,2.827604998530574e-10,0.2264,7,0.3744,True
19,ENSG00000144713,RPL32,6.743213,1.8383983,1.5492156108708635e-11,4.953180878253216e-10,0.2264,7,0.3744,True
18,ENSG00000167996,FTH1,16.837202,4.399237,1.3025192811901777e-63,3.14415129286497e-59,0.5575,4,0.2111,False
18,ENSG00000087086,FTL,16.06182,4.351187,4.7249453054482354e-58,5.702772736410745e-54,0.5575,4,0.2111,False
18,ENSG00000092841,MYL6,15.876561,3.3539288,9.209035319827757e-57,7.409896786177405e-53,0.5575,4,0.2111,False
18,ENSG00000205542,TMSB4X,15.669299,4.225608,2.4526804241564237e-55,1.480131318967798e-51,0.5575,4,0.2111,False
18,ENSG00000131143,COX4I1,14.751384,3.0389302,3.01421529260568e-49,1.4552028589641706e-45,0.5575,4,0.2111,False
18,ENSG00000189043,NDUFA4,14.646966,3.0582852,1.408678571587221e-48,4.8577274342205615e-45,0.5575,4,0.2111,False
18,ENSG00000140319,SRP14,14.636915,3.0282857,1.633106758617374e-48,4.9276955057830984e-45,0.5575,4,0.2111,False
18,ENSG00000140264,SERF2,14.289254,2.9836674,2.5532972589420743e-46,6.8482269481780794e-43,0.5575,4,0.2111,False
18,ENSG00000113558,SKP1,14.178501,2.7632124,1.2447611345619533e-45,3.004728902719099e-42,0.5575,4,0.2111,False
18,ENSG00000089220,PEBP1,14.124609,2.8733847,2.678826700372296e-45,5.878563429116985e-42,0.5575,4,0.2111,False
18,ENSG00000120885,CLU,14.110353,3.959545,3.279316836311309e-45,6.596619092643223e-42,0.5575,4,0.2111,False
18,ENSG00000136156,ITM2B,13.730043,2.7900236,6.7093632572963274e-43,1.1568379976276858e-39,0.5575,4,0.2111,False
18,ENSG00000164919,COX6C,13.700272,2.8919256,1.0114553289946137e-42,1.6277013457733988e-39,0.5575,4,0.2111,False
18,ENSG00000172757,CFL1,13.263127,2.765909,3.787652637439845e-40,5.37824394206826e-37,0.5575,4,0.2111,False
18,ENSG00000167468,GPX4,13.126271,2.9480708,2.3284203069224256e-39,2.9581967257263387e-36,0.5575,4,0.2111,False
18,ENSG00000166681,BEX3,13.00857,2.8300169,1.0937041616035575e-38,1.3200462378474138e-35,0.5575,4,0.2111,False
18,ENSG00000100097,LGALS1,12.703039,4.048796,5.687737330965026e-37,6.537918639626893e-34,0.5575,4,0.2111,False
18,ENSG00000142168,SOD1,12.681954,2.6532693,7.445227136083788e-37,8.169106265360298e-34,0.5575,4,0.2111,False
18,ENSG00000075624,ACTB,12.401344,2.5900726,2.569753239059982e-35,2.5846363932362043e-32,0.5575,4,0.2111,False
18,ENSG00000166562,SEC11C,12.388417,2.6714451,3.019430608319246e-35,2.915441418168731e-32,0.5575,4,0.2111,False
18,ENSG00000196531,NACA,12.27957,2.5683177,1.1661631385097867e-34,1.0425930370551016e-31,0.5575,4,0.2111,False
18,ENSG00000169567,HINT1,12.221854,2.4846184,2.376021150706987e-34,2.048384805604141e-31,0.5575,4,0.2111,False
18,ENSG00000166710,B2M,12.175544,3.0894804,4.195901499111588e-34,3.3761622095684876e-31,0.5575,4,0.2111,False
18,ENSG00000135404,CD63,12.172572,2.711789,4.35152018654405e-34,3.3884305091286072e-31,0.5575,4,0.2111,False
18,ENSG00000106153,CHCHD2,12.042532,2.4503028,2.1233649888912036e-33,1.4644544990527074e-30,0.5575,4,0.2111,False
18,ENSG00000116288,PARK7,12.034327,2.5201879,2.3453903040228148e-33,1.5726493485779646e-30,0.5575,4,0.2111,False
18,ENSG00000111640,GAPDH,11.986033,2.7888982,4.2056647794818756e-33,2.6715932134713954e-30,0.5575,4,0.2111,False
18,ENSG00000088986,DYNLL1,11.964484,2.499113,5.4535459676743405e-33,3.3754652849664345e-30,0.5575,4,0.2111,False
18,ENSG00000113140,SPARC,11.958111,3.1835477,5.888629502548212e-33,3.5536406890502824e-30,0.5575,4,0.2111,False
18,ENSG00000154277,UCHL1,11.949141,2.9986587,6.560029945903224e-33,3.8622576308331204e-30,0.5575,4,0.2111,False
18,ENSG00000156508,EEF1A1,11.930472,2.6364417,8.210634176285801e-33,4.7189642471753085e-30,0.5575,4,0.2111,False
18,ENSG00000131711,MAP1B,11.823848,2.2390425,2.9390629869407947e-32,1.6124100327673605e-29,0.5575,4,0.2111,False
18,ENSG00000184009,ACTG1,11.807369,2.3844905,3.575757885005373e-32,1.918115990803216e-29,0.5575,4,0.2111,False
18,ENSG00000143774,GUK1,11.745856,2.4620814,7.41675336209128e-32,3.809212966117477e-29,0.5575,4,0.2111,False
18,ENSG00000054148,PHPT1,11.741135,2.8066578,7.84274376747097e-32,3.9440831625621195e-29,0.5575,4,0.2111,False
18,ENSG00000119655,NPC2,11.720957,2.8723452,9.95412921540844e-32,4.8056545026148865e-29,0.5575,4,0.2111,False
18,ENSG00000111775,COX6A1,11.628899,2.5202858,2.9386604927421573e-31,1.3641601083519794e-28,0.5575,4,0.2111,False
18,ENSG00000162734,PEA15,11.545337,2.9213998,7.793527377587561e-31,3.483851062362706e-28,0.5575,4,0.2111,False
18,ENSG00000133872,SARAF,11.537777,2.2744398,8.509595906496482e-31,3.734784283398519e-28,0.5575,4,0.2111,False
18,ENSG00000109846,CRYAB,11.487729,3.4105027,1.5205681827551592e-30,6.328447476470135e-28,0.5575,4,0.2111,False
18,ENSG00000104904,OAZ1,11.396204,2.3514283,4.367522352288829e-30,1.757127034365001e-27,0.5575,4,0.2111,False
18,ENSG00000129562,DAD1,11.370758,2.4875512,5.847743485967291e-30,2.243265077998186e-27,0.5575,4,0.2111,False
18,ENSG00000133112,TPT1,11.365293,2.7391586,6.225569527380362e-30,2.3119849664836087e-27,0.5575,4,0.2111,False
18,ENSG00000173812,EIF1,11.300116,2.7088785,1.3104554132944934e-29,4.7928913971993605e-27,0.5575,4,0.2111,False
18,ENSG00000197982,C1orf122,11.283963,2.5848582,1.574875031529087e-29,5.6422061149574255e-27,0.5575,4,0.2111,False
18,ENSG00000124172,ATP5F1E,11.2831545,2.5197873,1.5894196769423127e-29,5.6422061149574255e-27,0.5575,4,0.2111,False
18,ENSG00000034713,GABARAPL2,11.272584,2.3577986,1.7923066461959976e-29,6.2702159612355346e-27,0.5575,4,0.2111,False
18,ENSG00000143933,CALM2,11.262216,2.6290278,2.0162372376341828e-29,6.952850097035935e-27,0.5575,4,0.2111,False
18,ENSG00000126432,PRDX5,11.217096,2.5992997,3.3612639419094385e-29,1.1427823985035484e-26,0.5575,4,0.2111,False
18,ENSG00000135940,COX5B,11.153489,2.4522135,6.885250184482315e-29,2.245987218962414e-26,0.5575,4,0.2111,False
21,ENSG00000109047,RCVRN,7.5478444,14.564481,4.4252065967493795e-14,1.9011406267394616e-10,1.0,1,-0.0,False
21,ENSG00000185527,PDE6G,7.5478444,16.109932,4.4252065967493795e-14,1.9011406267394616e-10,1.0,1,-0.0,False
21,ENSG00000129221,AIPL1,7.5478234,16.952648,4.4259182487123074e-14,1.9011406267394616e-10,1.0,1,-0.0,False
21,ENSG00000130561,SAG,7.5478024,16.081858,4.4266300132098224e-14,1.9011406267394616e-10,1.0,1,-0.0,False
21,ENSG00000149489,ROM1,7.547677,8.560029,4.430902964400533e-14,1.9011406267394616e-10,1.0,1,-0.0,False
21,ENSG00000166165,CKB,7.539287,5.8079624,4.7254831436417286e-14,1.9011406267394616e-10,1.0,1,-0.0,False
21,ENSG00000114349,GNAT1,7.150464,17.96948,8.648513950032838e-13,2.539162492643346e-09,1.0,1,-0.0,False
21,ENSG00000127928,GNGT1,7.1500554,14.455291,8.674290280802307e-13,2.539162492643346e-09,1.0,1,-0.0,False
21,ENSG00000129535,NRL,7.138041,11.19963,9.467029468408018e-13,2.539162492643346e-09,1.0,1,-0.0,False
21,ENSG00000132475,H3-3B,6.7751946,3.6810124,1.2423872446451352e-11,2.499165474874076e-08,1.0,1,-0.0,False
21,ENSG00000048545,GUCA1A,6.75279,14.971907,1.4502886466324948e-11,2.6929628954662917e-08,1.0,1,-0.0,False
21,ENSG00000220205,VAMP2,6.5871677,3.6597471,4.482964258809549e-11,7.113971386523066e-08,1.0,1,-0.0,False
21,ENSG00000080824,HSP90AA1,6.579657,3.294678,4.715337925530015e-11,7.113971386523066e-08,1.0,1,-0.0,False
21,ENSG00000198515,CNGA1,6.3549485,14.394067,2.0849663045104255e-10,2.043831970804272e-07,1.0,1,-0.0,False
21,ENSG00000116703,PDC,6.3475637,11.506223,2.1875117174679795e-10,2.043831970804272e-07,1.0,1,-0.0,False
21,ENSG00000145425,RPS3A,6.088331,3.8130918,1.140937564876323e-09,8.606591212046738e-07,1.0,1,-0.0,False
21,ENSG00000092841,MYL6,6.0252013,3.1385105,1.688991740272614e-09,1.1325158782900177e-06,1.0,1,-0.0,False
21,ENSG00000111674,ENO2,5.986917,4.9664726,2.1385559656712776e-09,1.2905650613834742e-06,1.0,1,-0.0,False
21,ENSG00000132915,PDE6A,5.953671,11.884688,2.621933059252582e-09,1.5069248123166208e-06,1.0,1,-0.0,False
21,ENSG00000109103,UNC119,5.937834,10.520854,2.888126112087718e-09,1.6213134004578005e-06,1.0,1,-0.0,False
21,ENSG00000198727,MT-CYB,5.8192835,3.6278703,5.910035840729078e-09,2.994937824340944e-06,1.0,1,-0.0,False
21,ENSG00000133112,TPT1,5.7994347,3.2511408,6.653890511928302e-09,3.2779237360701484e-06,1.0,1,-0.0,False
21,ENSG00000167996,FTH1,5.7041903,3.5141053,1.1689753780156324e-08,5.0943528410897595e-06,1.0,1,-0.0,False
21,ENSG00000138326,RPS24,5.604756,3.343786,2.0854862582398708e-08,8.119605288331008e-06,1.0,1,-0.0,False
21,ENSG00000104237,RP1,5.5591607,13.017149,2.7107527686174113e-08,1.0181968640361104e-05,1.0,1,-0.0,False
21,ENSG00000142676,RPL11,5.42051,3.2094822,5.9429281676412516e-08,1.7494675980328312e-05,1.0,1,-0.0,False
21,ENSG00000067225,PKM,5.316373,4.161227,1.0585624349814029e-07,2.818502844843198e-05,1.0,1,-0.0,False
21,ENSG00000065978,YBX1,5.197917,3.5694747,2.015342784226025e-07,4.230292127689741e-05,1.0,1,-0.0,False
21,ENSG00000170315,UBB,5.159947,2.9959855,2.4701998167309477e-07,5.013292883460297e-05,1.0,1,-0.0,False
21,ENSG00000139988,RDH12,5.1598525,12.434133,2.471443941885643e-07,5.013292883460297e-05,1.0,1,-0.0,False
21,ENSG00000143947,RPS27A,5.114907,3.2062554,3.138962589483393e-07,6.110598221575776e-05,1.0,1,-0.0,False
21,ENSG00000205581,HMGN1,4.998902,4.7591357,5.765776589338123e-07,9.665283409030066e-05,1.0,1,-0.0,False
21,ENSG00000078369,GNB1,4.9930882,3.3526766,5.942133315897946e-07,9.761879135571497e-05,1.0,1,-0.0,False
21,ENSG00000186468,RPS23,4.9692383,3.182621,6.721650875936071e-07,0.0001088952553652,1.0,1,-0.0,False
21,ENSG00000175197,DDIT3,4.9205213,4.118322,8.631402259075497e-07,0.0001302208869573,1.0,1,-0.0,False
21,ENSG00000100316,RPL3,4.8461003,2.9853477,1.2591199898199668e-06,0.0001833955128176,1.0,1,-0.0,False
21,ENSG00000229117,RPL41,4.766609,2.9196167,1.8735210255288004e-06,0.0002540726069395,1.0,1,-0.0,False
21,ENSG00000171863,RPS7,4.6812844,3.2232616,2.8508335163641622e-06,0.0003633401969269,1.0,1,-0.0,False
21,ENSG00000084207,GSTP1,4.5226483,2.9075165,6.107067162561032e-06,0.0006354245441252,1.0,1,-0.0,False
21,ENSG00000198034,RPS4X,4.4845943,2.9416351,7.305271840018787e-06,0.0007374697875796,1.0,1,-0.0,False
21,ENSG00000189043,NDUFA4,4.483809,2.958418,7.332232031944712e-06,0.0007374697875796,1.0,1,-0.0,False
21,ENSG00000161016,RPL8,4.458031,2.9752786,8.271584582712408e-06,0.0008183105747626,1.0,1,-0.0,False
21,ENSG00000110700,RPS13,4.4373336,2.8843436,9.108004515973956e-06,0.0008488730540968,1.0,1,-0.0,False
21,ENSG00000132026,RTBDN,4.368862,13.984018,1.2489563418641552e-05,0.0011084028358918,1.0,1,-0.0,False
21,ENSG00000156508,EEF1A1,4.357497,2.419225,1.3155816399462744e-05,0.0011590082192212,1.0,1,-0.0,False
21,ENSG00000144713,RPL32,4.324356,2.9295213,1.5297809885453727e-05,0.0012911672476397,1.0,1,-0.0,False
21,ENSG00000170889,RPS9,4.285454,2.7017624,1.8236655932909364e-05,0.0014480744656726,1.0,1,-0.0,False
21,ENSG00000140319,SRP14,4.264641,2.444728,2.0022387223472927e-05,0.0015692220947643,1.0,1,-0.0,False
21,ENSG00000174748,RPL15,4.1929955,2.4805694,2.7529480537466376e-05,0.0019896231457901,1.0,1,-0.0,False
21,ENSG00000118402,ELOVL4,4.1803007,6.216233,2.9112410107031425e-05,0.0020791256437089,1.0,1,-0.0,False
22,ENSG00000187323,DCC,4.903833,3.8841295,9.398439542911272e-07,0.0075622977375445,1.0,1,-0.0,False
22,ENSG00000224957,LINC01266,4.7250113,6.089884,2.3010232709497586e-06,0.0111088801474912,1.0,1,-0.0,False
22,ENSG00000179915,NRXN1,4.649779,3.3472552,3.3229114817621353e-06,0.0114588228940365,1.0,1,-0.0,False
22,ENSG00000105976,MET,4.5765047,5.225581,4.72808979843837e-06,0.0126812621827226,1.0,1,-0.0,False
22,ENSG00000120594,PLXDC2,4.4363594,2.5215352,9.149297433374876e-06,0.0200777173403851,1.0,1,-0.0,False
22,ENSG00000174469,CNTNAP2,4.274175,2.9464788,1.918462079468203e-05,0.0305333390620896,1.0,1,-0.0,False
22,ENSG00000021645,NRXN3,4.2514257,2.5937805,2.1241406537951207e-05,0.0305333390620896,1.0,1,-0.0,False
22,ENSG00000005108,THSD7A,4.1859536,4.88197,2.839714821473552e-05,0.0314413348805046,1.0,1,-0.0,False
22,ENSG00000184408,KCND2,4.183898,3.6581674,2.8655261915203697e-05,0.0314413348805046,1.0,1,-0.0,False
22,ENSG00000105426,PTPRS,4.1485686,2.6439426,3.345606850326553e-05,0.0351128712000142,1.0,1,-0.0,False
22,ENSG00000135298,ADGRB3,4.0342507,2.2752228,5.477682970490333e-05,0.0489725145276541,1.0,1,-0.0,False
22,ENSG00000187764,SEMA4D,-4.0505543,-30.259787,5.10964985118357e-05,0.0474391683683539,1.0,1,-0.0,False
22,ENSG00000064042,LIMCH1,-4.098055,-3.0365555,4.166368011677182e-05,0.0402287829735501,1.0,1,-0.0,False
22,ENSG00000187514,PTMA,-4.120987,-3.4889991,3.772524269810214e-05,0.0379437347287286,1.0,1,-0.0,False
22,ENSG00000138760,SCARB2,-4.193723,-3.9432528,2.7441280180502663e-05,0.0314413348805046,1.0,1,-0.0,False
22,ENSG00000119707,RBM25,-4.1956387,-30.165445,2.7210367949312775e-05,0.0314413348805046,1.0,1,-0.0,False
22,ENSG00000198712,MT-CO2,-4.227094,-5.2470436,2.367286034359161e-05,0.0314413348805046,1.0,1,-0.0,False
22,ENSG00000136960,ENPP2,-4.2486815,-3.2079647,2.1503242224430344e-05,0.0305333390620896,1.0,1,-0.0,False
22,ENSG00000137941,TTLL7,-4.3065667,-2.8618536,1.6580786232560387e-05,0.0285888284905553,1.0,1,-0.0,False
22,ENSG00000143933,CALM2,-4.3399487,-31.820671,1.4251607885383856e-05,0.0264630432880985,1.0,1,-0.0,False
22,ENSG00000198938,MT-CO3,-4.417398,-5.311235,9.98961609261587e-06,0.0200949452383045,1.0,1,-0.0,False
22,ENSG00000080824,HSP90AA1,-4.52089,-3.3486772,6.15801694053889e-06,0.0148648370927668,1.0,1,-0.0,False
22,ENSG00000100142,POLR2F,-4.584436,-4.180964,4.5521376769707666e-06,0.0126812621827226,1.0,1,-0.0,False
22,ENSG00000127946,HIP1,-4.656849,-30.95363,3.210856745755603e-06,0.0114588228940365,1.0,1,-0.0,False
22,ENSG00000044115,CTNNA1,-4.7405295,-30.88634,2.131605317632194e-06,0.0111088801474912,1.0,1,-0.0,False
22,ENSG00000114439,BBX,-4.959609,-31.03607,7.063515605016964e-07,0.0075622977375445,1.0,1,-0.0,False
22,ENSG00000069275,NUCKS1,-4.98789,-31.226366,6.104230972450843e-07,0.0075622977375445,1.0,1,-0.0,False
