source,target,ligand_complex,receptor_complex,lr_means,cellphone_pvals,expr_prod,scaled_weight,lr_logfc,spec_weight,lrscore,specificity_rank,magnitude_rank,source_compartment,target_compartment,compartment_pair,direction,nerve_cluster,immune_subtype,nerve_dominant_sample_fraction,nerve_n_contributing_samples,nerve_normalised_entropy,nerve_batch_qc_pass,immune_dominant_sample_fraction,immune_n_contributing_samples,immune_normalised_entropy,immune_batch_qc_pass,batch_qc_pass
nerve_c15,immune_dendritic,APP,CD74,3.3224232,0.0,10.065759,1.468839079912683,1.8178291909845936,0.018309915,0.966733,0.0584463858624115,4.619457805542283e-09,nerve,immune,immune-nerve,nerve_to_immune,nerve_c15,dendritic,0.2441,11.0,0.4778,True,0.1168,23.0,0.7139,True,True
nerve_c10,immune_dendritic,APP,CD74,3.320159,0.0,10.0462475,1.466268283776316,1.6747564161624109,0.018274425,0.96670175,0.0584463858624115,1.8477552132459553e-08,nerve,immune,immune-nerve,nerve_to_immune,nerve_c10,dendritic,0.8274,7.0,0.1908,False,0.1168,23.0,0.7139,True,False
nerve_c9,immune_dendritic,APP,CD74,3.3070111,0.0,9.932945,1.4513367177230845,1.6552952096834048,0.018068325,0.96651876,0.060732930748429,4.1573864346187436e-08,nerve,immune,immune-nerve,nerve_to_immune,nerve_c9,dendritic,0.4802,7.0,0.3212,True,0.1168,23.0,0.7139,True,True
nerve_c5,immune_dendritic,APP,CD74,3.2877164,0.0,9.766676,1.4294279072155789,1.6509241239164778,0.017765876,0.9662445,0.0644857914659693,7.390797581216154e-08,nerve,immune,immune-nerve,nerve_to_immune,nerve_c5,dendritic,0.5076,15.0,0.4523,False,0.1168,23.0,0.7139,True,False
nerve_c18,immune_dendritic,APP,CD74,3.267693,0.0,9.594127,1.4066928897306217,1.725012178795171,0.017452003,0.96595263,0.0698613838364603,1.1547945306172501e-07,nerve,immune,immune-nerve,nerve_to_immune,nerve_c18,dendritic,0.5575,4.0,0.2111,False,0.1168,23.0,0.7139,True,False
nerve_c6,immune_nk_cell,B2M,KLRD1,3.251917,0.0,9.1595125,3.140849468297762,1.987112817277109,0.07060705,0.965182,0.0015071748118377,2.263329193779176e-07,nerve,immune,immune-nerve,nerve_to_immune,nerve_c6,nk_cell,0.2036,24.0,0.6567,True,0.1807,21.0,0.6809,True,True
nerve_c2,immune_dendritic,APP,CD74,3.2358527,0.0,9.319745,1.3705394720641324,1.6456977091844265,0.016952895,0.9654722,0.0784892545682297,2.263329193779176e-07,nerve,immune,immune-nerve,nerve_to_immune,nerve_c2,dendritic,0.4082,17.0,0.533,True,0.1168,23.0,0.7139,True,True
nerve_c18,immune_nk_cell,B2M,KLRD1,3.19383,0.0,8.919941,3.105181926912833,1.8308936829961755,0.06876029,0.9647339,0.001779125443347,4.618829260399246e-07,nerve,immune,immune-nerve,nerve_to_immune,nerve_c18,nk_cell,0.5575,4.0,0.2111,False,0.1807,21.0,0.6809,True,False
nerve_c16,immune_nk_cell,B2M,KLRD1,3.1840153,0.0,8.87946,3.099155559121173,1.8593306725297365,0.06844824,0.9646565,0.0018311151446166,5.588699698334678e-07,nerve,immune,immune-nerve,nerve_to_immune,nerve_c16,nk_cell,0.2917,16.0,0.4833,True,0.1807,21.0,0.6809,True,True
nerve_c3,immune_dendritic,APP,CD74,3.1659248,0.0,8.71715,1.2911361642197297,1.596441288596401,0.015856754,0.9643406,0.1022469695435756,7.80546870653888e-07,nerve,immune,immune-nerve,nerve_to_immune,nerve_c3,dendritic,0.1893,16.0,0.5434,True,0.1168,23.0,0.7139,True,True
nerve_c15,immune_microglia,APP,CD74,3.0862837,0.0,8.962445,1.3490491925611727,2.684280053445007,0.016302956,0.9648147,0.0260355769798284,9.052359497412842e-07,nerve,immune,immune-nerve,nerve_to_immune,nerve_c15,microglia,0.2441,11.0,0.4778,True,0.0584,28.0,0.8514,True,True
nerve_c10,immune_microglia,APP,CD74,3.0840197,0.0,8.945073,1.346478396424806,2.541207278622824,0.016271355,0.96478176,0.0487122632277642,1.0391582231007185e-06,nerve,immune,immune-nerve,nerve_to_immune,nerve_c10,microglia,0.8274,7.0,0.1908,False,0.0584,28.0,0.8514,True,False
nerve_c9,immune_microglia,APP,CD74,3.0708716,0.0,8.84419,1.331546830371574,2.5217460721438183,0.016087845,0.9645885,0.0512258906262484,1.1823132720976264e-06,nerve,immune,immune-nerve,nerve_to_immune,nerve_c9,microglia,0.4802,7.0,0.3212,True,0.0584,28.0,0.8514,True,True
nerve_c4,immune_dendritic,APP,CD74,3.15797,0.0,8.648599,1.2821016329427084,1.5266353699562725,0.01573206,0.9642046,0.105079922494623,1.1823132720976264e-06,nerve,immune,immune-nerve,nerve_to_immune,nerve_c4,dendritic,0.1779,16.0,0.5438,True,0.1168,23.0,0.7139,True,True
nerve_c0,immune_dendritic,APP,CD74,3.1524725,0.0,8.601225,1.2758615579713712,1.5971004860863809,0.015645884,0.9641097,0.1071049272807868,1.3347004764086402e-06,nerve,immune,immune-nerve,nerve_to_immune,nerve_c0,dendritic,0.1812,15.0,0.5697,True,0.1168,23.0,0.7139,True,True
nerve_c5,immune_microglia,APP,CD74,3.051577,0.0,8.696145,1.3096380198640687,2.517374986376891,0.015818547,0.96429914,0.051943849553371,1.4963198089175953e-06,nerve,immune,immune-nerve,nerve_to_immune,nerve_c5,microglia,0.5076,15.0,0.4523,False,0.0584,28.0,0.8514,True,False
nerve_c18,immune_microglia,APP,CD74,3.0315537,0.0,8.542509,1.2869030023791117,2.591463041255585,0.01553908,0.963991,0.0393654249429497,2.0365652503121126e-06,nerve,immune,immune-nerve,nerve_to_immune,nerve_c18,microglia,0.5575,4.0,0.2111,False,0.0584,28.0,0.8514,True,False
nerve_c20,immune_dendritic,APP,CD74,3.1070952,0.0,8.210193,1.22433529006065,1.4991912558464675,0.0149345845,0.963296,0.1268104834490872,2.2351084109304185e-06,nerve,immune,immune-nerve,nerve_to_immune,nerve_c20,dendritic,0.7889,9.0,0.1802,False,0.1168,23.0,0.7139,True,False
nerve_c5,immune_nk_cell,B2M,KLRD1,3.0006118,0.0,8.1230345,2.9865391778488335,1.6022959858167796,0.06261726,0.9631068,0.0032955512005132,2.442881167621841e-06,nerve,immune,immune-nerve,nerve_to_immune,nerve_c5,nk_cell,0.5076,15.0,0.4523,False,0.1807,21.0,0.6809,True,False
nerve_c2,immune_microglia,APP,CD74,2.9997132,0.0,8.2982025,1.2507495847126222,2.5121485716448397,0.015094678,0.963484,0.0523027923008984,2.442881167621841e-06,nerve,immune,immune-nerve,nerve_to_immune,nerve_c2,microglia,0.4082,17.0,0.533,True,0.0584,28.0,0.8514,True,True
nerve_c1,immune_nk_cell,B2M,KLRD1,2.9993548,0.0,8.11785,2.9857684433964327,1.650364599368567,0.06257729,0.9630955,0.00331027834994,2.6598833508742215e-06,nerve,immune,immune-nerve,nerve_to_immune,nerve_c1,nk_cell,0.1941,18.0,0.5886,True,0.1807,21.0,0.6809,True,True
nerve_c9,immune_nk_cell,B2M,KLRD1,2.9807844,0.0,8.04126,2.974363997728281,1.6191839672057853,0.061986886,0.9629266,0.0035248498204373,3.1215743225236024e-06,nerve,immune,immune-nerve,nerve_to_immune,nerve_c9,nk_cell,0.4802,7.0,0.3212,True,0.1807,21.0,0.6809,True,True
nerve_c1,immune_dendritic,APP,CD74,3.0605733,0.0,7.809295,1.1715094892204851,1.493967274608699,0.014205341,0.9624006,0.152905209120731,3.3662622736514735e-06,nerve,immune,immune-nerve,nerve_to_immune,nerve_c1,dendritic,0.1941,18.0,0.5886,True,0.1168,23.0,0.7139,True,True
immune_tam,nerve_c6,TIMP1,CD63,2.9483743,0.0,8.66833,1.4179571173575138,2.179971446701945,0.040531617,0.96424395,0.0358490685786588,3.3662622736514735e-06,immune,nerve,immune-nerve,immune_to_nerve,nerve_c6,tam,0.2036,24.0,0.6567,True,0.221,21.0,0.6495,True,True
nerve_c10,immune_nk_cell,B2M,KLRD1,2.933039,0.0,7.8443394,2.9450450648291433,1.49715528154906,0.060468905,0.96248156,0.0040731474129526,3.620177976802046e-06,nerve,immune,immune-nerve,nerve_to_immune,nerve_c10,nk_cell,0.8274,7.0,0.1908,False,0.1807,21.0,0.6809,True,False
nerve_c3,immune_microglia,APP,CD74,2.9297853,0.0,7.761658,1.1713462768682197,2.4628921510568142,0.014118687,0.96228975,0.0630596984467704,3.883321013340755e-06,nerve,immune,immune-nerve,nerve_to_immune,nerve_c3,microglia,0.1893,16.0,0.5434,True,0.0584,28.0,0.8514,True,True
nerve_c4,immune_microglia,APP,CD74,2.9218304,0.0,7.700621,1.1623117455911982,2.3930862324166857,0.014007659,0.9621463,0.075224266912839,4.1556909646330366e-06,nerve,immune,immune-nerve,nerve_to_immune,nerve_c4,microglia,0.1779,16.0,0.5438,True,0.0584,28.0,0.8514,True,True
nerve_c13,immune_dendritic,APP,CD74,3.0448623,0.0,7.673906,1.1536697694933822,1.5404265391331011,0.013959063,0.9620829,0.1622632762444671,4.1556909646330366e-06,nerve,immune,immune-nerve,nerve_to_immune,nerve_c13,dendritic,0.3452,18.0,0.5887,True,0.1168,23.0,0.7139,True,True
nerve_c0,immune_microglia,APP,CD74,2.916333,0.0,7.6584396,1.156071670619861,2.463551348546794,0.013930931,0.9620461,0.0619849982490056,4.437287412044327e-06,nerve,immune,immune-nerve,nerve_to_immune,nerve_c0,microglia,0.1812,15.0,0.5697,True,0.0584,28.0,0.8514,True,True
immune_tam,nerve_c18,TIMP1,CD63,2.9061604,0.0,8.432644,1.3843454673643607,2.1358771299478985,0.039429583,0.9637657,0.0403392143576717,4.728109936940061e-06,immune,nerve,immune-nerve,immune_to_nerve,nerve_c18,tam,0.5575,4.0,0.2111,False,0.221,21.0,0.6495,True,False
nerve_c6,immune_dendritic,APP,CD74,3.0354903,0.0,7.593144,1.143027772536159,1.420193432102554,0.0138121545,0.96188945,0.1682082899337703,5.028157337942505e-06,nerve,immune,immune-nerve,nerve_to_immune,nerve_c6,dendritic,0.2036,24.0,0.6567,True,0.1168,23.0,0.7139,True,True
nerve_c15,immune_nk_cell,B2M,KLRD1,2.8811457,0.0,7.630312,2.913181286273966,1.6109239965266997,0.058819048,0.96197885,0.0048475660841314,5.655928960043775e-06,nerve,immune,immune-nerve,nerve_to_immune,nerve_c15,nk_cell,0.2441,11.0,0.4778,True,0.1807,21.0,0.6809,True,True
immune_tam,nerve_c16,TIMP1,CD63,2.881109,0.0,8.292776,1.364398982804614,2.147684514122897,0.03877559,0.9634725,0.0429446031294375,5.983651584832587e-06,immune,nerve,immune-nerve,immune_to_nerve,nerve_c16,tam,0.2917,16.0,0.4833,True,0.221,21.0,0.6495,True,True
nerve_c20,immune_microglia,APP,CD74,2.870956,0.0,7.3102684,1.10454540270914,2.365642118306881,0.013297596,0.9611875,0.0795109060686957,6.320598193934093e-06,nerve,immune,immune-nerve,nerve_to_immune,nerve_c20,microglia,0.7889,9.0,0.1802,False,0.0584,28.0,0.8514,True,False
nerve_c9,immune_tam,SPP1,CD44,2.859428,0.0,7.2635527,0.9506831636482764,0.5153728395718089,0.022212686,0.9610677,0.0584463858624115,6.666768368713735e-06,nerve,immune,immune-nerve,nerve_to_immune,nerve_c9,tam,0.4802,7.0,0.3212,True,0.221,21.0,0.6495,True,True
nerve_c7,immune_dendritic,APP,CD74,2.9898162,0.0,7.1995535,1.0911654234402626,1.4724212593225836,0.013096202,0.9609018,0.2020374596596972,7.022161690536944e-06,nerve,immune,immune-nerve,nerve_to_immune,nerve_c7,dendritic,0.17,15.0,0.5776,True,0.1168,23.0,0.7139,True,True
nerve_c17,immune_tam,SPP1,CD44,2.8452682,0.0,7.2096324,0.9438698160051656,0.599707840990251,0.022047792,0.9609281,0.0584463858624115,7.38677774076916e-06,nerve,immune,immune-nerve,nerve_to_immune,nerve_c17,tam,0.712,4.0,0.1815,False,0.221,21.0,0.6495,True,False
immune_microglia,nerve_c10,APOE,ABCA1,2.859295,0.0,7.1910224,1.153066099663621,2.5430717260541087,0.060910862,0.9608795,0.0129620595341937,7.38677774076916e-06,immune,nerve,immune-nerve,immune_to_nerve,nerve_c10,microglia,0.8274,7.0,0.1908,False,0.0584,28.0,0.8514,True,False
nerve_c1,immune_tam,SPP1,CD44,2.8315582,0.0,7.1574235,0.9372724658161766,0.511585306712578,0.021888131,0.9607914,0.0584463858624115,8.143676351922343e-06,nerve,immune,immune-nerve,nerve_to_immune,nerve_c1,tam,0.1941,18.0,0.5886,True,0.221,21.0,0.6495,True,True
nerve_c1,immune_microglia,APP,CD74,2.824434,0.0,6.953314,1.051719601868975,2.360418137069112,0.012648286,0.9602428,0.0816529083920828,8.535958075574185e-06,nerve,immune,immune-nerve,nerve_to_immune,nerve_c1,microglia,0.1941,18.0,0.5886,True,0.0584,28.0,0.8514,True,True
nerve_c13,immune_microglia,APP,CD74,2.8087227,0.0,6.8327646,1.033879882141872,2.4068774015935146,0.012429003,0.9599076,0.0727221046150431,1.0197292437005554e-05,nerve,immune,immune-nerve,nerve_to_immune,nerve_c13,microglia,0.3452,18.0,0.5887,True,0.0584,28.0,0.8514,True,True
nerve_c6,immune_microglia,APP,CD74,2.7993507,0.0,6.760855,1.0232378851846489,2.2866442945629673,0.012298197,0.95970356,0.1040909784539222,1.1083277058394565e-05,nerve,immune,immune-nerve,nerve_to_immune,nerve_c6,microglia,0.2036,24.0,0.6567,True,0.0584,28.0,0.8514,True,True
nerve_c10,immune_tam,SPP1,CD44,2.768622,0.0,6.9177575,0.9069882852205936,0.3943864436370414,0.021155206,0.9601448,0.068547196462805,1.154009739149978e-05,nerve,immune,immune-nerve,nerve_to_immune,nerve_c10,tam,0.8274,7.0,0.1908,False,0.221,21.0,0.6495,True,False
nerve_c2,immune_nk_cell,B2M,KLRD1,2.7660437,0.0,7.1555867,2.842504866059555,1.394144098554731,0.055159576,0.9607866,0.0070705930401962,1.248139200935881e-05,nerve,immune,immune-nerve,nerve_to_immune,nerve_c2,nk_cell,0.4082,17.0,0.533,True,0.1807,21.0,0.6809,True,True
nerve_c15,immune_tam,SPP1,CD44,2.7585604,0.0,6.8794427,0.9021463251912456,0.4532946299024132,0.021038037,0.9600384,0.0584463858624115,1.2965865456843496e-05,nerve,immune,immune-nerve,nerve_to_immune,nerve_c15,tam,0.2441,11.0,0.4778,True,0.221,21.0,0.6495,True,True
nerve_c22,immune_dendritic,APP,CD74,2.9048076,0.0,6.4670005,0.9946388023881184,1.4026535744370685,0.011763667,0.9588355,0.2920428436211386,1.396246253575038e-05,nerve,immune,immune-nerve,nerve_to_immune,nerve_c22,dendritic,1.0,1.0,-0.0,False,0.1168,23.0,0.7139,True,False
nerve_neuron,immune_dendritic,APP,CD74,2.899857,0.0,6.424339,0.9890170893253328,1.231662487878864,0.011686063,0.95870465,0.2989253239902191,1.499592373567686e-05,nerve,immune,immune-nerve,nerve_to_immune,nerve_neuron,dendritic,0.5032,7.0,0.4667,False,0.1168,23.0,0.7139,True,False
nerve_c7,immune_microglia,APP,CD74,2.753677,0.0,6.410406,0.9713755360887524,2.338872121782997,0.01166072,0.9586616,0.0866475003675698,1.5526477334436043e-05,nerve,immune,immune-nerve,nerve_to_immune,nerve_c7,microglia,0.17,15.0,0.5776,True,0.0584,28.0,0.8514,True,True
immune_microglia,nerve_c3,APOE,ABCA1,2.7449741,0.0,6.3104005,1.0179762401523575,2.552519910628746,0.053451642,0.95834893,0.0252745013655961,1.661522843637345e-05,immune,nerve,immune-nerve,immune_to_nerve,nerve_c3,microglia,0.1893,16.0,0.5434,True,0.0584,28.0,0.8514,True,True
nerve_c2,immune_tam,SPP1,CD44,2.7033806,0.0,6.6693134,0.8755939975257071,0.3216859559416536,0.020395441,0.9594391,0.1104301856479347,1.7173425102282558e-05,nerve,immune,immune-nerve,nerve_to_immune,nerve_c2,tam,0.4082,17.0,0.533,True,0.221,21.0,0.6495,True,True
immune_tam,nerve_c9,TIMP1,CD63,2.696026,0.0,7.2594233,1.2170270609134934,1.8370270061450409,0.033943806,0.96105707,0.0584463858624115,1.7740835286639172e-05,immune,nerve,immune-nerve,immune_to_nerve,nerve_c9,tam,0.4802,7.0,0.3212,True,0.221,21.0,0.6495,True,True
immune_tam,nerve_c5,TIMP1,CD63,2.6955404,0.0,7.2567115,1.2166414953812064,1.801525947220483,0.03393113,0.9610501,0.0584463858624115,1.8317458570808738e-05,immune,nerve,immune-nerve,immune_to_nerve,nerve_c5,tam,0.5076,15.0,0.4523,False,0.221,21.0,0.6495,True,False
nerve_c5,immune_tam,SPP1,CD44,2.680477,0.0,6.582095,0.8645734734840956,0.2798412545805784,0.02012872,0.9591822,0.1415174615689165,1.9498342764048453e-05,nerve,immune,immune-nerve,nerve_to_immune,nerve_c5,tam,0.5076,15.0,0.4523,False,0.221,21.0,0.6495,True,False
nerve_c13,immune_nk_cell,B2M,KLRD1,2.6738243,0.0,6.77524,2.785877433593745,1.439982505430363,0.05222764,0.95974463,0.0097430319829143,2.0102599707219385e-05,nerve,immune,immune-nerve,nerve_to_immune,nerve_c13,nk_cell,0.3452,18.0,0.5887,True,0.1807,21.0,0.6809,True,True
nerve_c17,immune_nk_cell,B2M,KLRD1,2.66438,0.0,6.7362876,2.780078344937633,1.3456560985687616,0.05192737,0.9596331,0.0100826208421026,2.133875361335024e-05,nerve,immune,immune-nerve,nerve_to_immune,nerve_c17,nk_cell,0.712,4.0,0.1815,False,0.1807,21.0,0.6809,True,False
immune_tam,nerve_c1,TIMP1,CD63,2.6264646,0.0,6.871048,1.1616394134134724,1.7862084468474697,0.03212783,0.960015,0.0584463858624115,2.3262062836017956e-05,immune,nerve,immune-nerve,immune_to_nerve,nerve_c1,tam,0.1941,18.0,0.5886,True,0.221,21.0,0.6495,True,True
immune_microglia,nerve_c4,APOE,LRP2,2.6932743,0.0,5.9121523,3.466134690499516,2.972248452985757,0.049772844,0.95702827,4.280514406302528e-05,2.459031634270748e-05,immune,nerve,immune-nerve,immune_to_nerve,nerve_c4,microglia,0.1779,16.0,0.5438,True,0.0584,28.0,0.8514,True,True
nerve_c16,immune_dendritic,APP,CD74,2.8350737,0.0,5.866076,0.9154564038906136,1.1878707822285777,0.010670566,0.9568671,0.3951116772599734,2.5268256047621866e-05,nerve,immune,immune-nerve,nerve_to_immune,nerve_c16,dendritic,0.2917,16.0,0.4833,True,0.1168,23.0,0.7139,True,True
nerve_c22,immune_microglia,APP,CD74,2.6686683,0.0,5.7581487,0.8748489150366082,2.2691044368974818,0.010474245,0.9564823,0.1111939808174975,2.665175926741703e-05,nerve,immune,immune-nerve,nerve_to_immune,nerve_c22,microglia,1.0,1.0,-0.0,False,0.0584,28.0,0.8514,True,False
nerve_neuron,immune_microglia,APP,CD74,2.6637177,0.0,5.7201633,0.8692272019738225,2.0981133503392773,0.010405147,0.9563443,0.1841409337375846,2.8796067342507378e-05,nerve,immune,immune-nerve,nerve_to_immune,nerve_neuron,microglia,0.5032,7.0,0.4667,False,0.0584,28.0,0.8514,True,False
nerve_c6,immune_tam,SPP1,CD44,2.577423,0.0,6.189658,0.8149847409755006,0.2575283965629087,0.018928608,0.9579617,0.1620013104616287,2.9529249225105256e-05,nerve,immune,immune-nerve,nerve_to_immune,nerve_c6,tam,0.2036,24.0,0.6567,True,0.221,21.0,0.6495,True,True
immune_tam,nerve_c10,TIMP1,CD63,2.5631835,0.0,6.517738,1.1112529419168191,1.578971425811338,0.030475814,0.9589894,0.0584463858624115,3.1784026584718265e-05,immune,nerve,immune-nerve,immune_to_nerve,nerve_c10,tam,0.8274,7.0,0.1908,False,0.221,21.0,0.6495,True,False
nerve_c16,immune_tam,SPP1,CD44,2.556648,0.0,6.1105456,0.8049873153536151,0.2200316877075427,0.018686673,0.95770186,0.2003051012958109,3.412164272073451e-05,nerve,immune,immune-nerve,nerve_to_immune,nerve_c16,tam,0.2917,16.0,0.4833,True,0.221,21.0,0.6495,True,True
nerve_c15,immune_tam,APP,CD74,2.5529032,0.0,6.470332,1.0784176895508977,0.767915996502365,0.011769727,0.9588456,0.2915848869468911,3.6542086330020745e-05,nerve,immune,immune-nerve,nerve_to_immune,nerve_c15,tam,0.2441,11.0,0.4778,True,0.221,21.0,0.6495,True,True
nerve_c10,immune_tam,APP,CD74,2.5506392,0.0,6.4577904,1.0758468934145309,0.624843221680182,0.011746912,0.95880735,0.2933688600773129,3.8201725084011817e-05,nerve,immune,immune-nerve,nerve_to_immune,nerve_c10,tam,0.8274,7.0,0.1908,False,0.221,21.0,0.6495,True,False
malignant,immune_dendritic,APP,CD74,2.772808,0.0,5.329508,0.8447642327554965,1.39995026342515,0.0061360407,0.9548436,0.4970681262996754,3.8201725084011817e-05,tumor,immune,immune-tumor,tumor_to_immune,,dendritic,,,,,0.1168,23.0,0.7139,True,True
nerve_c5,immune_dendritic,COPA,CD74,2.771931,0.0,5.3219495,1.1281943863370172,1.2594923866669407,0.022455135,0.954813,0.0584463858624115,3.904535046799175e-05,nerve,immune,immune-nerve,nerve_to_immune,nerve_c5,dendritic,0.5076,15.0,0.4523,False,0.1168,23.0,0.7139,True,False
nerve_c17,immune_dendritic,APP,CD74,2.7697618,0.0,5.3032565,0.8412950644067945,1.3066097227300189,0.009646783,0.954737,0.4970848874510563,3.989816767565381e-05,nerve,immune,immune-nerve,nerve_to_immune,nerve_c17,dendritic,0.712,4.0,0.1815,False,0.1168,23.0,0.7139,True,False
nerve_c9,immune_tam,APP,CD74,2.5374908,0.0,6.384959,1.0609153273612988,0.6053820152011762,0.011614431,0.95858276,0.3048231425887561,3.989816767565381e-05,nerve,immune,immune-nerve,nerve_to_immune,nerve_c9,tam,0.4802,7.0,0.3212,True,0.221,21.0,0.6495,True,True
nerve_c4,immune_dendritic,COPA,CD74,2.766568,0.0,5.2757335,1.1198987716297668,1.2873136719386804,0.022260135,0.9546245,0.0584463858624115,4.163141075587023e-05,nerve,immune,immune-nerve,nerve_to_immune,nerve_c4,dendritic,0.1779,16.0,0.5438,True,0.1168,23.0,0.7139,True,True
nerve_c6,immune_nk_cell,B2M,KLRC1,2.8092067,0.0,5.226792,3.158982435456962,1.6532991266639792,0.07699361,0.9544222,0.000876893364559,4.340145097558454e-05,nerve,immune,immune-nerve,nerve_to_immune,nerve_c6,nk_cell,0.2036,24.0,0.6567,True,0.1807,21.0,0.6809,True,True
nerve_c9,immune_t_cell,SPP1,CD44,2.5920634,0.0,5.2236595,0.6687747413380162,0.2070606267564612,0.015974483,0.9544091,0.2160196463653356,4.4300273608335735e-05,nerve,immune,immune-nerve,nerve_to_immune,nerve_c9,t_cell,0.4802,7.0,0.3212,True,0.114,24.0,0.7175,True,True
nerve_c5,immune_tam,APP,CD74,2.5181963,0.0,6.27808,1.0390065168537932,0.6010109294342493,0.011420014,0.95824635,0.3224922647536105,4.4300273608335735e-05,nerve,immune,immune-nerve,nerve_to_immune,nerve_c5,tam,0.5076,15.0,0.4523,False,0.221,21.0,0.6495,True,False
nerve_c16,immune_microglia,APP,CD74,2.5989344,0.0,5.223092,0.7956665165391035,2.054321644688991,0.00950096,0.9544068,0.2099678888403007,4.520828498572025e-05,nerve,immune,immune-nerve,nerve_to_immune,nerve_c16,microglia,0.2917,16.0,0.4833,True,0.0584,28.0,0.8514,True,True
nerve_c17,immune_t_cell,SPP1,CD44,2.5779042,0.0,5.184882,0.6619613936949051,0.2913956281749033,0.015855897,0.95424676,0.1326271785437577,4.612550335230145e-05,nerve,immune,immune-nerve,nerve_to_immune,nerve_c17,t_cell,0.712,4.0,0.1815,False,0.114,24.0,0.7175,True,False
nerve_c0,malignant,NCAM1,PTPRZ1,2.512004,0.0,6.3092384,1.6915522459232568,3.085552734175888,0.06180684,0.9583453,0.0035905637074645,4.705190943720082e-05,nerve,tumor,nerve-tumor,nerve_to_tumor,nerve_c0,,0.1812,15.0,0.5697,True,,,,,True
nerve_c1,immune_t_cell,SPP1,CD44,2.564194,0.0,5.1473355,0.6553640435059164,0.2032730938972302,0.015741076,0.95408785,0.220397696391917,4.8932320980949765e-05,nerve,immune,immune-nerve,nerve_to_immune,nerve_c1,t_cell,0.1941,18.0,0.5886,True,0.114,24.0,0.7175,True,True
immune_tam,nerve_c15,TIMP1,CD63,2.5099063,0.0,6.22028,1.0688316568075829,1.8042301050004457,0.029084954,0.9580609,0.0584463858624115,4.8932320980949765e-05,immune,nerve,immune-nerve,immune_to_nerve,nerve_c15,tam,0.2441,11.0,0.4778,True,0.221,21.0,0.6495,True,True
nerve_c10,immune_dendritic,COPA,CD74,2.74755,0.0,5.1118484,1.0904850103169044,1.1826101634141184,0.021568647,0.9539361,0.0584463858624115,5.084951626789051e-05,nerve,immune,immune-nerve,nerve_to_immune,nerve_c10,dendritic,0.8274,7.0,0.1908,False,0.1168,23.0,0.7139,True,False
immune_microglia,nerve_c10,APOE,LRP2,2.5869942,0.0,5.093468,3.0280767628102145,2.8070700269128883,0.04288056,0.9538569,0.0003625468376133,5.1821911788680654e-05,immune,nerve,immune-nerve,immune_to_nerve,nerve_c10,microglia,0.8274,7.0,0.1908,False,0.0584,28.0,0.8514,True,False
nerve_c18,immune_tam,APP,CD74,2.498173,0.0,6.1671643,1.016271499368836,0.6750989843129427,0.011218255,0.9578883,0.3401758977326559,5.280349194894663e-05,nerve,immune,immune-nerve,nerve_to_immune,nerve_c18,tam,0.5575,4.0,0.2111,False,0.221,21.0,0.6495,True,False
nerve_c18,immune_nk_cell,B2M,KLRC1,2.75112,0.0,5.0900826,3.123314894072033,1.4970799923830456,0.0749798,0.9538422,0.0016128597320668,5.280349194894663e-05,nerve,immune,immune-nerve,nerve_to_immune,nerve_c18,nk_cell,0.5575,4.0,0.2111,False,0.1807,21.0,0.6809,True,False
nerve_c16,immune_nk_cell,B2M,KLRC1,2.741305,0.0,5.0669827,3.117288526280373,1.525516981916606,0.07463952,0.953742,0.0014230245766047,5.379427650537932e-05,nerve,immune,immune-nerve,nerve_to_immune,nerve_c16,nk_cell,0.2917,16.0,0.4833,True,0.1807,21.0,0.6809,True,True
immune_tam,nerve_c4,TIMP1,FGFR2,2.4890263,0.0,6.1037035,3.468797296236495,3.0930362951483614,0.03884375,0.9576792,4.1367669591479274e-05,5.7849328701176e-05,immune,nerve,immune-nerve,immune_to_nerve,nerve_c4,tam,0.1779,16.0,0.5438,True,0.221,21.0,0.6495,True,True
nerve_c10,immune_t_cell,SPP1,CD44,2.5012577,0.0,4.974977,0.6250798629103334,0.0860742308216937,0.015213987,0.9533361,0.4025080122600375,5.7849328701176e-05,nerve,immune,immune-nerve,nerve_to_immune,nerve_c10,t_cell,0.8274,7.0,0.1908,False,0.114,24.0,0.7175,True,False
nerve_c15,immune_t_cell,SPP1,CD44,2.4911962,0.0,4.9474225,0.6202379028809851,0.1449824170870655,0.015129722,0.9532124,0.3014200362915425,5.88860678660417e-05,nerve,immune,immune-nerve,nerve_to_immune,nerve_c15,t_cell,0.2441,11.0,0.4778,True,0.114,24.0,0.7175,True,True
nerve_c9,immune_dendritic,COPA,CD74,2.7254028,0.0,4.9209986,1.056227914357527,1.1604057633906404,0.020763384,0.9530928,0.0584463858624115,6.098713163279396e-05,nerve,immune,immune-nerve,nerve_to_immune,nerve_c9,dendritic,0.4802,7.0,0.3212,True,0.1168,23.0,0.7139,True,True
nerve_c22,immune_tam,SPP1,CD44,2.480678,0.001,5.821247,0.7684309889305425,0.0234361414164936,0.017801968,0.95670855,0.9542391805415128,6.205145558632835e-05,nerve,immune,immune-nerve,nerve_to_immune,nerve_c22,tam,1.0,1.0,-0.0,False,0.221,21.0,0.6495,True,False
nerve_c20,malignant,NCAM1,PTPRZ1,2.4788601,0.0,6.1407094,1.653888069068318,2.9758020036766046,0.060155887,0.9578015,0.0042011574329942,6.312495904827896e-05,nerve,tumor,nerve-tumor,nerve_to_tumor,nerve_c20,,0.7889,9.0,0.1802,False,,,,,False
nerve_c4,malignant,NCAM1,PTPRZ1,2.478765,0.0,6.1402254,1.6537772822785173,2.9641361614725525,0.060151145,0.9577999,0.0042054691723061,6.420766366472161e-05,nerve,tumor,nerve-tumor,nerve_to_tumor,nerve_c4,,0.1779,16.0,0.5438,True,,,,,True
immune_microglia,nerve_c12,APOE,LRP6,2.5564551,0.0,4.858225,1.6108907630364735,2.6706628208544783,0.063147016,0.95280504,0.0031009220265574,6.640063036822427e-05,immune,nerve,immune-nerve,immune_to_nerve,nerve_c12,microglia,0.4368,7.0,0.335,True,0.0584,28.0,0.8514,True,True
nerve_c3,immune_dendritic,COPA,CD74,2.7168589,0.0,4.8473716,1.0430138509739852,1.278505314336769,0.020452728,0.9527547,0.0584463858624115,6.863035234775976e-05,nerve,immune,immune-nerve,nerve_to_immune,nerve_c3,dendritic,0.1893,16.0,0.5434,True,0.1168,23.0,0.7139,True,True
nerve_c2,immune_tam,APP,CD74,2.4663324,0.0,5.9907904,0.9801180817023468,0.5957845147021978,0.010897425,0.9572992,0.3711508672344815,6.975898969636533e-05,nerve,immune,immune-nerve,nerve_to_immune,nerve_c2,tam,0.4082,17.0,0.533,True,0.221,21.0,0.6495,True,True
nerve_c12,malignant,NCAM1,PTPRZ1,2.4561272,0.0,6.0251155,1.6280535295858376,3.1670606023216283,0.0590235,0.9574158,0.0028991414632727,7.08968262542516e-05,nerve,tumor,nerve-tumor,nerve_to_tumor,nerve_c12,,0.4368,7.0,0.335,True,,,,,True
immune_tam,nerve_c17,TIMP1,CD63,2.4549546,0.0,5.913475,1.02507658039127,2.01073685083018,0.027650386,0.9570329,0.0584463858624115,7.204383821601617e-05,immune,nerve,immune-nerve,immune_to_nerve,nerve_c17,tam,0.712,4.0,0.1815,False,0.221,21.0,0.6495,True,False
immune_microglia,nerve_c9,APOE,ABCA1,2.5519588,0.0,4.823589,0.7898954222056296,2.0911614759578088,0.040857747,0.9526439,0.0584463858624115,7.320004873862328e-05,immune,nerve,immune-nerve,immune_to_nerve,nerve_c9,microglia,0.4802,7.0,0.3212,True,0.0584,28.0,0.8514,True,True
nerve_c2,immune_t_cell,SPP1,CD44,2.436016,0.0,4.796306,0.5936855752154467,0.0133737431263059,0.014667593,0.9525158,0.5637074072879454,7.911885179876372e-05,nerve,immune,immune-nerve,nerve_to_immune,nerve_c2,t_cell,0.4082,17.0,0.533,True,0.114,24.0,0.7175,True,True
malignant,immune_microglia,APP,CD74,2.5366688,0.0,4.7453375,0.7249743454039863,2.2664011258855634,0.005463466,0.9522736,0.1126134149605151,8.278034478884479e-05,tumor,immune,immune-tumor,tumor_to_immune,,microglia,,,,,0.0584,28.0,0.8514,True,True
immune_tam,nerve_c9,TIMP1,FGFR2,2.4244542,0.0,5.743186,3.3101870537961364,2.9662981650730025,0.036549434,0.9564281,9.087287948027664e-05,8.278034478884479e-05,immune,nerve,immune-nerve,immune_to_nerve,nerve_c9,tam,0.4802,7.0,0.3212,True,0.221,21.0,0.6495,True,True
nerve_c5,immune_microglia,COPA,CD74,2.5357916,0.0,4.7386074,1.008404498985507,2.1259432491273538,0.019993816,0.9522413,0.0584463858624115,8.401921738299277e-05,nerve,immune,immune-nerve,nerve_to_immune,nerve_c5,microglia,0.5076,15.0,0.4523,False,0.0584,28.0,0.8514,True,False
immune_tam,nerve_c2,TIMP1,CD63,2.4210749,0.0,5.724318,0.9981004983088614,1.4526692911367012,0.02676592,0.9563595,0.0584463858624115,8.652449708659697e-05,immune,nerve,immune-nerve,immune_to_nerve,nerve_c2,tam,0.4082,17.0,0.533,True,0.221,21.0,0.6495,True,True
nerve_c17,immune_microglia,APP,CD74,2.5336223,0.0,4.721964,0.7215051770552844,2.173060585190432,0.008589393,0.95216125,0.1479731542899839,8.906650359909224e-05,nerve,immune,immune-nerve,nerve_to_immune,nerve_c17,microglia,0.712,4.0,0.1815,False,0.0584,28.0,0.8514,True,False
nerve_c5,immune_t_cell,SPP1,CD44,2.4131126,0.0,4.733582,0.5826650511738354,-0.0284709582347693,0.014475777,0.95221716,0.6638053547721539,9.035127173674253e-05,nerve,immune,immune-nerve,nerve_to_immune,nerve_c5,t_cell,0.5076,15.0,0.4523,False,0.114,24.0,0.7175,True,False
nerve_c4,immune_microglia,COPA,CD74,2.5304284,0.0,4.6974573,1.0001088842782566,2.1537645343990937,0.01982019,0.9520426,0.0584463858624115,9.294836208871365e-05,nerve,immune,immune-nerve,nerve_to_immune,nerve_c4,microglia,0.1779,16.0,0.5438,True,0.0584,28.0,0.8514,True,True
nerve_c3,immune_tam,APP,CD74,2.3964047,0.0,5.603438,0.9007147738579441,0.5465280941141724,0.01019282,0.95591193,0.4511326714385505,9.558217087689311e-05,nerve,immune,immune-nerve,nerve_to_immune,nerve_c3,tam,0.1893,16.0,0.5434,True,0.221,21.0,0.6495,True,True
nerve_c5,immune_nk_cell,B2M,KLRC1,2.5579016,0.0,4.6353354,3.004672145008034,1.2684822952036494,0.068281114,0.95173776,0.00531603488486,9.558217087689311e-05,nerve,immune,immune-nerve,nerve_to_immune,nerve_c5,nk_cell,0.5076,15.0,0.4523,False,0.1807,21.0,0.6809,True,False
nerve_c1,immune_nk_cell,B2M,KLRC1,2.5566447,0.0,4.632377,3.0039014105556325,1.3165509087554368,0.068237536,0.9517231,0.004022667519199,9.825269475220456e-05,nerve,immune,immune-nerve,nerve_to_immune,nerve_c1,nk_cell,0.1941,18.0,0.5886,True,0.1807,21.0,0.6809,True,True
nerve_c18,immune_tam,SPP1,CD44,2.3915877,0.0,5.4819846,0.7255612020261433,0.2463630359327686,0.016764468,0.95544785,0.1736936813949062,0.0001009599303655,nerve,immune,immune-nerve,nerve_to_immune,nerve_c18,tam,0.5575,4.0,0.2111,False,0.221,21.0,0.6495,True,False
nerve_c9,immune_nk_cell,B2M,KLRC1,2.5380745,0.0,4.5886717,2.992496964887481,1.2853702765926551,0.06759373,0.9515049,0.0048192198703403,0.0001023273210772,nerve,immune,immune-nerve,nerve_to_immune,nerve_c9,nk_cell,0.4802,7.0,0.3212,True,0.1807,21.0,0.6809,True,True
nerve_c4,immune_tam,APP,CD74,2.3884497,0.0,5.559373,0.8916802425809228,0.4767221754740437,0.010112665,0.9557452,0.461808221612929,0.0001050896181124,nerve,immune,immune-nerve,nerve_to_immune,nerve_c4,tam,0.1779,16.0,0.5438,True,0.221,21.0,0.6495,True,True
immune_microglia,nerve_c3,APOE,LRP2,2.51714,0.0,4.5553775,2.740155754188328,2.83167180082044,0.038350515,0.95133656,0.0014094627168379,0.0001064845234101,immune,nerve,immune-nerve,immune_to_nerve,nerve_c3,microglia,0.1893,16.0,0.5434,True,0.0584,28.0,0.8514,True,True
nerve_c10,immune_microglia,COPA,CD74,2.5114105,0.0,4.5515356,0.9706951229653942,2.049061025874532,0.019204495,0.9513171,0.0584463858624115,0.000107888618513,nerve,immune,immune-nerve,nerve_to_immune,nerve_c10,microglia,0.8274,7.0,0.1908,False,0.0584,28.0,0.8514,True,False
nerve_c0,immune_tam,APP,CD74,2.3829522,0.0,5.5289207,0.8854401676095857,0.547187291604152,0.010057271,0.95562893,0.4680136826363827,0.0001107243189299,nerve,immune,immune-nerve,nerve_to_immune,nerve_c0,tam,0.1812,15.0,0.5697,True,0.221,21.0,0.6495,True,True
nerve_c10,immune_nk_cell,B2M,KLRC1,2.4903288,0.0,4.4763002,2.963178031988343,1.1633415909359297,0.065938435,0.95092964,0.0093454511361011,0.0001239390359533,nerve,immune,immune-nerve,nerve_to_immune,nerve_c10,nk_cell,0.8274,7.0,0.1908,False,0.1807,21.0,0.6809,True,False
nerve_c7,malignant,NCAM1,PTPRZ1,2.3607335,0.0,5.540057,1.5196443972686242,2.9552913910948613,0.054271746,0.9556716,0.0078414104579595,0.0001239390359533,nerve,tumor,nerve-tumor,nerve_to_tumor,nerve_c7,,0.17,15.0,0.5776,True,,,,,True
immune_tam,nerve_c5,TIMP1,FGFR2,2.3559852,0.0,5.36091,3.1420078567015697,2.9108139529596846,0.03411664,0.95497006,0.0001887041899167,0.0001269765265007,immune,nerve,immune-nerve,immune_to_nerve,nerve_c5,tam,0.5076,15.0,0.4523,False,0.221,21.0,0.6495,True,False
malignant,nerve_c12,PTN,PTPRZ1,2.3516288,0.0,5.5294423,1.0039227367362449,2.280086680246413,0.16269541,0.95563096,0.0019959463118374,0.0001300506952954,tumor,nerve,nerve-tumor,tumor_to_nerve,nerve_c12,,0.4368,7.0,0.335,True,,,,,True
nerve_c9,immune_microglia,COPA,CD74,2.4892635,0.0,4.381605,0.9364380270060167,2.0268566258510536,0.018487498,0.95042837,0.0584463858624115,0.0001347307209617,nerve,immune,immune-nerve,nerve_to_immune,nerve_c9,microglia,0.4802,7.0,0.3212,True,0.0584,28.0,0.8514,True,True
nerve_c3,malignant,NCAM1,PTPRZ1,2.3504639,0.0,5.4878383,1.507973200259795,2.884095455664071,0.053760204,0.95547056,0.0082565530112467,0.0001347307209617,nerve,tumor,nerve-tumor,nerve_to_tumor,nerve_c3,,0.1893,16.0,0.5434,True,,,,,True
nerve_c15,immune_nk_cell,B2M,KLRC1,2.4384356,0.0,4.3541675,2.931314253433166,1.277110305913569,0.06413935,0.95028013,0.005044187581659,0.0001363090542304,nerve,immune,immune-nerve,nerve_to_immune,nerve_c15,nk_cell,0.2441,11.0,0.4778,True,0.1807,21.0,0.6809,True,True
immune_t_cell,nerve_c20,CALM1,PDE1C,2.341833,0.0,5.420191,2.8274202932191894,2.1614235645657436,0.028294835,0.9552059,0.002217197330495,0.0001394932376725,immune,nerve,immune-nerve,immune_to_nerve,nerve_c20,t_cell,0.7889,9.0,0.1802,False,0.114,24.0,0.7175,True,False
nerve_c3,immune_microglia,COPA,CD74,2.4807196,0.0,4.3160486,0.923223963622475,2.1449561767971823,0.018210893,0.950072,0.0589038272590708,0.0001410990871971,nerve,immune,immune-nerve,nerve_to_immune,nerve_c3,microglia,0.1893,16.0,0.5434,True,0.0584,28.0,0.8514,True,True
nerve_c20,immune_tam,APP,CD74,2.3375752,0.0,5.2775626,0.8339138996988644,0.4492780613642392,0.009600043,0.954632,0.4970848874510563,0.00014271410261,nerve,immune,immune-nerve,nerve_to_immune,nerve_c20,tam,0.7889,9.0,0.1802,False,0.221,21.0,0.6495,True,False
immune_microglia,nerve_c20,APOE,LRP2,2.4835262,0.0,4.296448,2.601608784388486,2.789555203113965,0.03617066,0.949964,0.0026039671689331,0.0001443382500154,immune,nerve,immune-nerve,immune_to_nerve,nerve_c20,microglia,0.7889,9.0,0.1802,False,0.0584,28.0,0.8514,True,False
nerve_c18,immune_t_cell,LGALS1,PTPRC,2.3333535,0.0,5.441935,0.9894655504856728,1.4143265278949824,0.04924218,0.9552915,0.0290945476897863,0.0001459715957606,nerve,immune,immune-nerve,nerve_to_immune,nerve_c18,t_cell,0.5575,4.0,0.2111,False,0.114,24.0,0.7175,True,False
immune_tam,nerve_c7,TIMP1,FGFR2,2.332844,0.0,5.2317085,3.085166896573666,3.0513076230984657,0.03329441,0.9544426,0.0002945738083251,0.0001476141061382,immune,nerve,immune-nerve,immune_to_nerve,nerve_c7,tam,0.17,15.0,0.5776,True,0.221,21.0,0.6495,True,True
nerve_c18,immune_t_cell,HMGB1,CXCR4,2.3321986,0.0,5.437116,0.950845910603542,1.3567133552769548,0.021236517,0.9552726,0.0584463858624115,0.0001492657807296,nerve,immune,immune-nerve,nerve_to_immune,nerve_c18,t_cell,0.5575,4.0,0.2111,False,0.114,24.0,0.7175,True,False
immune_microglia,nerve_c7,APOE,LRP2,2.4701378,0.0,4.1933165,2.546423229028417,2.8486249089173814,0.035302423,0.9493834,0.0032788952582332,0.000162808967821,immune,nerve,immune-nerve,immune_to_nerve,nerve_c7,microglia,0.17,15.0,0.5776,True,0.0584,28.0,0.8514,True,True
nerve_neuron,immune_tam,LRP1B,PLAUR,2.3227305,0.0,4.9930434,1.727356055232431,2.0039252944994193,0.061675295,0.95341665,0.0036452798277516,0.0001645430653837,nerve,immune,immune-nerve,nerve_to_immune,nerve_neuron,tam,0.5032,7.0,0.4667,False,0.221,21.0,0.6495,True,False
immune_tam,malignant,TIMP1,CD63,2.321331,0.0,5.167428,0.9186784869473792,1.7243583753696845,0.012488243,0.9541731,0.2389288703511582,0.0001662863585225,immune,tumor,immune-tumor,immune_to_tumor,,tam,,,,,0.221,21.0,0.6495,True,True
nerve_c6,immune_t_cell,SPP1,CD44,2.3100586,0.0,4.451357,0.5330763186652403,-0.0507838162524389,0.013612704,0.9507991,0.7170810743595762,0.0001805623395189,nerve,immune,immune-nerve,nerve_to_immune,nerve_c6,t_cell,0.2036,24.0,0.6567,True,0.114,24.0,0.7175,True,True
nerve_c15,immune_dendritic,COPA,CD74,2.6345925,0.0,4.1384497,0.9157722627697132,1.1982551835834054,0.017461542,0.9490659,0.0696700126872422,0.0001823880536887,nerve,immune,immune-nerve,nerve_to_immune,nerve_c15,dendritic,0.2441,11.0,0.4778,True,0.1168,23.0,0.7139,True,True
nerve_c2,immune_nk_cell,B2M,KLRC1,2.3233335,0.0,4.08327,2.860637833218755,1.0603304079416012,0.060148872,0.94874054,0.0171860576559262,0.0001973232639078,nerve,immune,immune-nerve,nerve_to_immune,nerve_c2,nk_cell,0.4082,17.0,0.533,True,0.1807,21.0,0.6809,True,True
immune_nk_cell,nerve_neuron,CCL5,GRM7,2.2957594,0.0,4.736945,4.0440612683824035,3.02108348809719,0.25332767,0.9522333,9.605330235999865e-07,0.0001973232639078,immune,nerve,immune-nerve,immune_to_nerve,nerve_neuron,nk_cell,0.5032,7.0,0.4667,False,0.1807,21.0,0.6809,True,False
nerve_c1,immune_tam,APP,CD74,2.2910533,0.0,5.0198636,0.7810880988586996,0.4440540801264704,0.009131281,0.9535355,0.4970848874510563,0.0002030749838939,nerve,immune,immune-nerve,nerve_to_immune,nerve_c1,tam,0.1941,18.0,0.5886,True,0.221,21.0,0.6495,True,True
nerve_c9,immune_microglia,JAG1,NOTCH1,0.08051337,1.0,0.006056512,-0.1560009778016047,-0.2836814860024733,0.00422709,0.41616797,1.0,0.0002038967002718,nerve,immune,immune-nerve,nerve_to_immune,nerve_c9,microglia,0.4802,7.0,0.3212,True,0.0584,28.0,0.8514,True,True
immune_nk_cell,nerve_c20,CALM1,PDE1C,2.2895467,0.0,5.148846,2.779787680993959,2.0536824145467807,0.026878342,0.95409423,0.0042546659791689,0.0002050105399609,immune,nerve,immune-nerve,immune_to_nerve,nerve_c20,nk_cell,0.7889,9.0,0.1802,False,0.1807,21.0,0.6809,True,False
nerve_c16,immune_t_cell,SPP1,CD44,2.2892838,0.0,4.3944626,0.5230788930433549,-0.0882805251078049,0.013438715,0.9504973,0.8189725255038282,0.0002069552468451,nerve,immune,immune-nerve,nerve_to_immune,nerve_c16,t_cell,0.2917,16.0,0.4833,True,0.114,24.0,0.7175,True,True
nerve_c20,immune_dendritic,COPA,CD74,2.6255448,0.0,4.060482,0.901777765742269,1.153547094425876,0.017132571,0.9486043,0.0753448454510936,0.0002108720709499,nerve,immune,immune-nerve,nerve_to_immune,nerve_c20,dendritic,0.7889,9.0,0.1802,False,0.1168,23.0,0.7139,True,False
nerve_c13,immune_tam,APP,CD74,2.2753422,0.0,4.932834,0.7632483791315965,0.4905133446508726,0.008972972,0.9531465,0.4970848874510563,0.0002208242999912,nerve,immune,immune-nerve,nerve_to_immune,nerve_c13,tam,0.3452,18.0,0.5887,True,0.221,21.0,0.6495,True,True
immune_microglia,nerve_c4,APOE,SORL1,2.441771,0.0,3.9748054,0.6062808584003299,1.8414681351264823,0.04073221,0.9480819,0.0584463858624115,0.0002269053927027,immune,nerve,immune-nerve,immune_to_nerve,nerve_c4,microglia,0.1779,16.0,0.5438,True,0.0584,28.0,0.8514,True,True
malignant,nerve_neuron,PTN,PTPRZ1,2.2680087,0.0,5.1316833,0.9452503935999572,2.649459397565465,0.15099196,0.9540211,0.0024499148068859,0.0002330688001969,tumor,nerve,nerve-tumor,tumor_to_nerve,nerve_neuron,,0.5032,7.0,0.4667,False,,,,,False
nerve_c6,immune_tam,APP,CD74,2.2659702,0.0,4.88092,0.7526063821743735,0.3702802376203252,0.008878538,0.9529097,0.6144904015688222,0.0002414147169574,nerve,immune,immune-nerve,nerve_to_immune,nerve_c6,tam,0.2036,24.0,0.6567,True,0.221,21.0,0.6495,True,True
nerve_c9,malignant,PTN,PTPRZ1,2.256381,0.0,5.009444,0.9325743301541084,1.88803968408027,0.063095964,0.9534894,0.0381777579427962,0.0002499069247234,nerve,tumor,nerve-tumor,nerve_to_tumor,nerve_c9,,0.4802,7.0,0.3212,True,,,,,True
immune_tam,malignant,S100A4,EGFR,2.252394,0.0,4.517579,1.2315974710138111,3.1205990611397616,0.084608845,0.9511433,0.0032614233059938,0.0002563721013351,immune,tumor,immune-tumor,immune_to_tumor,,tam,,,,,0.221,21.0,0.6495,True,True
immune_microglia,nerve_c9,APOE,LRP2,2.4324098,0.0,3.9026937,2.390919082054212,2.5493495659526477,0.032855745,0.94762945,0.0058094987040011,0.0002585453967024,immune,nerve,immune-nerve,immune_to_nerve,nerve_c9,microglia,0.4802,7.0,0.3212,True,0.0584,28.0,0.8514,True,True
immune_microglia,nerve_c22,APOE,LRP2,2.430849,0.0,3.8906708,2.3844860209887395,2.7842445389155346,0.03275453,0.9475529,0.0059093042889294,0.000262919495969,immune,nerve,immune-nerve,immune_to_nerve,nerve_c22,microglia,1.0,1.0,-0.0,False,0.0584,28.0,0.8514,True,False
nerve_c9,immune_nk_cell,SPP1,CD44,2.414835,0.0,3.8714685,0.4819020676016322,-0.0739564157825584,0.011839345,0.94742984,0.7794376021881079,0.0002673301061017,nerve,immune,immune-nerve,nerve_to_immune,nerve_c9,nk_cell,0.4802,7.0,0.3212,True,0.1807,21.0,0.6809,True,True
nerve_c21,immune_tam,PKM,CD44,2.2349763,0.0,4.8855968,1.455553670467222,1.946828337832464,0.05305897,0.95293117,0.0089303400141335,0.0002807813300761,nerve,immune,immune-nerve,nerve_to_immune,nerve_c21,tam,1.0,1.0,-0.0,False,0.221,21.0,0.6495,True,False
nerve_c13,immune_nk_cell,B2M,KLRC1,2.2311144,0.0,3.8662288,2.804010400752945,1.1061688148172328,0.056951735,0.9473961,0.0130882011259881,0.0002876302558422,nerve,immune,immune-nerve,nerve_to_immune,nerve_c13,nk_cell,0.3452,18.0,0.5887,True,0.1807,21.0,0.6809,True,True
nerve_c17,immune_nk_cell,SPP1,CD44,2.4006755,0.0,3.8427293,0.4750887199585213,0.0103785856358836,0.011751457,0.9472439,0.5708278777932905,0.0002922419105975,nerve,immune,immune-nerve,nerve_to_immune,nerve_c17,nk_cell,0.712,4.0,0.1815,False,0.1807,21.0,0.6809,True,False
nerve_c5,malignant,PTN,PTPRZ1,2.2283769,0.0,4.8670483,0.9123024789405036,1.881038008218308,0.061302423,0.9528458,0.0426349601733931,0.0002968900520088,nerve,tumor,nerve-tumor,nerve_to_tumor,nerve_c5,,0.5076,15.0,0.4523,False,,,,,False
immune_tam,nerve_c10,TIMP1,FGFR2,2.2259178,0.0,4.6347194,2.822518920737888,2.619097113153952,0.029495187,0.9517347,0.0009039185056241,0.0002992278459381,immune,nerve,immune-nerve,immune_to_nerve,nerve_c10,tam,0.8274,7.0,0.1908,False,0.221,21.0,0.6495,True,False
nerve_c1,immune_nk_cell,SPP1,CD44,2.3869653,0.0,3.8149018,0.4684913697695324,-0.0777439486417893,0.011666358,0.9470621,0.7904457204870214,0.0003039307820499,nerve,immune,immune-nerve,nerve_to_immune,nerve_c1,nk_cell,0.1941,18.0,0.5886,True,0.1807,21.0,0.6809,True,True
nerve_c17,immune_nk_cell,B2M,KLRC1,2.22167,0.0,3.8440008,2.798211312096833,1.0118424079556314,0.056624305,0.94725215,0.022146402275401,0.0003062959717271,nerve,immune,immune-nerve,nerve_to_immune,nerve_c17,nk_cell,0.712,4.0,0.1815,False,0.1807,21.0,0.6809,True,False
nerve_c7,immune_tam,APP,CD74,2.2202964,0.0,4.627918,0.700744033078477,0.4225080648403551,0.00841832,0.951701,0.4970848874510563,0.0003086702925456,nerve,immune,immune-nerve,nerve_to_immune,nerve_c7,tam,0.17,15.0,0.5776,True,0.221,21.0,0.6495,True,True
nerve_c10,malignant,NCAM1,PTPRZ1,2.220224,0.0,4.8255916,1.359965456307093,2.568691892468488,0.04727267,0.9526532,0.0173808109047203,0.0003110537440868,nerve,tumor,nerve-tumor,nerve_to_tumor,nerve_c10,,0.8274,7.0,0.1908,False,,,,,False
nerve_c17,immune_t_cell,HMGB1,CXCR4,2.2141194,0.0,4.8969994,0.8388171817075404,1.436309746577956,0.019126905,0.95298344,0.0584463858624115,0.0003279934291509,nerve,immune,immune-nerve,nerve_to_immune,nerve_c17,t_cell,0.712,4.0,0.1815,False,0.114,24.0,0.7175,True,False
nerve_c22,immune_t_cell,SPP1,CD44,2.213314,0.012,4.1864104,0.4865225666202821,-0.284876071398854,0.0128024705,0.94934374,1.0,0.0003304498604432,nerve,immune,immune-nerve,nerve_to_immune,nerve_c22,t_cell,1.0,1.0,-0.0,False,0.114,24.0,0.7175,True,False
nerve_c22,malignant,NCAM1,PTPRZ1,2.2121916,0.0,4.784749,1.350836858353569,2.811139963810346,0.04687257,0.9524612,0.0170098946001984,0.0003353902042661,nerve,tumor,nerve-tumor,nerve_to_tumor,nerve_c22,,1.0,1.0,-0.0,False,,,,,False
nerve_c0,immune_dendritic,COPA,CD74,2.5904677,0.0,3.758208,0.8475232547308308,1.1191147415572829,0.015857171,0.94668543,0.1022237980823403,0.0003378740655633,nerve,immune,immune-nerve,nerve_to_immune,nerve_c0,dendritic,0.1812,15.0,0.5697,True,0.1168,23.0,0.7139,True,True
nerve_c13,immune_dendritic,COPA,CD74,2.586854,0.0,3.7270672,0.8419344063131444,1.181957012314223,0.015725778,0.9464751,0.1052455936711158,0.0003479007116588,nerve,immune,immune-nerve,nerve_to_immune,nerve_c13,dendritic,0.3452,18.0,0.5887,True,0.1168,23.0,0.7139,True,True
nerve_c5,immune_t_cell,HMGB1,CXCR4,2.2050745,0.0,4.8556256,0.8302362952852865,1.1184858622509168,0.018965306,0.952793,0.0584463858624115,0.0003529687538292,nerve,immune,immune-nerve,nerve_to_immune,nerve_c5,t_cell,0.5076,15.0,0.4523,False,0.114,24.0,0.7175,True,False
immune_microglia,nerve_c0,IL18,IL1RAPL1,2.5651686,0.0,3.710182,2.6207963697234975,3.2890419790225214,0.04951135,0.94636,0.0018121481593544,0.0003606392649525,immune,nerve,immune-nerve,immune_to_nerve,nerve_c0,microglia,0.1812,15.0,0.5697,True,0.0584,28.0,0.8514,True,True
nerve_c15,immune_t_cell,APP,CD74,2.2033463,0.0,4.837098,0.9010674026439812,0.2892581791763677,0.008798826,0.95270693,0.6842059180347788,0.0003632143638381,nerve,immune,immune-nerve,nerve_to_immune,nerve_c15,t_cell,0.2441,11.0,0.4778,True,0.114,24.0,0.7175,True,True
immune_tam,nerve_c4,PSAP,SORT1,2.2020621,0.0,4.8149714,1.6864838340002832,1.4020867697201465,0.02417987,0.9526035,0.0584463858624115,0.0003657985842363,immune,nerve,immune-nerve,immune_to_nerve,nerve_c4,tam,0.1779,16.0,0.5438,True,0.221,21.0,0.6495,True,True
nerve_c10,immune_t_cell,APP,CD74,2.2010822,0.0,4.827722,0.8984966065076145,0.1461854043541848,0.00878177,0.9526632,0.686522803727522,0.0003683919257285,nerve,immune,immune-nerve,nerve_to_immune,nerve_c10,t_cell,0.8274,7.0,0.1908,False,0.114,24.0,0.7175,True,False
immune_microglia,nerve_c4,PSAP,SORT1,2.1995392,0.0,4.8047915,1.6844884584004192,2.178701837041656,0.02412875,0.9525557,0.0467085198938166,0.0003709943343119,immune,nerve,immune-nerve,immune_to_nerve,nerve_c4,microglia,0.1779,16.0,0.5438,True,0.0584,28.0,0.8514,True,True
nerve_c10,immune_nk_cell,SPP1,CD44,2.324029,0.0,3.68716,0.4382071891739494,-0.1949428117173258,0.011275711,0.94620174,1.0,0.0003736059165486,nerve,immune,immune-nerve,nerve_to_immune,nerve_c10,nk_cell,0.8274,7.0,0.1908,False,0.1807,21.0,0.6809,True,False
nerve_c7,immune_dendritic,COPA,CD74,2.5820165,0.0,3.6853805,0.8344526015440484,1.1838764206009489,0.015549888,0.94618946,0.1095490004926658,0.0003762266186233,nerve,immune,immune-nerve,nerve_to_immune,nerve_c7,dendritic,0.17,15.0,0.5776,True,0.1168,23.0,0.7139,True,True
nerve_c13,malignant,NCAM1,PTPRZ1,2.1981976,0.0,4.713592,1.334933914566658,2.779328998917346,0.046175495,0.95212084,0.0194538269960214,0.0003762266186233,nerve,tumor,nerve-tumor,nerve_to_tumor,nerve_c13,,0.3452,18.0,0.5887,True,,,,,True
nerve_c15,immune_microglia,COPA,CD74,2.398453,0.0,3.6848316,0.795982375418203,2.0647060460438187,0.015547573,0.9461857,0.1096466486207511,0.0003788564401175,nerve,immune,immune-nerve,nerve_to_immune,nerve_c15,microglia,0.2441,11.0,0.4778,True,0.0584,28.0,0.8514,True,True
malignant,nerve_c12,NRXN1,NLGN1,2.2807796,0.0,3.6825755,1.6488820257414845,2.9273909799206104,0.122696966,0.9461701,0.0016534224934183,0.0003828182431405,tumor,nerve,nerve-tumor,tumor_to_nerve,nerve_c12,,0.4368,7.0,0.335,True,,,,,True
nerve_c12,malignant,NLGN1,NRXN1,2.2807796,0.0,3.6825755,1.6488820257414845,2.9273909799206104,0.122696966,0.9461701,0.0016534224934183,0.0003828182431405,nerve,tumor,nerve-tumor,nerve_to_tumor,nerve_c12,,0.4368,7.0,0.335,True,,,,,True
malignant,nerve_c0,NCAM1,NCAM2,2.206086,0.0,3.6805885,2.2423462200774624,2.823811497483918,0.07043203,0.9461564,0.0015248315452421,0.0003868005622212,tumor,nerve,nerve-tumor,tumor_to_nerve,nerve_c0,,0.1812,15.0,0.5697,True,,,,,True
nerve_c15,immune_nk_cell,SPP1,CD44,2.3139675,0.0,3.6667383,0.4333652291446012,-0.1360346254519541,0.011213259,0.9460602,0.9568861653343976,0.000389466857019,nerve,immune,immune-nerve,nerve_to_immune,nerve_c15,nk_cell,0.2441,11.0,0.4778,True,0.1807,21.0,0.6809,True,True
nerve_c9,immune_t_cell,HMGB1,CXCR4,2.1898236,0.0,4.7858653,0.8157663283518463,1.0473554958893627,0.018692834,0.9524665,0.0584463858624115,0.0003975203882372,nerve,immune,immune-nerve,nerve_to_immune,nerve_c9,t_cell,0.4802,7.0,0.3212,True,0.114,24.0,0.7175,True,True
immune_dendritic,nerve_c10,POMC,GRM7,0.08047111,0.0,0.006298424,0.1530499785601848,0.0275607623708919,0.0045536146,0.42093372,1.0,0.0004077841616978,immune,nerve,immune-nerve,immune_to_nerve,nerve_c10,dendritic,0.8274,7.0,0.1908,False,0.1168,23.0,0.7139,True,False
nerve_c9,immune_t_cell,APP,CD74,2.187934,0.0,4.773275,0.8835650404543827,0.1267241978751789,0.00868273,0.9524068,0.7014315754570019,0.0004083860698788,nerve,immune,immune-nerve,nerve_to_immune,nerve_c9,t_cell,0.4802,7.0,0.3212,True,0.114,24.0,0.7175,True,True
immune_microglia,nerve_c5,APOE,ABCA1,2.3985043,0.0,3.6415172,0.6085640312724567,1.8883242469696313,0.03084512,0.94588387,0.0584463858624115,0.0004083860698788,immune,nerve,immune-nerve,immune_to_nerve,nerve_c5,microglia,0.5076,15.0,0.4523,False,0.0584,28.0,0.8514,True,False
nerve_c18,immune_nk_cell,HMGB1,CXCR4,2.1874778,0.0,4.749028,0.8311186539080098,1.0286042925845933,0.018548954,0.95229125,0.0584463858624115,0.0004111252911896,nerve,immune,immune-nerve,nerve_to_immune,nerve_c18,nk_cell,0.5575,4.0,0.2111,False,0.1807,21.0,0.6809,True,False
immune_microglia,nerve_c9,SPP1,ITGAV_ITGB1,2.4807682,0.0,3.624768,0.5828686888493053,1.9317995539417911,0.029884618,0.9457657,0.0584463858624115,0.0004138735698954,immune,nerve,immune-nerve,immune_to_nerve,nerve_c9,microglia,0.4802,7.0,0.3212,True,0.0584,28.0,0.8514,True,True
nerve_c20,immune_microglia,COPA,CD74,2.3894055,0.0,3.61541,0.7819878783907589,2.01999795688629,0.01525466,0.9456994,0.1173894683528873,0.0004221732548734,nerve,immune,immune-nerve,nerve_to_immune,nerve_c20,microglia,0.7889,9.0,0.1802,False,0.0584,28.0,0.8514,True,False
malignant,nerve_c20,NCAM1,NCAM2,2.182095,0.0,3.6269956,2.212382986356216,2.7987713606382543,0.06940647,0.94578147,0.0016828031632059,0.0004277518828838,tumor,nerve,nerve-tumor,tumor_to_nerve,nerve_c20,,0.7889,9.0,0.1802,False,,,,,False
immune_microglia,nerve_c0,APOE,LRP2,2.3932905,0.0,3.6013544,2.2296782044535486,2.670655315771433,0.030318849,0.9455993,0.0096664657932429,0.0004333670138993,immune,nerve,immune-nerve,immune_to_nerve,nerve_c0,microglia,0.1812,15.0,0.5697,True,0.0584,28.0,0.8514,True,True
nerve_c18,immune_nk_cell,LGALS1,PTPRC,2.1776621,0.0,4.69948,0.845645294082005,1.0724647035564496,0.04252396,0.9520524,0.0584463858624115,0.0004418579806309,nerve,immune,immune-nerve,nerve_to_immune,nerve_c18,nk_cell,0.5575,4.0,0.2111,False,0.1807,21.0,0.6809,True,False
immune_microglia,nerve_c4,IL18,IL1RAPL1,2.4916139,0.0,3.5820365,2.534448156234407,3.0777144273140538,0.047801286,0.9454608,0.0033670503823563,0.0004475641524427,immune,nerve,immune-nerve,immune_to_nerve,nerve_c4,microglia,0.1779,16.0,0.5438,True,0.0584,28.0,0.8514,True,True
immune_t_cell,nerve_c0,CALM1,PDE1C,2.175641,0.0,4.7258844,2.4853715265423437,2.020539040779445,0.024670372,0.95218015,0.0050410392896855,0.0004533068168486,immune,nerve,immune-nerve,immune_to_nerve,nerve_c0,t_cell,0.1812,15.0,0.5697,True,0.114,24.0,0.7175,True,True
immune_microglia,nerve_c10,SPP1,ITGAV_ITGB1,2.4751248,0.0,3.5788178,0.575600536202002,1.9147961614636089,0.02950578,0.94543755,0.0584463858624115,0.0004533068168486,immune,nerve,immune-nerve,immune_to_nerve,nerve_c10,microglia,0.8274,7.0,0.1908,False,0.0584,28.0,0.8514,True,False
immune_tam,nerve_c1,TIMP1,FGFR2,2.171851,0.0,4.3328524,2.6897134059282055,2.8015321395795687,0.02757412,0.9501641,0.0017769239759258,0.0004619890603768,immune,nerve,immune-nerve,immune_to_nerve,nerve_c1,tam,0.1941,18.0,0.5886,True,0.221,21.0,0.6495,True,True
immune_microglia,nerve_c5,SPP1,ITGAV_ITGB1,2.4743395,0.0,3.5724223,0.5745880426809526,1.9678781529302072,0.02945305,0.9453914,0.0584463858624115,0.0004619890603768,immune,nerve,immune-nerve,immune_to_nerve,nerve_c5,microglia,0.5076,15.0,0.4523,False,0.0584,28.0,0.8514,True,False
nerve_c5,immune_t_cell,APP,CD74,2.1686394,0.0,4.693374,0.8616562299468772,0.122353112108252,0.0085373875,0.95202273,0.7334987496322617,0.0004707532607564,nerve,immune,immune-nerve,nerve_to_immune,nerve_c5,t_cell,0.5076,15.0,0.4523,False,0.114,24.0,0.7175,True,False
nerve_c2,immune_nk_cell,SPP1,CD44,2.2587876,0.0,3.5547395,0.4068129014790628,-0.2676432994127137,0.010870756,0.9452632,1.0,0.0004707532607564,nerve,immune,immune-nerve,nerve_to_immune,nerve_c2,nk_cell,0.4082,17.0,0.533,True,0.1807,21.0,0.6809,True,True
nerve_neuron,malignant,CNTN1,PTPRZ1,2.1661167,0.0,4.5504665,2.331738990982176,3.1845212670329444,0.37914163,0.9513116,3.325757103580808e-05,0.000485542397867,nerve,tumor,nerve-tumor,nerve_to_tumor,nerve_neuron,,0.5032,7.0,0.4667,False,,,,,False
immune_tam,nerve_c3,TIMP1,FGFR2,2.162158,0.0,4.278735,2.665903300136836,2.7972895262744344,0.027229719,0.9498657,0.0019959463118374,0.0004915218014198,immune,nerve,immune-nerve,immune_to_nerve,nerve_c3,tam,0.1893,16.0,0.5434,True,0.221,21.0,0.6495,True,True
immune_microglia,nerve_c3,IL18,IL1RAPL1,2.4530692,0.0,3.514885,2.48920072602389,3.083219437733271,0.046905167,0.9449708,0.0040301317799628,0.0004915218014198,immune,nerve,immune-nerve,immune_to_nerve,nerve_c3,microglia,0.1893,16.0,0.5434,True,0.0584,28.0,0.8514,True,True
nerve_neuron,malignant,NCAM1,PTPRZ1,2.1599138,0.0,4.518925,1.2914263305298173,2.5998143764833452,0.044268493,0.95115024,0.0242111875956,0.0005035897698539,nerve,tumor,nerve-tumor,nerve_to_tumor,nerve_neuron,,0.5032,7.0,0.4667,False,,,,,False
nerve_c5,immune_nk_cell,SPP1,CD44,2.235884,0.0,3.5082521,0.3957923774374514,-0.3094880007737889,0.010728593,0.9449216,1.0,0.0005066294672978,nerve,immune,immune-nerve,nerve_to_immune,nerve_c5,nk_cell,0.5076,15.0,0.4523,False,0.1807,21.0,0.6809,True,False
nerve_c21,immune_tam,SPP1,CD44,2.153399,0.006,4.5749445,0.6109461095321962,-0.0739634614178241,0.013990646,0.9514357,1.0,0.0005219646969922,nerve,immune,immune-nerve,nerve_to_immune,nerve_c21,tam,1.0,1.0,-0.0,False,0.221,21.0,0.6495,True,False
nerve_c12,immune_dendritic,APP,CD74,2.559957,0.0,3.495286,0.6030630612430252,0.8015006796334379,0.0063580293,0.9448252,0.4970848874510563,0.0005250590513265,nerve,immune,immune-nerve,nerve_to_immune,nerve_c12,dendritic,0.4368,7.0,0.335,True,0.1168,23.0,0.7139,True,True
immune_tam,nerve_c0,TIMP1,FGFR2,2.150175,0.0,4.211832,2.6364707127407714,2.6945233666695225,0.02680395,0.9494891,0.0023004964018688,0.0005281625033109,immune,nerve,immune-nerve,immune_to_nerve,nerve_c0,tam,0.1812,15.0,0.5697,True,0.221,21.0,0.6495,True,True
nerve_c18,immune_t_cell,APP,CD74,2.148616,0.0,4.610456,0.83892121246192,0.1964411669869454,0.008386556,0.951614,0.7641360955110917,0.000531274988459,nerve,immune,immune-nerve,nerve_to_immune,nerve_c18,t_cell,0.5575,4.0,0.2111,False,0.114,24.0,0.7175,True,False
immune_microglia,nerve_c9,APOE,SORL1,2.3757052,0.0,3.4658945,0.5305043376419833,1.66702042216403,0.035517093,0.9446047,0.0584463858624115,0.0005343966343008,immune,nerve,immune-nerve,immune_to_nerve,nerve_c9,microglia,0.4802,7.0,0.3212,True,0.0584,28.0,0.8514,True,True
nerve_c16,immune_tam,RPS19,C5AR1,2.1457,0.0,3.906192,0.6420749167604847,0.5253943916485264,0.06292472,0.94765174,0.0584463858624115,0.0005469741124219,nerve,immune,immune-nerve,nerve_to_immune,nerve_c16,tam,0.2917,16.0,0.4833,True,0.221,21.0,0.6495,True,True
nerve_c9,immune_dendritic,SPP1,CD44,2.359437,0.0,3.4488018,0.423488116358568,-0.181761150765228,0.010546788,0.9444752,1.0,0.0005533174536026,nerve,immune,immune-nerve,nerve_to_immune,nerve_c9,dendritic,0.4802,7.0,0.3212,True,0.1168,23.0,0.7139,True,True
nerve_c2,immune_t_cell,HMGB1,CXCR4,2.1432912,0.0,4.5730157,0.7716188860176223,1.0808241137983392,0.017861478,0.95142597,0.0631030300929607,0.0005565026996625,nerve,immune,immune-nerve,nerve_to_immune,nerve_c2,t_cell,0.4082,17.0,0.533,True,0.114,24.0,0.7175,True,True
immune_microglia,nerve_c5,APOE,LRP2,2.3731928,0.0,3.4465404,2.146840569938925,2.463000277343042,0.029015511,0.944458,0.0126175162474624,0.000559697170313,immune,nerve,immune-nerve,immune_to_nerve,nerve_c5,microglia,0.5076,15.0,0.4523,False,0.0584,28.0,0.8514,True,False
nerve_c17,immune_dendritic,SPP1,CD44,2.3452775,0.0,3.4232,0.416674768715457,-0.0974261493467859,0.010468494,0.9442795,0.846227398529146,0.0005725655839307,nerve,immune,immune-nerve,nerve_to_immune,nerve_c17,dendritic,0.712,4.0,0.1815,False,0.1168,23.0,0.7139,True,False
nerve_c22,immune_tam,APP,CD74,2.1352878,0.0,4.157028,0.6042174120263328,0.35274037995484,0.0075617577,0.9491741,0.6623214717862066,0.0005823123865675,nerve,immune,immune-nerve,nerve_to_immune,nerve_c22,tam,1.0,1.0,-0.0,False,0.221,21.0,0.6495,True,False
nerve_c10,immune_t_cell,HMGB1,CXCR4,2.1351774,0.0,4.5359015,0.7639200067308615,0.975994410699394,0.017716516,0.9512373,0.0652931670641767,0.0005855795909785,nerve,immune,immune-nerve,nerve_to_immune,nerve_c10,t_cell,0.8274,7.0,0.1908,False,0.114,24.0,0.7175,True,False
nerve_c6,immune_t_cell,HMGB1,CXCR4,2.1350026,0.0,4.535103,0.763755309850251,1.105813342215216,0.017713394,0.9512332,0.0653594083037345,0.0005888557505951,nerve,immune,immune-nerve,nerve_to_immune,nerve_c6,t_cell,0.2036,24.0,0.6567,True,0.114,24.0,0.7175,True,True
nerve_c1,immune_dendritic,SPP1,CD44,2.3315673,0.0,3.3984106,0.4100774185264682,-0.1855486836244589,0.010392686,0.944088,1.0,0.0005921409991154,nerve,immune,immune-nerve,nerve_to_immune,nerve_c1,dendritic,0.1941,18.0,0.5886,True,0.1168,23.0,0.7139,True,True
nerve_c9,malignant,NCAM1,PTPRZ1,2.1334026,0.0,4.384121,1.2612987718035815,2.575297518322915,0.04294792,0.9504419,0.0277534388496347,0.0005987388971779,nerve,tumor,nerve-tumor,nerve_to_tumor,nerve_c9,,0.4802,7.0,0.3212,True,,,,,True
immune_microglia,nerve_c5,APOE,SORL1,2.364884,0.0,3.3825378,0.5180926163138733,1.7086659227982164,0.034662887,0.9439643,0.0584463858624115,0.0005987388971779,immune,nerve,immune-nerve,immune_to_nerve,nerve_c5,microglia,0.5076,15.0,0.4523,False,0.0584,28.0,0.8514,True,False
malignant,nerve_c6,TIMP1,CD63,2.1328163,0.0,3.603468,0.6687802562205678,1.033695790733081,0.014313028,0.9456144,0.1491176903275523,0.0006087038348332,tumor,nerve,nerve-tumor,tumor_to_nerve,nerve_c6,,0.2036,24.0,0.6567,True,,,,,True
immune_microglia,nerve_c20,IL18,IL1RAPL1,2.3712952,0.0,3.37242,2.3932068768039847,3.026578861245286,0.045004014,0.943885,0.0056777186218809,0.0006087038348332,immune,nerve,immune-nerve,immune_to_nerve,nerve_c20,microglia,0.7889,9.0,0.1802,False,0.0584,28.0,0.8514,True,False
immune_dendritic,nerve_c10,LTBP3,ITGB5,0.08421497,1.0,0.0069266385,-0.1728988867353137,-0.2620088574613664,0.006641956,0.43256244,1.0,0.0006116623844873,immune,nerve,immune-nerve,immune_to_nerve,nerve_c10,dendritic,0.8274,7.0,0.1908,False,0.1168,23.0,0.7139,True,False
nerve_neuron,immune_tam,APP,CD74,2.130337,0.0,4.129605,0.5985956989635471,0.1817492933966353,0.0075118737,0.9490142,0.9795270881529168,0.0006120437462113,nerve,immune,immune-nerve,nerve_to_immune,nerve_neuron,tam,0.5032,7.0,0.4667,False,0.221,21.0,0.6495,True,False
nerve_c0,immune_microglia,COPA,CD74,2.3543282,0.0,3.3462687,0.7277333673793207,1.985565604017696,0.014119059,0.9436785,0.1564772593446068,0.0006221177217945,nerve,immune,immune-nerve,nerve_to_immune,nerve_c0,microglia,0.1812,15.0,0.5697,True,0.0584,28.0,0.8514,True,True
malignant,immune_nk_cell,B2M,KLRD1,2.1294465,0.0,4.5300183,2.45160711009267,0.6656812935130834,0.02679164,0.9512072,0.0584463858624115,0.0006254938378224,tumor,immune,immune-tumor,tumor_to_immune,,nk_cell,,,,,0.1807,21.0,0.6809,True,True
immune_tam,nerve_c13,TIMP1,CD63,2.1269937,0.0,4.082407,0.763940737734655,1.303405769816257,0.019088628,0.9487354,0.0584463858624115,0.0006356768301186,immune,nerve,immune-nerve,immune_to_nerve,nerve_c13,tam,0.3452,18.0,0.5887,True,0.221,21.0,0.6495,True,True
immune_nk_cell,nerve_c21,HLA-A,APLP2,2.1971107,0.0,3.3291428,0.6014118138712695,1.273308670507421,0.027162075,0.943542,0.0584463858624115,0.0006390894216706,immune,nerve,immune-nerve,immune_to_nerve,nerve_c21,nk_cell,1.0,1.0,-0.0,False,0.1807,21.0,0.6809,True,False
nerve_c18,immune_t_cell,SPP1,CD44,2.1242235,0.0,3.9424262,0.4436527797158829,-0.061949176882579,0.01205634,0.9478803,0.7471022966697054,0.0006528301915235,nerve,immune,immune-nerve,nerve_to_immune,nerve_c18,t_cell,0.5575,4.0,0.2111,False,0.114,24.0,0.7175,True,False
nerve_c13,immune_microglia,COPA,CD74,2.3507144,0.0,3.3185413,0.7221445189616342,2.048407874774636,0.014002068,0.94345695,0.160598674660845,0.0006562880522915,nerve,immune,immune-nerve,nerve_to_immune,nerve_c13,microglia,0.3452,18.0,0.5887,True,0.0584,28.0,0.8514,True,True
immune_nk_cell,nerve_c0,CALM1,PDE1C,2.1233547,0.0,4.489298,2.437738914317113,1.9127978907604817,0.023435328,0.95099723,0.0088149705327494,0.0006597551362975,immune,nerve,immune-nerve,immune_to_nerve,nerve_c0,nk_cell,0.1812,15.0,0.5697,True,0.1807,21.0,0.6809,True,True
nerve_c16,immune_t_cell,MIF,CD74_CXCR4,2.1221564,0.0,4.500884,0.5140725759944252,-0.0491014769346882,0.016724942,0.95105726,0.6247388897989551,0.0006632311580828,nerve,immune,immune-nerve,nerve_to_immune,nerve_c16,t_cell,0.2917,16.0,0.4833,True,0.114,24.0,0.7175,True,True
immune_t_cell,nerve_c21,HLA-A,APLP2,2.1834102,0.0,3.3024783,0.5907283011034483,1.4124317046097792,0.026944524,0.9433274,0.0584463858624115,0.0006737138441284,immune,nerve,immune-nerve,immune_to_nerve,nerve_c21,t_cell,1.0,1.0,-0.0,False,0.114,24.0,0.7175,True,False
nerve_c6,immune_nk_cell,SPP1,CD44,2.1328301,0.0,3.2990837,0.3462036449288563,-0.3318008587914586,0.010088935,0.9432999,1.0,0.0006772263271243,nerve,immune,immune-nerve,nerve_to_immune,nerve_c6,nk_cell,0.2036,24.0,0.6567,True,0.1807,21.0,0.6809,True,True
immune_tam,nerve_c5,PSAP,SORT1,2.1202807,0.0,4.42459,1.5525501558277426,1.2722604179568473,0.02221945,0.95065784,0.0584463858624115,0.0006807477439403,immune,nerve,immune-nerve,immune_to_nerve,nerve_c5,tam,0.5076,15.0,0.4523,False,0.221,21.0,0.6495,True,False
nerve_c1,immune_t_cell,MIF,CD74_CXCR4,2.1197731,0.0,4.4910145,0.5119066590762112,-0.0256477879156307,0.016688269,0.9510061,0.6278505696290836,0.0006842782383572,nerve,immune,immune-nerve,nerve_to_immune,nerve_c1,t_cell,0.1941,18.0,0.5886,True,0.114,24.0,0.7175,True,True
nerve_c10,immune_dendritic,SPP1,CD44,2.268631,0.0,3.2846148,0.3797932379308851,-0.3027475466999955,0.010044687,0.94318223,1.0,0.0006949244759047,nerve,immune,immune-nerve,nerve_to_immune,nerve_c10,dendritic,0.8274,7.0,0.1908,False,0.1168,23.0,0.7139,True,False
nerve_c7,immune_microglia,COPA,CD74,2.345877,0.0,3.2814238,0.7146627141925384,2.050327283061362,0.013845456,0.9431562,0.1672342185779165,0.0006984912772856,nerve,immune,immune-nerve,nerve_to_immune,nerve_c7,microglia,0.17,15.0,0.5776,True,0.0584,28.0,0.8514,True,True
immune_microglia,nerve_c5,PSAP,SORT1,2.1177578,0.0,4.4152355,1.5505547802278783,2.048875485278357,0.022172473,0.95060813,0.0584463858624115,0.00070565225371,immune,nerve,immune-nerve,immune_to_nerve,nerve_c5,microglia,0.5076,15.0,0.4523,False,0.0584,28.0,0.8514,True,False
nerve_c2,immune_t_cell,APP,CD74,2.1167755,0.0,4.4786015,0.8027677947954308,0.1171266973762006,0.00814671,0.9509416,0.8154475807773837,0.0007092462807317,nerve,immune,immune-nerve,nerve_to_immune,nerve_c2,t_cell,0.4082,17.0,0.533,True,0.114,24.0,0.7175,True,True
immune_microglia,nerve_c20,APOE,SORL1,2.350746,0.0,3.2736316,0.5018764515384391,1.8295341364819409,0.033546858,0.94309247,0.0584463858624115,0.0007092462807317,immune,nerve,immune-nerve,immune_to_nerve,nerve_c20,microglia,0.7889,9.0,0.1802,False,0.0584,28.0,0.8514,True,False
nerve_c15,immune_dendritic,SPP1,CD44,2.2585695,0.0,3.2664227,0.374951277901537,-0.2438393604346237,0.009989053,0.9430332,1.0,0.0007273528208393,nerve,immune,immune-nerve,nerve_to_immune,nerve_c15,dendritic,0.2441,11.0,0.4778,True,0.1168,23.0,0.7139,True,True
nerve_c16,immune_nk_cell,SPP1,CD44,2.112055,0.0,3.2569168,0.3362062193069709,-0.3692975676468245,0.009959984,0.9429549,1.0,0.0007346589771218,nerve,immune,immune-nerve,nerve_to_immune,nerve_c16,nk_cell,0.2917,16.0,0.4833,True,0.1807,21.0,0.6809,True,True
nerve_c18,malignant,MDK,PTPRZ1,2.111344,0.0,4.2719574,1.5557708307898264,3.481671214334159,0.27158573,0.9498279,0.0002508190661098,0.0007346589771218,nerve,tumor,nerve-tumor,nerve_to_tumor,nerve_c18,,0.5575,4.0,0.2111,False,,,,,False
malignant,nerve_neuron,NRXN1,NLGN1,2.1098747,0.0,3.3243084,1.4986001724553613,2.8039880176514975,0.11076013,0.94350326,0.0028018278849496,0.0007401622943894,tumor,nerve,nerve-tumor,tumor_to_nerve,nerve_neuron,,0.5032,7.0,0.4667,False,,,,,False
nerve_neuron,malignant,NLGN1,NRXN1,2.1098747,0.0,3.3243084,1.4986001724553613,2.8039880176514975,0.11076013,0.94350326,0.0028018278849496,0.0007401622943894,nerve,tumor,nerve-tumor,nerve_to_tumor,nerve_neuron,,0.5032,7.0,0.4667,False,,,,,False
nerve_c15,malignant,PTN,PTPRZ1,2.105359,0.0,4.2415247,0.8232495088648624,1.8797422878521035,0.053423714,0.9496573,0.0584463858624115,0.0007679854500752,nerve,tumor,nerve-tumor,nerve_to_tumor,nerve_c15,,0.2441,11.0,0.4778,True,,,,,True
nerve_c13,immune_tam,SPP1,CD44,2.1042056,0.0,4.387613,0.5872744685043794,-0.1725953641449231,0.013417767,0.9504606,1.0,0.0007754911410743,nerve,immune,immune-nerve,nerve_to_immune,nerve_c13,tam,0.3452,18.0,0.5887,True,0.221,21.0,0.6495,True,True
malignant,nerve_c22,PTN,PTPRS,2.1031613,0.0,4.3475475,1.927421047484903,3.186874414122858,0.13517104,0.9502442,0.0005453436525319,0.0007830329450436,tumor,nerve,nerve-tumor,tumor_to_nerve,nerve_c22,,1.0,1.0,-0.0,False,,,,,False
immune_microglia,nerve_c7,IL18,IL1RAPL1,2.266117,0.0,3.1891813,2.269737202928328,2.8538564804556645,0.04255874,0.94238704,0.0085129957887875,0.0007868176018176,immune,nerve,immune-nerve,immune_to_nerve,nerve_c7,microglia,0.17,15.0,0.5776,True,0.0584,28.0,0.8514,True,True
nerve_c10,malignant,PTN,PTPRZ1,2.10202,0.0,4.2245464,0.8208328828125656,1.6579618265890113,0.053209856,0.94956136,0.0584463858624115,0.0007906111686646,nerve,tumor,nerve-tumor,nerve_to_tumor,nerve_c10,,0.8274,7.0,0.1908,False,,,,,False
nerve_c2,immune_dendritic,SPP1,CD44,2.2033896,0.0,3.1666515,0.3483989502359986,-0.3754480343953833,0.009683943,0.9421943,1.0,0.0007982256539454,nerve,immune,immune-nerve,nerve_to_immune,nerve_c2,dendritic,0.4082,17.0,0.533,True,0.1168,23.0,0.7139,True,True
immune_microglia,nerve_c16,SPP1,CD44,2.4235754,0.0,3.1590817,0.4176279481165086,1.9842472965821676,0.051319238,0.942129,0.0607799816625852,0.0008097152861547,immune,nerve,immune-nerve,immune_to_nerve,nerve_c16,microglia,0.2917,16.0,0.4833,True,0.0584,28.0,0.8514,True,True
nerve_c6,immune_tam,HLA-A,APLP2,2.0995946,0.0,4.1225543,0.6329453465608148,0.6127353691319419,0.032738887,0.9489729,0.0584463858624115,0.0008097152861547,nerve,immune,immune-nerve,nerve_to_immune,nerve_c6,tam,0.2036,24.0,0.6567,True,0.221,21.0,0.6495,True,True
malignant,nerve_c10,HEBP1,GRM7,0.08687362,0.899,0.007158414,-0.0004536231972889,-0.0966475163461431,0.0031694807,0.4366062,1.0,0.0008155313688496,tumor,nerve,nerve-tumor,tumor_to_nerve,nerve_c10,,0.8274,7.0,0.1908,False,,,,,False
immune_tam,nerve_c20,TIMP1,FGFR2,2.0979118,0.0,3.9200363,2.5080939171149197,2.5792409678744153,0.024946973,0.94773936,0.0037045469633001,0.0008212864871424,immune,nerve,immune-nerve,immune_to_nerve,nerve_c20,tam,0.7889,9.0,0.1802,False,0.221,21.0,0.6495,True,False
nerve_c5,immune_dendritic,SPP1,CD44,2.180486,0.0,3.1252394,0.3373784261943872,-0.4172927357564585,0.009557301,0.94183475,1.0,0.0008329392456055,nerve,immune,immune-nerve,nerve_to_immune,nerve_c5,dendritic,0.5076,15.0,0.4523,False,0.1168,23.0,0.7139,True,False
malignant,nerve_c22,PTN,PTPRZ1,2.0947008,0.0,4.3073025,0.8236484491062634,2.037928274173524,0.1267358,0.9500239,0.0048421079197968,0.0008368417274256,tumor,nerve,nerve-tumor,tumor_to_nerve,nerve_c22,,1.0,1.0,-0.0,False,,,,,False
nerve_c12,immune_microglia,APP,CD74,2.3238177,0.0,3.1121657,0.4832731738915151,1.667951542093851,0.005661122,0.94171983,0.4970848874510563,0.0008446735502408,nerve,immune,immune-nerve,nerve_to_immune,nerve_c12,microglia,0.4368,7.0,0.335,True,0.0584,28.0,0.8514,True,True
nerve_c17,malignant,PTN,PTPRZ1,2.0909145,0.0,4.168077,0.8127930920976036,2.0979389431018207,0.052498605,0.9492381,0.0584463858624115,0.0008604462283785,nerve,tumor,nerve-tumor,nerve_to_tumor,nerve_c17,,0.712,4.0,0.1815,False,,,,,False
malignant,nerve_c18,TIMP1,CD63,2.0906026,0.0,3.5054917,0.6351686062274148,0.9896014739790346,0.013923864,0.94490117,0.1637097717163648,0.0008683869163988,tumor,nerve,nerve-tumor,tumor_to_nerve,nerve_c18,,0.5575,4.0,0.2111,False,,,,,False
nerve_c2,malignant,NCAM1,PTPRZ1,2.0887258,0.0,4.156948,1.2105260560739357,2.500170082153625,0.040722474,0.9491736,0.0351788648460651,0.0008843768085246,nerve,tumor,nerve-tumor,nerve_to_tumor,nerve_c2,,0.4082,17.0,0.533,True,,,,,True
immune_microglia,nerve_c7,APOE,ABCA1,2.3252497,0.0,3.0772324,0.5220010335563978,2.048831724713671,0.0260654,0.94140923,0.0584463858624115,0.0008924261702594,immune,nerve,immune-nerve,immune_to_nerve,nerve_c7,microglia,0.17,15.0,0.5776,True,0.0584,28.0,0.8514,True,True
immune_tam,nerve_c20,CALM1,PDE1C,2.0873985,0.0,4.099779,2.5956199381568066,1.7347952884862308,0.021401936,0.9488386,0.0195899114042117,0.0008964643500374,immune,nerve,immune-nerve,immune_to_nerve,nerve_c20,tam,0.7889,9.0,0.1802,False,0.221,21.0,0.6495,True,False
immune_tam,nerve_c21,TIMP1,CD63,2.0819817,0.0,3.8310952,0.7280998751997226,1.5960377674769024,0.017913539,0.9471681,0.0625081208151773,0.0009414824634368,immune,nerve,immune-nerve,immune_to_nerve,nerve_c21,tam,1.0,1.0,-0.0,False,0.221,21.0,0.6495,True,False
nerve_c1,immune_t_cell,HMGB1,CXCR4,2.0814257,0.0,4.2900305,0.7129234583252788,1.074137529586944,0.016756183,0.9499284,0.0821235848589361,0.0009456294326025,nerve,immune,immune-nerve,nerve_to_immune,nerve_c1,t_cell,0.1941,18.0,0.5886,True,0.114,24.0,0.7175,True,True
immune_microglia,nerve_c3,APOE,SORL1,2.3180144,0.0,3.0214982,0.4643338484051095,1.731726424137911,0.030963099,0.9409031,0.0584463858624115,0.0009497852802025,immune,nerve,immune-nerve,immune_to_nerve,nerve_c3,microglia,0.1893,16.0,0.5434,True,0.0584,28.0,0.8514,True,True
nerve_c6,malignant,PTN,PTPRZ1,2.0801568,0.0,4.113375,0.8050053805282935,1.764990934822281,0.051809613,0.9489189,0.0584463858624115,0.0009581242916458,nerve,tumor,nerve-tumor,nerve_to_tumor,nerve_c6,,0.2036,24.0,0.6567,True,,,,,True
immune_microglia,nerve_c4,APOE,ABCA1,2.3167393,0.0,3.0116758,0.5119446557103834,1.832384324226395,0.02551011,0.9408125,0.0584463858624115,0.000974910711912,immune,nerve,immune-nerve,immune_to_nerve,nerve_c4,microglia,0.1779,16.0,0.5438,True,0.0584,28.0,0.8514,True,True
nerve_c2,immune_dendritic,COPA,CD74,2.50373,0.0,3.010756,0.7133658802703778,0.9498637125130562,0.012703416,0.94080406,0.225260717273796,0.0009791300631761,nerve,immune,immune-nerve,nerve_to_immune,nerve_c2,dendritic,0.4082,17.0,0.533,True,0.1168,23.0,0.7139,True,True
nerve_c18,immune_dendritic,HMGB1,CXCR4,2.0744574,0.0,4.2116623,0.7376138254178519,0.8272938149776805,0.016450088,0.9494881,0.0883071251412744,0.0010046354209948,nerve,immune,immune-nerve,nerve_to_immune,nerve_c18,dendritic,0.5575,4.0,0.2111,False,0.1168,23.0,0.7139,True,False
nerve_c5,malignant,NCAM1,PTPRZ1,2.073748,0.0,4.080789,1.1935048763875609,2.407631229109967,0.039976403,0.94872576,0.0378905021763042,0.0010089179085239,nerve,tumor,nerve-tumor,nerve_to_tumor,nerve_c5,,0.5076,15.0,0.4523,False,,,,,False
nerve_c10,immune_microglia,JAG1,NOTCH1,0.08633278,1.0,0.007233785,-0.1418375859916747,-0.2694626892333569,0.005048758,0.43789488,1.0,0.0010193910495253,nerve,immune,immune-nerve,nerve_to_immune,nerve_c10,microglia,0.8274,7.0,0.1908,False,0.0584,28.0,0.8514,True,False
nerve_c6,immune_dendritic,SPP1,CD44,2.0774322,0.0,2.9389067,0.2877896936857921,-0.4396055937741282,0.008987477,0.94012785,1.0,0.0010348032456044,nerve,immune,immune-nerve,nerve_to_immune,nerve_c6,dendritic,0.2036,24.0,0.6567,True,0.1168,23.0,0.7139,True,True
immune_tam,nerve_c2,TIMP1,FGFR2,2.0723307,0.0,3.7772124,2.4452588629143044,2.5236600644535163,0.024038047,0.9468126,0.0048118515640607,0.0010348032456044,immune,nerve,immune-nerve,immune_to_nerve,nerve_c2,tam,0.4082,17.0,0.533,True,0.221,21.0,0.6495,True,True
immune_tam,nerve_c2,PSAP,GPR37,2.0719151,0.0,4.193718,2.842839951112971,1.5877512447280635,0.031775095,0.94938564,0.0361601489961542,0.0010435038389317,immune,nerve,immune-nerve,immune_to_nerve,nerve_c2,tam,0.4082,17.0,0.533,True,0.221,21.0,0.6495,True,True
nerve_c2,malignant,PTN,PTPRZ1,2.0718582,0.0,4.0711784,0.7989973387419304,1.7185400327697784,0.05127813,0.94866836,0.0584463858624115,0.0010478678740128,nerve,tumor,nerve-tumor,nerve_to_tumor,nerve_c2,,0.4082,17.0,0.533,True,,,,,True
nerve_c17,immune_nk_cell,HMGB1,CXCR4,2.0693989,0.0,4.277265,0.7190899250120081,1.1082006838855945,0.016706321,0.9498575,0.0831705812993044,0.0010566228816737,nerve,immune,immune-nerve,nerve_to_immune,nerve_c17,nk_cell,0.712,4.0,0.1815,False,0.1807,21.0,0.6809,True,False
immune_microglia,nerve_c2,PSAP,GPR37,2.0693922,0.0,4.1848516,2.840844575513107,2.3643663120495733,0.031707916,0.9493348,0.0008136079667832,0.0010610138526731,immune,nerve,immune-nerve,immune_to_nerve,nerve_c2,microglia,0.4082,17.0,0.533,True,0.0584,28.0,0.8514,True,True
immune_microglia,nerve_c7,APOE,SORL1,2.3044465,0.0,2.9169822,0.4487715043983139,1.8116150843853052,0.02989206,0.9399168,0.0584463858624115,0.0010610138526731,immune,nerve,immune-nerve,immune_to_nerve,nerve_c7,microglia,0.17,15.0,0.5776,True,0.0584,28.0,0.8514,True,True
immune_nk_cell,nerve_c18,HLA-A,APLP2,2.1341424,0.0,2.8983014,0.5294738842016457,0.7234793379026698,0.023646891,0.9397351,0.0584463858624115,0.0011009397771343,immune,nerve,immune-nerve,immune_to_nerve,nerve_c18,nk_cell,0.5575,4.0,0.2111,False,0.1807,21.0,0.6809,True,False
nerve_c16,immune_tam,APP,CD74,2.0655537,0.0,3.7707498,0.525035013528828,0.1379575877463491,0.006859106,0.9467694,1.0,0.0011054212889485,nerve,immune,immune-nerve,nerve_to_immune,nerve_c16,tam,0.2917,16.0,0.4833,True,0.221,21.0,0.6495,True,True
malignant,nerve_c16,TIMP1,CD63,2.0655513,0.0,3.447348,0.6152221216676681,1.001408858154033,0.013692918,0.94446415,0.1737971500398948,0.0011099116499557,tumor,nerve,nerve-tumor,tumor_to_nerve,nerve_c16,,0.2917,16.0,0.4833,True,,,,,True
immune_tam,malignant,VCAN,EGFR,2.0603561,0.0,3.9387999,1.5726663408169133,3.5777218130091724,0.098180056,0.94785756,0.0007249331683629,0.0011279637904067,immune,tumor,immune-tumor,immune_to_tumor,,tam,,,,,0.221,21.0,0.6495,True,True
nerve_c5,immune_nk_cell,HMGB1,CXCR4,2.0603538,0.0,4.2411275,0.7105090385897542,0.7903767995585553,0.016565174,0.94965506,0.0855781141845778,0.0011324993120126,nerve,immune,immune-nerve,nerve_to_immune,nerve_c5,nk_cell,0.5076,15.0,0.4523,False,0.1807,21.0,0.6809,True,False
immune_t_cell,nerve_c18,HLA-A,APLP2,2.120442,0.0,2.8750877,0.5187903714338244,0.862602372005028,0.023457494,0.939507,0.0584463858624115,0.0011324993120126,immune,nerve,immune-nerve,immune_to_nerve,nerve_c18,t_cell,0.5575,4.0,0.2111,False,0.114,24.0,0.7175,True,False
nerve_c16,immune_dendritic,SPP1,CD44,2.056657,0.0,2.9013433,0.2777922680639067,-0.4771023026294941,0.008872604,0.9397648,1.0,0.0011415976343273,nerve,immune,immune-nerve,nerve_to_immune,nerve_c16,dendritic,0.2917,16.0,0.4833,True,0.1168,23.0,0.7139,True,True
immune_microglia,nerve_c6,APOE,ABCA1,2.2968628,0.0,2.8585663,0.4884572803163354,1.8393157970297267,0.02421321,0.93934304,0.0584463858624115,0.0011507318895213,immune,nerve,immune-nerve,immune_to_nerve,nerve_c6,microglia,0.2036,24.0,0.6567,True,0.0584,28.0,0.8514,True,True
malignant,nerve_c4,NCAM1,NCAM2,2.0558515,0.0,3.344981,2.054706547704186,2.534819509277713,0.064009815,0.94366825,0.0028366725449398,0.0011553127493781,tumor,nerve,nerve-tumor,tumor_to_nerve,nerve_c4,,0.1779,16.0,0.5438,True,,,,,True
immune_microglia,nerve_c0,APOE,LRP6,2.2964742,0.0,2.8555722,1.0297988412825705,2.284790620822766,0.037116613,0.9393132,0.050745262988185,0.0011599024497391,immune,nerve,immune-nerve,immune_to_nerve,nerve_c0,microglia,0.1812,15.0,0.5697,True,0.0584,28.0,0.8514,True,True
immune_microglia,nerve_c13,APOE,LRP2,2.29184,0.0,2.819876,1.811528287023664,2.565695387117376,0.023739789,0.93895364,0.0336446273830882,0.001192283692899,immune,nerve,immune-nerve,immune_to_nerve,nerve_c13,microglia,0.3452,18.0,0.5887,True,0.0584,28.0,0.8514,True,True
nerve_c3,immune_t_cell,APP,CD74,2.0468478,0.0,4.1890244,0.7233644869510281,0.0678702767881751,0.00761996,0.94935876,0.9486056317296672,0.0011969456082809,nerve,immune,immune-nerve,nerve_to_immune,nerve_c3,t_cell,0.1893,16.0,0.5434,True,0.114,24.0,0.7175,True,True
nerve_c9,immune_nk_cell,HMGB1,CXCR4,2.045103,0.0,4.180196,0.696039071656314,0.7192464331970012,0.016327184,0.949308,0.091228468253835,0.0012062967057607,nerve,immune,immune-nerve,nerve_to_immune,nerve_c9,nk_cell,0.4802,7.0,0.3212,True,0.1807,21.0,0.6809,True,True
immune_tam,nerve_c22,TIMP1,FGFR2,2.0439024,0.0,3.6184916,2.375429315953565,2.636144661184359,0.023027953,0.9457212,0.0060267948440127,0.0012109856948217,immune,nerve,immune-nerve,immune_to_nerve,nerve_c22,tam,1.0,1.0,-0.0,False,0.221,21.0,0.6495,True,False
malignant,nerve_c20,CALM1,PDE1C,2.0427413,0.0,3.8680265,2.5549364428163215,1.9257985651341751,0.020387713,0.9474076,0.0082751067196318,0.0012156839007941,tumor,nerve,nerve-tumor,tumor_to_nerve,nerve_c20,,0.7889,9.0,0.1802,False,,,,,False
immune_tam,nerve_c15,TIMP1,FGFR2,2.0420203,0.0,3.6079838,2.3708061292232956,2.628285996793717,0.02296108,0.9456465,0.0061284011009307,0.0012203909370049,immune,nerve,immune-nerve,immune_to_nerve,nerve_c15,tam,0.2441,11.0,0.4778,True,0.221,21.0,0.6495,True,True
immune_microglia,nerve_c9,HGF,SDC2,0.08628379,0.998,0.0072380765,-0.00596642324324,-0.0388448162561982,0.026667673,0.43796784,1.0,0.0012232416231299,immune,nerve,immune-nerve,immune_to_nerve,nerve_c9,microglia,0.4802,7.0,0.3212,True,0.0584,28.0,0.8514,True,True
nerve_c18,immune_nk_cell,LGALS1,CD69,2.0409122,0.0,4.047352,1.0253781762430194,1.364235576801725,0.05985925,0.94852525,0.0242246343457455,0.001229832271718,nerve,immune,immune-nerve,nerve_to_immune,nerve_c18,nk_cell,0.5575,4.0,0.2111,False,0.1807,21.0,0.6809,True,False
nerve_c15,immune_nk_cell,APP,CD74,2.0396657,0.0,4.0723343,0.8180261142480532,0.0510143757190704,0.007407698,0.9486753,1.0,0.0012440618421858,nerve,immune,immune-nerve,nerve_to_immune,nerve_c15,nk_cell,0.2441,11.0,0.4778,True,0.1807,21.0,0.6809,True,True
immune_tam,nerve_c0,PSAP,SORT1,2.0389636,0.0,4.036423,1.4193797317449086,1.2745191068887365,0.020270148,0.9484592,0.0584463858624115,0.0012488230094283,immune,nerve,immune-nerve,immune_to_nerve,nerve_c0,tam,0.1812,15.0,0.5697,True,0.221,21.0,0.6495,True,True
nerve_c16,immune_tam,MIF,CD44_CD74,2.0389023,0.0,4.138933,1.2363903445576334,1.5479650716157956,0.03689369,0.9490688,0.0519620888754271,0.0012535933932002,nerve,immune,immune-nerve,nerve_to_immune,nerve_c16,tam,0.2917,16.0,0.4833,True,0.221,21.0,0.6495,True,True
nerve_c4,immune_t_cell,APP,CD74,2.0388927,0.0,4.156082,0.7143299556740068,-0.0019356418519534,0.007560037,0.9491686,0.9668442451261802,0.0012583726008945,nerve,immune,immune-nerve,nerve_to_immune,nerve_c4,t_cell,0.1779,16.0,0.5438,True,0.114,24.0,0.7175,True,True
nerve_c10,immune_nk_cell,APP,CD74,2.0374017,0.0,4.0644407,0.8154553181116864,-0.0920583991031125,0.0073933383,0.948628,1.0,0.0012631608280014,nerve,immune,immune-nerve,nerve_to_immune,nerve_c10,nk_cell,0.8274,7.0,0.1908,False,0.1807,21.0,0.6809,True,False
nerve_c15,malignant,NCAM1,PTPRZ1,2.0369365,0.0,3.8936088,1.151670855669921,2.4841272527303873,0.03814274,0.94757164,0.0458565531208388,0.0012679582714941,nerve,tumor,nerve-tumor,nerve_to_tumor,nerve_c15,,0.2441,11.0,0.4778,True,,,,,True
nerve_c1,immune_tam,MIF,CD44_CD74,2.036519,0.0,4.1298575,1.2342244276394194,1.571418760634853,0.03681279,0.9490157,0.0523790983686252,0.0012775798197446,nerve,immune,immune-nerve,nerve_to_immune,nerve_c1,tam,0.1941,18.0,0.5886,True,0.221,21.0,0.6495,True,True
immune_microglia,nerve_c15,SPP1,ITGAV_ITGB1,2.3759978,0.0,2.771687,0.4479212523291798,1.9479615256414056,0.02285134,0.9384578,0.0584463858624115,0.0012775798197446,immune,nerve,immune-nerve,immune_to_nerve,nerve_c15,microglia,0.2441,11.0,0.4778,True,0.0584,28.0,0.8514,True,True
immune_microglia,nerve_c0,PSAP,SORT1,2.0364404,0.0,4.0278893,1.4173843561450443,2.0511341742102456,0.020227294,0.9484075,0.0584463858624115,0.0012824043191904,immune,nerve,immune-nerve,immune_to_nerve,nerve_c0,microglia,0.1812,15.0,0.5697,True,0.0584,28.0,0.8514,True,True
nerve_c6,immune_t_cell,MIF,CD74_CXCR4,2.0362039,0.0,4.144947,0.4359419222916135,-0.1622488805204434,0.015402309,0.94910383,0.7671010876032951,0.0012872376378222,nerve,immune,immune-nerve,nerve_to_immune,nerve_c6,t_cell,0.2036,24.0,0.6567,True,0.114,24.0,0.7175,True,True
nerve_c22,immune_nk_cell,SPP1,CD44,2.0360854,0.053,3.102721,0.2996498928838982,-0.5658931139378737,0.009488436,0.9416363,1.0,0.0012920801726003,nerve,immune,immune-nerve,nerve_to_immune,nerve_c22,nk_cell,1.0,1.0,-0.0,False,0.1807,21.0,0.6809,True,False
immune_tam,nerve_c10,PSAP,SORT1,2.0354533,0.0,4.0196676,1.4136301951710424,1.12540621015484,0.020186007,0.94835746,0.0584463858624115,0.0012969315249859,immune,nerve,immune-nerve,immune_to_nerve,nerve_c10,tam,0.8274,7.0,0.1908,False,0.221,21.0,0.6495,True,False
nerve_c16,immune_tam,HLA-A,APLP2,2.0351422,0.0,3.9208124,0.5827267242573859,0.619441185853626,0.031136772,0.9477443,0.0584463858624115,0.0013017918934351,nerve,immune,immune-nerve,nerve_to_immune,nerve_c16,tam,0.2917,16.0,0.4833,True,0.221,21.0,0.6495,True,True
immune_tam,nerve_c13,TIMP1,FGFR2,2.0347013,0.0,3.5671208,2.3528298846707605,2.62258320566616,0.022701029,0.9453531,0.0064905587939803,0.0013066614778866,immune,nerve,immune-nerve,immune_to_nerve,nerve_c13,tam,0.3452,18.0,0.5887,True,0.221,21.0,0.6495,True,True
immune_tam,nerve_c18,TIMP1,FGFR2,2.0339298,0.0,3.5628135,2.3509338403246764,2.7779738342433467,0.022673618,0.94532186,0.0065080577682235,0.0013115398775777,immune,nerve,immune-nerve,immune_to_nerve,nerve_c18,tam,0.5575,4.0,0.2111,False,0.221,21.0,0.6495,True,False
nerve_c0,immune_t_cell,APP,CD74,2.0333953,0.0,4.133317,0.7080898807026696,0.0685294742781548,0.0075186263,0.94903594,0.9780137209758696,0.0013213239224335,nerve,immune,immune-nerve,nerve_to_immune,nerve_c0,t_cell,0.1812,15.0,0.5697,True,0.114,24.0,0.7175,True,True
immune_microglia,nerve_c10,PSAP,SORT1,2.0329304,0.0,4.0111694,1.4116348195711783,1.9020212774763496,0.020143328,0.9483056,0.0584463858624115,0.0013311440246536,immune,nerve,immune-nerve,immune_to_nerve,nerve_c10,microglia,0.8274,7.0,0.1908,False,0.0584,28.0,0.8514,True,False
nerve_c12,immune_dendritic,COPA,CD74,2.4727075,0.0,2.7434225,0.6653834146015443,0.9193107134258504,0.011575443,0.93816113,0.308520166974658,0.0013360674949382,nerve,immune,immune-nerve,nerve_to_immune,nerve_c12,dendritic,0.4368,7.0,0.335,True,0.1168,23.0,0.7139,True,True
malignant,immune_t_cell,HMGB1,CXCR4,2.0316186,0.0,4.062203,0.6656708929059607,1.230206889600483,0.014023726,0.9486146,0.1599493984563861,0.0013409999779375,tumor,immune,immune-tumor,tumor_to_immune,,t_cell,,,,,0.114,24.0,0.7175,True,True
immune_t_cell,nerve_c4,CALM1,PDE1C,2.028443,0.0,4.11093,2.182422119992458,1.7519865272893695,0.021460148,0.94890445,0.0180952595644475,0.0013558517030994,immune,nerve,immune-nerve,immune_to_nerve,nerve_c4,t_cell,0.1779,16.0,0.5438,True,0.114,24.0,0.7175,True,True
immune_microglia,nerve_c13,APOE,LRP4,2.2811794,0.0,2.7377546,1.0322798553743509,2.4001795299926574,0.043190118,0.9381011,0.0270402634801138,0.0013608204375744,immune,nerve,immune-nerve,immune_to_nerve,nerve_c13,microglia,0.3452,18.0,0.5887,True,0.0584,28.0,0.8514,True,True
nerve_c9,immune_nk_cell,APP,CD74,2.0242536,0.0,4.0186014,0.8005237520584545,-0.1115196055821183,0.0073099565,0.94835097,1.0,0.0013908212417596,nerve,immune,immune-nerve,nerve_to_immune,nerve_c9,nk_cell,0.4802,7.0,0.3212,True,0.1807,21.0,0.6809,True,True
nerve_neuron,immune_microglia,LRP1B,PLAUR,2.023694,0.0,3.2246666,1.4245411577466494,2.1912896393151513,0.039831877,0.9426867,0.0386293686386286,0.0013958528384724,nerve,immune,immune-nerve,nerve_to_immune,nerve_neuron,microglia,0.5032,7.0,0.4667,False,0.0584,28.0,0.8514,True,False
nerve_c9,immune_tam,JAG1,NOTCH1,0.09153244,1.0,0.0073760734,-0.130471206776765,-0.2098035405451989,0.0051480667,0.4402936,1.0,0.0014270828934665,nerve,immune,immune-nerve,nerve_to_immune,nerve_c9,tam,0.4802,7.0,0.3212,True,0.221,21.0,0.6495,True,True
nerve_c18,immune_tam,HLA-A,APLP2,2.0190253,0.0,3.8703651,0.5701685347712517,0.5378880351820028,0.030736148,0.94742274,0.0584463858624115,0.0014466650024528,nerve,immune,immune-nerve,nerve_to_immune,nerve_c18,tam,0.5575,4.0,0.2111,False,0.221,21.0,0.6495,True,False
immune_microglia,nerve_neuron,APOE,LRP6,2.2742505,0.0,2.684381,0.9801254004528166,2.2327353898660514,0.03489148,0.937527,0.0584463858624115,0.0014466650024528,immune,nerve,immune-nerve,immune_to_nerve,nerve_neuron,microglia,0.5032,7.0,0.4667,False,0.0584,28.0,0.8514,True,False
nerve_c2,immune_microglia,COPA,CD74,2.2675905,0.0,2.6807454,0.5935759929188676,1.8163145749734697,0.011310987,0.9374873,0.3319736423658407,0.0014569355365514,nerve,immune,immune-nerve,nerve_to_immune,nerve_c2,microglia,0.4082,17.0,0.533,True,0.0584,28.0,0.8514,True,True
nerve_c18,immune_t_cell,LGALS1,CD69,2.0145721,0.0,3.9217436,0.996279761788258,1.544563797780853,0.058001537,0.94775015,0.0282998740000261,0.0014724087531471,nerve,immune,immune-nerve,nerve_to_immune,nerve_c18,t_cell,0.5575,4.0,0.2111,False,0.114,24.0,0.7175,True,False
immune_dendritic,nerve_c6,TIMP1,CD63,2.0136776,0.0,2.8635795,0.5593314782935574,0.5916667596690093,0.013389602,0.9393929,0.1867712969172507,0.001477584424905,immune,nerve,immune-nerve,immune_to_nerve,nerve_c6,dendritic,0.2036,24.0,0.6567,True,0.1168,23.0,0.7139,True,True
nerve_c13,malignant,PTN,PTPRZ1,2.0111399,0.0,3.7624369,0.7550440110109934,1.7977654142281263,0.047389403,0.94671386,0.0584463858624115,0.0015193144472828,nerve,tumor,nerve-tumor,nerve_to_tumor,nerve_c13,,0.3452,18.0,0.5887,True,,,,,True
immune_microglia,nerve_c13,APOE,ABCA1,2.2689133,0.0,2.6432686,0.4554300306960415,1.8399728518726048,0.022389553,0.93707347,0.0584463858624115,0.0015616203366472,immune,nerve,immune-nerve,immune_to_nerve,nerve_c13,microglia,0.3452,18.0,0.5887,True,0.0584,28.0,0.8514,True,True
immune_tam,nerve_c2,S100A4,ERBB3,2.009693,0.0,3.062418,2.487295038084855,2.0294930094513215,0.02625466,0.941276,0.004796758250709,0.0015669491898124,immune,nerve,immune-nerve,immune_to_nerve,nerve_c2,tam,0.4082,17.0,0.533,True,0.221,21.0,0.6495,True,True
nerve_c5,immune_nk_cell,APP,CD74,2.0049589,0.0,3.9513335,0.778614941550949,-0.1158906913490452,0.0071875937,0.947936,1.0,0.0016153122404081,nerve,immune,immune-nerve,nerve_to_immune,nerve_c5,nk_cell,0.5076,15.0,0.4523,False,0.1807,21.0,0.6809,True,False
immune_tam,nerve_c15,PSAP,GPR37,2.0038319,0.0,3.8687236,2.6364857799066215,1.5446472112343892,0.029312668,0.94741213,0.0428209428659925,0.0016261585640736,immune,nerve,immune-nerve,immune_to_nerve,nerve_c15,tam,0.2441,11.0,0.4778,True,0.221,21.0,0.6495,True,True
malignant,nerve_c10,AGRN,MUSK,0.0936205,0.0,0.007406938,0.3615796134704824,0.1710678546669251,0.06415153,0.44080818,0.2627189916415763,0.0016309149262131,tumor,nerve,nerve-tumor,tumor_to_nerve,nerve_c10,,0.8274,7.0,0.1908,False,,,,,False
malignant,immune_tam,APP,CD74,2.003288,0.0,3.4258406,0.454342842393711,0.3500370689429213,0.0039442847,0.94429976,0.6701589279526966,0.001631595098742,tumor,immune,immune-tumor,tumor_to_immune,,tam,,,,,0.221,21.0,0.6495,True,True
nerve_c5,immune_tam,COPA,CD74,2.002411,0.0,3.4209821,0.7377729959752315,0.2095791921847121,0.0144343,0.94426244,0.2127490511446185,0.0016589130475472,nerve,immune,immune-nerve,nerve_to_immune,nerve_c5,tam,0.5076,15.0,0.4523,False,0.221,21.0,0.6495,True,False
immune_tam,nerve_c9,PSAP,SORT1,2.0023558,0.0,3.8616776,1.359426040403695,1.1237468451419688,0.01939261,0.9473667,0.0584463858624115,0.0016644037356826,immune,nerve,immune-nerve,immune_to_nerve,nerve_c9,tam,0.4802,7.0,0.3212,True,0.221,21.0,0.6495,True,True
nerve_c1,malignant,PTN,PTPRZ1,2.0018752,0.0,3.7153282,0.7483370101979068,1.721493431063017,0.04679605,0.94639516,0.0584463858624115,0.0016699031846407,nerve,tumor,nerve-tumor,nerve_to_tumor,nerve_c1,,0.1941,18.0,0.5886,True,,,,,True
nerve_c12,malignant,PTN,PTPRZ1,2.0015137,0.0,3.7134905,0.7480755038237973,1.770460398899894,0.046772905,0.9463825,0.0584463858624115,0.0016809292669031,nerve,tumor,nerve-tumor,nerve_to_tumor,nerve_c12,,0.4368,7.0,0.335,True,,,,,True
immune_dendritic,nerve_c20,CALM1,PDE1C,2.001473,0.0,3.6538594,2.517338993640155,1.590944523718447,0.019074116,0.9459704,0.0356025706350868,0.0016864556727432,immune,nerve,immune-nerve,immune_to_nerve,nerve_c20,dendritic,0.7889,9.0,0.1802,False,0.1168,23.0,0.7139,True,False
immune_microglia,nerve_c15,PSAP,GPR37,2.001309,0.0,3.8605444,2.6344904043067574,2.3212622785558983,0.029250696,0.9473594,0.0023215579479617,0.0016919910632503,immune,nerve,immune-nerve,immune_to_nerve,nerve_c15,microglia,0.2441,11.0,0.4778,True,0.0584,28.0,0.8514,True,True
nerve_c17,immune_tam,APP,CD74,2.0002418,0.0,3.4089663,0.450873674045009,0.2566965282477903,0.006201011,0.94416976,0.9625909524247588,0.0017086515962732,nerve,immune,immune-nerve,nerve_to_immune,nerve_c17,tam,0.712,4.0,0.1815,False,0.221,21.0,0.6495,True,False
immune_microglia,nerve_c9,PSAP,SORT1,1.9998329,0.0,3.853513,1.357430664803831,1.900361912463478,0.019351609,0.9473139,0.0584463858624115,0.001725392750709,immune,nerve,immune-nerve,immune_to_nerve,nerve_c9,microglia,0.4802,7.0,0.3212,True,0.0584,28.0,0.8514,True,True
nerve_c2,immune_nk_cell,HMGB1,CXCR4,1.9985704,0.0,3.9942832,0.65189162932209,0.7527150511059777,0.015601039,0.94820213,0.1080920906850604,0.0017365982771517,nerve,immune,immune-nerve,nerve_to_immune,nerve_c2,nk_cell,0.4082,17.0,0.533,True,0.1807,21.0,0.6809,True,True
immune_tam,nerve_c17,HBEGF,CD9,1.9981871,0.0,3.226996,1.7781073407625363,2.295067319488084,0.055403873,0.94270617,0.0068547402838247,0.0017422147429897,immune,nerve,immune-nerve,immune_to_nerve,nerve_c17,tam,0.712,4.0,0.1815,False,0.221,21.0,0.6495,True,False
nerve_c4,immune_tam,COPA,CD74,1.9970479,0.0,3.3912742,0.7294773812679812,0.2374004774564516,0.014308953,0.9440325,0.1822970716747903,0.0017534743861079,nerve,immune,immune-nerve,nerve_to_immune,nerve_c4,tam,0.1779,16.0,0.5438,True,0.221,21.0,0.6495,True,True
immune_tam,nerve_c2,PSAP,SORT1,1.996489,0.0,3.833672,1.3498180927919108,1.1903280347361196,0.01925197,0.9471849,0.0584463858624115,0.0017647697167417,immune,nerve,immune-nerve,immune_to_nerve,nerve_c2,tam,0.4082,17.0,0.533,True,0.221,21.0,0.6495,True,True
immune_microglia,nerve_c2,PSAP,SORT1,1.9939659,0.0,3.8255668,1.3478227171920467,1.966943102057629,0.019211268,0.94713193,0.0584463858624115,0.0017761011958737,immune,nerve,immune-nerve,immune_to_nerve,nerve_c2,microglia,0.4082,17.0,0.533,True,0.0584,28.0,0.8514,True,True
nerve_neuron,malignant,NRXN1,NLGN1,1.9932755,0.0,3.4516919,1.5320272311315497,2.53349367609277,0.21212332,0.94449717,0.0007369589678331,0.001784623432,nerve,tumor,nerve-tumor,nerve_to_tumor,nerve_neuron,,0.5032,7.0,0.4667,False,,,,,False
malignant,nerve_neuron,NLGN1,NRXN1,1.9932755,0.0,3.4516919,1.5320272311315497,2.53349367609277,0.21212332,0.94449717,0.0007369589678331,0.001784623432,tumor,nerve,nerve-tumor,tumor_to_nerve,nerve_neuron,,0.5032,7.0,0.4667,False,,,,,False
nerve_c1,immune_dendritic,COPA,CD74,2.453132,0.0,2.5747325,0.6351053969181096,0.9429227798050912,0.010863682,0.9362945,0.374514035031451,0.0017874685883581,nerve,immune,immune-nerve,nerve_to_immune,nerve_c1,dendritic,0.1941,18.0,0.5886,True,0.1168,23.0,0.7139,True,True
immune_nk_cell,malignant,HLA-A,APLP2,2.0865822,0.0,2.5728848,0.475137331280855,0.4822034717370812,0.007860028,0.93627304,0.4970848874510563,0.0017931656338707,immune,tumor,immune-tumor,immune_to_tumor,,nk_cell,,,,,0.1807,21.0,0.6809,True,True
nerve_c21,immune_tam,VIM,CD44,1.9928359,0.0,3.9635093,0.7239200104580474,0.7824912424073773,0.03811936,0.9480119,0.0584463858624115,0.0017988718908458,nerve,immune,immune-nerve,nerve_to_immune,nerve_c21,tam,1.0,1.0,-0.0,False,0.221,21.0,0.6495,True,False
nerve_c6,immune_dendritic,COPA,CD74,2.4523802,0.0,2.5682535,0.6339422311628602,0.8821471434339416,0.010836345,0.9362193,0.3772826753805594,0.0018103108645004,nerve,immune,immune-nerve,nerve_to_immune,nerve_c6,dendritic,0.2036,24.0,0.6567,True,0.1168,23.0,0.7139,True,True
malignant,nerve_c22,NRXN1,NLGN1,1.9920774,0.0,3.0773702,1.3950172203585374,2.467982030094769,0.10253259,0.9414105,0.004364836842448,0.0018189138915406,tumor,nerve,nerve-tumor,tumor_to_nerve,nerve_c22,,1.0,1.0,-0.0,False,,,,,False
nerve_c22,malignant,NLGN1,NRXN1,1.9920774,0.0,3.0773702,1.3950172203585374,2.467982030094769,0.10253259,0.9414105,0.004364836842448,0.0018189138915406,nerve,tumor,nerve-tumor,nerve_to_tumor,nerve_c22,,1.0,1.0,-0.0,False,,,,,False
immune_microglia,nerve_c10,APOE,LRP6,2.2579448,0.0,2.5587769,0.9436808193389968,2.1510360238773045,0.03325888,0.9361088,0.0584463858624115,0.0018332969878743,immune,nerve,immune-nerve,immune_to_nerve,nerve_c10,microglia,0.8274,7.0,0.1908,False,0.0584,28.0,0.8514,True,False
immune_microglia,nerve_c10,LTBP3,ITGB5,0.08779219,1.0,0.007437103,-0.1653366311657311,-0.33071650971411,0.00713144,0.44130915,1.0,0.0018347375906653,immune,nerve,immune-nerve,immune_to_nerve,nerve_c10,microglia,0.8274,7.0,0.1908,False,0.0584,28.0,0.8514,True,False
nerve_c10,immune_nk_cell,HMGB1,CXCR4,1.9904567,0.0,3.961866,0.6441927500353292,0.6478853480070326,0.015474423,0.9480016,0.1117866923170682,0.001844843896146,nerve,immune,immune-nerve,nerve_to_immune,nerve_c10,nk_cell,0.8274,7.0,0.1908,False,0.1807,21.0,0.6809,True,False
nerve_c6,immune_nk_cell,HMGB1,CXCR4,1.990282,0.0,3.961168,0.6440280531547187,0.7777042795228546,0.015471696,0.94799733,0.1118362541395469,0.001856426459237,nerve,immune,immune-nerve,nerve_to_immune,nerve_c6,nk_cell,0.2036,24.0,0.6567,True,0.1807,21.0,0.6809,True,True
immune_t_cell,malignant,HLA-A,APLP2,2.0728817,0.0,2.5522776,0.4644538185130338,0.6213265058394394,0.0077970736,0.9360328,0.4970848874510563,0.001856426459237,immune,tumor,immune-tumor,immune_to_tumor,,t_cell,,,,,0.114,24.0,0.7175,True,True
nerve_c22,immune_tam,LRP1B,PLAUR,1.9891057,0.0,3.8662794,1.4146992627008483,1.61823346745885,0.047757227,0.9473964,0.0164316213239002,0.0018738678331843,nerve,immune,immune-nerve,nerve_to_immune,nerve_c22,tam,1.0,1.0,-0.0,False,0.221,21.0,0.6495,True,False
immune_microglia,malignant,APOE,LRP1,2.2555645,0.0,2.5404413,0.4600493769862325,1.8761078646393683,0.027482208,0.9358934,0.0584463858624115,0.0018796997271974,immune,tumor,immune-tumor,immune_to_tumor,,microglia,,,,,0.0584,28.0,0.8514,True,True
nerve_c20,immune_tam,COL4A5,CD44,1.988248,0.0,3.9460382,3.4283795381540236,2.316641247236019,0.043727048,0.94790286,0.0008262208464034,0.0018796997271974,nerve,immune,immune-nerve,nerve_to_immune,nerve_c20,tam,0.7889,9.0,0.1802,False,0.221,21.0,0.6495,True,False
immune_t_cell,nerve_neuron,CCL5,GRM7,1.988213,0.0,3.7741382,3.743012308095122,3.3453457570219234,0.20183758,0.9467921,3.768089260049601e-06,0.0018855403520993,immune,nerve,immune-nerve,immune_to_nerve,nerve_neuron,t_cell,0.5032,7.0,0.4667,False,0.114,24.0,0.7175,True,False
malignant,nerve_c3,NCAM1,NCAM2,1.9881904,0.0,3.1938338,1.970198752799167,2.57184977443688,0.06111745,0.94242656,0.00380865576592,0.0018913901876677,tumor,nerve,nerve-tumor,tumor_to_nerve,nerve_c3,,0.1893,16.0,0.5434,True,,,,,True
malignant,immune_tam,VIM,CD44,1.9881103,0.0,3.945514,0.7208121751797583,1.1556772579803642,0.022672853,0.94789964,0.0584463858624115,0.0019031162866107,tumor,immune,immune-tumor,tumor_to_immune,,tam,,,,,0.221,21.0,0.6495,True,True
nerve_c20,immune_t_cell,APP,CD74,1.9880183,0.0,3.9454062,0.6565636127919484,-0.029379755961758,0.0071768113,0.947899,1.0,0.0019089930311878,nerve,immune,immune-nerve,nerve_to_immune,nerve_c20,t_cell,0.7889,9.0,0.1802,False,0.114,24.0,0.7175,True,False
immune_tam,nerve_c15,PSAP,SORT1,1.9861834,0.0,3.7844782,1.3329408067065798,1.269945440628523,0.019004928,0.946861,0.0584463858624115,0.0019207729421684,immune,nerve,immune-nerve,immune_to_nerve,nerve_c15,tam,0.2441,11.0,0.4778,True,0.221,21.0,0.6495,True,True
nerve_c18,immune_nk_cell,APP,CD74,1.9849355,0.0,3.8815248,0.7558799240659918,-0.0418026364703518,0.0070606093,0.9474943,1.0,0.0019325889663948,nerve,immune,immune-nerve,nerve_to_immune,nerve_c18,nk_cell,0.5575,4.0,0.2111,False,0.1807,21.0,0.6809,True,False
immune_microglia,nerve_c15,PSAP,SORT1,1.9836602,0.0,3.776477,1.3309454311067157,2.0465605079500326,0.018964749,0.94680774,0.0584463858624115,0.0019385105510699,immune,nerve,immune-nerve,immune_to_nerve,nerve_c15,microglia,0.2441,11.0,0.4778,True,0.0584,28.0,0.8514,True,True
nerve_c22,immune_dendritic,SPP1,CD44,1.9806873,0.081,2.7639818,0.241235941640834,-0.6736978489205433,0.008452538,0.9383773,1.0,0.0019622858202073,nerve,immune,immune-nerve,nerve_to_immune,nerve_c22,dendritic,1.0,1.0,-0.0,False,0.1168,23.0,0.7139,True,False
nerve_c10,immune_tam,COPA,CD74,1.97803,0.0,3.2859278,0.7000636199551187,0.1326969689318897,0.0138644595,0.94319296,0.3196497364832272,0.0019982177819055,nerve,immune,immune-nerve,nerve_to_immune,nerve_c10,tam,0.8274,7.0,0.1908,False,0.221,21.0,0.6495,True,False
immune_microglia,nerve_c3,APOE,LRP4,2.2485807,0.0,2.4866443,0.9589802782265732,2.293460356547385,0.03922867,0.9352484,0.041145798654581,0.0020344723866565,immune,nerve,immune-nerve,immune_to_nerve,nerve_c3,microglia,0.1893,16.0,0.5434,True,0.0584,28.0,0.8514,True,True
immune_nk_cell,nerve_c4,CALM1,PDE1C,1.9761567,0.0,3.9051294,2.134789507767227,1.6442453772704066,0.020385813,0.94764495,0.0280862500241406,0.0020344723866565,immune,nerve,immune-nerve,immune_to_nerve,nerve_c4,nk_cell,0.1779,16.0,0.5438,True,0.1807,21.0,0.6809,True,True
immune_tam,nerve_c10,TGS1,RXRA,0.0912943,1.0,0.007470509,-0.1616034307748063,-0.2126417225341225,0.0053042206,0.44186172,1.0,0.002038551148866,immune,nerve,immune-nerve,immune_to_nerve,nerve_c10,tam,0.8274,7.0,0.1908,False,0.221,21.0,0.6495,True,False
immune_tam,nerve_c7,PSAP,SORT1,1.973765,0.0,3.7251997,1.312603230624562,1.2741422429957237,0.018707244,0.94646233,0.0584463858624115,0.0020649310392676,immune,nerve,immune-nerve,immune_to_nerve,nerve_c7,tam,0.17,15.0,0.5776,True,0.221,21.0,0.6495,True,True
nerve_c16,immune_dendritic,MIF,CD74_CXCR4,1.9726937,0.0,3.8510892,0.9568473002731848,1.2052101086609386,0.02574434,0.9472982,0.0584463858624115,0.002071049795741,nerve,immune,immune-nerve,nerve_to_immune,nerve_c16,dendritic,0.2917,16.0,0.4833,True,0.1168,23.0,0.7139,True,True
immune_dendritic,nerve_c18,TIMP1,CD63,1.9714639,0.0,2.7857203,0.5257198283004043,0.5475724429149629,0.013025546,0.93860346,0.2059273593322947,0.0020771772579153,immune,nerve,immune-nerve,immune_to_nerve,nerve_c18,dendritic,0.5575,4.0,0.2111,False,0.1168,23.0,0.7139,True,False
nerve_c15,immune_t_cell,HMGB1,CXCR4,1.9712775,0.0,3.7861907,0.6084187298125442,0.9382121018628816,0.014788263,0.9468723,0.1321490025163165,0.0020833136767089,nerve,immune,immune-nerve,nerve_to_immune,nerve_c15,t_cell,0.2441,11.0,0.4778,True,0.114,24.0,0.7175,True,True
immune_microglia,nerve_c7,PSAP,SORT1,1.971242,0.0,3.7173238,1.3106078550246978,2.050757310317233,0.018667692,0.9464087,0.0584463858624115,0.002089459304513,immune,nerve,immune-nerve,immune_to_nerve,nerve_c7,microglia,0.17,15.0,0.5776,True,0.0584,28.0,0.8514,True,True
nerve_c1,immune_dendritic,MIF,CD74_CXCR4,1.9703104,0.0,3.842645,0.9546813833549708,1.228663797679996,0.02568789,0.9472434,0.0584463858624115,0.0020956136356576,nerve,immune,immune-nerve,nerve_to_immune,nerve_c1,dendritic,0.1941,18.0,0.5886,True,0.1168,23.0,0.7139,True,True
immune_tam,nerve_c16,VIM,CD44,1.9765593,0.0,2.4653485,0.489380401049319,0.5899410353486443,0.03368439,0.9349874,0.0584463858624115,0.00211413061388,immune,nerve,immune-nerve,immune_to_nerve,nerve_c16,tam,0.2917,16.0,0.4833,True,0.221,21.0,0.6495,True,True
nerve_c21,immune_t_cell,PKM,CD44,1.9676119,0.0,3.5135276,1.1736452481569617,1.6385161250171163,0.03815791,0.9449607,0.0458161176941967,0.00211413061388,nerve,immune,immune-nerve,nerve_to_immune,nerve_c21,t_cell,1.0,1.0,-0.0,False,0.114,24.0,0.7175,True,False
nerve_c16,immune_nk_cell,MIF,CD74_CXCR4,1.9584758,0.0,3.7892766,0.431031287598497,-0.2873452803919856,0.014080665,0.94689286,0.944055290006388,0.0021576504504565,nerve,immune,immune-nerve,nerve_to_immune,nerve_c16,nk_cell,0.2917,16.0,0.4833,True,0.1807,21.0,0.6809,True,True
immune_tam,nerve_c12,S100A4,ERBB3,1.9584256,0.0,2.7550356,2.311902404481994,2.050387023121092,0.023619415,0.9382835,0.0072268674192136,0.0021639032690472,immune,nerve,immune-nerve,immune_to_nerve,nerve_c12,tam,0.4368,7.0,0.335,True,0.221,21.0,0.6495,True,True
nerve_c17,immune_dendritic,HMGB1,CXCR4,1.9563785,0.0,3.7932806,0.6255850965218502,0.9068902062786816,0.014815955,0.94691944,0.1310010744412403,0.0021890043055082,nerve,immune,immune-nerve,nerve_to_immune,nerve_c17,dendritic,0.712,4.0,0.1815,False,0.1168,23.0,0.7139,True,False
nerve_c1,immune_nk_cell,MIF,CD74_CXCR4,1.9560926,0.0,3.780968,0.4288653706802831,-0.263891591372928,0.01404979,0.94683766,0.947652643045258,0.002195302392206,nerve,immune,immune-nerve,nerve_to_immune,nerve_c1,nk_cell,0.1941,18.0,0.5886,True,0.1807,21.0,0.6809,True,True
nerve_c9,immune_tam,COPA,CD74,1.9558828,0.0,3.1632483,0.6658065239957415,0.1104925689084118,0.013346832,0.94216496,0.3572722789133045,0.0022079243763865,nerve,immune,immune-nerve,nerve_to_immune,nerve_c9,tam,0.4802,7.0,0.3212,True,0.221,21.0,0.6495,True,True
nerve_c20,immune_tam,LRP1B,PLAUR,1.9547995,0.0,3.7504158,1.3825493845586707,1.5821684917725682,0.046326052,0.9466331,0.0190939764257601,0.0022142487904284,nerve,immune,immune-nerve,nerve_to_immune,nerve_c20,tam,0.7889,9.0,0.1802,False,0.221,21.0,0.6495,True,False
nerve_c12,immune_microglia,COPA,CD74,2.236568,0.0,2.4427145,0.5455935272500341,1.7857615758862635,0.010306652,0.93470657,0.4035328733835341,0.00222058215188,nerve,immune,immune-nerve,nerve_to_immune,nerve_c12,microglia,0.4368,7.0,0.335,True,0.0584,28.0,0.8514,True,True
nerve_c10,immune_tam,HLA-A,APLP2,1.953825,0.0,3.6662822,0.5193670212727388,0.2903817776879884,0.029115444,0.9460571,0.1338141179852711,0.00222058215188,nerve,immune,immune-nerve,nerve_to_immune,nerve_c10,tam,0.8274,7.0,0.1908,False,0.221,21.0,0.6495,True,False
nerve_c2,immune_nk_cell,APP,CD74,1.9530952,0.0,3.7705173,0.7197265063995026,-0.1211171060810967,0.0068586837,0.9467679,1.0,0.0022269249821332,nerve,immune,immune-nerve,nerve_to_immune,nerve_c2,nk_cell,0.4082,17.0,0.533,True,0.1807,21.0,0.6809,True,True
nerve_c6,immune_tam,MIF,CD44_CD74,1.9529496,0.0,3.8116198,1.1582596908548215,1.4348176680300404,0.033976078,0.94704044,0.0584463858624115,0.0022332762378837,nerve,immune,immune-nerve,nerve_to_immune,nerve_c6,tam,0.2036,24.0,0.6567,True,0.221,21.0,0.6495,True,True
immune_microglia,nerve_c15,APOE,LRP2,2.2426155,0.0,2.4406946,1.6086361526011044,2.3843253871003007,0.020547561,0.9346813,0.0550999704482862,0.0022332762378837,immune,nerve,immune-nerve,immune_to_nerve,nerve_c15,microglia,0.2441,11.0,0.4778,True,0.0584,28.0,0.8514,True,True
malignant,nerve_c10,CXCL16,GRM7,0.08920659,1.0,0.0074717803,-0.2210176206348162,-0.7471412118569375,0.0009363304,0.4418827,1.0,0.0022423556010067,tumor,nerve,nerve-tumor,tumor_to_nerve,nerve_c10,,0.8274,7.0,0.1908,False,,,,,False
nerve_c18,immune_tam,LGALS1,PTPRC,1.9491746,0.0,3.6098783,0.6345776964217011,0.6677805441344344,0.032664534,0.94566005,0.0584463858624115,0.0022523836803836,nerve,immune,immune-nerve,nerve_to_immune,nerve_c18,tam,0.5575,4.0,0.2111,False,0.221,21.0,0.6495,True,False
nerve_c9,immune_tam,HLA-A,APLP2,1.9480491,0.0,3.6482034,0.5148668811348439,0.304173388890919,0.028971871,0.9459308,0.1235470874478858,0.0022587707182376,nerve,immune,immune-nerve,nerve_to_immune,nerve_c9,tam,0.4802,7.0,0.3212,True,0.221,21.0,0.6495,True,True
nerve_c3,immune_tam,COPA,CD74,1.9473388,0.0,3.1159205,0.6525924606121997,0.2285921198545404,0.01314714,0.9417529,0.1990418035129416,0.0022651672267943,nerve,immune,immune-nerve,nerve_to_immune,nerve_c3,tam,0.1893,16.0,0.5434,True,0.221,21.0,0.6495,True,True
nerve_c5,immune_dendritic,HMGB1,CXCR4,1.9473336,0.0,3.7612321,0.6170042100995963,0.5890663219516425,0.014690778,0.9467057,0.1358100324655572,0.0022715721539236,nerve,immune,immune-nerve,nerve_to_immune,nerve_c5,dendritic,0.5076,15.0,0.4523,False,0.1168,23.0,0.7139,True,False
nerve_c18,immune_nk_cell,SPP1,CD44,1.9469948,0.001,2.921894,0.256780105979499,-0.3429662194215986,0.00893545,0.9399643,1.0,0.002277986024695,nerve,immune,immune-nerve,nerve_to_immune,nerve_c18,nk_cell,0.5575,4.0,0.2111,False,0.1807,21.0,0.6809,True,False
immune_tam,nerve_c16,TIMP1,FGFR2,1.9468923,0.0,3.0768652,2.137139797097305,2.5526714699421484,0.01958106,0.94140595,0.0130314911045313,0.0022844088386898,immune,nerve,immune-nerve,immune_to_nerve,nerve_c16,tam,0.2917,16.0,0.4833,True,0.221,21.0,0.6495,True,True
immune_dendritic,nerve_c16,TIMP1,CD63,1.9464123,0.0,2.7395153,0.5057733437406576,0.5593798270899613,0.012809499,0.93811977,0.2191225060100036,0.002297281824575,immune,nerve,immune-nerve,immune_to_nerve,nerve_c16,dendritic,0.2917,16.0,0.4833,True,0.1168,23.0,0.7139,True,True
immune_tam,nerve_c5,PSAP,GPR37,1.9463508,0.0,3.5943384,2.462263670081212,1.332193727810457,0.027233697,0.9455491,0.0584463858624115,0.0023037314664636,immune,nerve,immune-nerve,immune_to_nerve,nerve_c5,tam,0.5076,15.0,0.4523,False,0.221,21.0,0.6495,True,False
nerve_c21,malignant,GSTP1,EGFR,1.9449365,0.0,3.590938,1.1190948296283765,3.1175349287283627,0.076838315,0.9455247,0.0036236805212825,0.0023101900499011,nerve,tumor,nerve-tumor,nerve_to_tumor,nerve_c21,,1.0,1.0,-0.0,False,,,,,False
immune_microglia,nerve_c5,PSAP,GPR37,1.9438277,0.0,3.5867393,2.460268294481348,2.1088087951319663,0.02717612,0.94549465,0.0046322665155544,0.0023296199788964,immune,nerve,immune-nerve,immune_to_nerve,nerve_c5,microglia,0.5076,15.0,0.4523,False,0.0584,28.0,0.8514,True,False
immune_tam,nerve_c15,S100A4,ERBB3,1.9432793,0.0,2.6642225,2.260083043904295,2.012399768785461,0.022840858,0.93730587,0.0087339430904186,0.0023361143250786,immune,nerve,immune-nerve,immune_to_nerve,nerve_c15,tam,0.2441,11.0,0.4778,True,0.221,21.0,0.6495,True,True
nerve_c1,immune_t_cell,APP,CD74,1.9414964,0.0,3.7527552,0.6037378119517836,-0.0346037371995268,0.0068263737,0.9466488,1.0,0.0023556509986854,nerve,immune,immune-nerve,nerve_to_immune,nerve_c1,t_cell,0.1941,18.0,0.5886,True,0.114,24.0,0.7175,True,True
immune_microglia,nerve_c10,APOE,SORL1,2.2373993,0.0,2.4005144,0.3718704167096605,1.4392516849242114,0.024599506,0.93417275,0.0870680359380744,0.0023621811001791,immune,nerve,immune-nerve,immune_to_nerve,nerve_c10,microglia,0.8274,7.0,0.1908,False,0.0584,28.0,0.8514,True,False
nerve_c4,immune_tam,LRP1B,PLAUR,1.9367393,0.0,3.6894205,1.3656241423267943,1.5645714417988934,0.045572624,0.9462173,0.0209246510435668,0.0023818255691284,nerve,immune,immune-nerve,nerve_to_immune,nerve_c4,tam,0.1779,16.0,0.5438,True,0.221,21.0,0.6495,True,True
nerve_c1,immune_nk_cell,HMGB1,CXCR4,1.936705,0.0,3.7471108,0.5931962016297465,0.7460284668945825,0.0146356225,0.9466108,0.1376832963286014,0.0023883914199706,nerve,immune,immune-nerve,nerve_to_immune,nerve_c1,nk_cell,0.1941,18.0,0.5886,True,0.1807,21.0,0.6809,True,True
immune_microglia,nerve_c20,CALM1,PDE1C,1.9340017,0.0,3.303712,2.455875729446537,1.46062023887654,0.017246252,0.9433374,0.0567664277824083,0.002408143129857,immune,nerve,immune-nerve,immune_to_nerve,nerve_c20,microglia,0.7889,9.0,0.1802,False,0.0584,28.0,0.8514,True,False
nerve_c9,immune_dendritic,HMGB1,CXCR4,1.9320827,0.0,3.7071948,0.602534243166156,0.5179359555900884,0.014479717,0.9463395,0.1435688905867889,0.0024346036540783,nerve,immune,immune-nerve,nerve_to_immune,nerve_c9,dendritic,0.4802,7.0,0.3212,True,0.1168,23.0,0.7139,True,True
immune_tam,nerve_c20,PSAP,SORT1,1.9284861,0.0,3.5090618,1.2384505284420575,1.1062643325004748,0.017621841,0.94492763,0.0671501453670393,0.0024412409835232,immune,nerve,immune-nerve,immune_to_nerve,nerve_c20,tam,0.7889,9.0,0.1802,False,0.221,21.0,0.6495,True,False
nerve_c9,immune_dendritic,ICAM1,ITGAL_ITGB2,0.08808318,1.0,0.0076697147,-0.1578556060185578,-0.36498167090076,0.003914532,0.44510922,1.0,0.0024461506854868,nerve,immune,immune-nerve,nerve_to_immune,nerve_c9,dendritic,0.4802,7.0,0.3212,True,0.1168,23.0,0.7139,True,True
immune_t_cell,nerve_c20,CALM1,GRM3,1.9281867,0.0,3.692085,3.407855701775665,1.8432905644176012,0.02702684,0.9462357,0.0123053112349114,0.0024545424402679,immune,nerve,immune-nerve,immune_to_nerve,nerve_c20,t_cell,0.7889,9.0,0.1802,False,0.114,24.0,0.7175,True,False
immune_tam,nerve_c7,S100A4,ERBB3,1.9278972,0.0,2.5719965,2.207457411553694,2.021405357787197,0.022050189,0.9362628,0.0104896770866799,0.0024612065667306,immune,nerve,immune-nerve,immune_to_nerve,nerve_c7,tam,0.17,15.0,0.5776,True,0.221,21.0,0.6495,True,True
nerve_c9,immune_t_cell,SPP1,ITGA4_ITGB1,2.2194169,0.0,2.3804994,0.7401981700602199,0.3124055806359491,0.023402873,0.93391484,0.1172610089023748,0.0024879529346211,nerve,immune,immune-nerve,nerve_to_immune,nerve_c9,t_cell,0.4802,7.0,0.3212,True,0.114,24.0,0.7175,True,True
immune_microglia,nerve_c20,PSAP,SORT1,1.9259632,0.0,3.501643,1.2364551528421936,1.882879399821984,0.017584585,0.94487256,0.0676757634160671,0.0025013794250718,immune,nerve,immune-nerve,immune_to_nerve,nerve_c20,microglia,0.7889,9.0,0.1802,False,0.0584,28.0,0.8514,True,False
nerve_c13,immune_t_cell,APP,CD74,1.9257853,0.0,3.6876938,0.5858980922246805,0.0118555273248753,0.0067080245,0.94620544,1.0,0.0025081066174,nerve,immune,immune-nerve,nerve_to_immune,nerve_c13,t_cell,0.3452,18.0,0.5887,True,0.114,24.0,0.7175,True,True
immune_tam,nerve_c0,CALM1,PDE1C,1.9212067,0.0,3.5746129,2.253571171479961,1.5939107646999318,0.018660428,0.9454072,0.0352068026182183,0.002528340106118,immune,nerve,immune-nerve,immune_to_nerve,nerve_c0,tam,0.1812,15.0,0.5697,True,0.221,21.0,0.6495,True,True
immune_tam,nerve_c20,S100A4,ERBB3,1.9197568,0.0,2.5231886,2.1796069746906337,1.876234144446721,0.021631751,0.93568873,0.0115298111895774,0.0025351024575472,immune,nerve,immune-nerve,immune_to_nerve,nerve_c20,tam,0.7889,9.0,0.1802,False,0.221,21.0,0.6495,True,False
nerve_c6,immune_t_cell,APP,CD74,1.9164133,0.0,3.6488838,0.5752560952674575,-0.1083775797056719,0.006637428,0.9459355,1.0,0.0025554436300892,nerve,immune,immune-nerve,nerve_to_immune,nerve_c6,t_cell,0.2036,24.0,0.6567,True,0.114,24.0,0.7175,True,True
nerve_c9,immune_t_cell,MIF,CD74_CXCR4,1.9149892,0.0,3.6429865,0.3257552093204671,-0.376736499231153,0.013537061,0.9458941,1.0,0.0025758645770589,nerve,immune,immune-nerve,nerve_to_immune,nerve_c9,t_cell,0.4802,7.0,0.3212,True,0.114,24.0,0.7175,True,True
immune_tam,nerve_c10,PSAP,GPR37,1.9141221,0.0,3.440495,2.3645830831513543,1.2482712165065009,0.026068052,0.94441193,0.0584463858624115,0.0025895237265451,immune,nerve,immune-nerve,immune_to_nerve,nerve_c10,tam,0.8274,7.0,0.1908,False,0.221,21.0,0.6495,True,False
nerve_c17,immune_t_cell,SPP1,ITGA4_ITGB1,2.2052574,0.0,2.362828,0.7333848224171089,0.3967405820543912,0.023229145,0.9336845,0.0675737909126973,0.0025963664064462,nerve,immune,immune-nerve,nerve_to_immune,nerve_c17,t_cell,0.712,4.0,0.1815,False,0.114,24.0,0.7175,True,False
immune_tam,nerve_c6,HBEGF,CD9,1.9133217,0.0,3.0363693,1.6860831449963016,2.036495290207966,0.05213103,0.9410395,0.0098629087202221,0.0026100785352185,immune,nerve,immune-nerve,immune_to_nerve,nerve_c6,tam,0.2036,24.0,0.6567,True,0.221,21.0,0.6495,True,True
immune_microglia,nerve_c0,APOE,ABCA1,2.232158,0.0,2.3601391,0.4119972355643331,1.7177921092314596,0.01999133,0.9336493,0.0637509414119324,0.0026169485484017,immune,nerve,immune-nerve,immune_to_nerve,nerve_c0,microglia,0.1812,15.0,0.5697,True,0.0584,28.0,0.8514,True,True
nerve_c4,immune_tam,PSEN1,CD44,1.9129864,0.0,3.659437,2.1386198693107152,1.965375535685136,0.034382224,0.94600934,0.0129579671563887,0.0026169485484017,nerve,immune,immune-nerve,nerve_to_immune,nerve_c4,tam,0.1779,16.0,0.5438,True,0.221,21.0,0.6495,True,True
immune_microglia,nerve_c10,PSAP,GPR37,1.9115989,0.0,3.433221,2.3625877075514903,2.0248862838280104,0.026012938,0.9443563,0.0062308376920027,0.0026307142111393,immune,nerve,immune-nerve,immune_to_nerve,nerve_c10,microglia,0.8274,7.0,0.1908,False,0.0584,28.0,0.8514,True,False
nerve_c0,malignant,NLGN1,NRXN1,1.9107845,0.0,2.9069562,1.3235340908854698,2.478522839858325,0.096854694,0.9398195,0.0059663490262333,0.0026410621599546,nerve,tumor,nerve-tumor,nerve_to_tumor,nerve_c0,,0.1812,15.0,0.5697,True,,,,,True
malignant,nerve_c0,NRXN1,NLGN1,1.9107845,0.0,2.9069562,1.3235340908854698,2.478522839858325,0.096854694,0.9398195,0.0059663490262333,0.0026410621599546,tumor,nerve,nerve-tumor,tumor_to_nerve,nerve_c0,,0.1812,15.0,0.5697,True,,,,,True
immune_dendritic,nerve_c9,LTBP3,ITGB5,0.08848719,1.0,0.0077561373,-0.1617974374611968,-0.2505960954188993,0.0074373623,0.44649342,1.0,0.0026499365334235,immune,nerve,immune-nerve,immune_to_nerve,nerve_c9,dendritic,0.4802,7.0,0.3212,True,0.1168,23.0,0.7139,True,True
immune_tam,nerve_c4,S100A4,ERBB3,1.9072104,0.0,2.4479644,2.1366818105887155,1.8266796959669895,0.020986838,0.934772,0.0132780230767626,0.0026861342425427,immune,nerve,immune-nerve,immune_to_nerve,nerve_c4,tam,0.1779,16.0,0.5438,True,0.221,21.0,0.6495,True,True
malignant,nerve_c10,PTN,NCL,1.9071207,0.0,3.4150338,0.8391561421833956,2.083313211682688,0.07322481,0.9442166,0.0408942057984947,0.0026931023828464,tumor,nerve,nerve-tumor,tumor_to_nerve,nerve_c10,,0.8274,7.0,0.1908,False,,,,,False
immune_microglia,nerve_neuron,APOE,SORL1,2.2307863,0.0,2.3495736,0.3642850626143426,1.5777557026909608,0.024077486,0.9335102,0.0930070724006586,0.0027000788679362,immune,nerve,immune-nerve,immune_to_nerve,nerve_neuron,microglia,0.5032,7.0,0.4667,False,0.0584,28.0,0.8514,True,False
nerve_c1,immune_t_cell,SPP1,ITGA4_ITGB1,2.1915474,0.0,2.3457172,0.7267874722281201,0.3086180477767182,0.02306093,0.93345916,0.1193811035747959,0.0027070642698763,nerve,immune,immune-nerve,nerve_to_immune,nerve_c1,t_cell,0.1941,18.0,0.5886,True,0.114,24.0,0.7175,True,True
nerve_c5,immune_tam,HLA-A,APLP2,1.9060719,0.0,3.5168111,0.482160196734672,0.2857187021483831,0.02792843,0.94498503,0.1371337352629456,0.0027140585882479,nerve,immune,immune-nerve,nerve_to_immune,nerve_c5,tam,0.5076,15.0,0.4523,False,0.221,21.0,0.6495,True,False
nerve_c4,immune_tam,COL4A5,CD44,1.902447,0.0,3.6193018,3.190218791825339,2.2246304828084043,0.040106393,0.945727,0.0014931383725964,0.0027562122999132,nerve,immune,immune-nerve,nerve_to_immune,nerve_c4,tam,0.1779,16.0,0.5438,True,0.221,21.0,0.6495,True,True
immune_t_cell,nerve_c7,CALM1,PDE1C,1.9014078,0.0,3.5802102,1.9209667961115031,1.7563090991130208,0.018689647,0.9454477,0.0250812830487226,0.0027703352390842,immune,nerve,immune-nerve,immune_to_nerve,nerve_c7,t_cell,0.17,15.0,0.5776,True,0.114,24.0,0.7175,True,True
immune_microglia,nerve_neuron,APOE,LRP1,2.2284899,0.0,2.3318844,0.4232458531645172,1.729896525726525,0.07511019,0.9332753,0.0366413222884074,0.0027986869064197,immune,nerve,immune-nerve,immune_to_nerve,nerve_neuron,microglia,0.5032,7.0,0.4667,False,0.0584,28.0,0.8514,True,False
nerve_c12,immune_tam,VCAN,CD44,1.8971336,0.0,3.5990682,1.440537894417597,1.6799958279213851,0.09998328,0.9455829,0.0035518121536612,0.0028057976867161,nerve,immune,immune-nerve,nerve_to_immune,nerve_c12,tam,0.4368,7.0,0.335,True,0.221,21.0,0.6495,True,True
immune_tam,nerve_c5,S100A4,ERBB3,1.8945351,0.0,2.3719668,2.093317599180465,1.7843578353271228,0.020335298,0.933804,0.0160823704469626,0.0028200448101842,immune,nerve,immune-nerve,immune_to_nerve,nerve_c5,tam,0.5076,15.0,0.4523,False,0.221,21.0,0.6495,True,False
immune_microglia,nerve_c10,IL18,IL1RAPL1,1.8928834,0.0,2.5389426,1.831595583749033,2.3271080367803574,0.033881485,0.9358757,0.0317766796058153,0.0028271817367282,immune,nerve,immune-nerve,immune_to_nerve,nerve_c10,microglia,0.8274,7.0,0.1908,False,0.0584,28.0,0.8514,True,False
malignant,nerve_c22,NLGN1,NRXN3,1.8923875,0.0,3.1952028,1.9746577486695287,2.6057315693358216,0.11752153,0.9424382,0.0004321624439082,0.0028379041254983,tumor,nerve,nerve-tumor,tumor_to_nerve,nerve_c22,,1.0,1.0,-0.0,False,,,,,False
nerve_c22,malignant,NRXN3,NLGN1,1.8923875,0.0,3.1952028,1.9746577486695287,2.6057315693358216,0.11752153,0.9424382,0.0004321624439082,0.0028379041254983,nerve,tumor,nerve-tumor,nerve_to_tumor,nerve_c22,,1.0,1.0,-0.0,False,,,,,False
nerve_c18,immune_dendritic,SPP1,CD44,1.8915968,0.003,2.6028967,0.1983661547364348,-0.4507709544042683,0.007959924,0.93661815,1.0,0.0028486465599131,nerve,immune,immune-nerve,nerve_to_immune,nerve_c18,dendritic,0.5575,4.0,0.2111,False,0.1168,23.0,0.7139,True,False
nerve_c9,immune_microglia,DLL1,NOTCH1,0.08900957,1.0,0.007775301,-0.0012147571656715,-0.1387846863885787,0.0045697684,0.44679832,1.0,0.0028537131450262,nerve,immune,immune-nerve,nerve_to_immune,nerve_c9,microglia,0.4802,7.0,0.3212,True,0.0584,28.0,0.8514,True,True
nerve_c18,immune_tam,VIM,CD44,1.8913852,0.0,3.577178,0.6572093832248376,0.9755206339438128,0.03440379,0.9454258,0.0584463858624115,0.0028558191219381,nerve,immune,immune-nerve,nerve_to_immune,nerve_c18,tam,0.5575,4.0,0.2111,False,0.221,21.0,0.6495,True,False
nerve_c5,immune_t_cell,MIF,CD74_CXCR4,1.8902154,0.0,3.5403957,0.3032362277719433,-0.3861509000807024,0.013155842,0.9451585,1.0,0.0028630005916036,nerve,immune,immune-nerve,nerve_to_immune,nerve_c5,t_cell,0.5076,15.0,0.4523,False,0.114,24.0,0.7175,True,False
malignant,immune_nk_cell,HMGB1,CXCR4,1.8868978,0.0,3.5481155,0.5459436362104284,0.9020978269081216,0.01224897,0.9452149,0.2556431058267126,0.0028990421343517,tumor,immune,immune-tumor,tumor_to_immune,,nk_cell,,,,,0.1807,21.0,0.6809,True,True
immune_microglia,nerve_c6,SPP1,CD44,2.319763,0.0,2.313802,0.3081662483277564,1.7001694364308872,0.03758768,0.93303245,0.1438680390827837,0.0028990421343517,immune,nerve,immune-nerve,immune_to_nerve,nerve_c6,microglia,0.2036,24.0,0.6567,True,0.0584,28.0,0.8514,True,True
nerve_c6,immune_dendritic,MIF,CD74_CXCR4,1.8867412,0.0,3.5465393,0.8787166465703731,1.0920627050751834,0.023708439,0.9452034,0.0584463858624115,0.002906277041802,nerve,immune,immune-nerve,nerve_to_immune,nerve_c6,dendritic,0.2036,24.0,0.6567,True,0.1168,23.0,0.7139,True,True
immune_tam,nerve_c1,PSAP,GPR37,1.8867292,0.0,3.3097363,2.2815568597497173,1.4219903276297212,0.025077315,0.9433861,0.0584463858624115,0.0029135208539625,immune,nerve,immune-nerve,immune_to_nerve,nerve_c1,tam,0.1941,18.0,0.5886,True,0.221,21.0,0.6495,True,True
immune_tam,nerve_c0,S100A4,ERBB3,1.8867042,0.0,2.3250158,2.0665274843868957,1.8765945358774017,0.019932777,0.9331834,0.016000979887719,0.0029207741670741,immune,nerve,immune-nerve,immune_to_nerve,nerve_c0,tam,0.1812,15.0,0.5697,True,0.221,21.0,0.6495,True,True
nerve_c1,immune_tam,HLA-A,APLP2,1.8866918,0.0,3.4561493,0.4670603609675936,0.4308444643887714,0.027446691,0.94453096,0.0584463858624115,0.0029280357881314,nerve,immune,immune-nerve,nerve_to_immune,nerve_c1,tam,0.1941,18.0,0.5886,True,0.221,21.0,0.6495,True,True
nerve_c16,immune_microglia,RPS19,C5AR1,1.8861598,0.0,2.3587787,0.3180022545160592,0.6060458912929039,0.03799749,0.9336314,0.1338141179852711,0.002935306312643,nerve,immune,immune-nerve,nerve_to_immune,nerve_c16,microglia,0.2917,16.0,0.4833,True,0.0584,28.0,0.8514,True,True
nerve_c22,immune_dendritic,COPA,CD74,2.4215603,0.0,2.3026667,0.5862731972864451,1.114119333972256,0.009715742,0.9328816,0.4970848874510563,0.002935306312643,nerve,immune,immune-nerve,nerve_to_immune,nerve_c22,dendritic,1.0,1.0,-0.0,False,0.1168,23.0,0.7139,True,False
nerve_c21,immune_t_cell,SPP1,CD44,1.8860346,0.125,3.290119,0.3290376872219359,-0.3822756742331719,0.010061518,0.9432271,1.0,0.0029498740703548,nerve,immune,immune-nerve,nerve_to_immune,nerve_c21,t_cell,1.0,1.0,-0.0,False,0.114,24.0,0.7175,True,False
nerve_c2,immune_dendritic,HMGB1,CXCR4,1.8855501,0.0,3.5423188,0.5583868008319322,0.5514045734990649,0.013835738,0.94517255,0.1675696260509931,0.0029644780379119,nerve,immune,immune-nerve,nerve_to_immune,nerve_c2,dendritic,0.4082,17.0,0.533,True,0.1168,23.0,0.7139,True,True
nerve_c9,immune_microglia,SPP1,ITGAV_ITGB1,2.208994,0.0,2.300976,0.3362473956028735,-0.1356941717204378,0.022961317,0.9328586,0.7794752980934343,0.0029644780379119,nerve,immune,immune-nerve,nerve_to_immune,nerve_c9,microglia,0.4802,7.0,0.3212,True,0.0584,28.0,0.8514,True,True
immune_microglia,nerve_c1,PSAP,GPR37,1.8842063,0.0,3.3027387,2.279561484149853,2.1986053949512305,0.025024295,0.9433295,0.0081965401127869,0.0029791170113266,immune,nerve,immune-nerve,immune_to_nerve,nerve_c1,microglia,0.1941,18.0,0.5886,True,0.0584,28.0,0.8514,True,True
nerve_c1,immune_microglia,COPA,CD74,2.2169926,0.0,2.2925146,0.5153155095665995,1.8093736422655045,0.009672908,0.93274313,0.3850888451242297,0.0030011428290424,nerve,immune,immune-nerve,nerve_to_immune,nerve_c1,microglia,0.1941,18.0,0.5886,True,0.0584,28.0,0.8514,True,True
nerve_c3,immune_nk_cell,APP,CD74,1.8831673,0.0,3.5267236,0.6403231985550999,-0.1703735266691222,0.006415215,0.9450581,1.0,0.0030011428290424,nerve,immune,immune-nerve,nerve_to_immune,nerve_c3,nk_cell,0.1893,16.0,0.5434,True,0.1807,21.0,0.6809,True,True
nerve_neuron,immune_dendritic,LRP1B,PLAUR,1.8827438,0.0,2.3911452,1.2818018386216985,1.3563378132802977,0.029536013,0.9340524,0.0584463858624115,0.0030085023665371,nerve,immune,immune-nerve,nerve_to_immune,nerve_neuron,dendritic,0.5032,7.0,0.4667,False,0.1168,23.0,0.7139,True,False
immune_microglia,malignant,SPP1,CD44,2.3170748,0.0,2.2919133,0.3053317049642598,1.7622824794527552,0.0069606453,0.9327349,0.420572367179769,0.0030158708028814,immune,tumor,immune-tumor,immune_to_tumor,,microglia,,,,,0.0584,28.0,0.8514,True,True
nerve_c18,immune_dendritic,LGALS1,PTPRC,1.8816326,0.0,3.2877865,0.5721844144173864,0.5890953926821509,0.02975004,0.9432081,0.0584463858624115,0.0030306343704441,nerve,immune,immune-nerve,nerve_to_immune,nerve_c18,dendritic,0.5575,4.0,0.2111,False,0.1168,23.0,0.7139,True,False
malignant,nerve_c9,TIMP1,CD63,1.8804684,0.0,3.0177782,0.4678501997765476,0.6907513501761768,0.011986659,0.94086885,0.2756489870569912,0.0030380301091933,tumor,nerve,nerve-tumor,tumor_to_nerve,nerve_c9,,0.4802,7.0,0.3212,True,,,,,True
nerve_c6,immune_microglia,COPA,CD74,2.2162406,0.0,2.2867458,0.51415234381135,1.7485980058943549,0.009648567,0.93266404,0.4328964019866775,0.003045434137481,nerve,immune,immune-nerve,nerve_to_immune,nerve_c6,microglia,0.2036,24.0,0.6567,True,0.0584,28.0,0.8514,True,True
malignant,nerve_c5,TIMP1,CD63,1.8799827,0.0,3.016651,0.4674646342442605,0.6552502912516192,0.011982181,0.9408585,0.2758440590911553,0.003045434137481,tumor,nerve,nerve-tumor,tumor_to_nerve,nerve_c5,,0.5076,15.0,0.4523,False,,,,,False
nerve_c17,immune_microglia,SPP1,ITGAV_ITGB1,2.1948345,0.0,2.283895,0.3294340479597625,-0.0513591703019957,0.022790864,0.9326249,0.7182802481064106,0.0030528470625252,nerve,immune,immune-nerve,nerve_to_immune,nerve_c17,microglia,0.712,4.0,0.1815,False,0.0584,28.0,0.8514,True,False
immune_tam,nerve_c10,MFGE8,ITGB5,0.09054129,1.0,0.007829397,-0.0809653941180993,-0.1362629589714185,0.011158184,0.44765535,1.0,0.0030574805205042,immune,nerve,immune-nerve,immune_to_nerve,nerve_c10,tam,0.8274,7.0,0.1908,False,0.221,21.0,0.6495,True,False
immune_tam,nerve_c5,LGALS1,ITGB1,1.877732,0.0,2.8808064,0.7557278359055191,0.7468127826511515,0.028188778,0.93956345,0.0584463858624115,0.0030602688839072,immune,nerve,immune-nerve,immune_to_nerve,nerve_c5,tam,0.5076,15.0,0.4523,False,0.221,21.0,0.6495,True,False
nerve_c10,immune_dendritic,HMGB1,CXCR4,1.8774364,0.0,3.5135698,0.5506879215451712,0.4465748704001198,0.013723449,0.944961,0.1724556578096179,0.0030676996012084,nerve,immune,immune-nerve,nerve_to_immune,nerve_c10,dendritic,0.8274,7.0,0.1908,False,0.1168,23.0,0.7139,True,False
nerve_c6,immune_dendritic,HMGB1,CXCR4,1.8772616,0.0,3.512951,0.5505232246645607,0.5763938019159418,0.01372103,0.9449564,0.1726272085240834,0.0030751398260352,nerve,immune,immune-nerve,nerve_to_immune,nerve_c6,dendritic,0.2036,24.0,0.6567,True,0.1168,23.0,0.7139,True,True
immune_microglia,nerve_c0,APOE,LRP4,2.2219195,0.0,2.281271,0.8990317608976004,2.199836064662106,0.035988748,0.93258876,0.0570601177694312,0.0030825883346502,immune,nerve,immune-nerve,immune_to_nerve,nerve_c0,microglia,0.1812,15.0,0.5697,True,0.0584,28.0,0.8514,True,True
malignant,nerve_c0,CALM1,PDE1C,1.8765495,0.0,3.3725467,2.212887676139476,1.7849140413478763,0.017776122,0.943886,0.0160280879784176,0.0030825883346502,tumor,nerve,nerve-tumor,tumor_to_nerve,nerve_c0,,0.1812,15.0,0.5697,True,,,,,True
immune_nk_cell,nerve_c20,CALM1,GRM3,1.8759003,0.0,3.5072525,3.3602230895504346,1.7355494143986383,0.025673825,0.9449142,0.0195302261390935,0.0030900457379286,immune,nerve,immune-nerve,immune_to_nerve,nerve_c20,nk_cell,0.7889,9.0,0.1802,False,0.1807,21.0,0.6809,True,False
nerve_c4,immune_nk_cell,APP,CD74,1.8752124,0.0,3.4989896,0.6312886672780786,-0.2401794453092508,0.006364766,0.9448528,1.0,0.0030975120354516,nerve,immune,immune-nerve,nerve_to_immune,nerve_c4,nk_cell,0.1779,16.0,0.5438,True,0.1807,21.0,0.6809,True,True
immune_t_cell,nerve_c0,CALM1,GRM3,1.874042,0.0,3.4658828,3.2123446094725296,1.841218625512091,0.02537099,0.9446046,0.0124009711491645,0.0031124713115573,immune,nerve,immune-nerve,immune_to_nerve,nerve_c0,t_cell,0.1812,15.0,0.5697,True,0.114,24.0,0.7175,True,True
immune_tam,nerve_c3,PSAP,SORT1,1.8732619,0.0,3.2454498,1.1480091617283603,1.0360968039441938,0.016298031,0.94286,0.0919967486763807,0.0031274667767619,immune,nerve,immune-nerve,immune_to_nerve,nerve_c3,tam,0.1893,16.0,0.5434,True,0.221,21.0,0.6495,True,True
nerve_c6,immune_nk_cell,MIF,CD74_CXCR4,1.8725233,0.0,3.4896147,0.3529006338956854,-0.4004926839777407,0.012967144,0.94478285,1.0,0.0031424971948916,nerve,immune,immune-nerve,nerve_to_immune,nerve_c6,nk_cell,0.2036,24.0,0.6567,True,0.1807,21.0,0.6809,True,True
nerve_c1,immune_microglia,SPP1,ITGAV_ITGB1,2.1811244,0.0,2.267356,0.3228366977707737,-0.1394817045796688,0.022625824,0.9323962,0.8314368747626939,0.0031500257411373,nerve,immune,immune-nerve,nerve_to_immune,nerve_c1,microglia,0.1941,18.0,0.5886,True,0.0584,28.0,0.8514,True,True
nerve_c10,immune_t_cell,SPP1,ITGA4_ITGB1,2.128611,0.0,2.2671711,0.6965032916325371,0.1914191847011817,0.022288734,0.9323936,0.2355309023877616,0.0031575637983464,nerve,immune,immune-nerve,nerve_to_immune,nerve_c10,t_cell,0.8274,7.0,0.1908,False,0.114,24.0,0.7175,True,False
nerve_c7,immune_t_cell,APP,CD74,1.8707393,0.0,3.459744,0.523393746171561,-0.0561497524856421,0.006293377,0.9445582,1.0,0.0031726653451038,nerve,immune,immune-nerve,nerve_to_immune,nerve_c7,t_cell,0.17,15.0,0.5776,True,0.114,24.0,0.7175,True,True
immune_microglia,nerve_c3,PSAP,SORT1,1.8707387,0.0,3.238588,1.146013786128496,1.812711871265703,0.016263574,0.94280297,0.0927052591212596,0.0031802294531517,immune,nerve,immune-nerve,immune_to_nerve,nerve_c3,microglia,0.1893,16.0,0.5434,True,0.0584,28.0,0.8514,True,True
nerve_c0,immune_tam,COL4A5,CD44,1.8703928,0.0,3.4972372,3.1012478100873655,2.258917218289884,0.038753767,0.9448397,0.0012648664704358,0.0031878024504207,nerve,immune,immune-nerve,nerve_to_immune,nerve_c0,tam,0.1812,15.0,0.5697,True,0.221,21.0,0.6495,True,True
nerve_c0,immune_nk_cell,APP,CD74,1.869715,0.0,3.4798236,0.6250485923067415,-0.1697143291791425,0.0063299024,0.94470954,1.0,0.0032029757354009,nerve,immune,immune-nerve,nerve_to_immune,nerve_c0,nk_cell,0.1812,15.0,0.5697,True,0.1807,21.0,0.6809,True,True
immune_tam,nerve_c9,PSAP,GPR37,1.8675753,0.0,3.218305,2.223502359235364,1.1753476777939715,0.024384554,0.94263333,0.0584463858624115,0.0032258013870781,immune,nerve,immune-nerve,immune_to_nerve,nerve_c9,tam,0.4802,7.0,0.3212,True,0.221,21.0,0.6495,True,True
nerve_c15,immune_t_cell,SPP1,ITGA4_ITGB1,2.1185496,0.0,2.254614,0.6916613316031889,0.2503273709665534,0.022165285,0.9322183,0.1694233945468219,0.0032334277116143,nerve,immune,immune-nerve,nerve_to_immune,nerve_c15,t_cell,0.2441,11.0,0.4778,True,0.114,24.0,0.7175,True,True
immune_t_cell,malignant,S100A4,EGFR,1.8667829,0.0,3.3553925,0.9252920363377783,2.875099672304278,0.06284248,0.9437508,0.0126721102522122,0.0032334277116143,immune,tumor,immune-tumor,immune_to_tumor,,t_cell,,,,,0.114,24.0,0.7175,True,True
immune_microglia,nerve_c15,APOE,SORL1,2.218248,0.0,2.2529895,0.3499040668052131,1.6139956331612453,0.02308773,0.93219554,0.1049144469872203,0.0032410635505475,immune,nerve,immune-nerve,immune_to_nerve,nerve_c15,microglia,0.2441,11.0,0.4778,True,0.0584,28.0,0.8514,True,True
immune_microglia,nerve_c13,IL18,IL1RAPL1,1.866112,0.0,2.492302,1.8001705765154514,2.7288792254769794,0.03325908,0.93531716,0.0224271467908169,0.0032487076479775,immune,nerve,immune-nerve,immune_to_nerve,nerve_c13,microglia,0.3452,18.0,0.5887,True,0.0584,28.0,0.8514,True,True
nerve_c9,immune_nk_cell,JAG1,NOTCH1,0.09535823,1.0,0.007834221,-0.1216074269151071,-0.1713694105897915,0.0054678265,0.44773147,1.0,0.0032612386600668,nerve,immune,immune-nerve,nerve_to_immune,nerve_c9,nk_cell,0.4802,7.0,0.3212,True,0.1807,21.0,0.6809,True,True
nerve_c15,immune_tam,COPA,CD74,1.8650725,0.0,2.6602209,0.5253508724079277,0.1483419891011769,0.011224386,0.9372617,0.3398905571752494,0.0032640224987798,nerve,immune,immune-nerve,nerve_to_immune,nerve_c15,tam,0.2441,11.0,0.4778,True,0.221,21.0,0.6495,True,True
immune_microglia,nerve_c9,PSAP,GPR37,1.8650522,0.0,3.2115006,2.2215069836355,1.9519627451154808,0.024333,0.94257605,0.0099875148304404,0.0032716932513149,immune,nerve,immune-nerve,immune_to_nerve,nerve_c9,microglia,0.4802,7.0,0.3212,True,0.0584,28.0,0.8514,True,True
immune_tam,nerve_c4,NAMPT,INSR,1.864177,0.0,3.276285,1.8281725697647015,1.7285335038418248,0.040262118,0.94311416,0.0321537942122805,0.0032870620410487,immune,nerve,immune-nerve,immune_to_nerve,nerve_c4,tam,0.1779,16.0,0.5438,True,0.221,21.0,0.6495,True,True
nerve_c1,malignant,NCAM1,PTPRZ1,1.8623152,0.0,3.005691,0.9532260186770396,2.286435217530129,0.02944448,0.94075716,0.0584463858624115,0.0033101809032647,nerve,tumor,nerve-tumor,nerve_to_tumor,nerve_c1,,0.1941,18.0,0.5886,True,,,,,True
immune_t_cell,nerve_neuron,CALM1,CACNA1C,1.861913,0.0,3.4152112,2.1528265325594633,1.7776658750182552,0.11768197,0.944218,0.0002935616865014,0.0033179055908477,immune,nerve,immune-nerve,immune_to_nerve,nerve_neuron,t_cell,0.5032,7.0,0.4667,False,0.114,24.0,0.7175,True,False
immune_dendritic,nerve_c0,IL18,IL1RAPL1,2.3922677,0.0,2.2373266,2.390921126298443,2.4607753406938615,0.029856507,0.93197477,0.005792945298987,0.0033488906151342,immune,nerve,immune-nerve,immune_to_nerve,nerve_c0,dendritic,0.1812,15.0,0.5697,True,0.1168,23.0,0.7139,True,True
nerve_c20,immune_tam,COPA,CD74,1.8560247,0.0,2.610103,0.5113563753804835,0.1036338999436474,0.011012922,0.93670017,0.3695689149684744,0.0033644370488123,nerve,immune,immune-nerve,nerve_to_immune,nerve_c20,tam,0.7889,9.0,0.1802,False,0.221,21.0,0.6495,True,False
immune_tam,nerve_c9,LGALS1,ITGB1,1.8512037,0.0,2.7385669,0.7214279734757388,0.6991050353514946,0.026796961,0.9381097,0.0584463858624115,0.0033956351862497,immune,nerve,immune-nerve,immune_to_nerve,nerve_c9,tam,0.4802,7.0,0.3212,True,0.221,21.0,0.6495,True,True
nerve_neuron,immune_dendritic,COPA,CD74,2.4135566,0.0,2.233695,0.5738936174309442,0.784218858154401,0.009424727,0.9319233,0.4970848874510563,0.0034034575588458,nerve,immune,immune-nerve,nerve_to_immune,nerve_neuron,dendritic,0.5032,7.0,0.4667,False,0.1168,23.0,0.7139,True,False
nerve_c1,immune_tam,RPS19,C5AR1,1.8503487,0.0,3.1321745,0.4503269392479666,0.146895363570791,0.050456095,0.9418954,0.2987181326453796,0.0034034575588458,nerve,immune,immune-nerve,nerve_to_immune,nerve_c1,tam,0.1941,18.0,0.5886,True,0.221,21.0,0.6495,True,True
nerve_c22,immune_nk_cell,B2M,KLRD1,1.8491902,0.303,3.3741355,2.2795189018622737,0.2528151404026659,0.026009873,0.9438985,0.2914598408902863,0.0034269760093146,nerve,immune,immune-nerve,nerve_to_immune,nerve_c22,nk_cell,1.0,1.0,-0.0,False,0.1807,21.0,0.6809,True,False
immune_microglia,nerve_c18,SPP1,CD44,2.3095338,0.0,2.2305129,0.2973805222365664,1.6577168637002613,0.03623465,0.93187803,0.1561904886643855,0.0034269760093146,immune,nerve,immune-nerve,immune_to_nerve,nerve_c18,microglia,0.5575,4.0,0.2111,False,0.0584,28.0,0.8514,True,False
immune_nk_cell,nerve_c7,CALM1,PDE1C,1.8491216,0.0,3.4009783,1.8733341838862725,1.648567949094058,0.017754009,0.9441079,0.0288357671071409,0.0034348332450131,immune,nerve,immune-nerve,immune_to_nerve,nerve_c7,nk_cell,0.17,15.0,0.5776,True,0.1807,21.0,0.6809,True,True
immune_dendritic,nerve_c10,ITGB3BP,ITGB5,0.091354035,1.0,0.007945375,-0.1319227442803578,-0.1970170865433222,0.0077006193,0.44947395,1.0,0.0034649873021906,immune,nerve,immune-nerve,immune_to_nerve,nerve_c10,dendritic,0.8274,7.0,0.1908,False,0.1168,23.0,0.7139,True,False
immune_tam,nerve_c5,VCAN,ITGB1,1.8441699,0.0,2.8086765,1.4790506775194052,1.8146532077909583,0.064755976,0.9388395,0.0030342794104116,0.0034900836857823,immune,nerve,immune-nerve,immune_to_nerve,nerve_c5,tam,0.5076,15.0,0.4523,False,0.221,21.0,0.6495,True,False
immune_microglia,nerve_c9,SPP1,CD44,2.3079386,0.0,2.217523,0.2956984547585395,1.5305585883339563,0.03602363,0.93169236,0.1579491481859436,0.0035138949876071,immune,nerve,immune-nerve,immune_to_nerve,nerve_c9,microglia,0.4802,7.0,0.3212,True,0.0584,28.0,0.8514,True,True
immune_t_cell,nerve_c4,CALM1,PDE1A,1.8433468,0.0,3.337647,2.8662530771024777,1.7633774281408652,0.034340944,0.9436099,0.0172989116312648,0.0035138949876071,immune,nerve,immune-nerve,immune_to_nerve,nerve_c4,t_cell,0.1779,16.0,0.5438,True,0.114,24.0,0.7175,True,True
immune_microglia,nerve_c22,APOE,LRP4,2.2127028,0.0,2.2102737,0.8783077557069869,2.45006213393141,0.034868717,0.9315881,0.0584463858624115,0.0035457682417462,immune,nerve,immune-nerve,immune_to_nerve,nerve_c22,microglia,1.0,1.0,-0.0,False,0.0584,28.0,0.8514,True,False
nerve_c16,malignant,MIF,EGFR,1.8403552,0.0,3.2757425,0.9673598858615228,2.718332224883853,0.08761118,0.94310975,0.0201007598085243,0.0035457682417462,nerve,tumor,nerve-tumor,nerve_to_tumor,nerve_c16,,0.2917,16.0,0.4833,True,,,,,True
nerve_c3,immune_tam,LRP1B,PLAUR,1.8386931,0.0,3.3582852,1.2737410581871926,1.4568304552568114,0.04148236,0.9437737,0.0326107609867056,0.003585809214215,nerve,immune,immune-nerve,nerve_to_immune,nerve_c3,tam,0.1893,16.0,0.5434,True,0.221,21.0,0.6495,True,True
nerve_c1,malignant,MIF,EGFR,1.8379719,0.0,3.2685597,0.9651939689433088,2.741785913902911,0.08741908,0.9430508,0.0203433389637941,0.0036099398165367,nerve,tumor,nerve-tumor,nerve_to_tumor,nerve_c1,,0.1941,18.0,0.5886,True,,,,,True
nerve_c13,immune_t_cell,SPP1,CD44,1.8368412,0.0,3.1553972,0.3053660461941191,-0.4809075769602708,0.009649526,0.94209725,1.0,0.0036180017467304,nerve,immune,immune-nerve,nerve_to_immune,nerve_c13,t_cell,0.3452,18.0,0.5887,True,0.114,24.0,0.7175,True,True
immune_tam,nerve_c9,S100A4,ERBB3,1.8660717,0.0,2.2013097,1.995938178803619,1.6886571633704348,0.018872226,0.93145853,0.023265307075759,0.0036260718802973,immune,nerve,immune-nerve,immune_to_nerve,nerve_c9,tam,0.4802,7.0,0.3212,True,0.221,21.0,0.6495,True,True
immune_dendritic,nerve_c0,CALM1,PDE1C,1.8352809,0.0,3.1858137,2.1752902269633094,1.450059999932148,0.016630793,0.9423583,0.0587563610421179,0.0036341508792239,immune,nerve,immune-nerve,immune_to_nerve,nerve_c0,dendritic,0.1812,15.0,0.5697,True,0.1168,23.0,0.7139,True,True
nerve_c0,immune_tam,LRP1B,PLAUR,1.8339303,0.0,3.3421993,1.2692770705593208,1.539383454873617,0.041283663,0.94364613,0.0331670632319781,0.0036503354714822,nerve,immune,immune-nerve,nerve_to_immune,nerve_c0,tam,0.1812,15.0,0.5697,True,0.221,21.0,0.6495,True,True
nerve_c12,immune_tam,LRP1B,PLAUR,1.8333848,0.0,3.340357,1.268765337391947,1.5434898356461195,0.041260906,0.9436315,0.0332329065251959,0.0036584417307549,nerve,immune,immune-nerve,nerve_to_immune,nerve_c12,tam,0.4368,7.0,0.335,True,0.221,21.0,0.6495,True,True
nerve_c6,malignant,NCAM1,PTPRZ1,1.8320258,0.0,2.8516755,0.9188040332345262,2.1960676638264913,0.027935706,0.93927425,0.0584463858624115,0.0036665561876634,nerve,tumor,nerve-tumor,nerve_to_tumor,nerve_c6,,0.2036,24.0,0.6567,True,,,,,True
immune_microglia,nerve_c10,TGS1,RXRA,0.095574126,1.0,0.008000334,-0.1513906767855009,-0.2295815697791323,0.005680408,0.45032698,1.0,0.0036687269705622,immune,nerve,immune-nerve,immune_to_nerve,nerve_c10,microglia,0.8274,7.0,0.1908,False,0.0584,28.0,0.8514,True,False
malignant,nerve_c5,PTN,NCL,1.8319268,0.0,3.0573556,0.7549449337963735,2.0482165311134346,0.06555551,0.9412303,0.0584463858624115,0.0036828116908617,tumor,nerve,nerve-tumor,tumor_to_nerve,nerve_c5,,0.5076,15.0,0.4523,False,,,,,False
nerve_c9,immune_tam,MIF,CD44_CD74,1.831735,0.0,3.350026,1.0480729778836753,1.2203300493193308,0.029861515,0.9437083,0.0584463858624115,0.0036909527363144,nerve,immune,immune-nerve,nerve_to_immune,nerve_c9,tam,0.4802,7.0,0.3212,True,0.221,21.0,0.6495,True,True
nerve_c10,immune_microglia,SPP1,ITGAV_ITGB1,2.1181881,0.0,2.1914337,0.2925525171751906,-0.2566805676552053,0.0218682,0.9313148,0.9573981260588592,0.0037154297149418,nerve,immune,immune-nerve,nerve_to_immune,nerve_c10,microglia,0.8274,7.0,0.1908,False,0.0584,28.0,0.8514,True,False
malignant,immune_nk_cell,PTN,NCL,1.8272588,0.0,3.0351515,0.7497176186046209,2.194118841803084,0.0064171124,0.94102836,0.1388029255029848,0.0037481895169293,tumor,immune,immune-tumor,tumor_to_immune,,nk_cell,,,,,0.1807,21.0,0.6809,True,True
immune_tam,nerve_c15,FN1,MAG,1.8287235,0.0,2.186849,3.712538331995985,2.867166169494549,0.04265807,0.93124783,2.170269626468556e-05,0.0037481895169293,immune,nerve,immune-nerve,immune_to_nerve,nerve_c15,tam,0.2441,11.0,0.4778,True,0.221,21.0,0.6495,True,True
nerve_c2,immune_t_cell,SPP1,ITGA4_ITGB1,2.0633695,0.0,2.185748,0.6651090039376505,0.1187186970057938,0.021488259,0.9312317,0.3440743935691657,0.0037564014482042,nerve,immune,immune-nerve,nerve_to_immune,nerve_c2,t_cell,0.4082,17.0,0.533,True,0.114,24.0,0.7175,True,True
immune_t_cell,nerve_neuron,CALM1,GRM7,1.827086,0.0,3.269713,3.0489154152359075,1.794845260874759,0.10869131,0.9430603,0.000265399325671,0.003764622238141,immune,nerve,immune-nerve,immune_to_nerve,nerve_neuron,t_cell,0.5032,7.0,0.4667,False,0.114,24.0,0.7175,True,False
nerve_c15,immune_nk_cell,HMGB1,CXCR4,1.8265568,0.0,3.3070338,0.4886914731170118,0.61010303917052,0.012916751,0.94336426,0.21286951775072,0.003772851886321,nerve,immune,immune-nerve,nerve_to_immune,nerve_c15,nk_cell,0.2441,11.0,0.4778,True,0.1807,21.0,0.6809,True,True
immune_microglia,nerve_c3,LGALS9,PTPRK,1.9077439,0.0,2.180267,2.597695696225579,2.6367421484609137,0.03421136,0.9311513,0.0026827291988428,0.003822416456413,immune,nerve,immune-nerve,immune_to_nerve,nerve_c3,microglia,0.1893,16.0,0.5434,True,0.0584,28.0,0.8514,True,True
nerve_c18,immune_t_cell,MIF,CD74_CXCR4,1.8244643,0.0,3.268115,0.2434679407533814,-0.3278542157941089,0.012144067,0.94304717,1.0,0.003822416456413,nerve,immune,immune-nerve,nerve_to_immune,nerve_c18,t_cell,0.5575,4.0,0.2111,False,0.114,24.0,0.7175,True,False
nerve_c15,immune_microglia,SPP1,ITGAV_ITGB1,2.1081266,0.0,2.179296,0.2877105571458425,-0.1977723813898335,0.021747079,0.93113697,0.9809317301028572,0.0038307081013025,nerve,immune,immune-nerve,nerve_to_immune,nerve_c15,microglia,0.2441,11.0,0.4778,True,0.0584,28.0,0.8514,True,True
nerve_c20,immune_nk_cell,APP,CD74,1.8243377,0.0,3.3216221,0.5735223243960202,-0.2676235594190553,0.00604213,0.9434817,1.0,0.0038390092838888,nerve,immune,immune-nerve,nerve_to_immune,nerve_c20,nk_cell,0.7889,9.0,0.1802,False,0.1807,21.0,0.6809,True,False
immune_t_cell,nerve_c4,CALM1,GRM3,1.824028,0.0,3.2569377,3.0317562842470887,1.6856459231251195,0.023841467,0.9429551,0.0236559652582234,0.0038473186388762,immune,nerve,immune-nerve,immune_to_nerve,nerve_c4,t_cell,0.1779,16.0,0.5438,True,0.114,24.0,0.7175,True,True
nerve_c1,immune_dendritic,HMGB1,CXCR4,1.8236847,0.0,3.3231149,0.4996913731395885,0.5447179892876697,0.012979561,0.94349366,0.2088022549678908,0.0038556368479206,nerve,immune,immune-nerve,nerve_to_immune,nerve_c1,dendritic,0.1941,18.0,0.5886,True,0.1168,23.0,0.7139,True,True
nerve_c6,immune_microglia,HLA-A,APLP2,1.8233466,0.0,2.667201,0.3173532923513685,0.4570440962453909,0.021181332,0.9373387,0.1345244012954418,0.0038639639106035,nerve,immune,immune-nerve,nerve_to_immune,nerve_c6,microglia,0.2036,24.0,0.6567,True,0.0584,28.0,0.8514,True,True
immune_t_cell,nerve_neuron,CALM1,GRM5,1.8229177,0.0,3.2522993,3.673594176996379,1.812889151007345,0.13427481,0.94291675,0.0002371375029748,0.0038722998265061,immune,nerve,immune-nerve,immune_to_nerve,nerve_neuron,t_cell,0.5032,7.0,0.4667,False,0.114,24.0,0.7175,True,False
nerve_c10,malignant,BMP2,SMO,0.09136845,0.0,0.008078342,0.3642360787322918,0.2003707625619991,0.08755668,0.45152822,0.2243402196092092,0.0038724574036464,nerve,tumor,nerve-tumor,nerve_to_tumor,nerve_c10,,0.8274,7.0,0.1908,False,,,,,False
immune_nk_cell,nerve_c0,CALM1,GRM3,1.8217556,0.0,3.2923744,3.164711997247299,1.733477475493128,0.024100872,0.9432455,0.0197395065361875,0.0038889989034661,immune,nerve,immune-nerve,immune_to_nerve,nerve_c0,nk_cell,0.1812,15.0,0.5697,True,0.1807,21.0,0.6809,True,True
nerve_c0,immune_tam,COPA,CD74,1.8209476,0.0,2.4157994,0.4571018643690452,0.0692015470750543,0.010193088,0.93436766,0.4510621282246843,0.0039141128790175,nerve,immune,immune-nerve,nerve_to_immune,nerve_c0,tam,0.1812,15.0,0.5697,True,0.221,21.0,0.6495,True,True
immune_tam,nerve_c10,LGALS1,ITGB1,1.8207167,0.0,2.5751023,0.682011042301941,0.6224453186467682,0.025197458,0.9362988,0.0584463858624115,0.0039309004744315,immune,nerve,immune-nerve,immune_to_nerve,nerve_c10,tam,0.8274,7.0,0.1908,False,0.221,21.0,0.6495,True,False
nerve_c6,immune_t_cell,LGALS1,PTPRC,1.8190637,0.0,3.09438,0.6160984004387225,0.7446689287202366,0.02799997,0.94156235,0.0584463858624115,0.0039393072024775,nerve,immune,immune-nerve,nerve_to_immune,nerve_c6,t_cell,0.2036,24.0,0.6567,True,0.114,24.0,0.7175,True,True
nerve_c3,malignant,PTN,PTPRZ1,1.8185365,0.0,2.783085,0.6156178238649501,1.4136821880053527,0.035054076,0.93857616,0.0584463858624115,0.003964580481654,nerve,tumor,nerve-tumor,nerve_to_tumor,nerve_c3,,0.1893,16.0,0.5434,True,,,,,True
immune_microglia,nerve_c18,C1QB,C1QBP,1.8853693,0.0,2.1611712,0.5967491135884009,2.3455428791308925,0.056582008,0.93086874,0.0584463858624115,0.0039814742712912,immune,nerve,immune-nerve,immune_to_nerve,nerve_c18,microglia,0.5575,4.0,0.2111,False,0.0584,28.0,0.8514,True,False
malignant,immune_tam,RPS19,C5AR1,1.8178539,0.0,3.0470164,0.4292383118649784,0.4287287478522925,0.038798146,0.94113654,0.0584463858624115,0.0039814742712912,tumor,immune,immune-tumor,tumor_to_immune,,tam,,,,,0.221,21.0,0.6495,True,True
immune_tam,nerve_c9,VCAN,ITGB1,1.8176415,0.0,2.6699984,1.4447508150896249,1.7669454604913013,0.06155866,0.93736947,0.003680741334737,0.0039899340904984,immune,nerve,immune-nerve,immune_to_nerve,nerve_c9,tam,0.4802,7.0,0.3212,True,0.221,21.0,0.6495,True,True
nerve_c0,malignant,IL1RAPL1,PTPRS,2.3832288,0.0,2.1603286,2.602892615876574,3.1168281262789863,0.08081786,0.93085617,0.0006553901015074,0.0039899340904984,nerve,tumor,nerve-tumor,nerve_to_tumor,nerve_c0,,0.1812,15.0,0.5697,True,,,,,True
immune_dendritic,nerve_c4,IL18,IL1RAPL1,2.318713,0.0,2.1600518,2.304572912809353,2.249447788985394,0.028825298,0.93085206,0.0074496707790174,0.003998402756646,immune,nerve,immune-nerve,immune_to_nerve,nerve_c4,dendritic,0.1779,16.0,0.5438,True,0.1168,23.0,0.7139,True,True
nerve_c13,immune_tam,COPA,CD74,1.8173339,0.0,2.395782,0.4515130159513589,0.1320438178319941,0.010108627,0.9341121,0.4620954715963111,0.003998402756646,nerve,immune,immune-nerve,nerve_to_immune,nerve_c13,tam,0.3452,18.0,0.5887,True,0.221,21.0,0.6495,True,True
immune_tam,nerve_c6,TIMP1,FGFR2,1.8137944,0.0,2.3337543,1.8102085837158943,2.2166604541511443,0.014851929,0.9333002,0.0339155909849209,0.0040323665818062,immune,nerve,immune-nerve,immune_to_nerve,nerve_c6,tam,0.2036,24.0,0.6567,True,0.221,21.0,0.6495,True,True
nerve_c5,immune_t_cell,SPP1,ITGA4_ITGB1,2.040466,0.0,2.1571639,0.6540884798960391,0.0768739956447186,0.021207245,0.930809,0.4200805671258678,0.0040408794771041,nerve,immune,immune-nerve,nerve_to_immune,nerve_c5,t_cell,0.5076,15.0,0.4523,False,0.114,24.0,0.7175,True,False
nerve_c7,immune_tam,COPA,CD74,1.8124964,0.0,2.3689854,0.4440312111822629,0.1339632261187203,0.009995564,0.93376505,0.47552786922205,0.0040579325022863,nerve,immune,immune-nerve,nerve_to_immune,nerve_c7,tam,0.17,15.0,0.5776,True,0.221,21.0,0.6495,True,True
nerve_c16,immune_t_cell,HMGB1,CXCR4,1.8124925,0.0,3.0598762,0.4577699467455178,0.7882088092626247,0.011951393,0.94125307,0.277947628818767,0.0040664719303416,nerve,immune,immune-nerve,nerve_to_immune,nerve_c16,t_cell,0.2917,16.0,0.4833,True,0.114,24.0,0.7175,True,True
nerve_c4,immune_dendritic,LRPAP1,LRP1,0.09038311,1.0,0.008091941,-0.5911894457353839,-0.9592792736365864,0.00061751873,0.45173648,1.0,0.0040761786016524,nerve,immune,immune-nerve,nerve_to_immune,nerve_c4,dendritic,0.1779,16.0,0.5438,True,0.1168,23.0,0.7139,True,True
nerve_c6,immune_t_cell,HLA-A,CD8A,1.8115157,0.0,2.6048722,1.089762999796531,1.327691789135394,0.069823906,0.9366407,0.0174025377020037,0.0040835773155522,nerve,immune,immune-nerve,nerve_to_immune,nerve_c6,t_cell,0.2036,24.0,0.6567,True,0.114,24.0,0.7175,True,True
nerve_c7,immune_tam,PSEN1,CD44,1.8114151,0.0,3.272646,1.9571459029525076,2.001829410189119,0.03074813,0.94308436,0.0223658610840498,0.0040921432718702,nerve,immune,immune-nerve,nerve_to_immune,nerve_c7,tam,0.17,15.0,0.5776,True,0.221,21.0,0.6495,True,True
nerve_c9,malignant,SPP1,CD44,2.1888897,0.0,2.1475875,0.2436604415709461,-0.3801966782884556,0.0055586346,0.93066555,1.0,0.0041007180701052,nerve,tumor,nerve-tumor,nerve_to_tumor,nerve_c9,,0.4802,7.0,0.3212,True,,,,,True
malignant,nerve_c1,TIMP1,CD63,1.8109069,0.0,2.8563287,0.4124625522765265,0.6399327908786057,0.011345379,0.93932074,0.3290685936598277,0.0041178948974595,tumor,nerve,nerve-tumor,tumor_to_nerve,nerve_c1,,0.1941,18.0,0.5886,True,,,,,True
immune_microglia,nerve_c20,APOE,LRP6,2.2043376,0.0,2.1458373,0.8238623600691146,2.1420817520567312,0.02789151,0.93063927,0.0584463858624115,0.0041178948974595,immune,nerve,immune-nerve,immune_to_nerve,nerve_c20,microglia,0.7889,9.0,0.1802,False,0.0584,28.0,0.8514,True,False
nerve_c10,malignant,CALM1,PTPRA,1.8100296,0.0,2.241986,0.8596268528453597,1.0943559810800747,0.024954898,0.9320407,0.0584463858624115,0.0041351063821043,nerve,tumor,nerve-tumor,nerve_to_tumor,nerve_c10,,0.8274,7.0,0.1908,False,,,,,False
immune_nk_cell,nerve_neuron,CALM1,CACNA1C,1.8096267,0.0,3.2442393,2.1051939203342327,1.6699247249992923,0.1117906,0.94284993,0.0005589454957318,0.0041523539357596,immune,nerve,immune-nerve,immune_to_nerve,nerve_neuron,nk_cell,0.5032,7.0,0.4667,False,0.1807,21.0,0.6809,True,False
immune_microglia,nerve_c22,APOE,SORL1,2.2035868,0.0,2.1400528,0.3330877957881923,1.8753842714725515,0.0219304,0.9305521,0.1195634094999991,0.0041696361371001,immune,nerve,immune-nerve,immune_to_nerve,nerve_c22,microglia,1.0,1.0,-0.0,False,0.0584,28.0,0.8514,True,False
nerve_c5,immune_tam,MIF,CD44_CD74,1.806961,0.0,3.255685,1.0255539963351517,1.2109156484697814,0.02902058,0.94294477,0.0584463858624115,0.004212997015541,nerve,immune,immune-nerve,nerve_to_immune,nerve_c5,tam,0.5076,15.0,0.4523,False,0.221,21.0,0.6495,True,False
nerve_c17,malignant,SPP1,CD44,2.1747303,0.0,2.1316452,0.2368470939278351,-0.2958616768700135,0.0055173705,0.9304248,1.0,0.0042304029377744,nerve,tumor,nerve-tumor,nerve_to_tumor,nerve_c17,,0.712,4.0,0.1815,False,,,,,False
nerve_c18,immune_microglia,LGALS1,PTPRC,1.8044534,0.0,2.9197373,0.5008954338717511,0.638824765568796,0.02641969,0.93994343,0.0584463858624115,0.004239119151929,nerve,immune,immune-nerve,nerve_to_immune,nerve_c18,microglia,0.5575,4.0,0.2111,False,0.0584,28.0,0.8514,True,False
immune_tam,nerve_c13,PSAP,SORT1,1.8036399,0.0,2.9131103,1.0339914055569055,1.0660508562675863,0.014629086,0.9398793,0.1379732015740389,0.004256578802654,immune,nerve,immune-nerve,immune_to_nerve,nerve_c13,tam,0.3452,18.0,0.5887,True,0.221,21.0,0.6495,True,True
nerve_c17,immune_tam,RPS19,C5AR1,1.8036346,0.001,3.009752,0.4199978850283994,0.3094470358723344,0.048484,0.94079477,0.7892058025410258,0.0042653215206803,nerve,immune,immune-nerve,nerve_to_immune,nerve_c17,tam,0.712,4.0,0.1815,False,0.221,21.0,0.6495,True,False
immune_microglia,nerve_c4,LGALS9,PTPRK,1.8695681,0.0,2.1268392,2.5358992903716393,2.50646014724031,0.033373002,0.93035173,0.0033417458142782,0.0042696965520601,immune,nerve,immune-nerve,immune_to_nerve,nerve_c4,microglia,0.1779,16.0,0.5438,True,0.0584,28.0,0.8514,True,True
nerve_c9,immune_microglia,JAG1,NOTCH2,0.098031975,1.0,0.008154409,-0.1215931184046402,-0.2071115149083732,0.0040173302,0.45268896,1.0,0.0042798905647896,nerve,immune,immune-nerve,nerve_to_immune,nerve_c9,microglia,0.4802,7.0,0.3212,True,0.0584,28.0,0.8514,True,True
nerve_c9,immune_t_cell,SPP1,PTGER4,2.1860259,0.0,2.1257381,0.5327316110132364,0.0549325913648862,0.020628428,0.9303349,0.4655529340472343,0.0042916033956903,nerve,immune,immune-nerve,nerve_to_immune,nerve_c9,t_cell,0.4802,7.0,0.3212,True,0.114,24.0,0.7175,True,True
immune_tam,nerve_c7,NAMPT,INSR,1.8015792,0.0,2.987068,1.7037607198612212,1.8271127102244664,0.03670794,0.9405837,0.0442602654323836,0.0043003814461094,immune,nerve,immune-nerve,immune_to_nerve,nerve_c7,tam,0.17,15.0,0.5776,True,0.221,21.0,0.6495,True,True
immune_microglia,nerve_c13,PSAP,SORT1,1.8011167,0.0,2.9069512,1.0319960299570412,1.8426659235890956,0.014598156,0.93981946,0.1390790187010051,0.0043267685869126,immune,nerve,immune-nerve,immune_to_nerve,nerve_c13,microglia,0.3452,18.0,0.5887,True,0.0584,28.0,0.8514,True,True
nerve_c0,immune_tam,PSEN1,CD44,1.8007367,0.0,3.231982,1.9380670016221115,1.9158693809339395,0.030366072,0.94274783,0.0239509957616915,0.0043355826872686,nerve,immune,immune-nerve,nerve_to_immune,nerve_c0,tam,0.1812,15.0,0.5697,True,0.221,21.0,0.6495,True,True
nerve_c0,malignant,IL1RAPL1,PTPRD,2.3786983,0.0,2.1217363,2.5013508872178707,2.8204863977753343,0.09240684,0.93027383,0.0002905863325311,0.0043355826872686,nerve,tumor,nerve-tumor,nerve_to_tumor,nerve_c0,,0.1812,15.0,0.5697,True,,,,,True
nerve_c18,malignant,GSTP1,EGFR,1.799406,0.0,3.1523268,0.9673352935418618,2.724225214305222,0.06745298,0.94207066,0.0227881003487329,0.0043620757951086,nerve,tumor,nerve-tumor,nerve_to_tumor,nerve_c18,,0.5575,4.0,0.2111,False,,,,,False
immune_dendritic,nerve_c3,IL18,IL1RAPL1,2.2801683,0.0,2.1195579,2.2593254825988356,2.2549527994046112,0.028284917,0.9302405,0.0087744112991067,0.0043620757951086,immune,nerve,immune-nerve,immune_to_nerve,nerve_c3,dendritic,0.1893,16.0,0.5434,True,0.1168,23.0,0.7139,True,True
nerve_c1,malignant,SPP1,CD44,2.16102,0.0,2.1162086,0.2302497437388463,-0.3839842111476865,0.0054774163,0.9301892,1.0,0.0043797820123982,nerve,tumor,nerve-tumor,nerve_to_tumor,nerve_c1,,0.1941,18.0,0.5886,True,,,,,True
nerve_c9,malignant,CALM1,PTPRA,1.7990382,0.0,2.2245522,0.8496135981841159,1.0794235834945742,0.024760848,0.93179303,0.0584463858624115,0.0043797820123982,nerve,tumor,nerve-tumor,nerve_to_tumor,nerve_c9,,0.4802,7.0,0.3212,True,,,,,True
nerve_c2,immune_microglia,SPP1,ITGAV_ITGB1,2.0529466,0.0,2.1127305,0.2611582294803041,-0.3293810553505931,0.021082826,0.9301357,1.0,0.0044242027723169,nerve,immune,immune-nerve,nerve_to_immune,nerve_c2,microglia,0.4082,17.0,0.533,True,0.0584,28.0,0.8514,True,True
immune_t_cell,nerve_neuron,CALM1,KCNQ5,1.7979045,0.0,3.1478004,2.042419189812527,1.829864746491836,0.1127285,0.94203144,0.0003157382186078,0.0044242027723169,immune,nerve,immune-nerve,immune_to_nerve,nerve_neuron,t_cell,0.5032,7.0,0.4667,False,0.114,24.0,0.7175,True,False
nerve_c22,malignant,PTN,PTPRZ1,1.7964431,0.0,2.670744,0.599624326316377,1.5486600671405613,0.033639092,0.9373777,0.0584463858624115,0.004433113991236,nerve,tumor,nerve-tumor,nerve_to_tumor,nerve_c22,,1.0,1.0,-0.0,False,,,,,False
malignant,immune_t_cell,LGALS1,PTPRC,1.7957547,0.0,2.9879818,0.5991792487781991,0.8416220287831946,0.024644436,0.9405922,0.0584463858624115,0.0044509614409744,tumor,immune,immune-tumor,tumor_to_immune,,t_cell,,,,,0.114,24.0,0.7175,True,True
nerve_c17,immune_t_cell,SPP1,PTGER4,2.1718664,0.0,2.109958,0.5259182633701255,0.1392675927833283,0.020475294,0.9300931,0.3096358030236021,0.0044509614409744,nerve,immune,immune-nerve,nerve_to_immune,nerve_c17,t_cell,0.712,4.0,0.1815,False,0.114,24.0,0.7175,True,False
nerve_c21,immune_tam,RPS19,C5AR1,1.7935328,0.09,2.983279,0.413439910050544,0.4350820524731009,0.048057545,0.94054824,0.5223794852642639,0.0044777995367667,nerve,immune,immune-nerve,nerve_to_immune,nerve_c21,tam,1.0,1.0,-0.0,False,0.221,21.0,0.6495,True,False
immune_dendritic,nerve_c10,ADAM15,ITGA5,0.09202525,0.996,0.008218452,-0.0372848622060506,-0.0918947106322904,0.020702863,0.45365825,1.0,0.0044835935549408,immune,nerve,immune-nerve,immune_to_nerve,nerve_c10,dendritic,0.8274,7.0,0.1908,False,0.1168,23.0,0.7139,True,False
immune_nk_cell,nerve_c4,CALM1,PDE1A,1.7910606,0.0,3.170558,2.818620464877247,1.6556362781219025,0.03262177,0.94222784,0.0267191979424262,0.0045137062122983,immune,nerve,immune-nerve,immune_to_nerve,nerve_c4,nk_cell,0.1779,16.0,0.5438,True,0.1807,21.0,0.6809,True,True
nerve_c12,immune_tam,APP,CD74,1.790437,0.0,2.2467916,0.2126416708812397,-0.2484125148487908,0.0040869806,0.93210846,1.0,0.0045317132236097,nerve,immune,immune-nerve,nerve_to_immune,nerve_c12,tam,0.4368,7.0,0.335,True,0.221,21.0,0.6495,True,True
nerve_c18,malignant,PTN,PTPRZ1,1.7904072,0.0,2.6400523,0.5952548881285866,1.4359431643969691,0.03325252,0.9370376,0.0584463858624115,0.0045407295912127,nerve,tumor,nerve-tumor,nerve_to_tumor,nerve_c18,,0.5575,4.0,0.2111,False,,,,,False
nerve_c21,immune_nk_cell,PKM,CD44,1.7903833,0.0,2.6040196,0.986772574420578,1.357499082478097,0.028280394,0.93663096,0.0584463858624115,0.0045497547793831,nerve,immune,immune-nerve,nerve_to_immune,nerve_c21,nk_cell,1.0,1.0,-0.0,False,0.1807,21.0,0.6809,True,False
nerve_c18,malignant,CALM1,PTPRA,1.7899786,0.0,2.2101827,0.8413608251152969,1.3731482014028118,0.024600904,0.9315868,0.0584463858624115,0.0045678316157511,nerve,tumor,nerve-tumor,nerve_to_tumor,nerve_c18,,0.5575,4.0,0.2111,False,,,,,False
immune_tam,nerve_c10,VCAN,ITGB1,1.7871546,0.0,2.5106268,1.4053338839158271,1.690285743786575,0.05788424,0.9355384,0.0053260964859076,0.0046131787847536,immune,nerve,immune-nerve,immune_to_nerve,nerve_c10,tam,0.8274,7.0,0.1908,False,0.221,21.0,0.6495,True,False
nerve_c1,immune_t_cell,SPP1,PTGER4,2.1581564,0.0,2.0946786,0.5193209131811366,0.0511450585056553,0.020327022,0.9298564,0.4745745220826903,0.0046131787847536,nerve,immune,immune-nerve,nerve_to_immune,nerve_c1,t_cell,0.1941,18.0,0.5886,True,0.114,24.0,0.7175,True,True
nerve_c9,immune_microglia,SPP1,CD44,2.1818058,0.0,2.0935407,0.2361933815053137,-0.505295118864471,0.0064022606,0.9298387,1.0,0.0046222752712998,nerve,immune,immune-nerve,nerve_to_immune,nerve_c9,microglia,0.4802,7.0,0.3212,True,0.0584,28.0,0.8514,True,True
nerve_c22,immune_t_cell,APP,CD74,1.7857307,0.003,3.1077158,0.4268671251194167,-0.1259174373711572,0.0056530274,0.94168055,1.0,0.0046678862103642,nerve,immune,immune-nerve,nerve_to_immune,nerve_c22,t_cell,1.0,1.0,-0.0,False,0.114,24.0,0.7175,True,False
nerve_c0,malignant,PTN,PTPRZ1,1.7854537,0.0,2.6148646,0.591668991953424,1.3994350970759566,0.03293527,0.9367542,0.0584463858624115,0.0046770355965028,nerve,tumor,nerve-tumor,nerve_to_tumor,nerve_c0,,0.1812,15.0,0.5697,True,,,,,True
nerve_c4,malignant,IL1RAPL1,PTPRS,2.309674,0.0,2.0857134,2.516544402387484,2.905500574570519,0.07802651,0.9297164,0.0007949417219086,0.0046861930451226,nerve,tumor,nerve-tumor,nerve_to_tumor,nerve_c4,,0.1779,16.0,0.5438,True,,,,,True
nerve_c10,immune_dendritic,AGRN,LRP1,0.091569275,1.0,0.0083272,-0.2496112378695967,-0.5171505274753652,0.0015833505,0.45528784,1.0,0.0046872870489565,nerve,immune,immune-nerve,nerve_to_immune,nerve_c10,dendritic,0.8274,7.0,0.1908,False,0.1168,23.0,0.7139,True,False
nerve_c5,immune_microglia,SPP1,ITGAV_ITGB1,2.0300431,0.0,2.0851011,0.2501377054386926,-0.3712257567116683,0.020807115,0.9297068,1.0,0.0046953593076118,nerve,immune,immune-nerve,nerve_to_immune,nerve_c5,microglia,0.5076,15.0,0.4523,False,0.0584,28.0,0.8514,True,False
nerve_neuron,immune_t_cell,APP,CD74,1.7807801,0.0,3.0872147,0.421245412056631,-0.2969085239293618,0.005615735,0.9414985,1.0,0.0047321132447685,nerve,immune,immune-nerve,nerve_to_immune,nerve_neuron,t_cell,0.5032,7.0,0.4667,False,0.114,24.0,0.7175,True,False
immune_microglia,nerve_c6,TIMP1,CD63,1.8880353,0.0,2.0833023,0.4439167061838406,0.1858906927372985,0.009741161,0.9296786,0.5139202791696977,0.0047413235710496,immune,nerve,immune-nerve,immune_to_nerve,nerve_c6,microglia,0.2036,24.0,0.6567,True,0.0584,28.0,0.8514,True,True
immune_t_cell,nerve_c3,CALM1,PDE1C,1.7791864,0.0,3.069601,1.6694180605486937,1.504715631487645,0.016024133,0.94134074,0.0488033389430294,0.0047505427086882,immune,nerve,immune-nerve,immune_to_nerve,nerve_c3,t_cell,0.1893,16.0,0.5434,True,0.114,24.0,0.7175,True,True
nerve_c1,immune_nk_cell,APP,CD74,1.7778159,0.0,3.15943,0.5206965235558554,-0.2728475406568241,0.0057470975,0.94213206,1.0,0.0047690081761407,nerve,immune,immune-nerve,nerve_to_immune,nerve_c1,nk_cell,0.1941,18.0,0.5886,True,0.1807,21.0,0.6809,True,True
nerve_c2,immune_t_cell,MIF,CD74_CXCR4,1.7773839,0.0,3.0731509,0.2006710095316826,-0.5560021930744949,0.011419595,0.94137263,1.0,0.0047782537460649,nerve,immune,immune-nerve,nerve_to_immune,nerve_c2,t_cell,0.4082,17.0,0.533,True,0.114,24.0,0.7175,True,True
nerve_c17,immune_microglia,SPP1,CD44,2.1676464,0.0,2.0779994,0.2293800338622028,-0.4209601174460289,0.006354734,0.9295953,1.0,0.0047875081256721,nerve,immune,immune-nerve,nerve_to_immune,nerve_c17,microglia,0.712,4.0,0.1815,False,0.0584,28.0,0.8514,True,False
immune_microglia,nerve_c22,IL18,IL1RAPL1,1.7762676,0.0,2.3357773,1.694701853339458,2.163361935115479,0.031170301,0.9333272,0.0450104185761727,0.0047967713145439,immune,nerve,immune-nerve,immune_to_nerve,nerve_c22,microglia,1.0,1.0,-0.0,False,0.0584,28.0,0.8514,True,False
immune_tam,nerve_c1,PSAP,SORT1,1.7757268,0.0,2.779868,0.9882781123022584,0.9722745172861098,0.0139599675,0.93854284,0.1621977550354314,0.0048153241184065,immune,nerve,immune-nerve,immune_to_nerve,nerve_c1,tam,0.1941,18.0,0.5886,True,0.221,21.0,0.6495,True,True
immune_nk_cell,nerve_neuron,CALM1,GRM7,1.7747996,0.0,3.106025,3.001282803010677,1.687104110855796,0.10325003,0.9416656,0.0005112223220897,0.0048246144966823,immune,nerve,immune-nerve,immune_to_nerve,nerve_neuron,nk_cell,0.5032,7.0,0.4667,False,0.1807,21.0,0.6809,True,False
immune_tam,nerve_c4,CALM1,PDE1C,1.7740088,0.0,3.1094675,1.9506217649300748,1.3253582512098567,0.016232247,0.941696,0.0880003011078653,0.00483391291915,immune,nerve,immune-nerve,immune_to_nerve,nerve_c4,tam,0.1779,16.0,0.5438,True,0.221,21.0,0.6495,True,True
malignant,immune_dendritic,HMGB1,CXCR4,1.7738775,0.0,3.1466362,0.4524388077202705,0.7007873493012087,0.010862964,0.94202137,0.3746367611304608,0.0048432201487892,tumor,immune,immune-tumor,tumor_to_immune,,dendritic,,,,,0.1168,23.0,0.7139,True,True
immune_microglia,nerve_c1,PSAP,SORT1,1.7732037,0.0,2.7739906,0.986282736702394,1.7488895846076191,0.013930453,0.93848175,0.1634460560540423,0.0048618610279072,immune,nerve,immune-nerve,immune_to_nerve,nerve_c1,microglia,0.1941,18.0,0.5886,True,0.0584,28.0,0.8514,True,True
immune_microglia,nerve_neuron,APOE,LRP4,2.1942,0.0,2.067747,0.8367043385216119,2.101525941777478,0.032620255,0.9294332,0.0584463858624115,0.0048618610279072,immune,nerve,immune-nerve,immune_to_nerve,nerve_neuron,microglia,0.5032,7.0,0.4667,False,0.0584,28.0,0.8514,True,False
immune_nk_cell,nerve_c10,HLA-A,APLP2,2.0126867,0.0,2.0672767,0.3907173755172837,0.2908100074266914,0.016866662,0.9294258,0.1333327345277076,0.0048711954442913,immune,nerve,immune-nerve,immune_to_nerve,nerve_c10,nk_cell,0.8274,7.0,0.1908,False,0.1807,21.0,0.6809,True,False
immune_nk_cell,nerve_c4,CALM1,GRM3,1.7717416,0.0,3.0938892,2.984123672021858,1.5779047731061568,0.02264792,0.94155794,0.0373686971555566,0.0048805378991538,immune,nerve,immune-nerve,immune_to_nerve,nerve_c4,nk_cell,0.1779,16.0,0.5438,True,0.1807,21.0,0.6809,True,True
nerve_c16,immune_t_cell,MIF,CD44_CD74,1.7715379,0.0,2.9765568,0.954481922247373,1.2396528588004478,0.026532479,0.9404851,0.0584463858624115,0.0048898891590946,nerve,immune,immune-nerve,nerve_to_immune,nerve_c16,t_cell,0.2917,16.0,0.4833,True,0.114,24.0,0.7175,True,True
immune_microglia,nerve_c9,LTBP3,ITGB5,0.0920644,1.0,0.008327732,-0.1542351818916141,-0.3193037476716429,0.007985465,0.45529574,1.0,0.0048909713087314,immune,nerve,immune-nerve,immune_to_nerve,nerve_c9,microglia,0.4802,7.0,0.3212,True,0.0584,28.0,0.8514,True,True
immune_nk_cell,nerve_neuron,CALM1,GRM5,1.7706314,0.0,3.089483,3.625961564771148,1.7051480009883822,0.12755276,0.9415187,0.000463239384467,0.004899249223695,immune,nerve,immune-nerve,immune_to_nerve,nerve_neuron,nk_cell,0.5032,7.0,0.4667,False,0.1807,21.0,0.6809,True,False
immune_tam,nerve_c18,LGALS1,ITGB1,1.7704973,0.0,2.3058364,0.6170803660916595,0.7860561295889344,0.022562679,0.9329246,0.0584463858624115,0.0049086180925365,immune,nerve,immune-nerve,immune_to_nerve,nerve_c18,tam,0.5575,4.0,0.2111,False,0.221,21.0,0.6495,True,False
nerve_c1,immune_microglia,SPP1,CD44,2.1539364,0.0,2.0629513,0.2227826836732139,-0.5090826517237019,0.006308716,0.92935705,1.0,0.0049179965365623,nerve,immune,immune-nerve,nerve_to_immune,nerve_c1,microglia,0.1941,18.0,0.5886,True,0.0584,28.0,0.8514,True,True
nerve_c1,immune_t_cell,MIF,CD44_CD74,1.7691547,0.0,2.9700298,0.952316005329159,1.2631065478195054,0.0264743,0.94042367,0.0584463858624115,0.0049273830133539,nerve,immune,immune-nerve,nerve_to_immune,nerve_c1,t_cell,0.1941,18.0,0.5886,True,0.114,24.0,0.7175,True,True
nerve_c20,immune_t_cell,HMGB1,CXCR4,1.7685878,0.0,2.8590474,0.4161151081218706,0.7339778653724598,0.011166988,0.9393478,0.345689357357169,0.0049367782931306,nerve,immune,immune-nerve,nerve_to_immune,nerve_c20,t_cell,0.7889,9.0,0.1802,False,0.114,24.0,0.7175,True,False
malignant,nerve_c22,NLGN1,NRXN1,1.7681545,0.0,2.8793635,1.2973577669467589,2.20258040749544,0.17695095,0.9395492,0.0017173060748716,0.0049508881044246,tumor,nerve,nerve-tumor,tumor_to_nerve,nerve_c22,,1.0,1.0,-0.0,False,,,,,False
nerve_c22,malignant,NRXN1,NLGN1,1.7681545,0.0,2.8793635,1.2973577669467589,2.20258040749544,0.17695095,0.9395492,0.0017173060748716,0.0049508881044246,nerve,tumor,nerve-tumor,nerve_to_tumor,nerve_c22,,1.0,1.0,-0.0,False,,,,,False
immune_microglia,nerve_c0,CALM1,PDE1C,1.7678099,0.0,2.8805187,2.1138269627696915,1.3197357150902411,0.015037072,0.9395606,0.0898793021857962,0.0049650169461856,immune,nerve,immune-nerve,immune_to_nerve,nerve_c0,microglia,0.1812,15.0,0.5697,True,0.0584,28.0,0.8514,True,True
nerve_c9,immune_dendritic,MIF,CD74_CXCR4,1.7655265,0.0,3.117047,0.7685299335992267,0.8775750863644738,0.020837303,0.9417628,0.0584463858624115,0.0049933355881881,nerve,immune,immune-nerve,nerve_to_immune,nerve_c9,dendritic,0.4802,7.0,0.3212,True,0.1168,23.0,0.7139,True,True
malignant,nerve_c7,NCAM1,NCAM2,1.7645068,0.0,2.6941488,1.6908261110724605,2.283723171889771,0.051555444,0.9376333,0.0106181098636128,0.0050122581671746,tumor,nerve,nerve-tumor,tumor_to_nerve,nerve_c7,,0.17,15.0,0.5776,True,,,,,True
nerve_c5,malignant,CALM1,PTPRA,1.7627891,0.0,2.1670566,0.8165911505606639,1.077228594761704,0.024120882,0.9309562,0.0584463858624115,0.0050217334350252,nerve,tumor,nerve-tumor,nerve_to_tumor,nerve_c5,,0.5076,15.0,0.4523,False,,,,,False
nerve_c13,immune_nk_cell,APP,CD74,1.7621047,0.0,3.104655,0.5028568038287523,-0.2263882761324219,0.00564746,0.9416535,1.0,0.0050312167230766,nerve,immune,immune-nerve,nerve_to_immune,nerve_c13,nk_cell,0.3452,18.0,0.5887,True,0.1807,21.0,0.6809,True,True
immune_t_cell,nerve_c10,HLA-A,APLP2,1.9989862,0.0,2.050719,0.3800338627494625,0.4299330415290495,0.01673157,0.9291616,0.0825964641645528,0.0050502096939017,immune,nerve,immune-nerve,immune_to_nerve,nerve_c10,t_cell,0.8274,7.0,0.1908,False,0.114,24.0,0.7175,True,False
immune_dendritic,nerve_c9,TIMP1,CD63,1.7613294,0.0,2.3981473,0.3584014218495371,0.248722319112105,0.011213322,0.9341424,0.3405756762938352,0.0050502096939017,immune,nerve,immune-nerve,immune_to_nerve,nerve_c9,dendritic,0.4802,7.0,0.3212,True,0.1168,23.0,0.7139,True,True
immune_dendritic,nerve_c5,TIMP1,CD63,1.7608438,0.0,2.3972516,0.3580158563172501,0.2132212601875474,0.011209134,0.9341309,0.3412046115452631,0.0050597193758382,immune,nerve,immune-nerve,immune_to_nerve,nerve_c5,dendritic,0.5076,15.0,0.4523,False,0.1168,23.0,0.7139,True,False
nerve_c22,immune_microglia,COPA,CD74,2.185421,0.0,2.05027,0.4664833099349349,1.9805701964326692,0.008650795,0.9291544,0.2550218359779324,0.0050597193758382,nerve,immune,immune-nerve,nerve_to_immune,nerve_c22,microglia,1.0,1.0,-0.0,False,0.0584,28.0,0.8514,True,False
nerve_c4,malignant,IL1RAPL1,PTPRD,2.3051436,0.0,2.0484538,2.4150026737287806,2.609158846066867,0.08921521,0.9291252,0.0003514589446711,0.0050692378548992,nerve,tumor,nerve-tumor,nerve_to_tumor,nerve_c4,,0.1779,16.0,0.5438,True,,,,,True
nerve_c18,immune_microglia,APOE,TREM2,1.7607858,0.022,3.0333958,0.2389422165420449,0.8807047635833851,0.06584821,0.9410123,0.4343271709722831,0.0050692378548992,nerve,immune,immune-nerve,nerve_to_immune,nerve_c18,microglia,0.5575,4.0,0.2111,False,0.0584,28.0,0.8514,True,False
nerve_c3,malignant,IL1RAPL1,PTPRS,2.2711294,0.0,2.046613,2.471296972176966,2.911005584989736,0.07656377,0.92909557,0.0009017382925501,0.0050787659143276,nerve,tumor,nerve-tumor,nerve_to_tumor,nerve_c3,,0.1893,16.0,0.5434,True,,,,,True
malignant,nerve_c12,NCAM1,NCAM2,1.7603219,0.0,2.6848,1.6855978304719943,2.2857517282396707,0.05137654,0.9375316,0.010848568277447,0.0050883019871049,tumor,nerve,nerve-tumor,tumor_to_nerve,nerve_c12,,0.4368,7.0,0.335,True,,,,,True
immune_dendritic,nerve_c10,PLAU,ITGB5,0.09438113,1.0,0.008377338,-0.1357117347884225,-0.2744794974484905,0.008578653,0.4560323,1.0,0.0050946463344747,immune,nerve,immune-nerve,immune_to_nerve,nerve_c10,dendritic,0.8274,7.0,0.1908,False,0.1168,23.0,0.7139,True,False
nerve_c10,malignant,SPP1,CD44,2.0980837,0.0,2.0453475,0.1999655631432632,-0.5011830742232231,0.005294005,0.92907524,1.0,0.0050978468557509,nerve,tumor,nerve-tumor,nerve_to_tumor,nerve_c10,,0.8274,7.0,0.1908,False,,,,,False
nerve_c16,immune_microglia,HLA-A,APLP2,1.7588942,0.0,2.5366786,0.2671346700479396,0.4637499129670749,0.020144802,0.93584895,0.1956268103242912,0.0051265350199913,nerve,immune,immune-nerve,nerve_to_immune,nerve_c16,microglia,0.2917,16.0,0.4833,True,0.0584,28.0,0.8514,True,True
nerve_c3,malignant,NLGN1,NRXN1,1.7581508,0.0,2.5869906,1.189317219139667,2.3061447259892063,0.08619399,0.936436,0.0110538756716207,0.0051409079964883,nerve,tumor,nerve-tumor,nerve_to_tumor,nerve_c3,,0.1893,16.0,0.5434,True,,,,,True
malignant,nerve_c3,NRXN1,NLGN1,1.7581508,0.0,2.5869906,1.189317219139667,2.3061447259892063,0.08619399,0.936436,0.0110538756716207,0.0051409079964883,tumor,nerve,nerve-tumor,tumor_to_nerve,nerve_c3,,0.1893,16.0,0.5434,True,,,,,True
nerve_c20,malignant,PTN,PTPRZ1,1.7567716,0.0,2.4690216,0.570906003109284,1.3619927616666592,0.03109832,0.93503267,0.0584463858624115,0.0051745239877382,nerve,tumor,nerve-tumor,nerve_to_tumor,nerve_c20,,0.7889,9.0,0.1802,False,,,,,False
malignant,nerve_c22,APP,DCC,1.7560674,0.0,2.8142571,2.2124321639378035,2.2146473583106516,0.13973016,0.9388964,0.0001454111761616,0.0051841480018097,tumor,nerve,nerve-tumor,tumor_to_nerve,nerve_c22,,1.0,1.0,-0.0,False,,,,,False
nerve_c6,malignant,MIF,EGFR,1.7544026,0.0,3.0166917,0.889229232158711,2.605184821298098,0.080682755,0.94085884,0.0278738248158058,0.0052034224045811,nerve,tumor,nerve-tumor,nerve_to_tumor,nerve_c6,,0.2036,24.0,0.6567,True,,,,,True
immune_t_cell,nerve_c4,CALM1,INSR,1.7535481,0.0,2.9624915,1.5146651367475346,1.3181511450445418,0.021620983,0.94035244,0.0584463858624115,0.0052130727924438,immune,nerve,immune-nerve,immune_to_nerve,nerve_c4,t_cell,0.1779,16.0,0.5438,True,0.114,24.0,0.7175,True,True
immune_dendritic,nerve_c21,HLA-A,APLP2,1.7531357,0.0,2.4650607,0.2554816471265979,0.6907573398517739,0.020112135,0.9349839,0.2125885085484377,0.0052227319707331,immune,nerve,immune-nerve,immune_to_nerve,nerve_c21,dendritic,1.0,1.0,-0.0,False,0.1168,23.0,0.7139,True,False
nerve_c15,malignant,SPP1,CD44,2.0880222,0.0,2.034019,0.1951236031139151,-0.4422748879578513,0.0052646836,0.928892,1.0,0.0052324007342588,nerve,tumor,nerve-tumor,nerve_to_tumor,nerve_c15,,0.2441,11.0,0.4778,True,,,,,True
nerve_c6,immune_nk_cell,APP,CD74,1.7527328,0.0,3.0719812,0.4922148068715293,-0.3466213831629693,0.005588025,0.94136214,1.0,0.0052324007342588,nerve,immune,immune-nerve,nerve_to_immune,nerve_c6,nk_cell,0.2036,24.0,0.6567,True,0.1807,21.0,0.6809,True,True
immune_tam,nerve_c15,LGALS1,ITGB1,1.7521292,0.0,2.2073503,0.5933315396477999,0.73261717519514,0.02159899,0.9315459,0.0584463858624115,0.0052517630406478,immune,nerve,immune-nerve,immune_to_nerve,nerve_c15,tam,0.2441,11.0,0.4778,True,0.221,21.0,0.6495,True,True
immune_dendritic,nerve_c20,IL18,IL1RAPL1,2.1983943,0.0,2.0336483,2.16333163337893,2.198312222916626,0.027138477,0.928886,0.0120204834381423,0.0052517630406478,immune,nerve,immune-nerve,immune_to_nerve,nerve_c20,dendritic,0.7889,9.0,0.1802,False,0.1168,23.0,0.7139,True,False
nerve_c18,immune_tam,HMGB1,CXCR4,1.7519372,0.0,2.6782093,0.4707788747759548,0.3441228373688112,0.010460663,0.9374595,0.4190783673681609,0.0052614573771797,nerve,immune,immune-nerve,nerve_to_immune,nerve_c18,tam,0.5575,4.0,0.2111,False,0.221,21.0,0.6495,True,False
nerve_c9,immune_nk_cell,MIF,CD74_CXCR4,1.7513087,0.0,3.0670164,0.2427139209245389,-0.6149803026884504,0.0113968,0.9413175,1.0,0.0052808732136665,nerve,immune,immune-nerve,nerve_to_immune,nerve_c9,nk_cell,0.4802,7.0,0.3212,True,0.1807,21.0,0.6809,True,True
nerve_c4,malignant,LRPAP1,LRP8,0.09229893,1.0,0.008404599,-0.2026679801578173,-0.3447170951640395,0.0038291644,0.45643526,1.0,0.0052983121263958,nerve,tumor,nerve-tumor,nerve_to_tumor,nerve_c4,,0.1779,16.0,0.5438,True,,,,,True
immune_tam,nerve_c1,HBEGF,CD9,1.7487912,0.0,2.6667967,1.507673501878156,1.823810067851999,0.04578589,0.93733424,0.0203664930157801,0.0053100616774769,immune,nerve,immune-nerve,immune_to_nerve,nerve_c1,tam,0.1941,18.0,0.5886,True,0.221,21.0,0.6495,True,True
nerve_c6,immune_t_cell,SPP1,ITGA4_ITGB1,1.937412,0.0,2.0285497,0.604499747387444,0.0545611376270489,0.01994283,0.928803,0.4663479940885578,0.0053198087384526,nerve,immune,immune-nerve,nerve_to_immune,nerve_c6,t_cell,0.2036,24.0,0.6567,True,0.114,24.0,0.7175,True,True
nerve_c13,immune_tam,HLA-A,APLP2,1.7477596,0.0,3.0212789,0.358808950919897,0.2771028012045173,0.023993209,0.9409011,0.1444377088982681,0.0053295653877032,nerve,immune,immune-nerve,nerve_to_immune,nerve_c13,tam,0.3452,18.0,0.5887,True,0.221,21.0,0.6495,True,True
immune_microglia,nerve_c18,TIMP1,CD63,1.8458216,0.0,2.0266585,0.4103050561906875,0.1417963759832521,0.009476305,0.9287722,0.556653760664308,0.0053393300206259,immune,nerve,immune-nerve,immune_to_nerve,nerve_c18,microglia,0.5575,4.0,0.2111,False,0.0584,28.0,0.8514,True,False
malignant,nerve_c10,TIMP1,CD63,1.7476258,0.0,2.7094557,0.3620760807798734,0.432695769842474,0.010761999,0.93779874,0.3847407788144618,0.0053393300206259,tumor,nerve,nerve-tumor,tumor_to_nerve,nerve_c10,,0.8274,7.0,0.1908,False,,,,,False
nerve_c16,immune_t_cell,HLA-A,CD8A,1.7470633,0.0,2.4773998,1.0395443774931024,1.334397605857078,0.066406995,0.9351355,0.02254220752764,0.0053491034385331,nerve,immune,immune-nerve,nerve_to_immune,nerve_c16,t_cell,0.2917,16.0,0.4833,True,0.114,24.0,0.7175,True,True
nerve_c10,immune_t_cell,SPP1,PTGER4,2.09522,0.0,2.0245383,0.4890367325855536,-0.0660538045698811,0.01964637,0.9287376,0.4970848874510563,0.0053588856410061,nerve,immune,immune-nerve,nerve_to_immune,nerve_c10,t_cell,0.8274,7.0,0.1908,False,0.114,24.0,0.7175,True,False
malignant,nerve_c12,PTN,PTPRS,1.7470244,0.0,2.653497,1.3140755307182532,2.61210569393886,0.08250074,0.93718725,0.0061774644159535,0.0053588856410061,tumor,nerve,nerve-tumor,tumor_to_nerve,nerve_c12,,0.4368,7.0,0.335,True,,,,,True
nerve_c6,immune_t_cell,HLA-C,CD8A,1.7461509,0.0,2.4755952,1.1375052293385155,1.4175865805483718,0.082393445,0.9351134,0.0137962098313915,0.0053686766276262,nerve,immune,immune-nerve,nerve_to_immune,nerve_c6,t_cell,0.2036,24.0,0.6567,True,0.114,24.0,0.7175,True,True
immune_nk_cell,nerve_neuron,CALM1,KCNQ5,1.7456181,0.0,2.9902158,1.9947865775872964,1.7221235964728732,0.1070851,0.94061315,0.0004202232011302,0.0053882857584204,immune,nerve,immune-nerve,immune_to_nerve,nerve_neuron,nk_cell,0.5032,7.0,0.4667,False,0.1807,21.0,0.6809,True,False
immune_microglia,malignant,C1QB,LRP1,1.862702,0.0,2.022184,0.4898312918142392,2.220784324062852,0.06162578,0.928699,0.0584463858624115,0.0053882857584204,immune,tumor,immune-tumor,immune_to_tumor,,microglia,,,,,0.0584,28.0,0.8514,True,True
nerve_c20,immune_tam,SPP1,CD44,1.7439429,0.136,3.015707,0.4139179293102456,-0.4587119302798685,0.00922234,0.9408498,1.0,0.0054276078006711,nerve,immune,immune-nerve,nerve_to_immune,nerve_c20,tam,0.7889,9.0,0.1802,False,0.221,21.0,0.6495,True,False
nerve_c15,immune_t_cell,SPP1,PTGER4,2.0851586,0.0,2.0133252,0.4841947725562054,-0.0071456183045094,0.019537557,0.9285536,0.4970848874510563,0.0054473223218908,nerve,immune,immune-nerve,nerve_to_immune,nerve_c15,t_cell,0.2441,11.0,0.4778,True,0.114,24.0,0.7175,True,True
nerve_c18,immune_microglia,HMGB1,CXCR4,1.7432128,0.0,2.636729,0.4635684654264622,0.5841172388443641,0.010298647,0.9370004,0.4385675602671509,0.0054473223218908,nerve,immune,immune-nerve,nerve_to_immune,nerve_c18,microglia,0.5575,4.0,0.2111,False,0.0584,28.0,0.8514,True,False
nerve_c18,immune_microglia,HLA-A,APLP2,1.7427773,0.0,2.5040402,0.2545764805618055,0.3821967622954517,0.019885607,0.93545914,0.2142787448831168,0.005457192348442,nerve,immune,immune-nerve,nerve_to_immune,nerve_c18,microglia,0.5575,4.0,0.2111,False,0.0584,28.0,0.8514,True,False
nerve_c3,malignant,IL1RAPL1,PTPRD,2.266599,0.0,2.010052,2.3697552435182634,2.614663856486084,0.08754272,0.9284996,0.000406186649001,0.0054769587410087,nerve,tumor,nerve-tumor,nerve_to_tumor,nerve_c3,,0.1893,16.0,0.5434,True,,,,,True
nerve_c18,immune_tam,MIF,CD44_CD74,1.7412101,0.0,3.0053005,0.9657857093165896,1.269212332756375,0.026788699,0.9407535,0.0584463858624115,0.005486855920193,nerve,immune,immune-nerve,nerve_to_immune,nerve_c18,tam,0.5575,4.0,0.2111,False,0.221,21.0,0.6495,True,False
nerve_c5,immune_dendritic,MIF,CD74_CXCR4,1.7407527,0.0,3.0292673,0.746010952050703,0.8681606855149244,0.020250501,0.9409745,0.0584463858624115,0.0055066749876898,nerve,immune,immune-nerve,nerve_to_immune,nerve_c5,dendritic,0.5076,15.0,0.4523,False,0.1168,23.0,0.7139,True,False
immune_microglia,malignant,APOE,ABCA1,2.1857882,0.0,2.0029497,0.3572023769310564,1.5970345369306256,0.0056980303,0.928382,0.5883004073442762,0.0055066749876898,immune,tumor,immune-tumor,immune_to_tumor,,microglia,,,,,0.0584,28.0,0.8514,True,True
nerve_c16,immune_t_cell,SPP1,ITGA4_ITGB1,1.9166371,0.0,2.002622,0.5945023217655586,0.017064428771683,0.019687932,0.92837656,0.4970848874510563,0.0055265291666582,nerve,immune,immune-nerve,nerve_to_immune,nerve_c16,t_cell,0.2917,16.0,0.4833,True,0.114,24.0,0.7175,True,True
immune_t_cell,nerve_c20,CALM1,PDE1A,1.7370677,0.0,2.8936403,2.513285001717258,1.5978949381686065,0.029772572,0.9396895,0.0343824873685223,0.0055364694218977,immune,nerve,immune-nerve,immune_to_nerve,nerve_c20,t_cell,0.7889,9.0,0.1802,False,0.114,24.0,0.7175,True,False
immune_tam,nerve_c18,VCAN,ITGB1,1.7369351,0.0,2.2481027,1.3404032077055457,1.8538965547287416,0.05183156,0.93212694,0.0102359841725325,0.0055464192720852,immune,nerve,immune-nerve,immune_to_nerve,nerve_c18,tam,0.5575,4.0,0.2111,False,0.221,21.0,0.6495,True,False
nerve_c9,immune_nk_cell,SPP1,ITGA4_ITGB1,2.1692781,0.0,1.9979594,0.6394375635341067,0.1097560469838783,0.019642096,0.928299,0.359052332495646,0.0055563770808516,nerve,immune,immune-nerve,nerve_to_immune,nerve_c9,nk_cell,0.4802,7.0,0.3212,True,0.1807,21.0,0.6809,True,True
malignant,nerve_c9,PTN,NCL,1.7357597,0.0,2.5999138,0.6472457953383229,1.8507958535511029,0.05574709,0.9365841,0.0584463858624115,0.0055563770808516,tumor,nerve,nerve-tumor,tumor_to_nerve,nerve_c9,,0.4802,7.0,0.3212,True,,,,,True
immune_tam,nerve_c3,NAMPT,INSR,1.7354661,0.0,2.6816087,1.5723677106925673,1.6216418363465288,0.032954164,0.9374967,0.0584463858624115,0.0055663436653929,immune,nerve,immune-nerve,immune_to_nerve,nerve_c3,tam,0.1893,16.0,0.5434,True,0.221,21.0,0.6495,True,True
nerve_c10,immune_microglia,SPP1,CD44,2.091,0.0,1.9938736,0.1924985030776309,-0.6262815147992384,0.0060974685,0.9282308,1.0,0.0056062985755979,nerve,immune,immune-nerve,nerve_to_immune,nerve_c10,microglia,0.8274,7.0,0.1908,False,0.0584,28.0,0.8514,True,False
nerve_c21,immune_dendritic,PKM,CD44,1.7349852,0.0,2.3197262,0.9283586231775136,1.2496943474954274,0.025192888,0.9331123,0.0584463858624115,0.0056062985755979,nerve,immune,immune-nerve,nerve_to_immune,nerve_c21,dendritic,1.0,1.0,-0.0,False,0.1168,23.0,0.7139,True,False
immune_tam,nerve_c5,FN1,MAG,1.7344791,0.0,2.0449345,3.4832158112424025,2.601361751497399,0.03988979,0.92906857,0.0001328212695766,0.0056163090334551,immune,nerve,immune-nerve,immune_to_nerve,nerve_c5,tam,0.5076,15.0,0.4523,False,0.221,21.0,0.6495,True,False
immune_microglia,nerve_c16,TIMP1,CD63,1.82077,0.0,1.9930435,0.3903585716309408,0.1536037601582505,0.009319127,0.928217,0.5860431705772032,0.0056163090334551,immune,nerve,immune-nerve,immune_to_nerve,nerve_c16,microglia,0.2917,16.0,0.4833,True,0.0584,28.0,0.8514,True,True
malignant,immune_dendritic,PTN,NCL,1.7334284,0.0,2.588824,0.644633683238055,1.9683847850534648,0.005473458,0.93645704,0.2626064248877648,0.00563635626854,tumor,immune,immune-tumor,tumor_to_immune,,dendritic,,,,,0.1168,23.0,0.7139,True,True
nerve_neuron,immune_microglia,COPA,CD74,2.177417,0.0,1.9888583,0.454103730079434,1.6506697206148142,0.008391677,0.9281469,0.4970848874510563,0.0056564394195992,nerve,immune,immune-nerve,nerve_to_immune,nerve_neuron,microglia,0.5032,7.0,0.4667,False,0.0584,28.0,0.8514,True,False
immune_tam,nerve_c4,GRN,SORT1,1.7315052,0.0,2.9163833,1.705500569376632,1.5006218571775598,0.026350835,0.939911,0.0491720266754272,0.0056765568321839,immune,nerve,immune-nerve,immune_to_nerve,nerve_c4,tam,0.1779,16.0,0.5438,True,0.221,21.0,0.6495,True,True
immune_tam,nerve_c2,HBEGF,CD9,1.7314146,0.0,2.627765,1.4888301964877533,1.7490513027652312,0.045115754,0.93689984,0.0219186469194614,0.0056866286948126,immune,nerve,immune-nerve,immune_to_nerve,nerve_c2,tam,0.4082,17.0,0.533,True,0.221,21.0,0.6495,True,True
nerve_c18,immune_t_cell,HLA-A,CD8A,1.7309464,0.0,2.4455242,1.0269861880069682,1.252844455185455,0.06555257,0.9347416,0.0240234366281218,0.005696709327774,nerve,immune,immune-nerve,nerve_to_immune,nerve_c18,t_cell,0.5575,4.0,0.2111,False,0.114,24.0,0.7175,True,False
nerve_c9,immune_dendritic,CD14,RIPK1,0.09185058,1.0,0.008424576,-0.3931238562279447,-1.3577376180220784,0.0063266493,0.45672983,1.0,0.0057056160096085,nerve,immune,immune-nerve,nerve_to_immune,nerve_c9,dendritic,0.4802,7.0,0.3212,True,0.1168,23.0,0.7139,True,True
malignant,nerve_c4,CALM1,PDE1C,1.7293515,0.0,2.933695,1.90993826958959,1.516361527857801,0.015463009,0.9400779,0.0469341397572028,0.0057067995605259,tumor,nerve,nerve-tumor,tumor_to_nerve,nerve_c4,,0.1779,16.0,0.5438,True,,,,,True
nerve_c4,immune_tam,SPP1,CD44,1.7277169,0.0,2.9539177,0.4061095898482679,-0.878117308721831,0.009033382,0.9402711,1.0,0.0057168977336179,nerve,immune,immune-nerve,nerve_to_immune,nerve_c4,tam,0.1779,16.0,0.5438,True,0.221,21.0,0.6495,True,True
nerve_c17,immune_nk_cell,SPP1,ITGA4_ITGB1,2.1551187,0.0,1.9831278,0.6326242158909957,0.1940910484023204,0.019496284,0.92805064,0.2323837083507219,0.0057270046757866,nerve,immune,immune-nerve,nerve_to_immune,nerve_c17,nk_cell,0.712,4.0,0.1815,False,0.1807,21.0,0.6809,True,False
immune_nk_cell,nerve_c3,CALM1,PDE1C,1.7269001,0.0,2.915931,1.6217854483234628,1.3969744814686822,0.015221935,0.9399066,0.0697740244789087,0.0057371203866135,immune,nerve,immune-nerve,immune_to_nerve,nerve_c3,nk_cell,0.1893,16.0,0.5434,True,0.1807,21.0,0.6809,True,True
nerve_c15,immune_microglia,SPP1,CD44,2.0809383,0.0,1.9828303,0.1876565430482827,-0.5673733285338667,0.006063697,0.92804563,1.0,0.0057472448656801,nerve,immune,immune-nerve,nerve_to_immune,nerve_c15,microglia,0.2441,11.0,0.4778,True,0.0584,28.0,0.8514,True,True
nerve_c5,immune_nk_cell,MIF,CD74_CXCR4,1.7265348,0.0,2.9806454,0.2201949393760151,-0.6243947035379998,0.011075852,0.94052356,1.0,0.0057573789460487,nerve,immune,immune-nerve,nerve_to_immune,nerve_c5,nk_cell,0.5076,15.0,0.4523,False,0.1807,21.0,0.6809,True,False
nerve_c21,immune_t_cell,VIM,CD44,1.7254716,0.007,2.850399,0.4420115881477872,0.4741790295920296,0.027413934,0.93926144,0.4478349392484943,0.0057675209610594,nerve,immune,immune-nerve,nerve_to_immune,nerve_c21,t_cell,1.0,1.0,-0.0,False,0.114,24.0,0.7175,True,False
immune_tam,nerve_c0,NAMPT,INSR,1.7243216,0.0,2.6301181,1.5502186995857643,1.6307070301788475,0.0323214,0.9369263,0.0584463858624115,0.0057878312916133,immune,nerve,immune-nerve,immune_to_nerve,nerve_c0,tam,0.1812,15.0,0.5697,True,0.221,21.0,0.6495,True,True
nerve_c20,malignant,NRXN3,NLGN1,1.7239114,0.0,2.7668839,1.735062973695644,2.68936351204856,0.10176769,0.93840766,0.001192097142272,0.0058132689327098,nerve,tumor,nerve-tumor,nerve_to_tumor,nerve_c20,,0.7889,9.0,0.1802,False,,,,,False
malignant,nerve_c20,NLGN1,NRXN3,1.7239114,0.0,2.7668839,1.735062973695644,2.68936351204856,0.10176769,0.93840766,0.001192097142272,0.0058132689327098,tumor,nerve,nerve-tumor,tumor_to_nerve,nerve_c20,,0.7889,9.0,0.1802,False,,,,,False
nerve_c6,immune_tam,RPS19,C5AR1,1.7238293,0.0,2.800609,0.3681868795570303,0.020611756332894,0.045114923,0.9387568,0.5481953476703352,0.0058285579816562,nerve,immune,immune-nerve,nerve_to_immune,nerve_c6,tam,0.2036,24.0,0.6567,True,0.221,21.0,0.6495,True,True
immune_tam,nerve_c10,S100A4,ERBB3,1.8286079,0.0,1.9766884,1.867767654479922,1.6164607284617274,0.016946504,0.927942,0.0316639558584994,0.0058387613574825,immune,nerve,immune-nerve,immune_to_nerve,nerve_c10,tam,0.8274,7.0,0.1908,False,0.221,21.0,0.6495,True,False
nerve_c4,malignant,PTN,PTPRZ1,1.7236694,0.0,2.3007028,0.5469428857996977,1.2096379480697506,0.028978275,0.9328549,0.0584463858624115,0.0058387613574825,nerve,tumor,nerve-tumor,nerve_to_tumor,nerve_c4,,0.1779,16.0,0.5438,True,,,,,True
nerve_c18,immune_dendritic,COPA,CD74,2.383602,0.0,1.975565,0.527562817379292,0.7702111991582833,0.0083355885,0.92792296,0.4970848874510563,0.0058591944008767,nerve,immune,immune-nerve,nerve_to_immune,nerve_c18,dendritic,0.5575,4.0,0.2111,False,0.1168,23.0,0.7139,True,False
malignant,immune_t_cell,PTN,NCL,1.7230335,0.0,2.5393786,0.6329955753249941,2.0483207551950917,0.0053689172,0.9358809,0.2151870599068786,0.0058591944008767,tumor,immune,immune-tumor,tumor_to_immune,,t_cell,,,,,0.114,24.0,0.7175,True,True
nerve_c13,immune_t_cell,HMGB1,CXCR4,1.7227933,0.0,2.649574,0.3726669448853371,0.7175305768481617,0.010348817,0.9371437,0.4327261448771548,0.0058694249090155,nerve,immune,immune-nerve,nerve_to_immune,nerve_c13,t_cell,0.3452,18.0,0.5887,True,0.114,24.0,0.7175,True,True
immune_microglia,nerve_c0,LGALS9,PTPRK,1.7597034,0.0,1.9730809,2.3580511949330987,2.452258451751052,0.030960325,0.9278809,0.0063687106310867,0.0059001664864793,immune,nerve,immune-nerve,immune_to_nerve,nerve_c0,microglia,0.1812,15.0,0.5697,True,0.0584,28.0,0.8514,True,True
nerve_c0,immune_dendritic,LAMA2,RPSA,1.7215545,0.0,2.2102115,1.1806152174999909,1.3104061900726534,0.047922764,0.9315872,0.0160987184046794,0.0059001664864793,nerve,immune,immune-nerve,nerve_to_immune,nerve_c0,dendritic,0.1812,15.0,0.5697,True,0.1168,23.0,0.7139,True,True
nerve_c9,immune_nk_cell,JAG1,NOTCH2,0.10145418,1.0,0.008564226,-0.1137422920766965,-0.1537096054444528,0.0042192303,0.45877022,1.0,0.0059092541013188,nerve,immune,immune-nerve,nerve_to_immune,nerve_c9,nk_cell,0.4802,7.0,0.3212,True,0.1807,21.0,0.6809,True,True
nerve_c18,malignant,PSAP,LRP1,1.8248128,0.0,1.9722011,0.6218647863410739,1.21558148686524,0.025644815,0.927866,0.0584463858624115,0.0059104312026086,nerve,tumor,nerve-tumor,nerve_to_tumor,nerve_c18,,0.5575,4.0,0.2111,False,,,,,False
malignant,nerve_c12,NCAM1,PTPRZ1,1.7209165,0.0,2.5967727,0.8398030831038562,1.2535300080286986,0.12049053,0.93654823,0.0584463858624115,0.0059207055248711,tumor,nerve,nerve-tumor,tumor_to_nerve,nerve_c12,,0.4368,7.0,0.335,True,,,,,True
nerve_c2,malignant,SPP1,CD44,2.0328424,0.0,1.9718909,0.1685712754483767,-0.5738835619186109,0.0051038763,0.9278607,1.0,0.0059207055248711,nerve,tumor,nerve-tumor,nerve_to_tumor,nerve_c2,,0.4082,17.0,0.533,True,,,,,True
nerve_c20,immune_t_cell,COL4A5,CD44,1.7208837,0.0,2.8378344,3.1464711158437635,2.0083290344206715,0.03144676,0.9391353,0.0053866260813202,0.0059309877635482,nerve,immune,immune-nerve,nerve_to_immune,nerve_c20,t_cell,0.7889,9.0,0.1802,False,0.114,24.0,0.7175,True,False
malignant,immune_t_cell,VIM,CD44,1.720746,0.0,2.8374574,0.4389037528694979,0.8473650451650165,0.016305419,0.93913156,0.0917828525829646,0.005941278762511,tumor,immune,immune-tumor,tumor_to_immune,,t_cell,,,,,0.114,24.0,0.7175,True,True
nerve_c1,immune_nk_cell,SPP1,ITGA4_ITGB1,2.1414087,0.0,1.9687668,0.6260268657020069,0.1059685141246473,0.019355102,0.9278076,0.3653951727840687,0.005951578521341,nerve,immune,immune-nerve,nerve_to_immune,nerve_c1,nk_cell,0.1941,18.0,0.5886,True,0.1807,21.0,0.6809,True,True
immune_tam,nerve_neuron,CXCL8,GRM7,1.719739,0.0,2.9336514,3.1651500757787163,2.245929545335489,0.21265562,0.9400775,7.017521480752913e-06,0.0059722051655391,immune,nerve,immune-nerve,immune_to_nerve,nerve_neuron,tam,0.5032,7.0,0.4667,False,0.221,21.0,0.6495,True,False
immune_microglia,nerve_c3,APOE,LRP6,2.181114,0.0,1.9669441,0.7719550354499842,2.0560610180248635,0.025566263,0.9277766,0.0584463858624115,0.0059722051655391,immune,nerve,immune-nerve,immune_to_nerve,nerve_c3,microglia,0.1893,16.0,0.5434,True,0.0584,28.0,0.8514,True,True
immune_tam,nerve_c15,VCAN,ITGB1,1.718567,0.0,2.1520824,1.316654381261686,1.8004576003349468,0.049617745,0.930733,0.0133611770137216,0.0059825312021789,immune,nerve,immune-nerve,immune_to_nerve,nerve_c15,tam,0.2441,11.0,0.4778,True,0.221,21.0,0.6495,True,True
immune_tam,nerve_c20,NAMPT,INSR,1.7185366,0.0,2.6033897,1.5387218782956018,1.5678939587682832,0.03199294,0.9366238,0.0584463858624115,0.0059928659970114,immune,nerve,immune-nerve,immune_to_nerve,nerve_c20,tam,0.7889,9.0,0.1802,False,0.221,21.0,0.6495,True,False
nerve_c20,malignant,IL1RAPL1,PTPRS,2.1893554,0.0,1.9636599,2.375303122957061,2.854365008501751,0.0734605,0.92772055,0.0011649864882103,0.0060239229264786,nerve,tumor,nerve-tumor,nerve_to_tumor,nerve_c20,,0.7889,9.0,0.1802,False,,,,,False
nerve_c16,immune_t_cell,APP,CD74,1.7159967,0.0,2.8189416,0.3476847266219119,-0.3407002295796481,0.005127738,0.93894416,1.0,0.0060239229264786,nerve,immune,immune-nerve,nerve_to_immune,nerve_c16,t_cell,0.2917,16.0,0.4833,True,0.114,24.0,0.7175,True,True
nerve_c16,immune_t_cell,LGALS1,PTPRC,1.7148032,0.0,2.6184669,0.5404062605280626,0.5425931854239532,0.023693597,0.936795,0.0584463858624115,0.0060446721830632,nerve,immune,immune-nerve,nerve_to_immune,nerve_c16,t_cell,0.2917,16.0,0.4833,True,0.114,24.0,0.7175,True,True
immune_tam,nerve_c21,HLA-A,APLP2,1.714534,0.002,2.3899326,0.2254049875894759,0.5767599735976163,0.019499172,0.9340368,0.9841658551143492,0.0060550595189806,immune,nerve,immune-nerve,immune_to_nerve,nerve_c21,tam,1.0,1.0,-0.0,False,0.221,21.0,0.6495,True,False
nerve_c15,immune_dendritic,HMGB1,CXCR4,1.7135365,0.0,2.9328337,0.3951866446268539,0.4087925615636072,0.011455185,0.9400696,0.3190508485126697,0.0060758604561836,nerve,immune,immune-nerve,nerve_to_immune,nerve_c15,dendritic,0.2441,11.0,0.4778,True,0.1168,23.0,0.7139,True,True
nerve_c6,immune_microglia,SPP1,ITGAV_ITGB1,1.9269891,0.0,1.9607836,0.2005489729300975,-0.393538614729338,0.019566556,0.92767143,1.0,0.006096697268337,nerve,immune,immune-nerve,nerve_to_immune,nerve_c6,microglia,0.2036,24.0,0.6567,True,0.0584,28.0,0.8514,True,True
nerve_c9,immune_dendritic,ANGPTL4,ITGA5_ITGB1,0.095253915,1.0,0.00860344,-0.0468984341924216,-0.210034606562316,0.008226117,0.4593374,1.0,0.0061128829600442,nerve,immune,immune-nerve,nerve_to_immune,nerve_c9,dendritic,0.4802,7.0,0.3212,True,0.1168,23.0,0.7139,True,True
immune_tam,nerve_c15,HBEGF,CD9,1.7100576,0.0,2.5797925,1.4656716075312142,1.844628896053771,0.044292122,0.936353,0.0241306078419654,0.0061594160716451,immune,nerve,immune-nerve,immune_to_nerve,nerve_c15,tam,0.2441,11.0,0.4778,True,0.221,21.0,0.6495,True,True
immune_t_cell,nerve_c10,CALM1,PDE1C,1.7091513,0.0,2.7770128,1.5252771765812714,1.273255175531819,0.014496744,0.93851316,0.106338036238559,0.0061803920667384,immune,nerve,immune-nerve,immune_to_nerve,nerve_c10,t_cell,0.8274,7.0,0.1908,False,0.114,24.0,0.7175,True,False
immune_tam,nerve_c6,LGALS1,ITGB1,1.7088348,0.0,1.9752144,0.5373552720534037,0.5884567790574773,0.019327534,0.927917,0.0584463858624115,0.0061908931898527,immune,nerve,immune-nerve,immune_to_nerve,nerve_c6,tam,0.2036,24.0,0.6567,True,0.221,21.0,0.6495,True,True
nerve_c21,immune_nk_cell,SPP1,CD44,1.708806,0.33,2.4384422,0.142165013485552,-0.6632927167721915,0.007457005,0.9346531,1.0,0.0062014039272325,nerve,immune,immune-nerve,nerve_to_immune,nerve_c21,nk_cell,1.0,1.0,-0.0,False,0.1807,21.0,0.6809,True,False
nerve_c2,immune_t_cell,SPP1,PTGER4,2.0299785,0.0,1.9518292,0.457642444890667,-0.138754292265269,0.018940793,0.9275177,0.4970848874510563,0.0062014039272325,nerve,immune,immune-nerve,nerve_to_immune,nerve_c2,t_cell,0.4082,17.0,0.533,True,0.114,24.0,0.7175,True,True
nerve_c20,immune_tam,PSEN1,CD44,1.7083123,0.0,2.8800232,1.7729340601468446,1.7476883340701015,0.027059246,0.9395557,0.0374093042267736,0.006211922550288,nerve,immune,immune-nerve,nerve_to_immune,nerve_c20,tam,0.7889,9.0,0.1802,False,0.221,21.0,0.6495,True,False
nerve_c7,immune_nk_cell,APP,CD74,1.7070589,0.0,2.912745,0.4403524577756328,-0.2943935559429395,0.00529837,0.9398757,1.0,0.0062329860429293,nerve,immune,immune-nerve,nerve_to_immune,nerve_c7,nk_cell,0.17,15.0,0.5776,True,0.1807,21.0,0.6809,True,True
immune_t_cell,nerve_c0,CALM1,PDE1A,1.7052454,0.0,2.760695,2.407596009644731,1.7865984990212709,0.028404705,0.9383429,0.0158118421330515,0.0062540853961953,immune,nerve,immune-nerve,immune_to_nerve,nerve_c0,t_cell,0.1812,15.0,0.5697,True,0.114,24.0,0.7175,True,True
immune_dendritic,nerve_c16,VIM,CD44,1.7043815,0.0,2.0429502,0.3104101169122082,0.3279299637792305,0.027913105,0.92903656,0.1418133992796467,0.006275218872092,immune,nerve,immune-nerve,immune_to_nerve,nerve_c16,dendritic,0.2917,16.0,0.4833,True,0.1168,23.0,0.7139,True,True
nerve_c5,malignant,SPP1,CD44,2.0099387,0.0,1.9461035,0.1575507514067652,-0.6157282632796861,0.0050371303,0.9274189,1.0,0.0063069846834249,nerve,tumor,nerve-tumor,nerve_to_tumor,nerve_c5,,0.5076,15.0,0.4523,False,,,,,False
immune_tam,nerve_c9,JAG1,NOTCH4,0.09888576,0.0,0.00864816,0.0940185747733113,-0.0061470130981806,0.018117707,0.45998126,0.6400041515861067,0.0063165025859939,immune,nerve,immune-nerve,immune_to_nerve,nerve_c9,tam,0.4802,7.0,0.3212,True,0.221,21.0,0.6495,True,True
nerve_c16,malignant,PTN,PTPRZ1,1.7023808,0.0,2.192454,0.5315323042372251,1.265051004960147,0.027614838,0.9313297,0.0584463858624115,0.0063175916505477,nerve,tumor,nerve-tumor,nerve_to_tumor,nerve_c16,,0.2917,16.0,0.4833,True,,,,,True
immune_tam,nerve_c2,FN1,MAG,1.7019281,0.0,1.9959188,3.4040145995576534,2.6115300053233965,0.03893366,0.928265,0.0001179592273179,0.0063282064908301,immune,nerve,immune-nerve,immune_to_nerve,nerve_c2,tam,0.4082,17.0,0.533,True,0.221,21.0,0.6495,True,True
immune_t_cell,nerve_c4,HSPA8,LRP2,1.7015916,0.0,2.8676648,3.360426658231061,1.716108756610389,0.026061429,0.9394335,0.0212343629968369,0.0063388300754906,immune,nerve,immune-nerve,immune_to_nerve,nerve_c4,t_cell,0.1779,16.0,0.5438,True,0.114,24.0,0.7175,True,True
immune_nk_cell,nerve_c4,CALM1,INSR,1.7012619,0.0,2.8141837,1.467032524522304,1.2104099950255789,0.020538598,0.9388957,0.0584463858624115,0.0063601034762717,immune,nerve,immune-nerve,immune_to_nerve,nerve_c4,nk_cell,0.1779,16.0,0.5438,True,0.1807,21.0,0.6809,True,True
malignant,nerve_c12,NLGN1,NRXN1,1.7008793,0.0,2.708329,1.227228958011545,2.316743653135472,0.16644005,0.9377866,0.0018375470094122,0.0063760819158916,tumor,nerve,nerve-tumor,tumor_to_nerve,nerve_c12,,0.4368,7.0,0.335,True,,,,,True
nerve_c12,malignant,NRXN1,NLGN1,1.7008793,0.0,2.708329,1.227228958011545,2.316743653135472,0.16644005,0.9377866,0.0018375470094122,0.0063760819158916,nerve,tumor,nerve-tumor,nerve_to_tumor,nerve_c12,,0.4368,7.0,0.335,True,,,,,True
immune_microglia,nerve_c20,LGALS9,PTPRK,1.7350867,0.0,1.9386292,2.31820350710312,2.361216024553624,0.030419732,0.92728925,0.0071716823554903,0.0063814127262113,immune,nerve,immune-nerve,immune_to_nerve,nerve_c20,microglia,0.7889,9.0,0.1802,False,0.0584,28.0,0.8514,True,False
immune_tam,nerve_c9,HBEGF,CD9,1.7008517,0.0,2.5591137,1.4556891837360693,1.6355100785869143,0.04393709,0.93611276,0.0248620577658997,0.0063920800272021,immune,nerve,immune-nerve,immune_to_nerve,nerve_c9,tam,0.4802,7.0,0.3212,True,0.221,21.0,0.6495,True,True
immune_microglia,nerve_c22,APOE,LRP1,2.177163,0.0,1.9365079,0.3534764051760793,1.8532005716391635,0.062375087,0.92725235,0.0806066612754155,0.0064027560700593,immune,nerve,immune-nerve,immune_to_nerve,nerve_c22,microglia,1.0,1.0,-0.0,False,0.0584,28.0,0.8514,True,False
nerve_c16,immune_microglia,SPP1,ITGAV_ITGB1,1.9062141,0.0,1.9357221,0.1905515473082122,-0.431035323584704,0.019316467,0.92723864,1.0,0.0064134408543643,nerve,immune,immune-nerve,nerve_to_immune,nerve_c16,microglia,0.2917,16.0,0.4833,True,0.0584,28.0,0.8514,True,True
nerve_c12,malignant,VCAN,EGFR,1.6985867,0.0,2.8484688,1.1715074357214863,2.850362981189442,0.20326956,0.9392421,0.0008776345693205,0.0064134408543643,nerve,tumor,nerve-tumor,nerve_to_tumor,nerve_c12,,0.4368,7.0,0.335,True,,,,,True
nerve_c2,immune_tam,COPA,CD74,1.73421,0.0,1.9353327,0.3229444899085922,-0.1000494819691724,0.0081658345,0.92723185,0.8530323425302837,0.0064241352592427,nerve,immune,immune-nerve,nerve_to_immune,nerve_c2,tam,0.4082,17.0,0.533,True,0.221,21.0,0.6495,True,True
immune_tam,nerve_c5,HBEGF,CD9,1.6976202,0.0,2.551855,1.4521842775346283,1.6418981143693268,0.04381247,0.93602777,0.0251640899974564,0.0064348375259061,immune,nerve,immune-nerve,immune_to_nerve,nerve_c5,tam,0.5076,15.0,0.4523,False,0.221,21.0,0.6495,True,False
immune_t_cell,nerve_c7,CALM1,PDE1A,1.6966338,0.0,2.7247183,2.37899532011769,1.7327638405714396,0.028034542,0.93796235,0.019799497331816,0.0064455485327614,immune,nerve,immune-nerve,immune_to_nerve,nerve_c7,t_cell,0.17,15.0,0.5776,True,0.114,24.0,0.7175,True,True
immune_tam,nerve_c16,VCAN,CD44,1.6948656,0.0,2.0281823,1.2469703205879423,1.7337499590102623,0.094205715,0.92879707,0.0084523609140207,0.0064562682793901,immune,nerve,immune-nerve,immune_to_nerve,nerve_c16,tam,0.2917,16.0,0.4833,True,0.221,21.0,0.6495,True,True
malignant,immune_dendritic,COPA,CD74,2.3786733,0.0,1.9330918,0.5199393553578178,0.7348551142539168,0.005162484,0.92719275,0.4970848874510563,0.0064562682793901,tumor,immune,immune-tumor,tumor_to_immune,,dendritic,,,,,0.1168,23.0,0.7139,True,True
immune_tam,nerve_c13,PSAP,GPR37,1.6948605,0.0,2.3938544,1.7000181755439956,1.202095789881871,0.018137831,0.9340873,0.0596737513965574,0.0064669967653734,immune,nerve,immune-nerve,immune_to_nerve,nerve_c13,tam,0.3452,18.0,0.5887,True,0.221,21.0,0.6495,True,True
malignant,nerve_c15,TIMP1,CD63,1.6943483,0.0,2.5858011,0.3196547956706369,0.6579544490315818,0.0102708405,0.9364223,0.442309169265951,0.0064884808375851,tumor,nerve,nerve-tumor,tumor_to_nerve,nerve_c15,,0.2441,11.0,0.4778,True,,,,,True
nerve_c20,malignant,IL1RAPL1,PTPRD,2.184825,0.0,1.9285809,2.273761394298358,2.558023279998099,0.08399445,0.9271139,0.0004920736544009,0.0064992355398392,nerve,tumor,nerve-tumor,nerve_to_tumor,nerve_c20,,0.7889,9.0,0.1802,False,,,,,False
nerve_c2,immune_tam,MIF,CD44_CD74,1.6941297,0.0,2.826015,0.9229887780948908,1.0410643554759889,0.025190579,0.9390159,0.0584463858624115,0.0064992355398392,nerve,immune,immune-nerve,nerve_to_immune,nerve_c2,tam,0.4082,17.0,0.533,True,0.221,21.0,0.6495,True,True
nerve_c21,immune_t_cell,HMGB1,CXCR4,1.6938765,0.0,2.5173032,0.3452320472043484,0.9975929554369312,0.009832189,0.9356184,0.4990704655671318,0.0065099989797735,nerve,immune,immune-nerve,nerve_to_immune,nerve_c21,t_cell,1.0,1.0,-0.0,False,0.114,24.0,0.7175,True,False
nerve_c10,immune_microglia,FADD,TRADD,0.096723035,0.131,0.0086643705,0.0170546241376942,-0.0286818525264942,0.00759766,0.46021387,1.0,0.0065201129793773,nerve,immune,immune-nerve,nerve_to_immune,nerve_c10,microglia,0.8274,7.0,0.1908,False,0.0584,28.0,0.8514,True,False
malignant,immune_tam,PTN,NCL,1.6935997,0.0,2.3993697,0.6000295663008463,1.9205005436674925,0.005072902,0.9341581,0.2941990450272904,0.0065207711569695,tumor,immune,immune-tumor,tumor_to_immune,,tam,,,,,0.221,21.0,0.6495,True,True
nerve_c6,malignant,HLA-A,APLP2,1.6931036,0.0,1.9810431,0.1685528523997501,-0.0451861452831742,0.011028704,0.92801553,0.7032013767026732,0.0065423426089187,nerve,tumor,nerve-tumor,nerve_to_tumor,nerve_c6,,0.2036,24.0,0.6567,True,,,,,True
nerve_neuron,malignant,NRXN3,NLGN1,1.6928842,0.0,2.6880028,1.690937574720402,2.878785947560435,0.0988664,0.93756646,0.0013988159117681,0.0065585430213086,nerve,tumor,nerve-tumor,nerve_to_tumor,nerve_neuron,,0.5032,7.0,0.4667,False,,,,,False
malignant,nerve_neuron,NLGN1,NRXN3,1.6928842,0.0,2.6880028,1.690937574720402,2.878785947560435,0.0988664,0.93756646,0.0013988159117681,0.0065585430213086,tumor,nerve,nerve-tumor,tumor_to_nerve,nerve_neuron,,0.5032,7.0,0.4667,False,,,,,False
nerve_c5,immune_t_cell,SPP1,PTGER4,2.007075,0.0,1.926304,0.4466219208490556,-0.1805989936263442,0.018693095,0.92707396,0.4970848874510563,0.0065639481188802,nerve,immune,immune-nerve,nerve_to_immune,nerve_c5,t_cell,0.5076,15.0,0.4523,False,0.114,24.0,0.7175,True,False
immune_microglia,nerve_c13,PSAP,GPR37,1.6923375,0.0,2.3887932,1.6980227999441315,1.97871085720338,0.018099483,0.93402207,0.0447891732524551,0.0065855885695157,immune,nerve,immune-nerve,immune_to_nerve,nerve_c13,microglia,0.3452,18.0,0.5887,True,0.0584,28.0,0.8514,True,True
immune_microglia,nerve_c12,IL18,IL1RAPL1,1.6923021,0.0,2.1894944,1.5961333188890838,2.1345194807768317,0.029218197,0.9312865,0.056569180463843,0.0065964227875775,immune,nerve,immune-nerve,immune_to_nerve,nerve_c12,microglia,0.4368,7.0,0.335,True,0.0584,28.0,0.8514,True,True
immune_dendritic,nerve_c7,IL18,IL1RAPL1,2.0932162,0.0,1.923151,2.0398619595032734,2.0255898421270047,0.02566392,0.9270186,0.0172707893232471,0.0066181156443806,immune,nerve,immune-nerve,immune_to_nerve,nerve_c7,dendritic,0.17,15.0,0.5776,True,0.1168,23.0,0.7139,True,True
immune_dendritic,nerve_c1,TIMP1,CD63,1.6917679,0.0,2.2698479,0.3030137743495161,0.1979037598145339,0.010613415,0.9324308,0.4014081537542503,0.0066181156443806,immune,nerve,immune-nerve,immune_to_nerve,nerve_c1,dendritic,0.1941,18.0,0.5886,True,0.1168,23.0,0.7139,True,True
immune_t_cell,nerve_c7,CALM1,INSR,1.6909505,0.0,2.7009747,1.390253286844054,1.4167303514271832,0.019712372,0.93770725,0.0584463858624115,0.0066398434334852,immune,nerve,immune-nerve,immune_to_nerve,nerve_c7,t_cell,0.17,15.0,0.5776,True,0.114,24.0,0.7175,True,True
nerve_c2,immune_microglia,SPP1,CD44,2.0257585,0.0,1.9222658,0.1611042153827443,-0.6989820024946263,0.005878485,0.92700297,1.0,0.006650720426604,nerve,immune,immune-nerve,nerve_to_immune,nerve_c2,microglia,0.4082,17.0,0.533,True,0.0584,28.0,0.8514,True,True
immune_dendritic,nerve_c18,HLA-A,APLP2,1.6901674,0.0,2.1460445,0.183543717456974,0.1409280072470227,0.017509319,0.93064237,0.3536144827749808,0.0066725015039453,immune,nerve,immune-nerve,immune_to_nerve,nerve_c18,dendritic,0.5575,4.0,0.2111,False,0.1168,23.0,0.7139,True,False
nerve_c22,immune_microglia,LRP1B,PLAUR,1.6900693,0.0,2.4969666,1.1118843652150667,1.805597812274582,0.030843142,0.93537366,0.0584463858624115,0.0066834046919846,nerve,immune,immune-nerve,nerve_to_immune,nerve_c22,microglia,1.0,1.0,-0.0,False,0.0584,28.0,0.8514,True,False
nerve_c7,immune_tam,SPP1,CD44,1.6897378,0.002,2.8092906,0.3878346668406235,-0.782785472744328,0.008591098,0.93884575,1.0,0.0066943166105876,nerve,immune,immune-nerve,nerve_to_immune,nerve_c7,tam,0.17,15.0,0.5776,True,0.221,21.0,0.6495,True,True
nerve_c9,immune_microglia,ICAM1,ITGAL_ITGB2,0.09471516,1.0,0.008712964,-0.1407541513350633,-0.3577732469849332,0.0044469936,0.46090865,1.0,0.0067237136173178,nerve,immune,immune-nerve,nerve_to_immune,nerve_c9,microglia,0.4802,7.0,0.3212,True,0.0584,28.0,0.8514,True,True
immune_microglia,nerve_c6,C1QB,C1QBP,1.8455211,0.0,1.9168366,0.5366109317140554,2.1778893710969713,0.05018504,0.92690724,0.0584463858624115,0.0067490080484933,immune,nerve,immune-nerve,immune_to_nerve,nerve_c6,microglia,0.2036,24.0,0.6567,True,0.0584,28.0,0.8514,True,True
immune_tam,nerve_c1,FN1,MAG,1.6882515,0.0,1.9753243,3.370737630580785,2.614595239288527,0.03853193,0.9279189,0.0001108578331426,0.0067599723424048,immune,nerve,immune-nerve,immune_to_nerve,nerve_c1,tam,0.1941,18.0,0.5886,True,0.221,21.0,0.6495,True,True
immune_dendritic,nerve_c4,CALM1,PDE1C,1.6880829,0.0,2.7712605,1.8723408204134235,1.181507486442073,0.014466717,0.9384533,0.1441976421197718,0.0067709462664724,immune,nerve,immune-nerve,immune_to_nerve,nerve_c4,dendritic,0.1779,16.0,0.5438,True,0.1168,23.0,0.7139,True,True
immune_tam,nerve_c20,PSAP,GPR37,1.6874219,0.0,2.3583462,1.6774719921960468,1.112881137852684,0.01786879,0.93362576,0.0629901553748117,0.0067819280159494,immune,nerve,immune-nerve,immune_to_nerve,nerve_c20,tam,0.7889,9.0,0.1802,False,0.221,21.0,0.6495,True,False
malignant,immune_nk_cell,B2M,KLRC1,1.6867363,1.0,2.5850136,2.46974007725187,0.3318676028999532,0.03667902,0.9364132,0.2134479355417705,0.0068039176948728,tumor,immune,immune-tumor,tumor_to_immune,,nk_cell,,,,,0.1807,21.0,0.6809,True,True
nerve_c6,immune_t_cell,MIF,CD44_CD74,1.6855854,0.0,2.7411659,0.8763512685445614,1.1265054552146927,0.02443425,0.93813723,0.0584463858624115,0.0068259422776314,nerve,immune,immune-nerve,nerve_to_immune,nerve_c6,t_cell,0.2036,24.0,0.6567,True,0.114,24.0,0.7175,True,True
immune_microglia,nerve_c20,PSAP,GPR37,1.6848989,0.0,2.3533602,1.6754766165961827,1.8894962051741933,0.017831013,0.93356013,0.0477505708270012,0.0068369685637299,immune,nerve,immune-nerve,immune_to_nerve,nerve_c20,microglia,0.7889,9.0,0.1802,False,0.0584,28.0,0.8514,True,False
nerve_c22,immune_t_cell,SPP1,ITGA4_ITGB1,1.8406672,0.037,1.9078096,0.5579459953424859,-0.1795311175193661,0.018755825,0.92674714,1.0,0.0068480026684211,nerve,immune,immune-nerve,nerve_to_immune,nerve_c22,t_cell,1.0,1.0,-0.0,False,0.114,24.0,0.7175,True,False
immune_nk_cell,nerve_c20,CALM1,PDE1A,1.6847813,0.0,2.7487793,2.4656523894920275,1.4901537881496434,0.028282102,0.93821764,0.0508940030067077,0.0068480026684211,immune,nerve,immune-nerve,immune_to_nerve,nerve_c20,nk_cell,0.7889,9.0,0.1802,False,0.1807,21.0,0.6809,True,False
nerve_c7,immune_tam,COL4A5,CD44,1.684598,0.0,2.7897177,2.5855316973626152,2.1020707562096073,0.030913565,0.93864477,0.0031795557922656,0.0068590454973967,nerve,immune,immune-nerve,nerve_to_immune,nerve_c7,tam,0.17,15.0,0.5776,True,0.221,21.0,0.6495,True,True
immune_tam,nerve_c6,PSAP,GPR37,1.6840422,0.0,2.3422136,1.6672284340356718,1.0824481370378982,0.017746558,0.93341273,0.0648144226850156,0.0068811573265262,immune,nerve,immune-nerve,immune_to_nerve,nerve_c6,tam,0.2036,24.0,0.6567,True,0.221,21.0,0.6495,True,True
immune_t_cell,nerve_neuron,CALM1,KCNQ3,1.6836113,0.0,2.6703134,1.0117154515646152,1.1738702045638294,0.0820069,0.9373729,0.0261125152058485,0.0069143914037354,immune,nerve,immune-nerve,immune_to_nerve,nerve_neuron,t_cell,0.5032,7.0,0.4667,False,0.114,24.0,0.7175,True,False
immune_microglia,nerve_c2,SPP1,ITGAV_ITGB1,2.2694016,0.0,1.9037412,0.310622425556267,1.7061029238358718,0.015695509,0.92667466,0.1415470344782676,0.0069143914037354,immune,nerve,immune-nerve,immune_to_nerve,nerve_c2,microglia,0.4082,17.0,0.533,True,0.0584,28.0,0.8514,True,True
nerve_c10,immune_nk_cell,SPP1,ITGA4_ITGB1,2.0784724,0.0,1.9028428,0.5957426851064238,-0.0112303489508891,0.018706996,0.92665863,0.4970848874510563,0.0069254865703429,nerve,immune,immune-nerve,nerve_to_immune,nerve_c10,nk_cell,0.8274,7.0,0.1908,False,0.1807,21.0,0.6809,True,False
immune_microglia,nerve_c4,GRN,SORT1,1.6835959,0.0,2.723081,1.6570956295791115,2.0629907002163046,0.02460426,0.9379449,0.0496810824598059,0.0069254865703429,immune,nerve,immune-nerve,immune_to_nerve,nerve_c4,microglia,0.1779,16.0,0.5438,True,0.0584,28.0,0.8514,True,True
nerve_c5,immune_dendritic,C3,LRP1,0.09358519,1.0,0.008727026,-0.6468647037362483,-1.7301082131366687,0.0018038515,0.46110895,1.0,0.0069273055462202,nerve,immune,immune-nerve,nerve_to_immune,nerve_c5,dendritic,0.5076,15.0,0.4523,False,0.1168,23.0,0.7139,True,False
immune_microglia,nerve_neuron,C3,GRM7,1.6831366,0.0,2.8190641,3.094230119901491,2.843662778435758,0.30014497,0.93894535,6.263512702733948e-07,0.0069365904583045,immune,nerve,immune-nerve,immune_to_nerve,nerve_neuron,microglia,0.5032,7.0,0.4667,False,0.0584,28.0,0.8514,True,False
immune_dendritic,nerve_c4,PSAP,SORT1,1.6824882,0.0,2.7186112,1.2734639289709626,0.7346037365595313,0.013652349,0.937897,0.175320007539184,0.0069588253113309,immune,nerve,immune-nerve,immune_to_nerve,nerve_c4,dendritic,0.1779,16.0,0.5438,True,0.1168,23.0,0.7139,True,True
immune_microglia,nerve_c6,PSAP,GPR37,1.6815192,0.0,2.3372614,1.6652330584358075,1.8590632043594075,0.017709037,0.9333469,0.0488033389430294,0.0069699553615595,immune,nerve,immune-nerve,immune_to_nerve,nerve_c6,microglia,0.2036,24.0,0.6567,True,0.0584,28.0,0.8514,True,True
immune_t_cell,nerve_neuron,CALM1,RYR2,1.6807902,0.0,2.6585274,2.8341862394358484,1.9924601539729951,0.05134383,0.937243,0.0058426748305839,0.0069810941314676,immune,nerve,immune-nerve,immune_to_nerve,nerve_neuron,t_cell,0.5032,7.0,0.4667,False,0.114,24.0,0.7175,True,False
immune_microglia,nerve_c5,C3,CD81,1.6796706,0.0,2.8065798,0.5537492506485612,1.4606385406550455,0.05870907,0.93881804,0.0584463858624115,0.0069922416206366,immune,nerve,immune-nerve,immune_to_nerve,nerve_c5,microglia,0.5076,15.0,0.4523,False,0.0584,28.0,0.8514,True,False
nerve_c5,immune_microglia,SPP1,CD44,2.0028548,0.0,1.8971272,0.1500836913411329,-0.7408267038557015,0.0058016083,0.92655635,1.0,0.0070145636733829,nerve,immune,immune-nerve,nerve_to_immune,nerve_c5,microglia,0.5076,15.0,0.4523,False,0.0584,28.0,0.8514,True,False
immune_tam,nerve_c1,S100A4,ERBB3,1.815286,0.0,1.8968145,1.822190086657864,1.802329155547894,0.016261732,0.92655075,0.0326852892505218,0.0070257373185395,immune,nerve,immune-nerve,immune_to_nerve,nerve_c1,tam,0.1941,18.0,0.5886,True,0.221,21.0,0.6495,True,True
nerve_c2,immune_tam,RPS19,C5AR1,1.677634,0.0,2.6795466,0.3381952327909824,-0.116597786932113,0.04316473,0.9374742,0.7728414736986304,0.0070369196812825,nerve,immune,immune-nerve,nerve_to_immune,nerve_c2,tam,0.4082,17.0,0.533,True,0.221,21.0,0.6495,True,True
immune_microglia,nerve_c12,APOE,SCARB1,2.17181,0.0,1.8952732,0.7702630379922448,2.097894033958618,0.06792786,0.9265231,0.0559303234412854,0.0070481107611932,immune,nerve,immune-nerve,immune_to_nerve,nerve_c12,microglia,0.4368,7.0,0.335,True,0.0584,28.0,0.8514,True,True
nerve_c10,immune_microglia,HLA-A,APLP2,1.677577,0.0,2.3720033,0.2037749670632925,0.1346905048014374,0.018837046,0.9338044,0.3164473616268354,0.0070481107611932,nerve,immune,immune-nerve,nerve_to_immune,nerve_c10,microglia,0.8274,7.0,0.1908,False,0.0584,28.0,0.8514,True,False
nerve_c5,immune_tam,TIMP2,CD44,1.6775305,0.0,2.7628043,1.2451610028741495,1.3473473613778977,0.027381293,0.938365,0.0584463858624115,0.0070593105578531,nerve,immune,immune-nerve,nerve_to_immune,nerve_c5,tam,0.5076,15.0,0.4523,False,0.221,21.0,0.6495,True,False
nerve_c10,immune_nk_cell,JAM3,ITGB1,1.6770903,0.0,2.299002,2.5418016417756153,2.0027317791444315,0.027950576,0.9328317,0.0055150747820141,0.0070929631674581,nerve,immune,immune-nerve,nerve_to_immune,nerve_c10,nk_cell,0.8274,7.0,0.1908,False,0.1807,21.0,0.6809,True,False
immune_t_cell,nerve_c13,CALM1,PDE1C,1.6758528,0.0,2.6379,1.4567440858501637,1.4324575715496537,0.013770538,0.9370135,0.0795086627980492,0.0071041978276448,immune,nerve,immune-nerve,immune_to_nerve,nerve_c13,t_cell,0.3452,18.0,0.5887,True,0.114,24.0,0.7175,True,True
nerve_c15,immune_nk_cell,SPP1,ITGA4_ITGB1,2.0684109,0.0,1.8923036,0.5909007250770757,0.0476778373144826,0.018603384,0.9264697,0.4826867234558389,0.0071041978276448,nerve,immune,immune-nerve,nerve_to_immune,nerve_c15,nk_cell,0.2441,11.0,0.4778,True,0.1807,21.0,0.6809,True,True
immune_nk_cell,nerve_neuron,GZMB,CHRM3,1.6753383,0.0,2.7987845,3.728154931911439,3.1088898714190485,0.3551069,0.9387381,4.647388816368208e-08,0.007126694217034,immune,nerve,immune-nerve,immune_to_nerve,nerve_neuron,nk_cell,0.5032,7.0,0.4667,False,0.1807,21.0,0.6809,True,False
immune_tam,nerve_c9,MFGE8,ITGB5,0.09481351,1.0,0.008767005,-0.0698639448439824,-0.1248501969289514,0.012494431,0.4616769,1.0,0.0071308882431843,immune,nerve,immune-nerve,immune_to_nerve,nerve_c9,tam,0.4802,7.0,0.3212,True,0.221,21.0,0.6495,True,True
immune_tam,nerve_c6,VCAN,ITGB1,1.6752726,0.0,1.9257588,1.2606781136672898,1.656297204197284,0.0443997,0.9270644,0.0238100132429755,0.0071379550206494,immune,nerve,immune-nerve,immune_to_nerve,nerve_c6,tam,0.2036,24.0,0.6567,True,0.221,21.0,0.6495,True,True
nerve_c18,immune_dendritic,MIF,CD74_CXCR4,1.6750016,0.0,2.796296,0.686242665032141,0.926457369801518,0.018693099,0.93871254,0.0584463858624115,0.0071492245376649,nerve,immune,immune-nerve,nerve_to_immune,nerve_c18,dendritic,0.5575,4.0,0.2111,False,0.1168,23.0,0.7139,True,False
immune_tam,nerve_c20,CALM1,GRM3,1.6737523,0.0,2.7926571,3.1760553467132824,1.4166622883380884,0.020442836,0.93867505,0.0404447517122987,0.0071717897102218,immune,nerve,immune-nerve,immune_to_nerve,nerve_c20,tam,0.7889,9.0,0.1802,False,0.221,21.0,0.6495,True,False
malignant,nerve_c4,TIMP1,FGFR2,1.6734686,0.0,2.53734,2.719620435099549,1.9467606391794976,0.016194273,0.93585676,0.0074123077460251,0.0071830853649261,tumor,nerve,nerve-tumor,tumor_to_nerve,nerve_c4,,0.1779,16.0,0.5438,True,,,,,True
nerve_c18,immune_nk_cell,LGALS1,ITGB1,1.6723951,0.0,2.2899833,0.5742943030472922,0.7666494989595773,0.040758166,0.93270844,0.0584463858624115,0.0072396952385889,nerve,immune,immune-nerve,nerve_to_immune,nerve_c18,nk_cell,0.5575,4.0,0.2111,False,0.1807,21.0,0.6809,True,False
immune_microglia,malignant,C1QB,C1QBP,1.8399479,0.0,1.882664,0.528197935111984,2.2943050015847835,0.030346556,0.9262955,0.0584463858624115,0.007251044091429,immune,tumor,immune-tumor,immune_to_tumor,,microglia,,,,,0.0584,28.0,0.8514,True,True
nerve_c9,immune_microglia,HLA-A,APLP2,1.6718013,0.0,2.3603065,0.1992748269253976,0.148482116004368,0.01874416,0.9336515,0.3168260408214368,0.0072737660590746,nerve,immune,immune-nerve,nerve_to_immune,nerve_c9,microglia,0.4802,7.0,0.3212,True,0.0584,28.0,0.8514,True,True
nerve_c18,immune_tam,PKM,CD44,1.668282,0.0,2.7275853,0.8737328752229991,1.2401627537037612,0.029622354,0.93799293,0.0584463858624115,0.0072965228602269,nerve,immune,immune-nerve,nerve_to_immune,nerve_c18,tam,0.5575,4.0,0.2111,False,0.221,21.0,0.6495,True,False
nerve_c20,immune_microglia,EDIL3,ITGAV,1.857676,0.0,1.8771689,2.9646225616640107,2.1981215467996824,0.025739485,0.9261957,0.0017954701895703,0.0073193154291777,nerve,immune,immune-nerve,nerve_to_immune,nerve_c20,microglia,0.7889,9.0,0.1802,False,0.0584,28.0,0.8514,True,False
nerve_c16,immune_nk_cell,HMGB1,CXCR4,1.6677718,0.0,2.6726372,0.3380426900499855,0.4600997465702632,0.010438899,0.9373985,0.4220232491501706,0.0073307243058112,nerve,immune,immune-nerve,nerve_to_immune,nerve_c16,nk_cell,0.2917,16.0,0.4833,True,0.1807,21.0,0.6809,True,True
nerve_c6,immune_t_cell,HLA-A,CD8B,1.6730803,0.0,1.8755547,1.0067965687498288,1.0432424387250627,0.07558238,0.9261663,0.0267956126535276,0.0073307243058112,nerve,immune,immune-nerve,nerve_to_immune,nerve_c6,t_cell,0.2036,24.0,0.6567,True,0.114,24.0,0.7175,True,True
nerve_c10,immune_tam,JAG1,NOTCH1,0.09735186,1.0,0.008809845,-0.116307814966835,-0.1955847437760825,0.006148755,0.4622827,1.0,0.0073344617084193,nerve,immune,immune-nerve,nerve_to_immune,nerve_c10,tam,0.8274,7.0,0.1908,False,0.221,21.0,0.6495,True,False
immune_tam,nerve_neuron,GNAI2,IGF1R,1.6673844,0.0,2.7262154,1.9560350214383215,1.839307906632026,0.039968666,0.9379783,0.0224933158776834,0.0073535681775105,immune,nerve,immune-nerve,immune_to_nerve,nerve_neuron,tam,0.5032,7.0,0.4667,False,0.221,21.0,0.6495,True,False
malignant,nerve_c13,NCAM1,NCAM2,1.6662738,0.0,2.4747071,1.5681348119409018,2.351013013655986,0.04735619,0.9351025,0.0172184181371711,0.0073879002167955,tumor,nerve,nerve-tumor,tumor_to_nerve,nerve_c13,,0.3452,18.0,0.5887,True,,,,,True
immune_nk_cell,malignant,S100A4,EGFR,1.6662562,0.0,2.7510283,0.7660063594290774,2.3357484453447865,0.051523466,0.93824136,0.0584463858624115,0.0073993613255669,immune,tumor,immune-tumor,immune_to_tumor,,nk_cell,,,,,0.1807,21.0,0.6809,True,True
nerve_c10,immune_t_cell,HLA-A,CD8A,1.6657461,0.0,2.3165727,0.9761846745084553,1.0053381976914406,0.062096007,0.9330698,0.030820557015051,0.0074223096540067,nerve,immune,immune-nerve,nerve_to_immune,nerve_c10,t_cell,0.8274,7.0,0.1908,False,0.114,24.0,0.7175,True,False
nerve_c7,malignant,PTN,PTPRZ1,1.6649519,0.0,2.0021353,0.5044374646810551,1.2793779104292669,0.025217695,0.92836845,0.0584463858624115,0.0074337978176352,nerve,tumor,nerve-tumor,nerve_to_tumor,nerve_c7,,0.17,15.0,0.5776,True,,,,,True
nerve_c17,malignant,GSTP1,EGFR,1.6647546,0.0,2.746503,0.8269204155278577,2.8016330503515228,0.05876923,0.9381936,0.0184550358998232,0.0074452937396978,nerve,tumor,nerve-tumor,nerve_to_tumor,nerve_c17,,0.712,4.0,0.1815,False,,,,,False
nerve_c1,immune_t_cell,LGALS1,PTPRC,1.6639291,0.0,2.3862438,0.5034727073815737,0.5379900230598789,0.021592295,0.93398917,0.0584463858624115,0.0074567983638578,nerve,immune,immune-nerve,nerve_to_immune,nerve_c1,t_cell,0.1941,18.0,0.5886,True,0.114,24.0,0.7175,True,True
nerve_c6,immune_nk_cell,LGALS1,PTPRC,1.6633723,0.0,2.6722069,0.4722781440350546,0.4028071043817038,0.024179872,0.9373938,0.0649462262473267,0.0074683116896965,nerve,immune,immune-nerve,nerve_to_immune,nerve_c6,nk_cell,0.2036,24.0,0.6567,True,0.1807,21.0,0.6809,True,True
immune_t_cell,nerve_c20,CALM3,PDE1C,1.6631002,0.0,1.8978428,2.6530761617908873,1.9719906602899784,0.025958637,0.92656916,0.0065958978497947,0.0074798337167953,immune,nerve,immune-nerve,immune_to_nerve,nerve_c20,t_cell,0.7889,9.0,0.1802,False,0.114,24.0,0.7175,True,False
nerve_c6,immune_microglia,APOE,TREM2,1.6627209,0.0,2.7388089,0.1885473413920602,0.5107974041577614,0.059453383,0.93811226,0.3409758071197445,0.0075029048221887,nerve,immune,immune-nerve,nerve_to_immune,nerve_c6,microglia,0.2036,24.0,0.6567,True,0.0584,28.0,0.8514,True,True
nerve_c12,malignant,CNTN1,PTPRZ1,1.6626321,0.0,1.9903395,1.253585250815933,2.5297174666022206,0.16583367,0.92817175,0.0018706062962414,0.0075144529512715,nerve,tumor,nerve-tumor,nerve_to_tumor,nerve_c12,,0.4368,7.0,0.335,True,,,,,True
nerve_c18,immune_nk_cell,MIF,CD74_CXCR4,1.6607838,0.189,2.7514133,0.1604266523574532,-0.5660980192514062,0.010224043,0.9382454,1.0,0.0075375753077754,nerve,immune,immune-nerve,nerve_to_immune,nerve_c18,nk_cell,0.5575,4.0,0.2111,False,0.1807,21.0,0.6809,True,False
immune_dendritic,nerve_c5,LTBP3,ITGB5,0.094243735,1.0,0.008873835,-0.1468389474472456,-0.2316092014370749,0.008509124,0.46318233,1.0,0.0075380259421346,immune,nerve,immune-nerve,immune_to_nerve,nerve_c5,dendritic,0.5076,15.0,0.4523,False,0.1168,23.0,0.7139,True,False
nerve_c9,immune_t_cell,HLA-A,CD8A,1.6599703,0.0,2.3051496,0.9716845343705602,1.0191298088943712,0.061789803,0.93291533,0.0313571817276321,0.0075607334119387,nerve,immune,immune-nerve,nerve_to_immune,nerve_c9,t_cell,0.4802,7.0,0.3212,True,0.114,24.0,0.7175,True,True
nerve_c13,immune_nk_cell,SPP1,CD44,1.6596127,0.146,2.3385947,0.1184933724577351,-0.7619246194992905,0.0071516605,0.9333647,1.0,0.0075723250354786,nerve,immune,immune-nerve,nerve_to_immune,nerve_c13,nk_cell,0.3452,18.0,0.5887,True,0.1807,21.0,0.6809,True,True
immune_nk_cell,nerve_c20,CALM3,PDE1C,1.6586534,0.0,1.8747653,2.64707788842187,1.9383361676029045,0.025642984,0.9261519,0.0076568046180713,0.0076071520893791,immune,nerve,immune-nerve,immune_to_nerve,nerve_c20,nk_cell,0.7889,9.0,0.1802,False,0.1807,21.0,0.6809,True,False
nerve_c7,malignant,IL1RAPL1,PTPRS,2.0841773,0.0,1.8569654,2.2518334490814045,2.6816426277121295,0.06946906,0.925825,0.001663960310372,0.0076187794566184,nerve,tumor,nerve-tumor,nerve_to_tumor,nerve_c7,,0.17,15.0,0.5776,True,,,,,True
malignant,nerve_c7,PTN,PTPRS,1.6584029,0.0,2.2319472,1.1614497401723032,2.5591358138541698,0.06939421,0.9318984,0.0124478711522251,0.0076304145641497,tumor,nerve,nerve-tumor,tumor_to_nerve,nerve_c7,,0.17,15.0,0.5776,True,,,,,True
immune_microglia,nerve_neuron,IL18,IL1RAPL1,1.6581568,0.0,2.1300073,1.5560493791246122,1.986694400853844,0.028424356,0.9303999,0.0584463858624115,0.0076420583670804,immune,nerve,immune-nerve,immune_to_nerve,nerve_neuron,microglia,0.5032,7.0,0.4667,False,0.0584,28.0,0.8514,True,False
immune_microglia,nerve_neuron,C1QB,LRP1,1.8356276,0.0,1.8561732,0.4530277679925239,2.0745729851500085,0.09187827,0.92581034,0.0164373597097591,0.0076420583670804,immune,nerve,immune-nerve,immune_to_nerve,nerve_neuron,microglia,0.5032,7.0,0.4667,False,0.0584,28.0,0.8514,True,False
nerve_c20,immune_t_cell,CD22,PTPRC,1.6579483,0.0,2.3589437,2.8160630469856076,1.9048092790837785,0.03261844,0.93363357,0.0090396726139297,0.0076653720574656,nerve,immune,immune-nerve,nerve_to_immune,nerve_c20,t_cell,0.7889,9.0,0.1802,False,0.114,24.0,0.7175,True,False
immune_tam,nerve_c20,CALM3,PDE1C,1.6576642,0.0,1.8696318,2.6457455332642947,1.859997733297523,0.025572767,0.92605805,0.0112538771097826,0.0076770429038982,immune,nerve,immune-nerve,immune_to_nerve,nerve_c20,tam,0.7889,9.0,0.1802,False,0.221,21.0,0.6495,True,False
immune_nk_cell,nerve_c10,CALM1,PDE1C,1.6568649,0.0,2.6379905,1.4776445643560407,1.1655140255128562,0.01377101,0.9370145,0.1546209769950564,0.0076887214849552,immune,nerve,immune-nerve,immune_to_nerve,nerve_c10,nk_cell,0.8274,7.0,0.1908,False,0.1807,21.0,0.6809,True,False
nerve_neuron,malignant,PTN,PTPRZ1,1.6568451,0.0,1.9609135,0.4985688473191548,1.213318898700538,0.024698494,0.92767364,0.0584463858624115,0.0077004087593184,nerve,tumor,nerve-tumor,nerve_to_tumor,nerve_neuron,,0.5032,7.0,0.4667,False,,,,,False
immune_microglia,nerve_c16,APOE,ABCA1,2.1655943,0.0,1.8473943,0.3333410963350908,1.6265382307938152,0.015648177,0.9256474,0.1193550769001795,0.0077121047265694,immune,nerve,immune-nerve,immune_to_nerve,nerve_c16,microglia,0.2917,16.0,0.4833,True,0.0584,28.0,0.8514,True,True
nerve_c10,immune_t_cell,LGALS1,PTPRC,1.6568286,0.0,2.3538325,0.4983176819839243,0.406541717689143,0.021299014,0.93356633,0.06347497249983,0.0077121047265694,nerve,immune,immune-nerve,nerve_to_immune,nerve_c10,t_cell,0.8274,7.0,0.1908,False,0.114,24.0,0.7175,True,False
nerve_c22,immune_microglia,SPP1,ITGAV_ITGB1,1.8302443,0.146,1.844077,0.1539952208851394,-0.6276308698757531,0.018401945,0.92558545,1.0,0.0077355227380599,nerve,immune,immune-nerve,nerve_to_immune,nerve_c22,microglia,1.0,1.0,-0.0,False,0.0584,28.0,0.8514,True,False
immune_dendritic,nerve_c9,ITGB3BP,ITGB5,0.09562625,1.0,0.0088968715,-0.1208212950062409,-0.1856043245008551,0.008622806,0.46350464,1.0,0.0077415809445394,immune,nerve,immune-nerve,immune_to_nerve,nerve_c9,dendritic,0.4802,7.0,0.3212,True,0.1168,23.0,0.7139,True,True
nerve_c20,immune_microglia,LRP1B,PLAUR,1.6557631,0.0,2.4221382,1.079734487072889,1.7695328365883,0.029918846,0.93444794,0.0584463858624115,0.0077472457455656,nerve,immune,immune-nerve,nerve_to_immune,nerve_c20,microglia,0.7889,9.0,0.1802,False,0.0584,28.0,0.8514,True,False
immune_tam,nerve_neuron,ANXA1,GRM7,1.65516,0.0,2.7314804,3.29980949797162,2.0691702815479567,0.1468029,0.9380344,3.358901472573327e-05,0.0077707159070203,immune,nerve,immune-nerve,immune_to_nerve,nerve_neuron,tam,0.5032,7.0,0.4667,False,0.221,21.0,0.6495,True,False
nerve_c20,malignant,EDIL3,ITGAV,1.8515625,0.0,1.839116,2.9567501102727913,2.0845336002747823,0.025224257,0.92549264,0.0034820825184244,0.007794220829979,nerve,tumor,nerve-tumor,nerve_to_tumor,nerve_c20,,0.7889,9.0,0.1802,False,,,,,False
malignant,immune_t_cell,APP,CD74,1.6537311,0.0,2.5610938,0.2769925554867948,-0.1286207483830759,0.002948673,0.9361359,1.0,0.0078059872936515,tumor,immune,immune-tumor,tumor_to_immune,,t_cell,,,,,0.114,24.0,0.7175,True,True
nerve_c21,immune_dendritic,SPP1,CD44,1.6534079,0.41,2.1722257,0.0837510622424878,-0.7710974517548611,0.006642888,0.9310327,1.0,0.0078413359168309,nerve,immune,immune-nerve,nerve_to_immune,nerve_c21,dendritic,1.0,1.0,-0.0,False,0.1168,23.0,0.7139,True,False
nerve_c2,immune_nk_cell,SPP1,ITGA4_ITGB1,2.0132308,0.0,1.8345041,0.5643483974115373,-0.0839308366462769,0.018035155,0.92540604,0.5118625649246783,0.0078531361675106,nerve,immune,immune-nerve,nerve_to_immune,nerve_c2,nk_cell,0.4082,17.0,0.533,True,0.1807,21.0,0.6809,True,True
immune_nk_cell,nerve_c0,CALM1,PDE1A,1.6529591,0.0,2.6224895,2.3599633974195005,1.6788573490023078,0.026982713,0.9368404,0.0242808529898872,0.0078531361675106,immune,nerve,immune-nerve,immune_to_nerve,nerve_c0,nk_cell,0.1812,15.0,0.5697,True,0.1807,21.0,0.6809,True,True
nerve_c5,immune_t_cell,COPA,CD74,1.652854,0.0,2.5574617,0.5604227090683155,-0.2690786251412851,0.010790811,0.93609345,1.0,0.007864945105636,nerve,immune,immune-nerve,nerve_to_immune,nerve_c5,t_cell,0.5076,15.0,0.4523,False,0.114,24.0,0.7175,True,False
nerve_c0,immune_t_cell,LAMA2,RPSA,1.6528513,0.0,2.0929368,1.1247648566550985,1.402067554602349,0.045379963,0.9298293,0.0213930956073393,0.0078767637027499,nerve,immune,immune-nerve,nerve_to_immune,nerve_c0,t_cell,0.1812,15.0,0.5697,True,0.114,24.0,0.7175,True,True
malignant,nerve_c4,NCAM1,FGFR2,1.6517012,0.0,2.4421535,2.9407097545519143,2.455585089183357,0.05705816,0.93469954,0.0005552993745229,0.0079004250138895,tumor,nerve,nerve-tumor,tumor_to_nerve,nerve_c4,,0.1779,16.0,0.5438,True,,,,,True
immune_tam,nerve_c18,HLA-A,APLP2,1.6515658,0.0,2.0806391,0.153467057919852,0.0269306409928651,0.016975684,0.9296368,0.5313287551511371,0.0079122686983253,immune,nerve,immune-nerve,immune_to_nerve,nerve_c18,tam,0.5575,4.0,0.2111,False,0.221,21.0,0.6495,True,False
nerve_c6,malignant,SPP1,CD44,1.9068848,0.0,1.8300731,0.1079620188981702,-0.6380411212973558,0.004736807,0.92532253,1.0,0.0079241210681136,nerve,tumor,nerve-tumor,nerve_to_tumor,nerve_c6,,0.2036,24.0,0.6567,True,,,,,True
nerve_c17,immune_t_cell,APP,CD74,1.6506848,0.0,2.5484788,0.2735233871380929,-0.2219612890782069,0.004635759,0.9359881,1.0,0.007935983098368,nerve,immune,immune-nerve,nerve_to_immune,nerve_c17,t_cell,0.712,4.0,0.1815,False,0.114,24.0,0.7175,True,False
nerve_c10,malignant,LAMC1,ITGA6_ITGB4,0.09590161,0.0,0.0090225,0.1018044960940022,0.0682326537197342,0.047499295,0.46524847,0.6077119515492726,0.0079451267158432,nerve,tumor,nerve-tumor,nerve_to_tumor,nerve_c10,,0.8274,7.0,0.1908,False,,,,,False
nerve_c16,immune_tam,MIF,CD74_CXCR4,1.6501734,0.0,2.4489198,0.6900123496312878,0.7220391310520693,0.016370906,0.93478394,0.0901061583640383,0.0079478528383194,nerve,immune,immune-nerve,nerve_to_immune,nerve_c16,tam,0.2917,16.0,0.4833,True,0.221,21.0,0.6495,True,True
immune_tam,nerve_c16,S100A9,CD68,2.1265972,0.0,1.8284515,1.2825018160681072,1.9648113007849304,0.1943319,0.9252919,0.0068269730898412,0.0079597312623675,immune,nerve,immune-nerve,immune_to_nerve,nerve_c16,tam,0.2917,16.0,0.4833,True,0.221,21.0,0.6495,True,True
immune_tam,nerve_c5,GRN,SORT1,1.6497238,0.0,2.6799328,1.5715668912040914,1.3707955054142609,0.024214398,0.9374784,0.0584463858624115,0.0079716183700937,immune,nerve,immune-nerve,immune_to_nerve,nerve_c5,tam,0.5076,15.0,0.4523,False,0.221,21.0,0.6495,True,False
immune_tam,nerve_c6,PSAP,SORT1,1.6497047,0.0,2.1783035,0.7818922257735139,0.7320056996310047,0.010939025,0.93112236,0.3661788133987774,0.0079835141610792,immune,nerve,immune-nerve,immune_to_nerve,nerve_c6,tam,0.2036,24.0,0.6567,True,0.221,21.0,0.6495,True,True
nerve_c12,malignant,BCAN,EGFR,1.6491835,0.0,2.6995735,1.1266570324699574,2.789929952685319,0.3473546,0.93769205,5.6844911548579315e-05,0.0079954196140073,nerve,tumor,nerve-tumor,nerve_to_tumor,nerve_c12,,0.4368,7.0,0.335,True,,,,,True
malignant,nerve_c6,PTN,NCL,1.6486728,0.0,2.1856642,0.5497156338229942,1.8960453932424777,0.046864793,0.9312305,0.0584463858624115,0.0080192546099354,tumor,nerve,nerve-tumor,tumor_to_nerve,nerve_c6,,0.2036,24.0,0.6567,True,,,,,True
nerve_c1,immune_tam,MIF,CD74_CXCR4,1.6477902,0.0,2.4435499,0.6878464327130738,0.7454928200711268,0.016335009,0.934717,0.0910583948375383,0.0080670297608458,nerve,immune,immune-nerve,nerve_to_immune,nerve_c1,tam,0.1941,18.0,0.5886,True,0.221,21.0,0.6495,True,True
nerve_c4,immune_t_cell,COPA,CD74,1.647491,0.0,2.5352526,0.5521270943610652,-0.2412573398695455,0.010697103,0.9358321,1.0,0.0080789950042636,nerve,immune,immune-nerve,nerve_to_immune,nerve_c4,t_cell,0.1779,16.0,0.5438,True,0.114,24.0,0.7175,True,True
nerve_c7,malignant,IL1RAPL1,PTPRD,2.0796468,0.0,1.8237923,2.1502917204227012,2.3853008992084774,0.07943065,0.9252037,0.0007061440701506,0.0080789950042636,nerve,tumor,nerve-tumor,nerve_to_tumor,nerve_c7,,0.17,15.0,0.5776,True,,,,,True
immune_microglia,nerve_c6,PSAP,SORT1,1.6471815,0.0,2.1736982,0.7798968501736496,1.508620766952514,0.010915898,0.9310545,0.3689618203697196,0.0080909689271732,immune,nerve,immune-nerve,immune_to_nerve,nerve_c6,microglia,0.2036,24.0,0.6567,True,0.0584,28.0,0.8514,True,True
immune_tam,nerve_c7,CALM1,PDE1C,1.6469734,0.0,2.708036,1.6891664410491198,1.329680823033508,0.014136666,0.9377834,0.0866178150691115,0.008102951529156,immune,nerve,immune-nerve,immune_to_nerve,nerve_c7,tam,0.17,15.0,0.5776,True,0.221,21.0,0.6495,True,True
malignant,nerve_c18,PTN,NCL,1.6460795,0.0,2.1733286,0.5468113559464945,1.9402658395197272,0.046600293,0.931049,0.0584463858624115,0.0081389523930228,tumor,nerve,nerve-tumor,tumor_to_nerve,nerve_c18,,0.5575,4.0,0.2111,False,,,,,False
nerve_c4,immune_dendritic,LRPAP1,SORT1,0.09621953,1.0,0.00904443,-0.4670566150274889,-0.747969884350262,0.001406987,0.46555045,1.0,0.0081486632562552,nerve,immune,immune-nerve,nerve_to_immune,nerve_c4,dendritic,0.1779,16.0,0.5438,True,0.1168,23.0,0.7139,True,True
nerve_c4,immune_t_cell,PSEN1,CD44,1.6456221,0.0,2.631722,1.856711447000455,1.6570633228697882,0.024726333,0.9369443,0.030069114284958,0.0081750303679526,nerve,immune,immune-nerve,nerve_to_immune,nerve_c4,t_cell,0.1779,16.0,0.5438,True,0.114,24.0,0.7175,True,True
nerve_c18,immune_tam,HMGB1,THBD,1.6449752,0.0,2.169649,1.211707428783013,1.2327295334623196,0.05047708,0.93099463,0.012092494994661,0.0082111874201134,nerve,immune,immune-nerve,nerve_to_immune,nerve_c18,tam,0.5575,4.0,0.2111,False,0.221,21.0,0.6495,True,False
immune_microglia,nerve_c4,APOE,LRP6,2.161717,0.0,1.817526,0.7285994513805735,1.9776728228346847,0.023624131,0.9250845,0.0584463858624115,0.0082111874201134,immune,nerve,immune-nerve,immune_to_nerve,nerve_c4,microglia,0.1779,16.0,0.5438,True,0.0584,28.0,0.8514,True,True
immune_nk_cell,nerve_c7,CALM1,PDE1A,1.6443475,0.0,2.5883138,2.3313627078924593,1.6250226905524767,0.026631081,0.9364512,0.0305471571453118,0.0082232567912306,immune,nerve,immune-nerve,immune_to_nerve,nerve_c7,nk_cell,0.17,15.0,0.5776,True,0.1807,21.0,0.6809,True,True
nerve_c5,immune_tam,TF,TFRC,1.9819251,0.0,1.8169159,3.1166888975147806,2.303222688586344,0.021312486,0.92507285,0.0009039185056241,0.0082474215564512,nerve,immune,immune-nerve,nerve_to_immune,nerve_c5,tam,0.5076,15.0,0.4523,False,0.221,21.0,0.6495,True,False
nerve_c7,immune_t_cell,CD22,PTPRC,1.6441975,0.0,2.2961755,2.75592730336531,1.998963131661376,0.031750508,0.93279314,0.0056777186218809,0.0082474215564512,nerve,immune,immune-nerve,nerve_to_immune,nerve_c7,t_cell,0.17,15.0,0.5776,True,0.114,24.0,0.7175,True,True
malignant,nerve_c4,PTN,PTPRS,1.643026,0.0,2.1588035,1.1349681969965242,2.3440041989694587,0.067120075,0.93083346,0.0139935129738266,0.0082958561640542,tumor,nerve,nerve-tumor,tumor_to_nerve,nerve_c4,,0.1779,16.0,0.5438,True,,,,,True
immune_nk_cell,nerve_c5,HLA-A,APLP2,1.9754913,0.0,1.8127779,0.3482235031863573,0.2633029653488443,0.014790237,0.9249938,0.1559677174555088,0.0083079862483718,immune,nerve,immune-nerve,immune_to_nerve,nerve_c5,nk_cell,0.5076,15.0,0.4523,False,0.1807,21.0,0.6809,True,False
immune_dendritic,malignant,HLA-A,APLP2,1.6426072,0.0,1.9050902,0.1292071645361833,-0.1003478589185659,0.0058199503,0.92669874,1.0,0.0083079862483718,immune,tumor,immune-tumor,immune_to_tumor,,dendritic,,,,,0.1168,23.0,0.7139,True,True
nerve_c16,immune_microglia,MIF,CD74_CXCR4,1.6414491,0.0,2.4109907,0.6828019402817951,0.962033532527622,0.016117351,0.9343065,0.0959774739189747,0.0083201260025906,nerve,immune,immune-nerve,nerve_to_immune,nerve_c16,microglia,0.2917,16.0,0.4833,True,0.0584,28.0,0.8514,True,True
nerve_c6,immune_tam,VIM,CD44,1.6413301,0.0,2.6249506,0.4927813911420083,0.4495648925496291,0.025245667,0.93686813,0.0584463858624115,0.0083322734302784,nerve,immune,immune-nerve,nerve_to_immune,nerve_c6,tam,0.2036,24.0,0.6567,True,0.221,21.0,0.6495,True,True
malignant,immune_nk_cell,LGALS1,PTPRC,1.6400632,0.0,2.580325,0.4553589923745311,0.4997602044446618,0.021282142,0.93635917,0.0584463858624115,0.008344429528667,tumor,immune,immune-tumor,tumor_to_immune,,nk_cell,,,,,0.1807,21.0,0.6809,True,True
nerve_c10,malignant,WNT5B,FZD3_LRP5,0.095969446,0.0,0.009121549,0.2883753045440472,0.1803584966762711,0.09437931,0.4666069,0.2511119793133509,0.0083521905659847,nerve,tumor,nerve-tumor,nerve_to_tumor,nerve_c10,,0.8274,7.0,0.1908,False,,,,,False
nerve_c5,immune_nk_cell,SPP1,ITGA4_ITGB1,1.9903274,0.0,1.8105133,0.5533278733699258,-0.1257755380073522,0.0177993,0.9249504,0.5283913679999663,0.0083565942973377,nerve,immune,immune-nerve,nerve_to_immune,nerve_c5,nk_cell,0.5076,15.0,0.4523,False,0.1807,21.0,0.6809,True,False
malignant,nerve_c17,TIMP1,CD63,1.6393969,0.0,2.4582608,0.2758997192543242,0.8644611948613161,0.009764248,0.93489987,0.5094232856795545,0.0083565942973377,tumor,nerve,nerve-tumor,tumor_to_nerve,nerve_c17,,0.712,4.0,0.1815,False,,,,,False
nerve_c1,immune_microglia,MIF,CD74_CXCR4,1.6390659,0.0,2.405704,0.6806360233635811,0.9854872215466796,0.016082011,0.93423915,0.0968200086339424,0.0083687677358719,nerve,immune,immune-nerve,nerve_to_immune,nerve_c1,microglia,0.1941,18.0,0.5886,True,0.0584,28.0,0.8514,True,True
immune_nk_cell,nerve_c7,CALM1,INSR,1.6386642,0.0,2.565759,1.3426206746188234,1.3089892014082205,0.018725533,0.93619025,0.0584463858624115,0.0083809508457784,immune,nerve,immune-nerve,immune_to_nerve,nerve_c7,nk_cell,0.17,15.0,0.5776,True,0.1807,21.0,0.6809,True,True
nerve_c4,immune_microglia,LRP1B,PLAUR,1.637703,0.0,2.3827455,1.0628092448410127,1.7519357866146252,0.029432256,0.9339439,0.0584463858624115,0.0084053410698222,nerve,immune,immune-nerve,nerve_to_immune,nerve_c4,microglia,0.1779,16.0,0.5438,True,0.0584,28.0,0.8514,True,True
nerve_c0,malignant,NCAM1,PTPRA,1.6373311,0.0,1.9680644,1.3726787520613537,1.6474057575595702,0.026115809,0.92779565,0.0584463858624115,0.0084297659666221,nerve,tumor,nerve-tumor,nerve_to_tumor,nerve_c0,,0.1812,15.0,0.5697,True,,,,,True
malignant,nerve_neuron,NCAM1,PTPRZ1,1.6372964,0.0,2.4099746,0.7811307399675687,1.6229027253477504,0.11182307,0.93429357,0.0307319710086983,0.008441991416259,tumor,nerve,nerve-tumor,tumor_to_nerve,nerve_neuron,,0.5032,7.0,0.4667,False,,,,,False
nerve_c15,malignant,CNTN2,NRCAM,1.6365956,0.0,2.539034,3.212877592682448,2.872945016499701,0.073617235,0.9358768,0.000122815588993,0.0084664693228295,nerve,tumor,nerve-tumor,nerve_to_tumor,nerve_c15,,0.2441,11.0,0.4778,True,,,,,True
immune_tam,nerve_c10,HBEGF,CD9,1.6365525,0.0,2.4146833,1.3859652505751434,1.5233738030820545,0.041457385,0.9343535,0.0326758961608422,0.0084787207727225,immune,nerve,immune-nerve,immune_to_nerve,nerve_c10,tam,0.8274,7.0,0.1908,False,0.221,21.0,0.6495,True,False
nerve_c16,malignant,SPP1,CD44,1.8861098,0.0,1.8066822,0.0979645932762848,-0.6755378301527217,0.0046762642,0.92487687,1.0,0.0084909808882929,nerve,tumor,nerve-tumor,nerve_to_tumor,nerve_c16,,0.2917,16.0,0.4833,True,,,,,True
nerve_c1,malignant,GSTP1,EGFR,1.6365501,0.0,2.6614978,0.7975102944990171,2.4826614713566917,0.056950297,0.9372758,0.0566081964713913,0.0084909808882929,nerve,tumor,nerve-tumor,nerve_to_tumor,nerve_c1,,0.1941,18.0,0.5886,True,,,,,True
malignant,nerve_c15,PTN,NCL,1.6363064,0.0,2.12684,0.535866020652307,1.9302259735049552,0.04560349,0.93035173,0.0584463858624115,0.0085032496691218,tumor,nerve,nerve-tumor,tumor_to_nerve,nerve_c15,,0.2441,11.0,0.4778,True,,,,,True
nerve_neuron,immune_t_cell,HMGB1,CXCR4,1.6357447,0.0,2.2513964,0.2900790520475582,0.4210247807669239,0.008793599,0.9321732,0.6853636266052108,0.0085155281245564,nerve,immune,immune-nerve,nerve_to_immune,nerve_neuron,t_cell,0.5032,7.0,0.4667,False,0.114,24.0,0.7175,True,False
immune_tam,nerve_c6,VIM,CD44,1.872747,0.0,1.8056918,0.3799187012605668,0.3058631751973638,0.024671413,0.9248578,0.1218466797556744,0.0085401090101649,immune,nerve,immune-nerve,immune_to_nerve,nerve_c6,tam,0.2036,24.0,0.6567,True,0.221,21.0,0.6495,True,True
nerve_c4,immune_t_cell,COL4A5,CD44,1.6350827,0.0,2.6028585,2.9083103695150787,1.9163182699930563,0.02884293,0.93661773,0.0086331709166928,0.0085770463277393,nerve,immune,immune-nerve,nerve_to_immune,nerve_c4,t_cell,0.1779,16.0,0.5438,True,0.114,24.0,0.7175,True,True
immune_tam,nerve_c13,S100A4,EGFR,1.79972,0.0,1.8034853,0.8609565565429421,0.5457000062938777,0.036412235,0.9248153,0.0584463858624115,0.0085893757550821,immune,nerve,immune-nerve,immune_to_nerve,nerve_c13,tam,0.3452,18.0,0.5887,True,0.221,21.0,0.6495,True,True
malignant,nerve_c20,PTN,PTPRZ1,1.634973,0.0,2.1204977,0.501079369977707,1.171185870758782,0.06239241,0.9302549,0.0584463858624115,0.0085893757550821,tumor,nerve,nerve-tumor,tumor_to_nerve,nerve_c20,,0.7889,9.0,0.1802,False,,,,,False
nerve_c18,immune_dendritic,LGALS1,CD69,1.6343088,0.0,2.1083584,0.5762248032605697,0.9166464848629936,0.031182056,0.93006843,0.0584463858624115,0.0086017138443346,nerve,immune,immune-nerve,nerve_to_immune,nerve_c18,dendritic,0.5575,4.0,0.2111,False,0.1168,23.0,0.7139,True,False
nerve_c10,immune_tam,JAM3,ITGB1,1.6339164,0.0,2.0923045,2.4859808226672526,1.8638311866958284,0.025437612,0.92981946,0.0110037846366457,0.0086140605950782,nerve,immune,immune-nerve,nerve_to_immune,nerve_c10,tam,0.8274,7.0,0.1908,False,0.221,21.0,0.6495,True,False
immune_microglia,nerve_c7,APOE,LRP6,2.159605,0.0,1.8012588,0.7238792395584102,2.111240149815908,0.023412691,0.9247724,0.0584463858624115,0.0086140605950782,immune,nerve,immune-nerve,immune_to_nerve,nerve_c7,microglia,0.17,15.0,0.5776,True,0.0584,28.0,0.8514,True,True
nerve_c17,immune_tam,HMGB1,CXCR4,1.6338582,0.0,2.412159,0.3587501458799531,0.4237192286698124,0.0094215125,0.9343214,0.5667149540315594,0.0086264170230697,nerve,immune,immune-nerve,nerve_to_immune,nerve_c17,tam,0.712,4.0,0.1815,False,0.221,21.0,0.6495,True,False
immune_dendritic,malignant,S100A4,EGFR,1.6335368,0.0,2.652416,0.7400166942706417,2.428964042943031,0.049676575,0.9371753,0.0584463858624115,0.0086635342045907,immune,tumor,immune-tumor,immune_to_tumor,,dendritic,,,,,0.1168,23.0,0.7139,True,True
immune_t_cell,nerve_c9,CALM1,PDE1C,1.633203,0.0,2.459721,1.3689653629137943,1.2569998397053483,0.012840397,0.9349179,0.1136044480400024,0.0086759252755338,immune,nerve,immune-nerve,immune_to_nerve,nerve_c9,t_cell,0.4802,7.0,0.3212,True,0.114,24.0,0.7175,True,True
nerve_c9,malignant,MIF,EGFR,1.633188,0.0,2.651365,0.7790425191875645,2.390697202587388,0.07091193,0.9371636,0.0467536032605155,0.0086883250068801,nerve,tumor,nerve-tumor,nerve_to_tumor,nerve_c9,,0.4802,7.0,0.3212,True,,,,,True
nerve_c0,immune_nk_cell,LAMA2,RPSA,1.6331327,0.0,2.0592775,1.1087352798772054,1.264466509703181,0.04465015,0.9292985,0.0230856792104895,0.0087007313573163,nerve,immune,immune-nerve,nerve_to_immune,nerve_c0,nk_cell,0.1812,15.0,0.5697,True,0.1807,21.0,0.6809,True,True
immune_t_cell,nerve_c5,HLA-A,APLP2,1.9617908,0.0,1.7982587,0.3375399904185361,0.4024259994512025,0.0146717755,0.9247143,0.1364994585633089,0.0087007313573163,immune,nerve,immune-nerve,immune_to_nerve,nerve_c5,t_cell,0.5076,15.0,0.4523,False,0.114,24.0,0.7175,True,False
nerve_c18,immune_t_cell,SPP1,ITGA4_ITGB1,1.7515768,0.0,1.7966223,0.5150762084380867,0.0433957769969088,0.017662734,0.9246827,0.4916545359836891,0.008738006437592,nerve,immune,immune-nerve,nerve_to_immune,nerve_c18,t_cell,0.5575,4.0,0.2111,False,0.114,24.0,0.7175,True,False
nerve_c9,malignant,WNT2B,FZD3_LRP5,0.09612861,0.0,0.009155096,0.2025283271912504,0.1455224319360876,0.04248345,0.46706375,0.308520166974658,0.0087592174942336,nerve,tumor,nerve-tumor,nerve_to_tumor,nerve_c9,,0.4802,7.0,0.3212,True,,,,,True
immune_nk_cell,nerve_neuron,CALM1,KCNQ3,1.631325,0.0,2.5366325,0.9640828393393848,1.0661290545448665,0.07790148,0.9358484,0.032627036987674,0.0087628990959398,immune,nerve,immune-nerve,immune_to_nerve,nerve_neuron,nk_cell,0.5032,7.0,0.4667,False,0.1807,21.0,0.6809,True,False
nerve_c2,malignant,CALM1,PTPRA,1.6299088,0.0,1.9562917,0.6955310106542375,0.926878259668802,0.021774918,0.9275944,0.0584463858624115,0.0088003040289234,nerve,tumor,nerve-tumor,nerve_to_tumor,nerve_c2,,0.4082,17.0,0.533,True,,,,,True
nerve_c0,immune_t_cell,CD22,PTPRC,1.62984,0.0,2.2306387,2.693139291570244,1.896240674725603,0.030844297,0.9318798,0.0093714204865605,0.0088127903355796,nerve,immune,immune-nerve,nerve_to_immune,nerve_c0,t_cell,0.1812,15.0,0.5697,True,0.114,24.0,0.7175,True,True
nerve_c5,immune_microglia,HLA-A,APLP2,1.6298242,0.0,2.2752986,0.1665681425252257,0.130027429261832,0.018069075,0.9325063,0.3960066070880101,0.0088252832429051,nerve,immune,immune-nerve,nerve_to_immune,nerve_c5,microglia,0.5076,15.0,0.4523,False,0.0584,28.0,0.8514,True,False
nerve_c12,immune_t_cell,VCAN,CD44,1.6297693,0.0,2.5883074,1.158629472107337,1.3716836151060374,0.07190401,0.93645114,0.0126148271964085,0.0088377868593146,nerve,immune,immune-nerve,nerve_to_immune,nerve_c12,t_cell,0.4368,7.0,0.335,True,0.114,24.0,0.7175,True,True
nerve_c18,immune_tam,LGALS1,ITGB1,1.6292212,0.0,2.084097,0.5184734839389297,0.6277489065109741,0.037093706,0.9296911,0.0584463858624115,0.0088628179971986,nerve,immune,immune-nerve,nerve_to_immune,nerve_c18,tam,0.5575,4.0,0.2111,False,0.221,21.0,0.6495,True,False
nerve_c5,immune_microglia,TF,TFRC,1.9779975,0.0,1.7899344,3.11128747680568,2.6977983185540335,0.020995993,0.9245527,0.0002438669710574,0.0088753475758097,nerve,immune,immune-nerve,nerve_to_immune,nerve_c5,microglia,0.5076,15.0,0.4523,False,0.0584,28.0,0.8514,True,False
malignant,nerve_c20,CALM1,GRM3,1.6290951,0.0,2.6347933,3.1353718513727973,1.607665564986033,0.019293312,0.93697876,0.0326471886692623,0.0088878837458826,tumor,nerve,nerve-tumor,tumor_to_nerve,nerve_c20,,0.7889,9.0,0.1802,False,,,,,False
immune_tam,malignant,VIM,CD44,1.8700587,0.0,1.78861,0.3770841578970703,0.3679762182192319,0.012818149,0.9245269,0.2187123371748297,0.0088878837458826,immune,tumor,immune-tumor,immune_to_tumor,,tam,,,,,0.221,21.0,0.6495,True,True
nerve_c16,immune_t_cell,SPP1,PTGER4,1.8832462,0.0,1.7883013,0.3870357627185751,-0.2404085604993798,0.017353898,0.92452085,0.5984333706028493,0.0089004306300605,nerve,immune,immune-nerve,nerve_to_immune,nerve_c16,t_cell,0.2917,16.0,0.4833,True,0.114,24.0,0.7175,True,True
nerve_c16,malignant,HLA-A,APLP2,1.6286511,0.0,1.8840985,0.1183342300963213,-0.0384803285614901,0.010489003,0.9263215,0.6856532831605673,0.0089129841020177,nerve,tumor,nerve-tumor,nerve_to_tumor,nerve_c16,,0.2917,16.0,0.4833,True,,,,,True
immune_nk_cell,nerve_neuron,CALM1,RYR2,1.6285038,0.0,2.5254366,2.7865536272106177,1.884719003954032,0.04877346,0.9357155,0.0100090992254164,0.0089255482900879,immune,nerve,immune-nerve,immune_to_nerve,nerve_neuron,nk_cell,0.5032,7.0,0.4667,False,0.1807,21.0,0.6809,True,False
immune_microglia,nerve_c13,SPP1,ITGAV_ITGB1,2.255039,0.0,1.7867955,0.2921229445263475,1.7876065504428706,0.014731343,0.92449147,0.1622960442920709,0.008938119062255,immune,nerve,immune-nerve,immune_to_nerve,nerve_c13,microglia,0.3452,18.0,0.5887,True,0.0584,28.0,0.8514,True,True
immune_dendritic,nerve_c10,TIMP1,CD63,1.6284869,0.0,2.153132,0.252627302852863,-0.0093332612215977,0.0100676725,0.9307487,0.6157790591918691,0.008938119062255,immune,nerve,immune-nerve,immune_to_nerve,nerve_c10,dendritic,0.8274,7.0,0.1908,False,0.1168,23.0,0.7139,True,False
nerve_c10,immune_t_cell,COPA,CD74,1.628473,0.0,2.4564977,0.5227133330482027,-0.3459608483941074,0.010364808,0.93487805,1.0,0.0089507005525428,nerve,immune,immune-nerve,nerve_to_immune,nerve_c10,t_cell,0.8274,7.0,0.1908,False,0.114,24.0,0.7175,True,False
immune_dendritic,nerve_c10,ADAM9,ITGB5,0.10090234,1.0,0.009307907,-0.2816019917626157,-0.43703854985052,0.00490019,0.46912453,1.0,0.0089627176359966,immune,nerve,immune-nerve,immune_to_nerve,nerve_c10,dendritic,0.8274,7.0,0.1908,False,0.1168,23.0,0.7139,True,False
nerve_c2,immune_dendritic,MIF,CD74_CXCR4,1.6279213,0.0,2.629479,0.6434457338104422,0.6983093925211319,0.017577933,0.9369191,0.0677778512874346,0.0089884948552619,nerve,immune,immune-nerve,nerve_to_immune,nerve_c2,dendritic,0.4082,17.0,0.533,True,0.1168,23.0,0.7139,True,True
nerve_c6,immune_microglia,SPP1,CD44,1.899801,0.0,1.784017,0.1004949588325378,-0.7631395618733712,0.005455706,0.9244371,1.0,0.0090011088713397,nerve,immune,immune-nerve,nerve_to_immune,nerve_c6,microglia,0.2036,24.0,0.6567,True,0.0584,28.0,0.8514,True,True
nerve_c15,immune_tam,HLA-A,APLP2,1.6273704,0.0,2.64445,0.2650060841547645,0.1185181305055518,0.021000657,0.93708664,0.3444199798757222,0.0090011088713397,nerve,immune,immune-nerve,nerve_to_immune,nerve_c15,tam,0.2441,11.0,0.4778,True,0.221,21.0,0.6495,True,True
immune_tam,malignant,ANXA1,EGFR,1.625979,0.0,2.6296377,0.9297395074603024,2.6227011033629135,0.07280516,0.9369209,0.0321642730282311,0.0090390069565569,immune,tumor,immune-tumor,immune_to_tumor,,tam,,,,,0.221,21.0,0.6495,True,True
nerve_c17,immune_microglia,HMGB1,CXCR4,1.6251339,0.0,2.3747993,0.3515397365304604,0.6637136301453652,0.009275591,0.9338408,0.5944143128221224,0.0090643148899149,nerve,immune,immune-nerve,nerve_to_immune,nerve_c17,microglia,0.712,4.0,0.1815,False,0.0584,28.0,0.8514,True,False
nerve_c12,immune_t_cell,HMGB1,CXCR4,1.6249084,0.0,2.2018294,0.2797980641427009,0.4668561733925147,0.0085999975,0.93146604,0.719180614956794,0.0090769828675936,nerve,immune,immune-nerve,nerve_to_immune,nerve_c12,t_cell,0.4368,7.0,0.335,True,0.114,24.0,0.7175,True,True
immune_t_cell,nerve_c3,CALM1,INSR,1.6248374,0.0,2.4247715,1.2588602776754,1.2112594775492458,0.017696572,0.9344812,0.0656414960388577,0.0090896594922775,immune,nerve,immune-nerve,immune_to_nerve,nerve_c3,t_cell,0.1893,16.0,0.5434,True,0.114,24.0,0.7175,True,True
nerve_c5,immune_tam,HMGB1,CXCR4,1.6248131,0.0,2.3917792,0.3501692594576991,0.1058953443427732,0.009341911,0.9340606,0.5814214353061985,0.0091023426771298,nerve,immune,immune-nerve,nerve_to_immune,nerve_c5,tam,0.5076,15.0,0.4523,False,0.221,21.0,0.6495,True,False
malignant,immune_microglia,PTN,NCL,1.6241124,0.0,2.0688367,0.5222135567339705,1.8858821046063512,0.0043740673,0.9294505,0.3187836528117414,0.0091277370656509,tumor,immune,immune-tumor,tumor_to_immune,,microglia,,,,,0.0584,28.0,0.8514,True,True
immune_t_cell,nerve_c2,S100A4,ERBB3,1.6240819,0.0,2.2745843,2.180989603408822,1.783993620615838,0.01950042,0.9324964,0.0161367412840744,0.0091404482713252,immune,nerve,immune-nerve,immune_to_nerve,nerve_c2,t_cell,0.4082,17.0,0.533,True,0.114,24.0,0.7175,True,True
nerve_c18,immune_t_cell,VIM,CD44,1.6240209,0.0,2.5725646,0.3753009609145772,0.667208421128465,0.024741841,0.93626934,0.0847094873184,0.0091531681219112,nerve,immune,immune-nerve,nerve_to_immune,nerve_c18,t_cell,0.5575,4.0,0.2111,False,0.114,24.0,0.7175,True,False
nerve_c20,immune_nk_cell,HMGB1,CXCR4,1.6238672,0.0,2.497224,0.2963878514263383,0.4058688026800983,0.009753762,0.9353768,0.511668077097883,0.0091658945234656,nerve,immune,immune-nerve,nerve_to_immune,nerve_c20,nk_cell,0.7889,9.0,0.1802,False,0.1807,21.0,0.6809,True,False
nerve_c10,malignant,CDH1,LRP5,0.09698714,0.0,0.009336041,0.4747263196523242,0.213597352735061,0.041181862,0.46950036,0.2081300869169523,0.0091662080250657,nerve,tumor,nerve-tumor,nerve_to_tumor,nerve_c10,,0.8274,7.0,0.1908,False,,,,,False
immune_nk_cell,nerve_c13,CALM1,PDE1C,1.6235664,0.0,2.505842,1.4091114736249328,1.3247164215306906,0.013081159,0.93548083,0.0920838448224437,0.0091913753462183,immune,nerve,immune-nerve,immune_to_nerve,nerve_c13,nk_cell,0.3452,18.0,0.5887,True,0.1807,21.0,0.6809,True,True
nerve_c18,malignant,NCAM1,PTPRZ1,1.6233152,0.0,1.7904205,0.6816179065021397,1.9588932091834128,0.017539395,0.92456216,0.0683585325991116,0.0092168928354432,nerve,tumor,nerve-tumor,nerve_to_tumor,nerve_c18,,0.5575,4.0,0.2111,False,,,,,False
nerve_c9,immune_nk_cell,PTN,NCL,1.623251,0.0,2.514463,0.6020358277260536,0.319654589219647,0.0147127565,0.9355844,0.1348663398681489,0.0092296624432347,nerve,immune,immune-nerve,nerve_to_immune,nerve_c9,nk_cell,0.4802,7.0,0.3212,True,0.1807,21.0,0.6809,True,True
nerve_c4,immune_microglia,EDIL3,ITGAV,1.7667912,0.0,1.7675313,2.787683441748177,2.0727093277851925,0.024236152,0.9241122,0.0037712659557393,0.0092680273095534,nerve,immune,immune-nerve,nerve_to_immune,nerve_c4,microglia,0.1779,16.0,0.5438,True,0.0584,28.0,0.8514,True,True
nerve_c22,immune_nk_cell,APP,CD74,1.6220503,0.084,2.6163738,0.3438258367234885,-0.3641612408284546,0.0047592623,0.9367713,1.0,0.0092680273095534,nerve,immune,immune-nerve,nerve_to_immune,nerve_c22,nk_cell,1.0,1.0,-0.0,False,0.1807,21.0,0.6809,True,False
nerve_c7,immune_tam,LRP1B,PLAUR,1.6219199,0.0,2.6261685,1.0705921380994443,1.195339337761888,0.032439075,0.93688184,0.0584463858624115,0.0092808335805439,nerve,immune,immune-nerve,nerve_to_immune,nerve_c7,tam,0.17,15.0,0.5776,True,0.221,21.0,0.6495,True,True
immune_t_cell,nerve_c3,CALM1,GRM3,1.6212122,0.0,2.409627,2.2994210681143046,1.4822585541458568,0.017638974,0.93428916,0.0524054940962577,0.0092936463841077,immune,nerve,immune-nerve,immune_to_nerve,nerve_c3,t_cell,0.1893,16.0,0.5434,True,0.114,24.0,0.7175,True,True
nerve_c12,immune_tam,COPA,CD74,1.7031875,0.0,1.763489,0.2749620242397587,-0.1306024810563782,0.007440766,0.9240319,0.9987207808189374,0.0093321408393911,nerve,immune,immune-nerve,nerve_to_immune,nerve_c12,tam,0.4368,7.0,0.335,True,0.221,21.0,0.6495,True,True
immune_microglia,nerve_c13,APOE,LRP6,2.1546752,0.0,1.7632844,0.7128604613640858,2.0886760421545256,0.022919104,0.92402786,0.0584463858624115,0.00934498819147,immune,nerve,immune-nerve,immune_to_nerve,nerve_c13,microglia,0.3452,18.0,0.5887,True,0.0584,28.0,0.8514,True,True
nerve_neuron,malignant,NRG3,EGFR,1.6206982,0.0,2.6137223,2.5668311162283035,3.9350343686705704,0.40021572,0.93674123,2.1973633611281468e-05,0.00934498819147,nerve,tumor,nerve-tumor,nerve_to_tumor,nerve_neuron,,0.5032,7.0,0.4667,False,,,,,False
immune_microglia,nerve_c4,CALM1,PDE1C,1.6206119,0.0,2.505692,1.8108775562198056,1.051183201600166,0.013080377,0.93547904,0.2029659657728216,0.0093578462937552,immune,nerve,immune-nerve,immune_to_nerve,nerve_c4,microglia,0.1779,16.0,0.5438,True,0.0584,28.0,0.8514,True,True
nerve_c10,immune_nk_cell,JAG1,NOTCH1,0.10117765,1.0,0.009357047,-0.1074440351051771,-0.1571506138206752,0.006530671,0.46978024,1.0,0.009369689184499,nerve,immune,immune-nerve,nerve_to_immune,nerve_c10,nk_cell,0.8274,7.0,0.1908,False,0.1807,21.0,0.6809,True,False
immune_t_cell,nerve_c4,CALM1,PTPRA,1.6197743,0.0,2.4036195,0.776734352249731,0.8296819829396441,0.01634512,0.9342125,0.0907613386879245,0.0093835862936143,immune,nerve,immune-nerve,immune_to_nerve,nerve_c4,t_cell,0.1779,16.0,0.5438,True,0.114,24.0,0.7175,True,True
nerve_c0,immune_microglia,EDIL3,ITGAV,1.7618167,0.0,1.7615304,2.7779972841198375,2.1455862456408195,0.024153868,0.9239929,0.0024390883150673,0.0093835862936143,nerve,immune,immune-nerve,nerve_to_immune,nerve_c0,microglia,0.1812,15.0,0.5697,True,0.0584,28.0,0.8514,True,True
nerve_c16,immune_microglia,SPP1,CD44,1.879026,0.0,1.7612147,0.0904975332106524,-0.8006362707287371,0.005385974,0.9239866,1.0,0.0093964703066051,nerve,immune,immune-nerve,nerve_to_immune,nerve_c16,microglia,0.2917,16.0,0.4833,True,0.0584,28.0,0.8514,True,True
immune_tam,nerve_c0,CALM1,GRM3,1.6196076,0.0,2.6215599,2.980544254410147,1.4145903494325782,0.01919037,0.9368299,0.0584463858624115,0.0093964703066051,immune,nerve,immune-nerve,immune_to_nerve,nerve_c0,tam,0.1812,15.0,0.5697,True,0.221,21.0,0.6495,True,True
nerve_c18,immune_t_cell,CD59,CD2,1.6193093,0.0,2.556393,1.978592288689779,2.3531128013422085,0.08414792,0.93608093,0.0004868400744613,0.0094222621198475,nerve,immune,immune-nerve,nerve_to_immune,nerve_c18,t_cell,0.5575,4.0,0.2111,False,0.114,24.0,0.7175,True,False
nerve_c18,immune_microglia,COPA,CD74,2.1474626,0.0,1.7590221,0.4077729300277818,1.6366620616186969,0.00742192,0.92394286,0.538644532667614,0.0094480884702126,nerve,immune,immune-nerve,nerve_to_immune,nerve_c18,microglia,0.5575,4.0,0.2111,False,0.0584,28.0,0.8514,True,False
malignant,nerve_neuron,BCAN,NRCAM,1.6188138,0.0,2.4239774,1.2367865465817658,2.172052519954652,0.22572996,0.9344712,0.0021152058156229,0.0094480884702126,tumor,nerve,nerve-tumor,tumor_to_nerve,nerve_neuron,,0.5032,7.0,0.4667,False,,,,,False
nerve_c5,immune_t_cell,HLA-A,CD8A,1.6179931,0.0,2.2221282,0.9389778499703884,1.0006751221518353,0.059564404,0.93175834,0.037160712134895,0.0094610156588661,nerve,immune,immune-nerve,nerve_to_immune,nerve_c5,t_cell,0.5076,15.0,0.4523,False,0.114,24.0,0.7175,True,False
nerve_neuron,immune_nk_cell,APP,CD74,1.6170995,0.0,2.5991142,0.3382041236607028,-0.5351523273866592,0.0047278656,0.936575,1.0,0.0094998468993664,nerve,immune,immune-nerve,nerve_to_immune,nerve_neuron,nk_cell,0.5032,7.0,0.4667,False,0.1807,21.0,0.6809,True,False
nerve_c0,immune_tam,SPP1,CD44,1.6169955,0.736,2.5322824,0.3528319450493373,-0.9414253045312276,0.007743978,0.93579686,1.0,0.0095128064899949,nerve,immune,immune-nerve,nerve_to_immune,nerve_c0,tam,0.1812,15.0,0.5697,True,0.221,21.0,0.6495,True,True
immune_t_cell,nerve_c3,CALM1,PTPRA,1.6167358,0.0,2.3909254,0.7724296328061686,0.8813466902945307,0.016258797,0.93404955,0.0928129651241651,0.0095257768438444,immune,nerve,immune-nerve,immune_to_nerve,nerve_c3,t_cell,0.1893,16.0,0.5434,True,0.114,24.0,0.7175,True,True
nerve_c16,malignant,NCAM1,PTPRZ1,1.6166065,0.0,1.7563076,0.6739938028314927,1.9086843508448328,0.017205218,0.92388856,0.0738993350009909,0.0095387536953357,nerve,tumor,nerve-tumor,nerve_to_tumor,nerve_c16,,0.2917,16.0,0.4833,True,,,,,True
nerve_c20,immune_tam,COL4A5,CD93,1.6165575,0.0,2.4054103,3.752684790312345,2.4232490689818413,0.09546014,0.9342354,0.000240392025882,0.0095517413120492,nerve,immune,immune-nerve,nerve_to_immune,nerve_c20,tam,0.7889,9.0,0.1802,False,0.221,21.0,0.6495,True,False
immune_tam,nerve_c2,LGALS1,ITGB1,1.6672921,0.0,1.7524718,0.4836428451179919,0.513250158123348,0.017147992,0.9238117,0.074976906470589,0.0095517413120492,immune,nerve,immune-nerve,immune_to_nerve,nerve_c2,tam,0.4082,17.0,0.533,True,0.221,21.0,0.6495,True,True
immune_dendritic,nerve_c9,PLAU,ITGB5,0.09865335,1.0,0.009380565,-0.1246102855143055,-0.2630667354060234,0.009605989,0.4700929,1.0,0.0095731611145056,immune,nerve,immune-nerve,immune_to_nerve,nerve_c9,dendritic,0.4802,7.0,0.3212,True,0.1168,23.0,0.7139,True,True
nerve_c5,immune_microglia,HMGB1,CXCR4,1.6160889,0.0,2.3547351,0.3429588501082065,0.3458897458183261,0.009197224,0.93357825,0.6078001679780144,0.0095777403006317,nerve,immune,immune-nerve,nerve_to_immune,nerve_c5,microglia,0.5076,15.0,0.4523,False,0.0584,28.0,0.8514,True,False
nerve_c6,immune_tam,PKM,CD44,1.6158001,0.0,2.5277305,0.819850091374023,0.973051007717213,0.027451873,0.9357428,0.0584463858624115,0.0095907538092107,nerve,immune,immune-nerve,nerve_to_immune,nerve_c6,tam,0.2036,24.0,0.6567,True,0.221,21.0,0.6495,True,True
nerve_c18,immune_microglia,HMGB1,HAVCR2,1.615498,0.0,2.0294967,0.6106918343819466,1.09234802166164,0.025425032,0.92881846,0.0584463858624115,0.0096168045734995,nerve,immune,immune-nerve,nerve_to_immune,nerve_c18,microglia,0.5575,4.0,0.2111,False,0.0584,28.0,0.8514,True,False
immune_dendritic,nerve_c4,GRN,SORT1,1.6151195,0.0,2.4467945,1.5879223823822188,1.3233186785143465,0.02210789,0.9347575,0.0584463858624115,0.009629843970176,immune,nerve,immune-nerve,immune_to_nerve,nerve_c4,dendritic,0.1779,16.0,0.5438,True,0.1168,23.0,0.7139,True,True
nerve_c4,immune_t_cell,CD22,PTPRC,1.6150428,0.0,2.1630948,2.628430897105231,1.776850337404848,0.029910324,0.93089736,0.0163551079751039,0.0096428898497935,nerve,immune,immune-nerve,nerve_to_immune,nerve_c4,t_cell,0.1779,16.0,0.5438,True,0.114,24.0,0.7175,True,True
nerve_c2,immune_nk_cell,MIF,CD74_CXCR4,1.6137035,0.503,2.5872738,0.1176297211357545,-0.7942459965317923,0.009614113,0.9364393,1.0,0.0096820835420767,nerve,immune,immune-nerve,nerve_to_immune,nerve_c2,nk_cell,0.4082,17.0,0.533,True,0.1807,21.0,0.6809,True,True
immune_microglia,nerve_c0,APOE,SORL1,2.1528869,0.0,1.7495085,0.274936108242326,1.462065131727094,0.01792826,0.92375207,0.1851381749746068,0.009695163925002,immune,nerve,immune-nerve,immune_to_nerve,nerve_c0,microglia,0.1812,15.0,0.5697,True,0.0584,28.0,0.8514,True,True
immune_t_cell,nerve_c0,CALM1,INSR,1.6136929,0.0,2.3782127,1.236711266568597,1.2203246713815643,0.017356774,0.93388516,0.0714774214755867,0.009695163925002,immune,nerve,immune-nerve,immune_to_nerve,nerve_c0,t_cell,0.1812,15.0,0.5697,True,0.114,24.0,0.7175,True,True
immune_tam,nerve_c3,LGALS9,PTPRK,1.8385366,0.0,1.7490046,2.4944372724216053,2.0990807122920483,0.027444264,0.92374194,0.0039611909175421,0.0097082550851509,immune,nerve,immune-nerve,immune_to_nerve,nerve_c3,tam,0.1893,16.0,0.5434,True,0.221,21.0,0.6495,True,True
nerve_c6,malignant,PSAP,LRP1,1.6550115,0.0,1.7482022,0.4868869535077016,0.5563262098590328,0.022732126,0.9237258,0.0584463858624115,0.0097213548717892,nerve,tumor,nerve-tumor,nerve_to_tumor,nerve_c6,,0.2036,24.0,0.6567,True,,,,,True
malignant,nerve_c0,NLGN1,NRXN3,1.6133187,0.0,2.4857225,1.5777842819151982,2.661780899764805,0.09142641,0.9352371,0.0020638931222793,0.0097279058446311,tumor,nerve,nerve-tumor,tumor_to_nerve,nerve_c0,,0.1812,15.0,0.5697,True,,,,,True
nerve_c0,malignant,NRXN3,NLGN1,1.6133187,0.0,2.4857225,1.5777842819151982,2.661780899764805,0.09142641,0.9352371,0.0020638931222793,0.0097279058446311,nerve,tumor,nerve-tumor,nerve_to_tumor,nerve_c0,,0.1812,15.0,0.5697,True,,,,,True
nerve_c18,malignant,HLA-A,APLP2,1.6125343,0.006,1.8598567,0.105776040610187,-0.1200334792331133,0.010354046,0.9258784,1.0,0.0097475781654516,nerve,tumor,nerve-tumor,nerve_to_tumor,nerve_c18,,0.5575,4.0,0.2111,False,,,,,False
immune_dendritic,nerve_c10,TGS1,RXRA,0.10676044,1.0,0.009385156,-0.1246958657982984,-0.1741364419338291,0.0066636605,0.47015387,1.0,0.0097766238152951,immune,nerve,immune-nerve,immune_to_nerve,nerve_c10,dendritic,0.8274,7.0,0.1908,False,0.1168,23.0,0.7139,True,False
immune_microglia,nerve_c9,TIMP1,CD63,1.6356871,0.0,1.7446927,0.2429866497398203,-0.1570537478196056,0.008157881,0.9236549,1.0,0.0097869788643424,immune,nerve,immune-nerve,immune_to_nerve,nerve_c9,microglia,0.4802,7.0,0.3212,True,0.0584,28.0,0.8514,True,True
nerve_c15,immune_tam,TF,TFRC,1.9133999,0.0,1.7444218,2.9918388951049724,2.3204034938700087,0.020462131,0.9236495,0.0007948691326061,0.0098001282352088,nerve,immune,immune-nerve,nerve_to_immune,nerve_c15,tam,0.2441,11.0,0.4778,True,0.221,21.0,0.6495,True,True
immune_microglia,nerve_c5,TIMP1,CD63,1.6352015,0.0,1.7440411,0.2426010842075333,-0.1925548067441633,0.008154834,0.92364174,1.0,0.0098264550046057,immune,nerve,immune-nerve,immune_to_nerve,nerve_c5,microglia,0.5076,15.0,0.4523,False,0.0584,28.0,0.8514,True,False
nerve_c1,immune_microglia,HLA-A,APLP2,1.6104438,0.0,2.2360518,0.1514683067581473,0.2751531915022204,0.0177574,0.9319567,0.4408512658881851,0.0098396324051345,nerve,immune,immune-nerve,nerve_to_immune,nerve_c1,microglia,0.1941,18.0,0.5886,True,0.0584,28.0,0.8514,True,True
nerve_c9,immune_tam,HMGB1,CXCR4,1.6095624,0.0,2.3574169,0.3356992925242589,0.0347649779812191,0.009207698,0.93361354,0.6061256973007568,0.0098924238800829,nerve,immune,immune-nerve,nerve_to_immune,nerve_c9,tam,0.4802,7.0,0.3212,True,0.221,21.0,0.6495,True,True
malignant,nerve_c9,TIMP1,FGFR2,1.6088965,0.0,2.387471,2.561010192659191,1.8200225091041389,0.015237752,0.934005,0.0135517866070615,0.0099188735103294,tumor,nerve,nerve-tumor,tumor_to_nerve,nerve_c9,,0.4802,7.0,0.3212,True,,,,,True
nerve_c3,immune_nk_cell,B2M,KLRD1,1.6086341,1.0,2.381991,2.131807344111257,-0.0243439015290545,0.018361824,0.93393415,0.3696085299618326,0.0099321090780941,nerve,immune,immune-nerve,nerve_to_immune,nerve_c3,nk_cell,0.1893,16.0,0.5434,True,0.1807,21.0,0.6809,True,True
immune_tam,nerve_c18,VIM,CD44,1.8625178,0.0,1.740693,0.3691329751693769,0.2634106024667378,0.023783324,0.923574,0.1558087411236387,0.0099453554410664,immune,nerve,immune-nerve,immune_to_nerve,nerve_c18,tam,0.5575,4.0,0.2111,False,0.221,21.0,0.6495,True,False
nerve_c16,immune_t_cell,HLA-A,CD8B,1.6086279,0.0,1.7837723,0.9565779464464,1.0499482554467463,0.07188367,0.92443234,0.0339293114545733,0.0099453554410664,nerve,immune,immune-nerve,nerve_to_immune,nerve_c16,t_cell,0.2917,16.0,0.4833,True,0.114,24.0,0.7175,True,True
nerve_c18,immune_microglia,PSAP,LRP1,1.7859755,0.0,1.7399508,0.5690763837653552,1.127413738075809,0.027316973,0.92355895,0.0584463858624115,0.0099718718419465,nerve,immune,immune-nerve,nerve_to_immune,nerve_c18,microglia,0.5575,4.0,0.2111,False,0.0584,28.0,0.8514,True,False
nerve_c5,malignant,MIF,EGFR,1.6084142,0.0,2.5766995,0.7565235376390407,2.381282801737839,0.068914965,0.93631727,0.0527388722047119,0.0099718718419465,nerve,tumor,nerve-tumor,nerve_to_tumor,nerve_c5,,0.5076,15.0,0.4523,False,,,,,False
immune_dendritic,nerve_c10,VCL,ITGB5,0.10144754,1.0,0.009385706,-0.0815198960441744,-0.1552402110275555,0.009449873,0.47016114,1.0,0.0099800772870766,immune,nerve,immune-nerve,immune_to_nerve,nerve_c10,dendritic,0.8274,7.0,0.1908,False,0.1168,23.0,0.7139,True,False
immune_t_cell,nerve_c20,CALM1,INSR,1.6079078,0.0,2.3540442,1.2252144452784346,1.1575115999710004,0.017180387,0.93356913,0.0743910091528678,0.0099984227096208,immune,nerve,immune-nerve,immune_to_nerve,nerve_c20,t_cell,0.7889,9.0,0.1802,False,0.114,24.0,0.7175,True,False
immune_microglia,nerve_c5,C1QB,C1QBP,1.8163623,0.0,1.7380457,0.4926057637594507,2.062028136902698,0.045504082,0.92352027,0.0584463858624115,0.0099984227096208,immune,nerve,immune-nerve,immune_to_nerve,nerve_c5,microglia,0.5076,15.0,0.4523,False,0.0584,28.0,0.8514,True,False
nerve_c18,immune_microglia,SPP1,ITGAV_ITGB1,1.7411538,0.035,1.736604,0.1111254339807402,-0.4047039753594781,0.017329479,0.92349094,1.0,0.0100383147233394,nerve,immune,immune-nerve,nerve_to_immune,nerve_c18,microglia,0.5575,4.0,0.2111,False,0.0584,28.0,0.8514,True,False
nerve_c20,immune_nk_cell,B2M,KLRD1,1.6075768,0.943,2.3776305,2.131158611644213,0.0526844088159024,0.01832821,0.93387765,0.3699455862796891,0.0100649517447642,nerve,immune,immune-nerve,nerve_to_immune,nerve_c20,nk_cell,0.7889,9.0,0.1802,False,0.1807,21.0,0.6809,True,False
immune_tam,nerve_neuron,CALM1,CACNA1C,1.6074786,0.0,2.5832324,1.9210261774970805,1.3510375989387424,0.089013495,0.9363927,0.0033510003469027,0.0100916232212617,immune,nerve,immune-nerve,immune_to_nerve,nerve_neuron,tam,0.5032,7.0,0.4667,False,0.221,21.0,0.6495,True,False
nerve_c4,malignant,EDIL3,ITGAV,1.7606777,0.0,1.731701,2.7798109903569577,1.959121381260292,0.023751015,0.923391,0.0069892233408704,0.0101049729769511,nerve,tumor,nerve-tumor,nerve_to_tumor,nerve_c4,,0.1779,16.0,0.5438,True,,,,,True
nerve_c9,immune_t_cell,COPA,CD74,1.6063259,0.0,2.3647847,0.4884562370888254,-0.3681652484175853,0.00997784,0.93371016,1.0,0.0101183291494832,nerve,immune,immune-nerve,nerve_to_immune,nerve_c9,t_cell,0.4802,7.0,0.3212,True,0.114,24.0,0.7175,True,True
malignant,nerve_c2,TIMP1,CD63,1.6055171,0.0,2.3796272,0.2489236371719154,0.3063936351678373,0.009451914,0.9339035,0.5611271816062994,0.0101450717259975,tumor,nerve,nerve-tumor,tumor_to_nerve,nerve_c2,,0.4082,17.0,0.533,True,,,,,True
nerve_c10,immune_t_cell,MIF,CD74_CXCR4,1.6054097,0.742,2.3609908,0.044345944472764,-0.9736910961447908,0.008773263,0.93366045,1.0,0.0101584537321389,nerve,immune,immune-nerve,nerve_to_immune,nerve_c10,t_cell,0.8274,7.0,0.1908,False,0.114,24.0,0.7175,True,False
immune_t_cell,nerve_c10,CALM1,PTPRA,1.6051416,0.0,2.3424876,0.7560034212439486,0.7146568995169426,0.01592941,0.93341637,0.1002457394786577,0.0101718465504519,immune,nerve,immune-nerve,immune_to_nerve,nerve_c10,t_cell,0.8274,7.0,0.1908,False,0.114,24.0,0.7175,True,False
nerve_c10,immune_dendritic,CCN1,ITGA5,0.0986004,1.0,0.0093860505,-0.0394561431979302,-0.1950019636101143,0.011356939,0.47016576,1.0,0.0101835215300595,nerve,immune,immune-nerve,nerve_to_immune,nerve_c10,dendritic,0.8274,7.0,0.1908,False,0.1168,23.0,0.7139,True,False
nerve_c13,immune_dendritic,SPP1,CD44,1.6042145,0.744,2.083279,0.0600794212146709,-0.8697293544819601,0.0063708792,0.92967826,1.0,0.0101986558165831,nerve,immune,immune-nerve,nerve_to_immune,nerve_c13,dendritic,0.3452,18.0,0.5887,True,0.1168,23.0,0.7139,True,True
nerve_c20,malignant,NCAM1,PTPRA,1.6041875,0.0,1.9154944,1.3350145752064146,1.5376550270602871,0.025418216,0.9268835,0.0584463858624115,0.0102120744677295,nerve,tumor,nerve-tumor,nerve_to_tumor,nerve_c20,,0.7889,9.0,0.1802,False,,,,,False
nerve_c4,malignant,NCAM1,PTPRA,1.6040924,0.0,1.9153435,1.334903788416614,1.5259891848562352,0.025416212,0.92688084,0.0584463858624115,0.0102254995210423,nerve,tumor,nerve-tumor,nerve_to_tumor,nerve_c4,,0.1779,16.0,0.5438,True,,,,,True
immune_tam,malignant,HLA-A,APLP2,1.6040056,0.0,1.8470285,0.0991305049990614,-0.2143452251727234,0.0056425747,0.9256405,1.0,0.0102389353915124,immune,tumor,immune-tumor,immune_to_tumor,,tam,,,,,0.221,21.0,0.6495,True,True
nerve_c0,immune_t_cell,COL4A5,CD44,1.6030285,0.0,2.5150745,2.819339387777106,1.9506050054745363,0.027870173,0.93559176,0.0072637721148636,0.0102658307485997,nerve,immune,immune-nerve,nerve_to_immune,nerve_c0,t_cell,0.1812,15.0,0.5697,True,0.114,24.0,0.7175,True,True
immune_microglia,nerve_c21,HLA-A,APLP2,1.6030173,0.062,2.1728942,0.1385099253838968,0.5953701593310692,0.017728383,0.9310426,1.0,0.0102792924456232,immune,nerve,immune-nerve,immune_to_nerve,nerve_c21,microglia,1.0,1.0,-0.0,False,0.0584,28.0,0.8514,True,False
malignant,nerve_c7,CALM1,PDE1C,1.6023161,0.0,2.5549557,1.6484829457086352,1.5206840996814526,0.013466738,0.9360641,0.0508471005062333,0.0103062394478031,tumor,nerve,nerve-tumor,tumor_to_nerve,nerve_c7,,0.17,15.0,0.5776,True,,,,,True
nerve_c0,malignant,EDIL3,ITGAV,1.7557032,0.0,1.7258217,2.770124832728618,2.0319982991159193,0.02367038,0.92327064,0.0047066866114797,0.0103062394478031,nerve,tumor,nerve-tumor,nerve_to_tumor,nerve_c0,,0.1812,15.0,0.5697,True,,,,,True
immune_microglia,nerve_c5,GRN,SORT1,1.6018147,0.0,2.502303,1.523161951406571,1.9331643484530057,0.022609431,0.93543816,0.0584463858624115,0.0103197247492919,immune,nerve,immune-nerve,immune_to_nerve,nerve_c5,microglia,0.5076,15.0,0.4523,False,0.0584,28.0,0.8514,True,False
immune_tam,nerve_c18,PSAP,SORT1,1.6014097,0.0,1.9477687,0.702800317897335,0.7676882121661011,0.009781323,0.9274477,0.4970848874510563,0.0103332208749151,immune,nerve,immune-nerve,immune_to_nerve,nerve_c18,tam,0.5575,4.0,0.2111,False,0.221,21.0,0.6495,True,False
nerve_c9,immune_microglia,HMGB1,CXCR4,1.6008381,0.0,2.320905,0.3284888831747662,0.274759379456772,0.009065088,0.9331282,0.6319722537014071,0.0103467256073491,nerve,immune,immune-nerve,nerve_to_immune,nerve_c9,microglia,0.4802,7.0,0.3212,True,0.0584,28.0,0.8514,True,True
immune_dendritic,nerve_c5,PSAP,SORT1,1.6007068,0.0,2.4981956,1.139530250798422,0.6047773847962321,0.012545464,0.93538857,0.2355742353503934,0.0103602367236101,immune,nerve,immune-nerve,immune_to_nerve,nerve_c5,dendritic,0.5076,15.0,0.4523,False,0.1168,23.0,0.7139,True,False
malignant,immune_microglia,COPA,CD74,2.1425338,0.0,1.7212044,0.4001494680063076,1.60130597671433,0.0045966213,0.9231757,0.5596577336894182,0.0104143739005776,tumor,immune,immune-tumor,tumor_to_immune,,microglia,,,,,0.0584,28.0,0.8514,True,True
immune_microglia,nerve_c18,PSAP,SORT1,1.5988866,0.0,1.9436506,0.7008049422974709,1.5443032794876104,0.009760643,0.92737645,0.4970848874510563,0.0104279280326154,immune,nerve,immune-nerve,immune_to_nerve,nerve_c18,microglia,0.5575,4.0,0.2111,False,0.0584,28.0,0.8514,True,False
nerve_c22,malignant,SPP1,CD44,1.81014,0.221,1.7211465,0.0614082668532121,-0.8721333764437709,0.0044548702,0.9231745,1.0,0.0104279280326154,nerve,tumor,nerve-tumor,nerve_to_tumor,nerve_c22,,1.0,1.0,-0.0,False,,,,,False
nerve_c1,immune_t_cell,HLA-A,CD8A,1.5986129,0.0,2.1837983,0.92387801420331,1.1458008843922236,0.058536973,0.9312031,0.0400045893347723,0.0104414929967574,nerve,immune,immune-nerve,nerve_to_immune,nerve_c1,t_cell,0.1941,18.0,0.5886,True,0.114,24.0,0.7175,True,True
nerve_c3,immune_tam,SPP1,CD44,1.5983411,0.926,2.4612453,0.3438550568691123,-1.0347392091053793,0.0075267395,0.9349368,1.0,0.0104550643318929,nerve,immune,immune-nerve,nerve_to_immune,nerve_c3,tam,0.1893,16.0,0.5434,True,0.221,21.0,0.6495,True,True
nerve_c15,immune_microglia,TF,TFRC,1.9094723,0.0,1.718517,2.986437474395872,2.7149791238376983,0.020158265,0.92312026,0.0004468112526163,0.0104686465011242,nerve,immune,immune-nerve,nerve_to_immune,nerve_c15,microglia,0.2441,11.0,0.4778,True,0.0584,28.0,0.8514,True,True
nerve_c3,immune_t_cell,COPA,CD74,1.5977819,0.0,2.3294034,0.4752421737052836,-0.2500656974714568,0.009828554,0.9332421,1.0,0.0104822372729794,nerve,immune,immune-nerve,nerve_to_immune,nerve_c3,t_cell,0.1893,16.0,0.5434,True,0.114,24.0,0.7175,True,True
nerve_c3,immune_tam,PSEN1,CD44,1.5976578,0.0,2.4586432,1.5752284361401694,1.622172973331705,0.023100171,0.93490463,0.0584463858624115,0.0104958344103292,nerve,immune,immune-nerve,nerve_to_immune,nerve_c3,tam,0.1893,16.0,0.5434,True,0.221,21.0,0.6495,True,True
nerve_c9,malignant,GSTP1,EGFR,1.5971308,0.0,2.5426924,0.7564014523264913,2.274095008698019,0.05440812,0.93592,0.0584463858624115,0.0105094423847619,nerve,tumor,nerve-tumor,nerve_to_tumor,nerve_c9,,0.4802,7.0,0.3212,True,,,,,True
malignant,nerve_c9,FGF1,FGFRL1,0.10070279,0.0,0.00944271,0.1922047964892889,0.1484429732922752,0.08266483,0.47091544,0.332534503268696,0.0105903823304667,tumor,nerve,nerve-tumor,tumor_to_nerve,nerve_c9,,0.4802,7.0,0.3212,True,,,,,True
immune_t_cell,nerve_c10,HSPA8,LRP2,1.5953114,0.0,2.4705656,2.9223687305417596,1.5509303305375204,0.02245258,0.9350517,0.0416171954107819,0.0105912641056015,immune,nerve,immune-nerve,immune_to_nerve,nerve_c10,t_cell,0.8274,7.0,0.1908,False,0.114,24.0,0.7175,True,False
nerve_c5,immune_nk_cell,PTN,NCL,1.5952467,0.0,2.442988,0.5817639765124487,0.3126529133576853,0.014294538,0.93470997,0.1498880242044958,0.0106049322765746,nerve,immune,immune-nerve,nerve_to_immune,nerve_c5,nk_cell,0.5076,15.0,0.4523,False,0.1807,21.0,0.6809,True,False
nerve_c16,immune_nk_cell,MIF,CD44_CD74,1.5943093,0.0,2.2060485,0.7676092485109892,0.9586358162614282,0.01966431,0.93152714,0.0584463858624115,0.0106459861261783,nerve,immune,immune-nerve,nerve_to_immune,nerve_c16,nk_cell,0.2917,16.0,0.4833,True,0.1807,21.0,0.6809,True,True
immune_microglia,nerve_c18,APOE,SORL1,2.1480386,0.0,1.7121614,0.2693752265309794,1.4734188380305544,0.017545542,0.92298865,0.192553805200003,0.0106596864332975,immune,nerve,immune-nerve,immune_to_nerve,nerve_c18,microglia,0.5575,4.0,0.2111,False,0.0584,28.0,0.8514,True,False
immune_microglia,nerve_c15,APOE,ABCA1,2.148007,0.0,1.711917,0.3125586556472485,1.6340146844504853,0.014500629,0.9229836,0.1428826196128787,0.0106871150854266,immune,nerve,immune-nerve,immune_to_nerve,nerve_c15,microglia,0.2441,11.0,0.4778,True,0.0584,28.0,0.8514,True,True
malignant,nerve_c3,PTN,PTPRS,1.5922132,0.0,1.9171002,1.047457511336469,2.3343059847356344,0.05960519,0.9269119,0.021704934284388,0.0107283236517819,tumor,nerve,nerve-tumor,tumor_to_nerve,nerve_c3,,0.1893,16.0,0.5434,True,,,,,True
nerve_c1,immune_nk_cell,MIF,CD44_CD74,1.5919261,0.0,2.2012112,0.7654433315927752,0.9820895052804858,0.019621192,0.9314571,0.0584463858624115,0.0107558382441611,nerve,immune,immune-nerve,nerve_to_immune,nerve_c1,nk_cell,0.1941,18.0,0.5886,True,0.1807,21.0,0.6809,True,True
nerve_c1,immune_microglia,RPS19,C5AR1,1.5908085,0.004,1.8913834,0.1262542770035411,0.2275468632151684,0.030468235,0.9264531,1.0,0.0107833894726081,nerve,immune,immune-nerve,nerve_to_immune,nerve_c1,microglia,0.1941,18.0,0.5886,True,0.0584,28.0,0.8514,True,True
immune_tam,nerve_c2,VCAN,ITGB1,1.6337299,0.0,1.7085934,1.206965686731878,1.5810905832631548,0.0393928,0.9229145,0.0405445822521163,0.0107833894726081,immune,nerve,immune-nerve,immune_to_nerve,nerve_c2,tam,0.4082,17.0,0.533,True,0.221,21.0,0.6495,True,True
nerve_c10,immune_dendritic,ADAM23,ITGA5,0.09890732,1.0,0.009457827,-0.0488850100385159,-0.1546877548229988,0.0021210848,0.47111472,1.0,0.0107937988883097,nerve,immune,immune-nerve,nerve_to_immune,nerve_c10,dendritic,0.8274,7.0,0.1908,False,0.1168,23.0,0.7139,True,False
immune_tam,nerve_c4,LGALS9,PTPRK,1.8003608,0.0,1.7061448,2.4326408665676658,1.9687987110714444,0.026771734,0.9228635,0.0066311949399565,0.0108662425517983,immune,nerve,immune-nerve,immune_to_nerve,nerve_c4,tam,0.1779,16.0,0.5438,True,0.221,21.0,0.6495,True,True
immune_tam,nerve_c4,CALM1,PDE1A,1.5889125,0.0,2.5245636,2.634452722040095,1.3367491520613524,0.025975153,0.9357051,0.0584463858624115,0.0108939289618832,immune,nerve,immune-nerve,immune_to_nerve,nerve_c4,tam,0.1779,16.0,0.5438,True,0.221,21.0,0.6495,True,True
immune_dendritic,nerve_c20,CALM1,GRM3,1.5878265,0.0,2.4889088,3.097774402196631,1.2728115235703046,0.018219335,0.9352759,0.0533794736926971,0.0109494071208336,immune,nerve,immune-nerve,immune_to_nerve,nerve_c20,dendritic,0.7889,9.0,0.1802,False,0.1168,23.0,0.7139,True,False
nerve_c22,immune_t_cell,SPP1,PTGER4,1.8072762,0.072,1.7036357,0.3504794362955024,-0.437004106790429,0.016532293,0.92281103,1.0,0.0109494071208336,nerve,immune,immune-nerve,nerve_to_immune,nerve_c22,t_cell,1.0,1.0,-0.0,False,0.114,24.0,0.7175,True,False
malignant,nerve_c9,NCAM1,FGFR2,1.5871294,0.0,2.2979066,2.782099512111556,2.3288469591079974,0.053687993,0.9328168,0.0011280211072524,0.0109632964162119,tumor,nerve,nerve-tumor,tumor_to_nerve,nerve_c9,,0.4802,7.0,0.3212,True,,,,,True
nerve_c6,immune_nk_cell,SPP1,ITGA4_ITGB1,1.8872734,0.0,1.7025671,0.5037391408613308,-0.1480883960250218,0.016738072,0.9227887,0.6230891650191839,0.0109632964162119,nerve,immune,immune-nerve,nerve_to_immune,nerve_c6,nk_cell,0.2036,24.0,0.6567,True,0.1807,21.0,0.6809,True,True
nerve_c9,immune_tam,DLL1,NOTCH1,0.10002864,0.814,0.009469343,0.024315013859168,-0.0649067409313043,0.005565406,0.47126633,1.0,0.0109972062181913,nerve,immune,immune-nerve,nerve_to_immune,nerve_c9,tam,0.4802,7.0,0.3212,True,0.221,21.0,0.6495,True,True
nerve_c9,immune_t_cell,LGALS1,PTPRC,1.586798,0.0,2.0341668,0.4474759266918939,0.3405501108547597,0.01840647,0.9288944,0.098251538147288,0.0110189463120152,nerve,immune,immune-nerve,nerve_to_immune,nerve_c9,t_cell,0.4802,7.0,0.3212,True,0.114,24.0,0.7175,True,True
malignant,nerve_neuron,PTN,PTPRS,1.5849507,0.0,1.882554,1.0349491337927974,2.3555328574833356,0.058531106,0.92629355,0.0230465833143358,0.0111166612672647,tumor,nerve,nerve-tumor,tumor_to_nerve,nerve_neuron,,0.5032,7.0,0.4667,False,,,,,False
nerve_c12,malignant,NCAM1,PTPRA,1.5814544,0.0,1.8794369,1.3091800357239345,1.7289136257053106,0.02493974,0.9262369,0.0584463858624115,0.0111586684980724,nerve,tumor,nerve-tumor,nerve_to_tumor,nerve_c12,,0.4368,7.0,0.335,True,,,,,True
immune_nk_cell,nerve_c9,CALM1,PDE1C,1.5809166,0.0,2.336583,1.3213327506885637,1.1492586896863854,0.012197583,0.9333379,0.1652279150420317,0.0111867154539406,immune,nerve,immune-nerve,immune_to_nerve,nerve_c9,nk_cell,0.4802,7.0,0.3212,True,0.1807,21.0,0.6809,True,True
immune_microglia,nerve_c1,SPP1,ITGAV_ITGB1,2.2436824,0.0,1.6943243,0.277495136802345,1.7073682203472702,0.0139689585,0.92261565,0.1811911901308269,0.011200750646873,immune,nerve,immune-nerve,immune_to_nerve,nerve_c1,microglia,0.1941,18.0,0.5886,True,0.0584,28.0,0.8514,True,True
immune_t_cell,nerve_c7,CALM1,GRM3,1.5796626,0.0,2.2360427,2.1493890603912225,1.4735896565065174,0.016368303,0.9319565,0.054178747445304,0.0112288513882889,immune,nerve,immune-nerve,immune_to_nerve,nerve_c7,t_cell,0.17,15.0,0.5776,True,0.114,24.0,0.7175,True,True
nerve_c13,immune_nk_cell,HMGB1,CXCR4,1.5780725,0.0,2.3142602,0.2529396881898048,0.3894215141558002,0.009039135,0.93303865,0.6367091781683839,0.0112710622147386,nerve,immune,immune-nerve,nerve_to_immune,nerve_c13,nk_cell,0.3452,18.0,0.5887,True,0.1807,21.0,0.6809,True,True
nerve_c10,immune_t_cell,JAM3,ITGB1,1.5762253,0.0,1.8161063,2.4113920865327545,1.884883295614068,0.022079676,0.9250574,0.0099875148304404,0.0112992487401915,nerve,immune,immune-nerve,nerve_to_immune,nerve_c10,t_cell,0.8274,7.0,0.1908,False,0.114,24.0,0.7175,True,False
nerve_c6,malignant,GSTP1,EGFR,1.5759244,0.0,2.4787788,0.7342884416727926,2.3534316326951794,0.053040512,0.93515235,0.0584463858624115,0.0113133525493519,nerve,tumor,nerve-tumor,nerve_to_tumor,nerve_c6,,0.2036,24.0,0.6567,True,,,,,True
immune_dendritic,nerve_c15,TIMP1,CD63,1.5752096,0.0,2.0548668,0.2102060177436265,0.21592541796751,0.009608203,0.92922807,0.5341257945802262,0.0113415882128939,immune,nerve,immune-nerve,immune_to_nerve,nerve_c15,dendritic,0.2441,11.0,0.4778,True,0.1168,23.0,0.7139,True,True
nerve_c21,immune_microglia,APOE,TREM2,1.5750659,0.509,2.4754934,0.1435020490403689,0.4645955408252482,0.0537374,0.9351121,1.0,0.0113557200692584,nerve,immune,immune-nerve,nerve_to_immune,nerve_c21,microglia,1.0,1.0,-0.0,False,0.0584,28.0,0.8514,True,False
malignant,nerve_c0,CALM1,GRM3,1.5749503,0.0,2.473368,2.9398607590696617,1.6055936260805228,0.018111274,0.9350861,0.0331057820087095,0.0113698581757816,tumor,nerve,nerve-tumor,tumor_to_nerve,nerve_c0,,0.1812,15.0,0.5697,True,,,,,True
nerve_c9,immune_tam,TIMP2,CD44,1.5748701,0.0,2.3718665,1.1086197207554145,1.1643391996154482,0.023506828,0.93380266,0.0584463858624115,0.0113840071819729,nerve,immune,immune-nerve,nerve_to_immune,nerve_c9,tam,0.4802,7.0,0.3212,True,0.221,21.0,0.6495,True,True
immune_t_cell,nerve_c12,S100A4,ERBB3,1.5728146,0.0,2.0462787,2.0055969698059615,1.8048876342856084,0.017543115,0.9290902,0.0192627234368892,0.0114548761611561,immune,nerve,immune-nerve,immune_to_nerve,nerve_c12,t_cell,0.4368,7.0,0.335,True,0.114,24.0,0.7175,True,True
immune_tam,nerve_neuron,CALM1,GRM7,1.5726516,0.0,2.4731789,2.8171150601735246,1.368216984795246,0.082213044,0.93508375,0.003122164737035,0.0114690766081898,immune,nerve,immune-nerve,immune_to_nerve,nerve_neuron,tam,0.5032,7.0,0.4667,False,0.221,21.0,0.6495,True,False
immune_nk_cell,nerve_c3,CALM1,INSR,1.572551,0.0,2.303383,1.2112276654501697,1.103518327530283,0.016810648,0.9328913,0.0811254605902779,0.0114832832907558,immune,nerve,immune-nerve,immune_to_nerve,nerve_c3,nk_cell,0.1893,16.0,0.5434,True,0.1807,21.0,0.6809,True,True
malignant,immune_microglia,TIMP1,CD63,1.5717187,0.0,2.3011827,0.2220046852651418,0.395681974831042,0.007024588,0.9328614,1.0,0.0114975008809178,tumor,immune,immune-tumor,tumor_to_immune,,microglia,,,,,0.0584,28.0,0.8514,True,True
nerve_c4,immune_tam,ADAM10,CD44,1.5716137,0.0,2.3594654,1.304630372095584,1.3886868532394248,0.029745558,0.9336404,0.0584463858624115,0.0115117247029563,nerve,immune,immune-nerve,nerve_to_immune,nerve_c4,tam,0.1779,16.0,0.5438,True,0.221,21.0,0.6495,True,True
immune_tam,nerve_c4,ARPC5,LRP2,1.5715418,0.0,2.4684088,3.5393555202254445,1.7426255594256326,0.03124599,0.93502516,0.0166485478154862,0.011525959434572,immune,nerve,immune-nerve,immune_to_nerve,nerve_c4,tam,0.1779,16.0,0.5438,True,0.221,21.0,0.6495,True,True
nerve_c5,malignant,CNTN2,NRCAM,1.5707695,0.0,2.3727286,3.022986264704849,2.6587869643123203,0.06879534,0.93381387,0.0003795595876902,0.0115544522658034,nerve,tumor,nerve-tumor,nerve_to_tumor,nerve_c5,,0.5076,15.0,0.4523,False,,,,,False
nerve_c16,immune_nk_cell,SPP1,ITGA4_ITGB1,1.8664985,0.0,1.6808059,0.4937417152394454,-0.1855851048803878,0.016524136,0.9223292,0.6429407472790063,0.0115544522658034,nerve,immune,immune-nerve,nerve_to_immune,nerve_c16,nk_cell,0.2917,16.0,0.4833,True,0.1807,21.0,0.6809,True,True
nerve_c10,immune_microglia,EDIL3,ITGAV,1.6943712,0.0,1.6801685,2.6466889013762835,1.936539376070375,0.023038246,0.9223156,0.0076947628398805,0.0115687127071642,nerve,immune,immune-nerve,nerve_to_immune,nerve_c10,microglia,0.8274,7.0,0.1908,False,0.0584,28.0,0.8514,True,False
immune_tam,nerve_c13,NAMPT,INSR,1.5705719,0.0,1.9197557,1.244654355738988,1.4640857012990238,0.02359179,0.92695874,0.0584463858624115,0.0115829793712631,immune,nerve,immune-nerve,immune_to_nerve,nerve_c13,tam,0.3452,18.0,0.5887,True,0.221,21.0,0.6495,True,True
immune_t_cell,nerve_c9,PSEN1,NOTCH4,0.106388554,1.0,0.0096275285,-0.0108565084119038,-0.1251526405019085,0.008683554,0.47333083,1.0,0.0116073728421613,immune,nerve,immune-nerve,immune_to_nerve,nerve_c9,t_cell,0.4802,7.0,0.3212,True,0.114,24.0,0.7175,True,True
malignant,nerve_c22,PTN,CDH10,1.5697473,0.0,1.810236,1.4328838056267028,2.7417823685539444,0.4524322,0.9249451,4.575360841858404e-05,0.0116258354618227,tumor,nerve,nerve-tumor,tumor_to_nerve,nerve_c22,,1.0,1.0,-0.0,False,,,,,False
immune_t_cell,nerve_neuron,CALM1,PDE1A,1.5696697,0.0,2.1942956,1.957329417553158,1.4221442023970725,0.022577038,0.93135655,0.0584463858624115,0.0116401387439159,immune,nerve,immune-nerve,immune_to_nerve,nerve_neuron,t_cell,0.5032,7.0,0.4667,False,0.114,24.0,0.7175,True,False
immune_tam,nerve_c4,CALM1,GRM3,1.5695937,0.0,2.4635158,2.799955929184706,1.259017647045607,0.018033452,0.93496484,0.0611416141860264,0.0116544482396102,immune,nerve,immune-nerve,immune_to_nerve,nerve_c4,tam,0.1779,16.0,0.5438,True,0.221,21.0,0.6495,True,True
nerve_c22,immune_microglia,SPP1,CD44,1.8030562,0.229,1.6778315,0.0539412067875797,-0.9972318170197862,0.0051309797,0.9222657,1.0,0.011668768654784,nerve,immune,immune-nerve,nerve_to_immune,nerve_c22,microglia,1.0,1.0,-0.0,False,0.0584,28.0,0.8514,True,False
malignant,immune_tam,HLA-A,APLP2,1.5689461,0.0,2.461577,0.2194900024026473,0.0149820627507422,0.007903956,0.9349409,0.8726517006915672,0.0116974328264844,tumor,immune,immune-tumor,tumor_to_immune,,tam,,,,,0.221,21.0,0.6495,True,True
immune_nk_cell,nerve_c3,CALM1,GRM3,1.568926,0.0,2.2889965,2.251788455889074,1.374517404126894,0.016755935,0.9326949,0.075297738864015,0.0117117789388433,immune,nerve,immune-nerve,immune_to_nerve,nerve_c3,nk_cell,0.1893,16.0,0.5434,True,0.1807,21.0,0.6809,True,True
immune_tam,nerve_c16,SPP1,CD44,1.5687433,0.981,1.8324506,0.0062991477654532,-0.2705771508325167,0.029768132,0.92536736,1.0,0.0117404944969211,immune,nerve,immune-nerve,immune_to_nerve,nerve_c16,tam,0.2917,16.0,0.4833,True,0.221,21.0,0.6495,True,True
immune_tam,nerve_neuron,CALM1,GRM5,1.5684834,0.0,2.4600074,3.441793821933996,1.3862608749278322,0.101564154,0.9349215,0.0028333418218868,0.0117980283671076,immune,nerve,immune-nerve,immune_to_nerve,nerve_neuron,tam,0.5032,7.0,0.4667,False,0.221,21.0,0.6495,True,False
immune_tam,nerve_c0,GRN,SORT1,1.5684065,0.0,2.444824,1.4383964671212577,1.3730541943461496,0.022090083,0.9347329,0.0584463858624115,0.0118124344239731,immune,nerve,immune-nerve,immune_to_nerve,nerve_c0,tam,0.1812,15.0,0.5697,True,0.221,21.0,0.6495,True,True
immune_nk_cell,nerve_c4,CALM1,PTPRA,1.567488,0.0,2.28329,0.7291017400245003,0.7219408329206812,0.015526853,0.93261653,0.1102829536004237,0.0118268466725184,immune,nerve,immune-nerve,immune_to_nerve,nerve_c4,nk_cell,0.1779,16.0,0.5438,True,0.1807,21.0,0.6809,True,True
malignant,nerve_c2,PTN,NCL,1.5666177,0.0,1.7953494,0.4578202878727781,1.7472167586722231,0.0384957,0.924658,0.0584463858624115,0.0118557015939073,tumor,nerve,nerve-tumor,tumor_to_nerve,nerve_c2,,0.4082,17.0,0.533,True,,,,,True
nerve_c5,immune_tam,RPS19,C5AR1,1.565542,0.283,2.3857903,0.265422230045223,-0.3385699430291,0.03843262,0.9339833,1.0,0.0118845883836103,nerve,immune,immune-nerve,nerve_to_immune,nerve_c5,tam,0.5076,15.0,0.4523,False,0.221,21.0,0.6495,True,False
immune_microglia,malignant,SPP1,ITGAV_ITGB1,2.240262,0.0,1.6664758,0.2196547955429923,1.523414318850903,0.0025122226,0.9220219,0.6762327550520357,0.0118990434281707,immune,tumor,immune-tumor,immune_to_tumor,,microglia,,,,,0.0584,28.0,0.8514,True,True
immune_nk_cell,nerve_c3,CALM1,PTPRA,1.5644495,0.0,2.2712312,0.724797020580938,0.7736055402755678,0.0154448515,0.93245,0.1126314868590341,0.0119279839493849,immune,nerve,immune-nerve,immune_to_nerve,nerve_c3,nk_cell,0.1893,16.0,0.5434,True,0.1807,21.0,0.6809,True,True
nerve_c9,immune_t_cell,MIF,CD44_CD74,1.5643708,0.0,2.409206,0.766164555573415,0.912017836503983,0.021475218,0.9342838,0.0584463858624115,0.0119569563235034,nerve,immune,immune-nerve,nerve_to_immune,nerve_c9,t_cell,0.4802,7.0,0.3212,True,0.114,24.0,0.7175,True,True
nerve_c6,immune_tam,MIF,CD74_CXCR4,1.5642209,0.0,2.2552555,0.6118816959284761,0.6088917274663141,0.015076269,0.9322273,0.1225353392393708,0.011971454153614,nerve,immune,immune-nerve,nerve_to_immune,nerve_c6,tam,0.2036,24.0,0.6567,True,0.221,21.0,0.6495,True,True
nerve_c5,immune_microglia,C3,C5AR2,0.0991379,1.0,0.009704335,-0.2639697776406995,-1.0547065839335488,0.014223208,0.47432134,1.0,0.0120141044555054,nerve,immune,immune-nerve,nerve_to_immune,nerve_c5,microglia,0.5076,15.0,0.4523,False,0.0584,28.0,0.8514,True,False
nerve_c2,immune_tam,HMGB1,CXCR4,1.5630298,0.0,2.2525716,0.291551850190035,0.0682335958901956,0.008798189,0.9321897,0.6843987675330809,0.0120440787965187,nerve,immune,immune-nerve,nerve_to_immune,nerve_c2,tam,0.4082,17.0,0.533,True,0.221,21.0,0.6495,True,True
malignant,nerve_neuron,CALM1,CACNA1C,1.5628214,0.0,2.437207,1.8803426821565956,1.542040875586687,0.089215055,0.93463767,0.0012997029683332,0.0120586303478954,tumor,nerve,nerve-tumor,tumor_to_nerve,nerve_neuron,,0.5032,7.0,0.4667,False,,,,,False
nerve_c2,malignant,GSTP1,EGFR,1.5622978,0.0,2.43771,0.7200783893924397,2.320108002832375,0.052161727,0.9346439,0.0584463858624115,0.0120877567200893,nerve,tumor,nerve-tumor,nerve_to_tumor,nerve_c2,,0.4082,17.0,0.533,True,,,,,True
nerve_c4,immune_t_cell,HMGB1,CXCR4,1.5617694,0.0,1.9130181,0.2198938795862265,0.2909087856860243,0.0074719465,0.92683965,0.9902971126228964,0.0121169173045554,nerve,immune,immune-nerve,nerve_to_immune,nerve_c4,t_cell,0.1779,16.0,0.5438,True,0.114,24.0,0.7175,True,True
immune_nk_cell,nerve_c0,CALM1,INSR,1.5614066,0.0,2.259155,1.1890786543433665,1.1125835213626016,0.016487861,0.93228185,0.0873971764041448,0.0121315116254918,immune,nerve,immune-nerve,immune_to_nerve,nerve_c0,nk_cell,0.1812,15.0,0.5697,True,0.1807,21.0,0.6809,True,True
nerve_c10,immune_microglia,JAM3,ITGB1,1.5614004,0.0,1.7451321,2.392218153659314,1.8707422196618289,0.021216791,0.9236638,0.0107117358956741,0.0121461144996467,nerve,immune,immune-nerve,nerve_to_immune,nerve_c10,microglia,0.8274,7.0,0.1908,False,0.0584,28.0,0.8514,True,False
nerve_c1,immune_tam,COPA,CD74,1.683612,0.0,1.6550541,0.2446840065563241,-0.1069904146771374,0.006983242,0.9217743,1.0,0.0121607235234933,nerve,immune,immune-nerve,nerve_to_immune,nerve_c1,tam,0.1941,18.0,0.5886,True,0.221,21.0,0.6495,True,True
immune_dendritic,nerve_c7,CALM1,PDE1C,1.5610477,0.0,2.4134917,1.6108854965324686,1.1858300582657242,0.012599067,0.93433833,0.1445455641553539,0.0121607235234933,immune,nerve,immune-nerve,immune_to_nerve,nerve_c7,dendritic,0.17,15.0,0.5776,True,0.1168,23.0,0.7139,True,True
immune_tam,nerve_c20,TIMP1,CD63,1.6922005,0.0,1.6548728,0.4177399359387422,0.4621599988610385,0.007737899,0.9217704,0.5099472492366396,0.0121753435014228,immune,nerve,immune-nerve,immune_to_nerve,nerve_c20,tam,0.7889,9.0,0.1802,False,0.221,21.0,0.6495,True,False
nerve_c10,immune_microglia,JAG1,NOTCH2,0.10385139,1.0,0.009739473,-0.1074297265947102,-0.1928927181392568,0.004798225,0.47477198,1.0,0.0122174564220147,nerve,immune,immune-nerve,nerve_to_immune,nerve_c10,microglia,0.8274,7.0,0.1908,False,0.0584,28.0,0.8514,True,False
immune_microglia,nerve_c2,APOE,LRP2,2.140333,0.0,1.6528034,1.187053087773381,2.1556053462567326,0.013914514,0.9217253,0.1553679450476911,0.0122192523365786,immune,nerve,immune-nerve,immune_to_nerve,nerve_c2,microglia,0.4082,17.0,0.533,True,0.0584,28.0,0.8514,True,True
immune_t_cell,nerve_c9,CALM1,PTPRA,1.5594809,0.0,2.151729,0.6913099567567159,0.6601695167150592,0.014632212,0.9307277,0.1377992035483919,0.0122192523365786,immune,nerve,immune-nerve,immune_to_nerve,nerve_c9,t_cell,0.4802,7.0,0.3212,True,0.114,24.0,0.7175,True,True
nerve_c16,immune_nk_cell,LGALS1,PTPRC,1.5591118,0.0,2.2612238,0.3965860041243946,0.2007313610854204,0.020461028,0.93231076,0.2238810301398247,0.0122485668390443,nerve,immune,immune-nerve,nerve_to_immune,nerve_c16,nk_cell,0.2917,16.0,0.4833,True,0.1807,21.0,0.6809,True,True
malignant,immune_microglia,RPS19,C5AR1,1.5583137,0.151,1.8399601,0.1051656496205529,0.50938024749667,0.023428505,0.9255085,1.0,0.0122632357067069,tumor,immune,immune-tumor,tumor_to_immune,,microglia,,,,,0.0584,28.0,0.8514,True,True
immune_microglia,nerve_c1,TIMP1,CD63,1.5661256,0.0,1.6513526,0.1875990022397993,-0.2078723071171768,0.0077214385,0.92169356,1.0,0.0122632357067069,immune,nerve,immune-nerve,immune_to_nerve,nerve_c1,microglia,0.1941,18.0,0.5886,True,0.0584,28.0,0.8514,True,True
nerve_c6,immune_tam,COPA,CD74,1.6828601,0.0,1.6508893,0.2435208408010746,-0.167766051048287,0.00696567,0.92168343,1.0,0.0122779155353629,nerve,immune,immune-nerve,nerve_to_immune,nerve_c6,tam,0.2036,24.0,0.6567,True,0.221,21.0,0.6495,True,True
immune_t_cell,nerve_c15,S100A4,ERBB3,1.5576682,0.0,1.9788281,1.9537776092282624,1.7669003799499774,0.01696485,0.92797816,0.0227171943848475,0.0122926014972905,immune,nerve,immune-nerve,immune_to_nerve,nerve_c15,t_cell,0.2441,11.0,0.4778,True,0.114,24.0,0.7175,True,True
nerve_c9,immune_tam,SPP1,ITGA5_ITGB1,2.1237698,0.0,1.6507456,0.6942618153444466,0.0566113137181882,0.033036508,0.92168033,0.4615928720271679,0.0122926014972905,nerve,immune,immune-nerve,nerve_to_immune,nerve_c9,tam,0.4802,7.0,0.3212,True,0.221,21.0,0.6495,True,True
malignant,immune_tam,PKM,CD44,1.5575576,0.0,2.3059387,0.7600506033807815,1.0282060336483012,0.014963248,0.93292606,0.1256975519965499,0.0123072984221853,tumor,immune,immune-tumor,tumor_to_immune,,tam,,,,,0.221,21.0,0.6495,True,True
nerve_c18,immune_microglia,LGALS1,ITGB1,1.5567052,0.0,1.7382861,0.4247108149309913,0.6346599394769745,0.03093881,0.92352515,0.0584463858624115,0.0123956546177832,nerve,immune,immune-nerve,nerve_to_immune,nerve_c18,microglia,0.5575,4.0,0.2111,False,0.0584,28.0,0.8514,True,False
nerve_c10,immune_tam,FADD,TRADD,0.1048608,0.0,0.009810763,0.0393368342753992,-0.0126783183214863,0.008602914,0.4756814,0.8704552246318426,0.0124207991620278,nerve,immune,immune-nerve,nerve_to_immune,nerve_c10,tam,0.8274,7.0,0.1908,False,0.221,21.0,0.6495,True,False
nerve_c10,malignant,EDIL3,ITGAV,1.6882577,0.0,1.6461091,2.638816449985064,1.822951429545475,0.022577085,0.92157876,0.0134021263544642,0.0124399456454845,nerve,tumor,nerve-tumor,nerve_to_tumor,nerve_c10,,0.8274,7.0,0.1908,False,,,,,False
immune_nk_cell,nerve_c20,CALM1,INSR,1.5556215,0.0,2.2361965,1.177581833053204,1.0497704499520375,0.016320305,0.93195873,0.0914413949184944,0.0124695189542416,immune,nerve,immune-nerve,immune_to_nerve,nerve_c20,nk_cell,0.7889,9.0,0.1802,False,0.1807,21.0,0.6809,True,False
nerve_c6,immune_microglia,MIF,CD74_CXCR4,1.5554966,0.0,2.2203257,0.6046712865789834,0.848886128941867,0.014842767,0.9317326,0.1300270671166602,0.012499124001923,nerve,immune,immune-nerve,nerve_to_immune,nerve_c6,microglia,0.2036,24.0,0.6567,True,0.0584,28.0,0.8514,True,True
nerve_c10,immune_tam,HMGB1,CXCR4,1.5549159,0.0,2.2342901,0.2838529709032741,-0.0365961072087495,0.008726784,0.9319317,0.6941907995322569,0.012513938119576,nerve,immune,immune-nerve,nerve_to_immune,nerve_c10,tam,0.8274,7.0,0.1908,False,0.221,21.0,0.6495,True,False
nerve_c16,immune_dendritic,HMGB1,CXCR4,1.5547514,0.0,2.370221,0.2445378615598276,0.2587892689633504,0.009257709,0.9337812,0.597718055622416,0.0125287632149911,nerve,immune,immune-nerve,nerve_to_immune,nerve_c16,dendritic,0.2917,16.0,0.4833,True,0.1168,23.0,0.7139,True,True
nerve_c6,immune_tam,HMGB1,CXCR4,1.5547413,0.0,2.2338965,0.2836882740226636,0.0932228243070725,0.008725246,0.9319261,0.6945807532772547,0.0125435968523199,nerve,immune,immune-nerve,nerve_to_immune,nerve_c6,tam,0.2036,24.0,0.6567,True,0.221,21.0,0.6495,True,True
immune_tam,nerve_c3,GNAI2,IGF1R,1.5544193,0.0,2.4019825,1.7475006516704576,1.6056637896322845,0.035215136,0.9341915,0.0394244410951073,0.0125584365900967,immune,nerve,immune-nerve,immune_to_nerve,nerve_c3,tam,0.1893,16.0,0.5434,True,0.221,21.0,0.6495,True,True
immune_dendritic,nerve_c4,TIMP1,FGFR2,1.5543296,0.0,2.016356,2.6101716571725384,1.504731608115426,0.012832018,0.9286034,0.0487573439065747,0.0125732873085928,immune,nerve,immune-nerve,immune_to_nerve,nerve_c4,dendritic,0.1779,16.0,0.5438,True,0.1168,23.0,0.7139,True,True
nerve_c2,immune_microglia,HMGB1,CXCR4,1.5543056,0.0,2.2176836,0.2843414408405423,0.3082279973657484,0.008661922,0.9316947,0.7058623554480977,0.0125881441238911,nerve,immune,immune-nerve,nerve_to_immune,nerve_c2,microglia,0.4082,17.0,0.533,True,0.0584,28.0,0.8514,True,True
immune_dendritic,nerve_c3,LGALS9,PTPRK,1.820997,0.0,1.6397077,2.4682698655996953,2.050298201836911,0.025729246,0.92143786,0.0043980329089634,0.0125881441238911,immune,nerve,immune-nerve,immune_to_nerve,nerve_c3,dendritic,0.1893,16.0,0.5434,True,0.1168,23.0,0.7139,True,True
nerve_c5,immune_t_cell,LGALS1,PTPRC,1.5538125,0.0,1.8836,0.4235291526679625,0.3138931805368909,0.017044043,0.9263125,0.1159822051139737,0.0126030119218797,nerve,immune,immune-nerve,nerve_to_immune,nerve_c5,t_cell,0.5076,15.0,0.4523,False,0.114,24.0,0.7175,True,False
nerve_c17,immune_tam,SPP1,ITGA5_ITGB1,2.1096103,0.0,1.6384915,0.6874484677013356,0.1409463151366303,0.03279126,0.921411,0.307566309391009,0.0126178882596887,nerve,immune,immune-nerve,nerve_to_immune,nerve_c17,tam,0.712,4.0,0.1815,False,0.221,21.0,0.6495,True,False
nerve_c2,immune_tam,TIMP2,CD44,1.5532584,0.0,2.2895675,1.0798753999091395,1.2454660209187556,0.02269119,0.9327028,0.0584463858624115,0.0126178882596887,nerve,immune,immune-nerve,nerve_to_immune,nerve_c2,tam,0.4082,17.0,0.533,True,0.221,21.0,0.6495,True,True
immune_dendritic,malignant,POMC,ADCYAP1R1,0.099296585,0.0,0.009829398,0.259997776223636,0.1936423448804689,0.036075573,0.47591802,0.2327270584938514,0.0126241326757542,immune,tumor,immune-tumor,immune_to_tumor,,dendritic,,,,,0.1168,23.0,0.7139,True,True
immune_microglia,nerve_c12,SPP1,ITGAV_ITGB1,2.2368057,0.0,1.6383331,0.2686379833701679,1.6956095617826918,0.013507335,0.92140746,0.1932999561508368,0.0126327706888319,immune,nerve,immune-nerve,immune_to_nerve,nerve_c12,microglia,0.4368,7.0,0.335,True,0.0584,28.0,0.8514,True,True
immune_nk_cell,nerve_c10,CALM1,PTPRA,1.5528553,0.0,2.2252183,0.708370809018718,0.6069157494979797,0.015131954,0.9318025,0.1206353979406533,0.0126327706888319,immune,nerve,immune-nerve,immune_to_nerve,nerve_c10,nk_cell,0.8274,7.0,0.1908,False,0.1807,21.0,0.6809,True,False
immune_dendritic,nerve_c2,PSAP,GPR37,1.5523412,0.0,2.3678415,2.4298200460836505,0.9202682115674484,0.017940737,0.93375015,0.0621085432230599,0.0126476641036215,immune,nerve,immune-nerve,immune_to_nerve,nerve_c2,dendritic,0.4082,17.0,0.533,True,0.1168,23.0,0.7139,True,True
nerve_c16,immune_nk_cell,APP,CD74,1.5523163,0.004,2.373256,0.2646434382259838,-0.5789440330369454,0.004317023,0.9338207,1.0,0.0126625636061004,nerve,immune,immune-nerve,nerve_to_immune,nerve_c16,nk_cell,0.2917,16.0,0.4833,True,0.1807,21.0,0.6809,True,True
malignant,nerve_c0,PTN,PTPRS,1.5515538,0.0,1.7236944,0.9774325943132384,2.2967278546210617,0.05359195,0.9232269,0.030695153136653,0.0127073182340633,tumor,nerve,nerve-tumor,tumor_to_nerve,nerve_c0,,0.1812,15.0,0.5697,True,,,,,True
malignant,immune_t_cell,MIF,CD74_CXCR4,1.5512743,1.0,2.1368113,-0.0048612820470273,-0.5939464088376316,0.005025674,0.93050313,1.0,0.0127222543346799,tumor,immune,immune-tumor,tumor_to_immune,,t_cell,,,,,0.114,24.0,0.7175,True,True
nerve_c10,immune_tam,PSEN1,CD44,1.5510813,0.0,2.2812767,1.4920128338849925,1.4196748755080708,0.021433726,0.9325888,0.0584463858624115,0.0127371965138744,nerve,immune,immune-nerve,nerve_to_immune,nerve_c10,tam,0.8274,7.0,0.1908,False,0.221,21.0,0.6495,True,False
immune_nk_cell,nerve_c0,NCAM1,NCAM2,1.8950249,0.0,1.6305556,1.8888436134718232,1.9771752810652776,0.030702826,0.921235,0.0274512740754771,0.0127521496856104,immune,nerve,immune-nerve,immune_to_nerve,nerve_c0,nk_cell,0.1812,15.0,0.5697,True,0.1807,21.0,0.6809,True,True
nerve_c2,malignant,CNTN2,NRCAM,1.550304,0.0,2.321024,2.963951647420502,2.7057776630751165,0.06729621,0.9331298,0.0004946727098522,0.0127671089322804,nerve,tumor,nerve-tumor,nerve_to_tumor,nerve_c2,,0.4082,17.0,0.533,True,,,,,True
malignant,nerve_c12,MDK,PTPRZ1,1.5497642,0.0,1.8009529,0.8184823341257055,1.2093251666789029,0.15283206,0.9247664,0.0584463858624115,0.0127820791734613,tumor,nerve,nerve-tumor,tumor_to_nerve,nerve_c12,,0.4368,7.0,0.335,True,,,,,True
malignant,nerve_c3,NCAM1,ROBO1,1.5493128,0.0,2.2134287,1.962919866336915,2.246057896110379,0.0926075,0.93163353,0.0004642494166307,0.0128120427948836,tumor,nerve,nerve-tumor,tumor_to_nerve,nerve_c3,,0.1893,16.0,0.5434,True,,,,,True
nerve_c21,immune_nk_cell,HMGB1,CXCR4,1.549156,0.006,2.1987288,0.2255047905088161,0.6694838927445697,0.0085878875,0.93142104,1.0,0.0128270386377935,nerve,immune,immune-nerve,nerve_to_immune,nerve_c21,nk_cell,1.0,1.0,-0.0,False,0.1807,21.0,0.6809,True,False
nerve_c5,immune_dendritic,ICAM1,ITGAL_ITGB2,0.09924405,1.0,0.0098463865,-0.1387917277327794,-0.3263470047685623,0.005025479,0.47613338,1.0,0.012827456963403,nerve,immune,immune-nerve,nerve_to_immune,nerve_c5,dendritic,0.5076,15.0,0.4523,False,0.1168,23.0,0.7139,True,False
nerve_c22,immune_dendritic,LRP1B,PLAUR,1.549119,0.0,1.8515432,0.9691450460901156,0.9706459862397284,0.022870714,0.9257245,0.0584463858624115,0.0128420405465284,nerve,immune,immune-nerve,nerve_to_immune,nerve_c22,dendritic,1.0,1.0,-0.0,False,0.1168,23.0,0.7139,True,False
immune_tam,nerve_c1,LGALS1,ITGB1,1.6440574,0.0,1.627892,0.4536021163729033,0.5401361236880515,0.015928973,0.92117566,0.1002685738487661,0.0128570534546965,immune,nerve,immune-nerve,immune_to_nerve,nerve_c1,tam,0.1941,18.0,0.5886,True,0.221,21.0,0.6495,True,True
malignant,immune_tam,TIMP1,CD63,1.5485436,0.0,2.247394,0.2035583630626132,0.2563129681952878,0.0068603926,0.9321169,1.0,0.0128720748955673,tumor,immune,immune-tumor,tumor_to_immune,,tam,,,,,0.221,21.0,0.6495,True,True
nerve_c21,immune_nk_cell,VIM,CD44,1.548243,0.065,2.1125479,0.2551389144114032,0.19316198705301,0.020317594,0.9301329,1.0,0.0128871023967985,nerve,immune,immune-nerve,nerve_to_immune,nerve_c21,nk_cell,1.0,1.0,-0.0,False,0.1807,21.0,0.6809,True,False
nerve_c2,immune_tam,TF,TFRC,1.8026754,0.0,1.6272844,2.790111889383786,2.087646100372402,0.019088103,0.9211621,0.0034435273293759,0.0129171854607506,nerve,immune,immune-nerve,nerve_to_immune,nerve_c2,tam,0.4082,17.0,0.533,True,0.221,21.0,0.6495,True,True
nerve_c10,malignant,HLA-A,APLP2,1.547334,0.0,1.7617872,0.0549745271116741,-0.3675397367271277,0.009808081,0.923998,1.0,0.0129171854607506,nerve,tumor,nerve-tumor,nerve_to_tumor,nerve_c10,,0.8274,7.0,0.1908,False,,,,,False
nerve_c1,immune_tam,SPP1,ITGA5_ITGB1,2.0959,0.0,1.6266263,0.6808511175123468,0.0528237808589573,0.032553803,0.9211474,0.4701202539050037,0.0129322410254394,nerve,immune,immune-nerve,nerve_to_immune,nerve_c1,tam,0.1941,18.0,0.5886,True,0.221,21.0,0.6495,True,True
malignant,nerve_c20,PTN,PTPRS,1.5464538,0.0,1.6994348,0.968649590510654,2.268931141780173,0.052837685,0.92272305,0.0317875570909462,0.0129623752672897,tumor,nerve,nerve-tumor,tumor_to_nerve,nerve_c20,,0.7889,9.0,0.1802,False,,,,,False
immune_microglia,nerve_c7,APOE,LRP4,2.1368296,0.0,1.625817,0.7077045046820065,2.135970474448653,0.025648477,0.92112935,0.0584463858624115,0.0129623752672897,immune,nerve,immune-nerve,immune_to_nerve,nerve_c7,microglia,0.17,15.0,0.5776,True,0.0584,28.0,0.8514,True,True
nerve_c6,immune_microglia,HMGB1,CXCR4,1.5460169,0.0,2.1992977,0.276477864673171,0.3332172257826253,0.008590109,0.9314293,0.7208836170781824,0.0130227485726192,nerve,immune,immune-nerve,nerve_to_immune,nerve_c6,microglia,0.2036,24.0,0.6567,True,0.0584,28.0,0.8514,True,True
immune_tam,nerve_c22,TIMP1,CD63,1.6867188,0.006,1.6242677,0.4133751697940052,0.5401104657346327,0.007594795,0.9210947,1.0,0.0130378613540277,immune,nerve,immune-nerve,immune_to_nerve,nerve_c22,tam,1.0,1.0,-0.0,False,0.221,21.0,0.6495,True,False
malignant,nerve_c4,CALM1,PDE1A,1.5442553,0.0,2.3818545,2.5937692266996097,1.527752428709297,0.024612749,0.9339324,0.0454989519124657,0.0130832558261304,tumor,nerve,nerve-tumor,tumor_to_nerve,nerve_c4,,0.1779,16.0,0.5438,True,,,,,True
malignant,nerve_c16,PTN,NCL,1.5441836,0.0,1.6886358,0.4326961214094631,1.7359649418825036,0.03620756,0.9224955,0.0584463858624115,0.0130984051988831,tumor,nerve,nerve-tumor,tumor_to_nerve,nerve_c16,,0.2917,16.0,0.4833,True,,,,,True
nerve_c17,immune_microglia,RPS19,C5AR1,1.5440943,0.555,1.8174578,0.0959252227839739,0.3900985355167119,0.029277373,0.92508316,1.0,0.0131135606046829,nerve,immune,immune-nerve,nerve_to_immune,nerve_c17,microglia,0.712,4.0,0.1815,False,0.0584,28.0,0.8514,True,False
nerve_c18,malignant,SPP1,CD44,1.7210495,0.178,1.6208379,0.0185384799488129,-0.6492064819274959,0.0041952403,0.9210179,1.0,0.0131135606046829,nerve,tumor,nerve-tumor,nerve_to_tumor,nerve_c18,,0.5575,4.0,0.2111,False,,,,,False
nerve_c7,immune_t_cell,PSEN1,CD44,1.5440508,0.0,2.3535573,1.6752374806422472,1.6935171973737717,0.022112837,0.93356276,0.0477961206841281,0.0131287270276222,nerve,immune,immune-nerve,nerve_to_immune,nerve_c7,t_cell,0.17,15.0,0.5776,True,0.114,24.0,0.7175,True,True
malignant,nerve_c10,GDF11,ACVR1B_ACVR2A,0.102883786,0.0,0.009879321,0.1253687881337016,0.0807606844065072,0.019850714,0.47654986,0.5219402750407904,0.0131324255740999,tumor,nerve,nerve-tumor,tumor_to_nerve,nerve_c10,,0.8274,7.0,0.1908,False,,,,,False
malignant,nerve_c10,GDF11,ACVR1B_ACVR2B,0.102883786,0.0,0.009879321,0.1253687881337016,0.0807606844065072,0.019850714,0.47654986,0.5219402750407904,0.0131324255740999,tumor,nerve,nerve-tumor,tumor_to_nerve,nerve_c10,,0.8274,7.0,0.1908,False,,,,,False
nerve_c20,immune_nk_cell,COL4A5,CD44,1.5436552,0.0,2.1032357,2.9595984421073793,1.7273119918816515,0.023306485,0.9299893,0.0202218751131657,0.0131438994799681,nerve,immune,immune-nerve,nerve_to_immune,nerve_c20,nk_cell,0.7889,9.0,0.1802,False,0.1807,21.0,0.6809,True,False
malignant,immune_nk_cell,VIM,CD44,1.5435174,0.0,2.1029563,0.252031079133114,0.5663480026259969,0.012084615,0.9299849,0.2684081658069993,0.0131590829514195,tumor,immune,immune-tumor,tumor_to_immune,,nk_cell,,,,,0.1807,21.0,0.6809,True,True
immune_tam,nerve_neuron,CALM1,KCNQ5,1.5434701,0.0,2.3809655,1.8106188347501435,1.4032364704123232,0.08526674,0.93392086,0.0026128278641944,0.0131742724486371,immune,nerve,immune-nerve,immune_to_nerve,nerve_neuron,tam,0.5032,7.0,0.4667,False,0.221,21.0,0.6495,True,False
malignant,nerve_neuron,NLGN4X,NRXN1,1.6556426,0.0,1.618079,1.5028787238962764,2.0102973793985877,0.2344797,0.9209559,0.0027574419963081,0.0131894729669259,tumor,nerve,nerve-tumor,tumor_to_nerve,nerve_neuron,,0.5032,7.0,0.4667,False,,,,,False
nerve_c13,malignant,NLGN1,NRXN1,1.5429564,0.0,2.135879,1.0000888975497355,2.261978675108996,0.07116375,0.930489,0.0277754588567317,0.0132427393958156,nerve,tumor,nerve-tumor,nerve_to_tumor,nerve_c13,,0.3452,18.0,0.5887,True,,,,,True
malignant,nerve_c13,NRXN1,NLGN1,1.5429564,0.0,2.135879,1.0000888975497355,2.261978675108996,0.07116375,0.930489,0.0277754588567317,0.0132427393958156,tumor,nerve,nerve-tumor,tumor_to_nerve,nerve_c13,,0.3452,18.0,0.5887,True,,,,,True
nerve_c18,malignant,MIF,EGFR,1.5426631,0.0,2.3785336,0.6967552506204788,2.4395794860244324,0.06361493,0.9338893,0.0584463858624115,0.0132655983884273,nerve,tumor,nerve-tumor,nerve_to_tumor,nerve_c18,,0.5575,4.0,0.2111,False,,,,,False
immune_t_cell,nerve_c7,S100A4,ERBB3,1.5422862,0.0,1.9103279,1.901151976877661,1.7759059689517134,0.016377585,0.9267919,0.0263394874214057,0.0132808500385818,immune,nerve,immune-nerve,immune_to_nerve,nerve_c7,t_cell,0.17,15.0,0.5776,True,0.114,24.0,0.7175,True,True
nerve_c9,malignant,HLA-A,APLP2,1.5415583,0.0,1.7530997,0.0504743869737792,-0.3537481255241971,0.009759717,0.92382425,1.0,0.0133419368168575,nerve,tumor,nerve-tumor,nerve_to_tumor,nerve_c9,,0.4802,7.0,0.3212,True,,,,,True
nerve_c0,immune_t_cell,HMGB1,CXCR4,1.5413165,0.0,1.8194628,0.2004888522278973,0.3656882440706732,0.007106534,0.92512137,1.0,0.0133572310649198,nerve,immune,immune-nerve,nerve_to_immune,nerve_c0,t_cell,0.1812,15.0,0.5697,True,0.114,24.0,0.7175,True,True
nerve_c5,immune_t_cell,HLA-C,CD8A,1.5413065,0.0,2.0704591,0.9824124476330468,1.0930519855519432,0.06890959,0.9294762,0.0300267039798262,0.0133725313150928,nerve,immune,immune-nerve,nerve_to_immune,nerve_c5,t_cell,0.5076,15.0,0.4523,False,0.114,24.0,0.7175,True,False
nerve_c3,immune_tam,ADAM10,CD44,1.540878,0.0,2.2424219,1.2574151833212253,1.405921403962259,0.028270004,0.93204683,0.0584463858624115,0.0133878425991075,nerve,immune,immune-nerve,nerve_to_immune,nerve_c3,tam,0.1893,16.0,0.5434,True,0.221,21.0,0.6495,True,True
nerve_c2,immune_tam,HLA-A,APLP2,1.5405779,0.0,2.3727818,0.1973803820645785,-0.0647000149832521,0.018843228,0.9338146,0.7552716526015689,0.013418488199887,nerve,immune,immune-nerve,nerve_to_immune,nerve_c2,tam,0.4082,17.0,0.533,True,0.221,21.0,0.6495,True,True
malignant,nerve_c5,TIMP1,FGFR2,1.5404274,0.0,2.2285569,2.392830995564624,1.764538296990821,0.014223501,0.93185014,0.0171865544077558,0.0134338250353905,tumor,nerve,nerve-tumor,tumor_to_nerve,nerve_c5,,0.5076,15.0,0.4523,False,,,,,False
immune_t_cell,nerve_c16,VIM,CD44,1.540178,0.0,1.7881193,0.2024296671220916,0.0552678375106723,0.024431318,0.9245173,0.4645425102544331,0.0134491678639096,immune,nerve,immune-nerve,immune_to_nerve,nerve_c16,t_cell,0.2917,16.0,0.4833,True,0.114,24.0,0.7175,True,True
immune_microglia,nerve_c18,HLA-A,APLP2,1.5400491,0.032,1.8916888,0.0665719957142729,0.0455408267263179,0.015434062,0.9264586,1.0,0.0134645217311787,immune,nerve,immune-nerve,immune_to_nerve,nerve_c18,microglia,0.5575,4.0,0.2111,False,0.0584,28.0,0.8514,True,False
malignant,nerve_c22,NCAM1,NCAM2,1.5398738,0.0,2.1923432,1.41026290039978,1.9809566692201697,0.041952852,0.9313281,0.0312778942580089,0.0134798815878261,tumor,nerve,nerve-tumor,tumor_to_nerve,nerve_c22,,1.0,1.0,-0.0,False,,,,,False
immune_microglia,nerve_c1,APOE,SORL1,2.1344655,0.0,1.6076071,0.2538073088179357,1.4480760191341706,0.016474113,0.9207192,0.2156543970625261,0.0135106318976645,immune,nerve,immune-nerve,immune_to_nerve,nerve_c1,microglia,0.1941,18.0,0.5886,True,0.0584,28.0,0.8514,True,True
nerve_c3,immune_microglia,LRP1B,PLAUR,1.5396568,0.0,2.1688879,0.970926160701411,1.6441948000725437,0.026790634,0.9309833,0.0584463858624115,0.0135260172940647,nerve,immune,immune-nerve,nerve_to_immune,nerve_c3,microglia,0.1893,16.0,0.5434,True,0.0584,28.0,0.8514,True,True
malignant,nerve_c5,GDF11,ACVR2A_TGFBR1,0.1029626,0.0,0.009899724,0.09707389492526,0.0527756494111699,0.011625112,0.47680718,0.626765133888817,0.0135390187955442,tumor,nerve,nerve-tumor,tumor_to_nerve,nerve_c5,,0.5076,15.0,0.4523,False,,,,,False
malignant,nerve_c5,GDF11,ACVR1B_ACVR2A,0.1029626,0.0,0.009899724,0.09707389492526,0.0527756494111699,0.011625112,0.47680718,0.626765133888817,0.0135390187955442,tumor,nerve,nerve-tumor,tumor_to_nerve,nerve_c5,,0.5076,15.0,0.4523,False,,,,,False
immune_microglia,nerve_c2,C1QB,C1QBP,1.7950429,0.0,1.607323,0.4604309903976671,2.093303349269794,0.042081613,0.92071277,0.0584463858624115,0.0135414137341219,immune,nerve,immune-nerve,immune_to_nerve,nerve_c2,microglia,0.4082,17.0,0.533,True,0.0584,28.0,0.8514,True,True
immune_nk_cell,nerve_c20,NCAM1,NCAM2,1.8710341,0.0,1.6068133,1.8588803797505769,1.952135144219614,0.030255765,0.9207012,0.0299227434035287,0.0135722296204263,immune,nerve,immune-nerve,immune_to_nerve,nerve_c20,nk_cell,0.7889,9.0,0.1802,False,0.1807,21.0,0.6809,True,False
nerve_c4,immune_nk_cell,B2M,KLRD1,1.5392231,1.0,2.0957134,2.0891869172171793,-0.1658988618476782,0.016155023,0.9298725,0.3924749483021233,0.0135722296204263,nerve,immune,immune-nerve,nerve_to_immune,nerve_c4,nk_cell,0.1779,16.0,0.5438,True,0.1807,21.0,0.6809,True,True
nerve_c16,immune_dendritic,MIF,CD44_CD74,1.5389112,0.0,1.9652035,0.709195297267925,0.8508310812787586,0.017517462,0.9277469,0.0687534566876234,0.0136030795532288,nerve,immune,immune-nerve,nerve_to_immune,nerve_c16,dendritic,0.2917,16.0,0.4833,True,0.1168,23.0,0.7139,True,True
nerve_c7,immune_t_cell,HMGB1,CXCR4,1.53872,0.0,1.807586,0.198025793159303,0.4242360881687798,0.0070601455,0.9248942,1.0,0.0136185185556074,nerve,immune,immune-nerve,nerve_to_immune,nerve_c7,t_cell,0.17,15.0,0.5776,True,0.114,24.0,0.7175,True,True
nerve_c2,immune_microglia,TF,TFRC,1.7987478,0.0,1.603119,2.7847104686746857,2.4822217303400915,0.018804643,0.9206171,0.0011206461094064,0.013649419553277,nerve,immune,immune-nerve,nerve_to_immune,nerve_c2,microglia,0.4082,17.0,0.533,True,0.0584,28.0,0.8514,True,True
immune_tam,nerve_c0,PSAP,GPR37,1.5378761,0.0,1.6444925,1.224211223426387,0.8799087138280117,0.012460044,0.92154324,0.2402895034345193,0.0136648815449322,immune,nerve,immune-nerve,immune_to_nerve,nerve_c0,tam,0.1812,15.0,0.5697,True,0.221,21.0,0.6495,True,True
immune_t_cell,nerve_c5,CALM1,PTPRA,1.5369117,0.0,2.057441,0.6593329110052694,0.6629348919990333,0.013991034,0.9292692,0.1611847114845465,0.0137113236596443,immune,nerve,immune-nerve,immune_to_nerve,nerve_c5,t_cell,0.5076,15.0,0.4523,False,0.114,24.0,0.7175,True,False
nerve_c1,immune_dendritic,MIF,CD44_CD74,1.536528,0.0,1.9608943,0.707029380349711,0.8742847702978161,0.017479053,0.9276733,0.0694616928548351,0.0137268222314092,nerve,immune,immune-nerve,nerve_to_immune,nerve_c1,dendritic,0.1941,18.0,0.5886,True,0.1168,23.0,0.7139,True,True
nerve_c22,immune_nk_cell,SPP1,ITGA4_ITGB1,1.7905287,0.055,1.6012297,0.4571853888163726,-0.3821806511714369,0.015741814,0.920574,1.0,0.013742326761644,nerve,immune,immune-nerve,nerve_to_immune,nerve_c22,nk_cell,1.0,1.0,-0.0,False,0.1807,21.0,0.6809,True,False
malignant,nerve_c0,PTN,PTPRZ1,1.5364629,0.0,1.6519108,0.4319591035002019,1.1149659678885038,0.048604954,0.9217058,0.0584463858624115,0.013742326761644,tumor,nerve,nerve-tumor,tumor_to_nerve,nerve_c0,,0.1812,15.0,0.5697,True,,,,,True
immune_microglia,nerve_c3,SPP1,CD44,2.2321486,0.0,1.6004125,0.2157839506229397,1.5653887957976134,0.02599868,0.92055535,0.2807051712252589,0.0137733664448875,immune,nerve,immune-nerve,immune_to_nerve,nerve_c3,microglia,0.1893,16.0,0.5434,True,0.0584,28.0,0.8514,True,True
immune_microglia,nerve_c0,PSAP,GPR37,1.5353531,0.0,1.6410156,1.222215847826523,1.656523781149521,0.0124337,0.9214667,0.1575758990576894,0.0137733664448875,immune,nerve,immune-nerve,immune_to_nerve,nerve_c0,microglia,0.1812,15.0,0.5697,True,0.0584,28.0,0.8514,True,True
nerve_c0,immune_microglia,LRP1B,PLAUR,1.5348939,0.0,2.158499,0.9664621730735392,1.7267477996893488,0.026662309,0.9308289,0.0584463858624115,0.0137888964935267,nerve,immune,immune-nerve,nerve_to_immune,nerve_c0,microglia,0.1812,15.0,0.5697,True,0.0584,28.0,0.8514,True,True
immune_dendritic,nerve_c4,LGALS9,PTPRK,1.7828212,0.0,1.5995263,2.406473459745756,1.920016200616307,0.025098745,0.9205351,0.0083936409002617,0.0138199846608429,immune,nerve,immune-nerve,immune_to_nerve,nerve_c4,dendritic,0.1779,16.0,0.5438,True,0.1168,23.0,0.7139,True,True
nerve_c12,immune_microglia,LRP1B,PLAUR,1.5343484,0.0,2.157309,0.9659504399061652,1.7308541804618514,0.02664761,0.93081117,0.0584463858624115,0.0138199846608429,nerve,immune,immune-nerve,nerve_to_immune,nerve_c12,microglia,0.4368,7.0,0.335,True,0.0584,28.0,0.8514,True,True
immune_t_cell,nerve_c20,S100A4,ERBB3,1.5341457,0.0,1.8740764,1.873301540014601,1.6307347556112377,0.016066795,0.9261393,0.0296674094328829,0.0138355427814798,immune,nerve,immune-nerve,immune_to_nerve,nerve_c20,t_cell,0.7889,9.0,0.1802,False,0.114,24.0,0.7175,True,False
immune_nk_cell,nerve_c9,PSEN1,NOTCH4,0.108763576,1.0,0.009937549,-0.0066132133400337,-0.1192158418321669,0.008963177,0.47728288,1.0,0.0138439389732989,immune,nerve,immune-nerve,immune_to_nerve,nerve_c9,nk_cell,0.4802,7.0,0.3212,True,0.1807,21.0,0.6809,True,True
nerve_c21,immune_microglia,RPS19,C5AR1,1.5339926,0.573,1.8014718,0.0893672478061185,0.5157335521174784,0.029019855,0.9247765,1.0,0.0138666819784982,nerve,immune,immune-nerve,nerve_to_immune,nerve_c21,microglia,1.0,1.0,-0.0,False,0.0584,28.0,0.8514,True,False
immune_dendritic,nerve_c0,CALM1,GRM3,1.5336819,0.0,2.3364213,2.9022633098934953,1.2707395846647944,0.017103095,0.9333357,0.0758437091688034,0.0138978551901994,immune,nerve,immune-nerve,immune_to_nerve,nerve_c0,dendritic,0.1812,15.0,0.5697,True,0.1168,23.0,0.7139,True,True
nerve_c1,immune_tam,TF,TFRC,1.7699177,0.0,1.5926296,2.730432291460674,2.0766958663310735,0.0186816,0.9203769,0.0035990142374822,0.0139134558333849,nerve,immune,immune-nerve,nerve_to_immune,nerve_c1,tam,0.1941,18.0,0.5886,True,0.221,21.0,0.6495,True,True
nerve_c0,immune_t_cell,PSEN1,CD44,1.5333724,0.0,2.3243134,1.6561585793118512,1.6075571681185918,0.021838076,0.93317395,0.0497739003750421,0.0139290649803833,nerve,immune,immune-nerve,nerve_to_immune,nerve_c0,t_cell,0.1812,15.0,0.5697,True,0.114,24.0,0.7175,True,True
immune_dendritic,nerve_c5,GRN,SORT1,1.5333383,0.0,2.248417,1.4539887042096782,1.193492326751047,0.020315459,0.93213135,0.0584463858624115,0.0139446800622292,immune,nerve,immune-nerve,immune_to_nerve,nerve_c5,dendritic,0.5076,15.0,0.4523,False,0.1168,23.0,0.7139,True,False
immune_nk_cell,malignant,GSTP1,EGFR,1.5307865,0.0,2.3427389,0.6872169432995714,2.3998509183500536,0.017510248,0.9334197,0.0688912218676218,0.0140385593501625,immune,tumor,immune-tumor,immune_to_tumor,,nk_cell,,,,,0.1807,21.0,0.6809,True,True
nerve_c4,immune_tam,COL4A5,CD93,1.5307565,0.0,2.2062397,3.51452404398366,2.331238304554226,0.08755592,0.9315299,0.0004052620710119,0.0140542339300673,nerve,immune,immune-nerve,nerve_to_immune,nerve_c4,tam,0.1779,16.0,0.5438,True,0.221,21.0,0.6495,True,True
nerve_c9,immune_dendritic,PTN,NCL,1.5294204,0.0,2.144704,0.4969518923594878,0.0939205324700274,0.012549205,0.9306222,0.3876288333521576,0.0141170249697596,nerve,immune,immune-nerve,nerve_to_immune,nerve_c9,dendritic,0.4802,7.0,0.3212,True,0.1168,23.0,0.7139,True,True
immune_tam,nerve_c1,VCAN,ITGB1,1.6104952,0.0,1.5871327,1.1769249579867895,1.6079765488278583,0.036592443,0.9202501,0.0535312068044008,0.0141170249697596,immune,nerve,immune-nerve,immune_to_nerve,nerve_c1,tam,0.1941,18.0,0.5886,True,0.221,21.0,0.6495,True,True
malignant,nerve_neuron,CALM1,GRM7,1.5279944,0.0,2.3333747,2.7764315648330395,1.5592202614431907,0.07934963,0.93329513,0.0011705618861962,0.0141484701839513,tumor,nerve,nerve-tumor,tumor_to_nerve,nerve_neuron,,0.5032,7.0,0.4667,False,,,,,False
immune_microglia,nerve_c2,C3,CD81,1.5279608,0.0,2.2601304,0.4154510655013522,1.3420864450990864,0.04727824,0.9322955,0.0618379268349251,0.014164204241404,immune,nerve,immune-nerve,immune_to_nerve,nerve_c2,microglia,0.4082,17.0,0.533,True,0.0584,28.0,0.8514,True,True
immune_nk_cell,nerve_c9,HLA-A,APLP2,1.9420035,0.0,1.5836478,0.3099654492896285,0.1789693497852112,0.012920791,0.9201695,0.2528440154106509,0.014179949382685,immune,nerve,immune-nerve,immune_to_nerve,nerve_c9,nk_cell,0.4802,7.0,0.3212,True,0.1807,21.0,0.6809,True,True
immune_tam,nerve_c0,LGALS9,PTPRK,1.6904961,0.0,1.5828003,2.254792771129125,1.9145970155821868,0.02483629,0.9201498,0.0088149705327494,0.0142114625626119,immune,nerve,immune-nerve,immune_to_nerve,nerve_c0,tam,0.1812,15.0,0.5697,True,0.221,21.0,0.6495,True,True
immune_nk_cell,nerve_c7,CALM1,GRM3,1.5273762,0.0,2.1241024,2.101756448165992,1.3658485064875543,0.015548876,0.93030995,0.0771626802479491,0.0142114625626119,immune,nerve,immune-nerve,immune_to_nerve,nerve_c7,nk_cell,0.17,15.0,0.5776,True,0.1807,21.0,0.6809,True,True
nerve_c12,malignant,BCAN,NRCAM,1.5273216,0.0,2.2629602,1.150606545927899,2.1248388851378968,0.33468732,0.93233496,0.0028320685116031,0.0142430097203829,nerve,tumor,nerve-tumor,nerve_to_tumor,nerve_c12,,0.4368,7.0,0.335,True,,,,,True
malignant,nerve_c10,GDF11,ACVR2B_TGFBR1,0.10319928,0.0,0.009961002,0.1946791371925671,0.1251594166338318,0.018311225,0.47757694,0.3323100736967176,0.0142504676199407,tumor,nerve,nerve-tumor,tumor_to_nerve,nerve_c10,,0.8274,7.0,0.1908,False,,,,,False
nerve_c17,immune_tam,HMGB1,THBD,1.5268962,0.0,1.9541185,1.0996786998870114,1.3123259247633208,0.045462746,0.9275571,0.021207385129736,0.0142903954578141,nerve,immune,immune-nerve,nerve_to_immune,nerve_c17,tam,0.712,4.0,0.1815,False,0.221,21.0,0.6495,True,False
nerve_c17,immune_tam,CIRBP,TREM1,1.5267031,0.0,1.8815063,1.2443331705228884,1.532092717509994,0.048280805,0.92627454,0.0155266902187377,0.0143220275469405,nerve,immune,immune-nerve,nerve_to_immune,nerve_c17,tam,0.712,4.0,0.1815,False,0.221,21.0,0.6495,True,False
nerve_c6,immune_nk_cell,LGALS1,CD69,1.5266223,0.0,2.3013954,0.652011026196069,0.6945779776269793,0.034037024,0.9328643,0.0584463858624115,0.0143536962070602,nerve,immune,immune-nerve,nerve_to_immune,nerve_c6,nk_cell,0.2036,24.0,0.6567,True,0.1807,21.0,0.6809,True,True
nerve_neuron,malignant,CNTN1,NRCAM,1.5265214,0.0,2.2609386,2.192266621353258,2.618629649513328,0.3866927,0.93230677,0.0001062456952138,0.0143695406691971,nerve,tumor,nerve-tumor,nerve_to_tumor,nerve_neuron,,0.5032,7.0,0.4667,False,,,,,False
malignant,nerve_c1,PTN,NCL,1.5261111,0.0,1.6026702,0.4124566638572617,1.7404539771038463,0.034364294,0.9206069,0.0635236076647296,0.0144171302081155,tumor,nerve,nerve-tumor,tumor_to_nerve,nerve_c1,,0.1941,18.0,0.5886,True,,,,,True
immune_tam,nerve_c2,GRN,SORT1,1.525932,0.0,2.3220193,1.3688348281682596,1.288863122193533,0.020980489,0.93314314,0.0584463858624115,0.0144488981444314,immune,nerve,immune-nerve,immune_to_nerve,nerve_c2,tam,0.4082,17.0,0.533,True,0.221,21.0,0.6495,True,True
nerve_c4,immune_dendritic,AGRN,LRP1,0.09991036,1.0,0.009981528,-0.2179704947785308,-0.4851181906108587,0.0018979078,0.47783372,1.0,0.0144537181065525,nerve,immune,immune-nerve,nerve_to_immune,nerve_c4,dendritic,0.1779,16.0,0.5438,True,0.1168,23.0,0.7139,True,True
immune_t_cell,nerve_c3,HSPA8,LRP2,1.5254574,0.0,2.2095668,2.634447721919873,1.575532104445072,0.020080615,0.9315779,0.0378573517335936,0.0144647961523922,immune,nerve,immune-nerve,immune_to_nerve,nerve_c3,t_cell,0.1893,16.0,0.5434,True,0.114,24.0,0.7175,True,True
malignant,nerve_c4,CALM1,GRM3,1.5249364,0.0,2.3242579,2.7592724338442207,1.4500209236935515,0.017019412,0.9331732,0.0588566896984293,0.0144966150179381,tumor,nerve,nerve-tumor,tumor_to_nerve,nerve_c4,,0.1779,16.0,0.5438,True,,,,,True
immune_t_cell,nerve_c9,CALM1,GRM3,1.5248541,0.0,2.0070677,1.9514852629142392,1.2030698594522349,0.014692156,0.9284502,0.1357526984157105,0.0145125384907235,immune,nerve,immune-nerve,immune_to_nerve,nerve_c9,t_cell,0.4802,7.0,0.3212,True,0.114,24.0,0.7175,True,True
immune_tam,nerve_c3,CALM1,PDE1C,1.5247519,0.0,2.3218162,1.4376177054863102,1.0780873554081325,0.012120497,0.9331404,0.215501988467763,0.0145284678311874,immune,nerve,immune-nerve,immune_to_nerve,nerve_c3,tam,0.1893,16.0,0.5434,True,0.221,21.0,0.6495,True,True
immune_tam,nerve_c13,VCAN,EGFR,1.6076822,0.0,1.5724279,1.2020254263460444,1.0028227581632885,0.07906669,0.9199079,0.0231639989277154,0.0145284678311874,immune,nerve,immune-nerve,immune_to_nerve,nerve_c13,tam,0.3452,18.0,0.5887,True,0.221,21.0,0.6495,True,True
nerve_c10,immune_tam,SPP1,ITGA5_ITGB1,2.0329638,0.0,1.5721588,0.6505669369167637,-0.0643750822165791,0.03146374,0.9199016,0.4970848874510563,0.0145603545887911,nerve,immune,immune-nerve,nerve_to_immune,nerve_c10,tam,0.8274,7.0,0.1908,False,0.221,21.0,0.6495,True,False
immune_tam,malignant,PSAP,LRP1,1.523166,0.0,1.5742737,0.3820812662232377,0.3909987081434983,0.012005601,0.91995114,0.2743349556905285,0.0145763120078843,immune,tumor,immune-tumor,immune_to_tumor,,tam,,,,,0.221,21.0,0.6495,True,True
immune_microglia,nerve_c3,SPP1,ITGAV_ITGB1,2.2286034,0.0,1.5715452,0.2045820880135307,1.5997989260364376,0.0126722595,0.91988724,0.3038254234554761,0.0146082496771356,immune,nerve,immune-nerve,immune_to_nerve,nerve_c3,microglia,0.1893,16.0,0.5434,True,0.0584,28.0,0.8514,True,True
nerve_c3,immune_t_cell,CD22,PTPRC,1.5228816,0.0,1.742411,2.225393193676209,1.704536712560465,0.024093296,0.9236088,0.0221119902133247,0.0146082496771356,nerve,immune,immune-nerve,nerve_to_immune,nerve_c3,t_cell,0.1893,16.0,0.5434,True,0.114,24.0,0.7175,True,True
immune_t_cell,nerve_c9,HLA-A,APLP2,1.928303,0.0,1.5709637,0.2992819365218073,0.3180923838875694,0.012817304,0.9198736,0.2187943248360543,0.0146242325522615,immune,nerve,immune-nerve,immune_to_nerve,nerve_c9,t_cell,0.4802,7.0,0.3212,True,0.114,24.0,0.7175,True,True
nerve_c4,immune_dendritic,C3,LRP1,0.099949844,1.0,0.009989359,-0.6417266263089676,-1.7014287832775343,0.002064772,0.47793156,1.0,0.0146569593689706,nerve,immune,immune-nerve,nerve_to_immune,nerve_c4,dendritic,0.1779,16.0,0.5438,True,0.1168,23.0,0.7139,True,True
immune_tam,malignant,GSTP1,EGFR,1.522409,0.0,2.31749,0.6784819358315239,2.2869552878202155,0.01732153,0.9330822,0.0719747774043211,0.0146882436299466,immune,tumor,immune-tumor,immune_to_tumor,,tam,,,,,0.221,21.0,0.6495,True,True
nerve_c1,immune_microglia,TF,TFRC,1.7659901,0.0,1.5689787,2.725030870751574,2.471271496298763,0.018404176,0.919827,0.0015272768573519,0.0147042689229552,nerve,immune,immune-nerve,nerve_to_immune,nerve_c1,microglia,0.1941,18.0,0.5886,True,0.0584,28.0,0.8514,True,True
immune_microglia,nerve_c15,C3,CD81,1.5221229,0.0,2.2391024,0.4101284620522214,1.441755859491826,0.04683837,0.9319999,0.0647650481072061,0.01475239041807,immune,nerve,immune-nerve,immune_to_nerve,nerve_c15,microglia,0.2441,11.0,0.4778,True,0.0584,28.0,0.8514,True,True
immune_t_cell,nerve_c4,S100A4,ERBB3,1.5215993,0.0,1.8182042,1.8303763759126823,1.5811803071315065,0.015587792,0.9250974,0.0368023791721772,0.014768449637291,immune,nerve,immune-nerve,immune_to_nerve,nerve_c4,t_cell,0.1779,16.0,0.5438,True,0.114,24.0,0.7175,True,True
immune_dendritic,nerve_neuron,CALM1,CACNA1C,1.5215528,0.0,2.3022625,1.842745232980429,1.2071868341709586,0.079331785,0.9328761,0.0073714449555026,0.0147845173377156,immune,nerve,immune-nerve,immune_to_nerve,nerve_neuron,dendritic,0.5032,7.0,0.4667,False,0.1168,23.0,0.7139,True,False
immune_tam,nerve_c17,S100A4,ERBB3,1.7600281,0.0,1.5655054,1.6331403053679237,1.9431911742108576,0.0134213595,0.9197452,0.0523104236436202,0.0148327660285752,immune,nerve,immune-nerve,immune_to_nerve,nerve_c17,tam,0.712,4.0,0.1815,False,0.221,21.0,0.6495,True,False
immune_tam,nerve_c15,SPP1,ITGAV_ITGB1,1.5211658,0.989,1.6077392,0.0365924519781244,-0.3068629217732788,0.013255103,0.92072225,1.0,0.0148327660285752,immune,nerve,immune-nerve,immune_to_nerve,nerve_c15,tam,0.2441,11.0,0.4778,True,0.221,21.0,0.6495,True,True
immune_microglia,malignant,PSAP,LRP1,1.5206429,0.0,1.5709453,0.3800858906233735,1.1676137754650076,0.011980218,0.9198732,0.2759904310488061,0.0148649777442133,immune,tumor,immune-tumor,immune_to_tumor,,microglia,,,,,0.0584,28.0,0.8514,True,True
immune_microglia,nerve_c20,CALM1,GRM3,1.5203555,0.0,2.2503977,3.036311138003013,1.1424872387283975,0.016473385,0.9321592,0.0598349377857998,0.0148972207223169,immune,nerve,immune-nerve,immune_to_nerve,nerve_c20,microglia,0.7889,9.0,0.1802,False,0.0584,28.0,0.8514,True,False
immune_dendritic,nerve_c17,TIMP1,CD63,1.520258,0.0,1.953514,0.1664509413273138,0.4224321637972443,0.0091342935,0.9275467,0.618098627133367,0.0149133535994213,immune,nerve,immune-nerve,immune_to_nerve,nerve_c17,dendritic,0.712,4.0,0.1815,False,0.1168,23.0,0.7139,True,False
nerve_c17,immune_microglia,SPP1,PTGER4,2.09983,0.0,1.5644253,0.4050513148736938,0.1011964579374967,0.015181377,0.91971976,0.3744526832904052,0.0149294976062616,nerve,immune,immune-nerve,nerve_to_immune,nerve_c17,microglia,0.712,4.0,0.1815,False,0.0584,28.0,0.8514,True,False
immune_dendritic,nerve_c0,PSAP,SORT1,1.5193895,0.0,2.2790303,1.006359826715588,0.6070360737281211,0.011444856,0.9325578,0.3200312857372339,0.0149456500901187,immune,nerve,immune-nerve,immune_to_nerve,nerve_c0,dendritic,0.1812,15.0,0.5697,True,0.1168,23.0,0.7139,True,True
nerve_c15,immune_tam,SPP1,ITGA5_ITGB1,2.0229023,0.0,1.5634512,0.6457249768874156,-0.0054668959512074,0.031289473,0.91969675,0.4970848874510563,0.0149779778279395,nerve,immune,immune-nerve,nerve_to_immune,nerve_c15,tam,0.2441,11.0,0.4778,True,0.221,21.0,0.6495,True,True
malignant,nerve_c5,NCAM1,FGFR2,1.5186602,0.0,2.1449542,2.613920315016989,2.27336274699468,0.05011443,0.930626,0.0024825361293675,0.0149941530782788,tumor,nerve,nerve-tumor,tumor_to_nerve,nerve_c5,,0.5076,15.0,0.4523,False,,,,,False
nerve_c9,malignant,SPP1,ITGAV_ITGB1,2.112077,0.0,1.5615349,0.1579835321496786,-0.6190648388903077,0.00593545,0.91965145,1.0,0.0150103394632289,nerve,tumor,nerve-tumor,nerve_to_tumor,nerve_c9,,0.4802,7.0,0.3212,True,,,,,True
nerve_c5,immune_tam,HMGB1,THBD,1.5178512,0.0,1.9376086,1.091097813464757,0.9945020404362817,0.04507864,0.9272715,0.0242919401019702,0.0150589467997089,nerve,immune,immune-nerve,nerve_to_immune,nerve_c5,tam,0.5076,15.0,0.4523,False,0.221,21.0,0.6495,True,False
immune_nk_cell,nerve_neuron,CALM1,PDE1A,1.5173833,0.0,2.084445,1.9096968053279273,1.3144030523781096,0.021446789,0.92969656,0.0584463858624115,0.0151238734168618,immune,nerve,immune-nerve,immune_to_nerve,nerve_neuron,nk_cell,0.5032,7.0,0.4667,False,0.1807,21.0,0.6809,True,False
malignant,nerve_c7,TIMP1,FGFR2,1.5172863,0.0,2.1748471,2.3359900354367205,1.905031967129602,0.013880706,0.9310714,0.0090191314683477,0.0151401275852957,tumor,nerve,nerve-tumor,tumor_to_nerve,nerve_c7,,0.17,15.0,0.5776,True,,,,,True
malignant,nerve_c10,PTN,PTPRS,1.517108,0.0,1.5598444,0.918109704425874,2.0744410920770284,0.048497632,0.9196114,0.0414485228753181,0.0151563875507103,tumor,nerve,nerve-tumor,tumor_to_nerve,nerve_c10,,0.8274,7.0,0.1908,False,,,,,False
nerve_c6,immune_dendritic,B2M,CD1C,2.396133,0.0,1.5573394,1.929383330954125,0.8805928857148096,0.07480709,0.91955197,0.0373686971555566,0.0151889355636083,nerve,immune,immune-nerve,nerve_to_immune,nerve_c6,dendritic,0.2036,24.0,0.6567,True,0.1168,23.0,0.7139,True,True
malignant,nerve_c3,PTN,PTPRZ1,1.5165219,0.0,1.5570569,0.4179678275782572,1.0221506157061022,0.045814026,0.9195453,0.0606232515180585,0.0152378224396253,tumor,nerve,nerve-tumor,tumor_to_nerve,nerve_c3,,0.1893,16.0,0.5434,True,,,,,True
immune_dendritic,nerve_c10,PSAP,SORT1,1.5158794,0.0,2.2695699,1.0006102901417218,0.4579231769942249,0.011397348,0.9324269,0.324967409899433,0.0152541358961053,immune,nerve,immune-nerve,immune_to_nerve,nerve_c10,dendritic,0.8274,7.0,0.1908,False,0.1168,23.0,0.7139,True,False
nerve_c15,immune_t_cell,COPA,CD74,1.5155156,0.0,1.988731,0.3480005855010115,-0.3303158282248203,0.00839114,0.92814475,1.0,0.0152867855288428,nerve,immune,immune-nerve,nerve_to_immune,nerve_c15,t_cell,0.2441,11.0,0.4778,True,0.114,24.0,0.7175,True,True
immune_tam,nerve_c16,S100A8,CD68,1.8456273,0.0,1.5557606,1.2955689974516265,1.7937029715971655,0.21148053,0.9195145,0.0066723495109504,0.0153031243886033,immune,nerve,immune-nerve,immune_to_nerve,nerve_c16,tam,0.2917,16.0,0.4833,True,0.221,21.0,0.6495,True,True
nerve_c20,immune_dendritic,LRP1B,PLAUR,1.5148128,0.0,1.7960566,0.9369951679479382,0.9345810105534466,0.022185331,0.9246717,0.0584463858624115,0.0153358248199573,nerve,immune,immune-nerve,nerve_to_immune,nerve_c20,dendritic,0.7889,9.0,0.1802,False,0.1168,23.0,0.7139,True,False
immune_microglia,nerve_c7,LGALS9,PTPRK,1.5145261,0.0,1.6299491,1.9611684443852608,2.1629195204972924,0.02557612,0.9212215,0.0221753280488681,0.0153521863879294,immune,nerve,immune-nerve,immune_to_nerve,nerve_c7,microglia,0.17,15.0,0.5776,True,0.0584,28.0,0.8514,True,True
immune_tam,nerve_c20,LGALS9,PTPRK,1.6658794,0.0,1.5551633,2.2149450832991464,1.8235545883847584,0.024402628,0.91950023,0.0133772610634644,0.0153685591119412,immune,nerve,immune-nerve,immune_to_nerve,nerve_c20,tam,0.7889,9.0,0.1802,False,0.221,21.0,0.6495,True,False
malignant,nerve_c20,CALM3,PDE1C,1.5970219,0.0,1.5549234,2.5639512623722776,1.816382157945304,0.021474207,0.91949457,0.0137525823589138,0.0153849403016652,tumor,nerve,nerve-tumor,tumor_to_nerve,nerve_c20,,0.7889,9.0,0.1802,False,,,,,False
nerve_c1,immune_microglia,SPP1,PTGER4,2.08612,0.0,1.5530964,0.3984539646847049,0.0130739236598237,0.0150714405,0.919451,0.5645416332095982,0.0154177253797067,nerve,immune,immune-nerve,nerve_to_immune,nerve_c1,microglia,0.1941,18.0,0.5886,True,0.0584,28.0,0.8514,True,True
malignant,nerve_c5,FGF1,FGFR1,0.10311404,0.984,0.01005579,0.0043817951098508,-0.0230657373845668,0.026335763,0.47875854,1.0,0.0154698321808933,tumor,nerve,nerve-tumor,tumor_to_nerve,nerve_c5,,0.5076,15.0,0.4523,False,,,,,False
nerve_c17,malignant,SPP1,ITGAV_ITGB1,2.0979176,0.0,1.549943,0.1511701845065676,-0.5347298374718656,0.0058913887,0.9193757,1.0,0.015499837523024,nerve,tumor,nerve-tumor,nerve_to_tumor,nerve_c17,,0.712,4.0,0.1815,False,,,,,False
immune_tam,nerve_c17,PSAP,GPR37,1.5175695,0.0,1.5475594,1.1626636963864891,1.032512589656465,0.011725597,0.9193187,0.2509603202380593,0.0155327410707067,immune,nerve,immune-nerve,immune_to_nerve,nerve_c17,tam,0.712,4.0,0.1815,False,0.221,21.0,0.6495,True,False
nerve_c20,immune_dendritic,HMGB1,CXCR4,1.5108469,0.0,2.214656,0.2028830229361804,0.2045583250731855,0.008650097,0.93165123,0.7088278480818512,0.0155656784589255,nerve,immune,immune-nerve,nerve_to_immune,nerve_c20,dendritic,0.7889,9.0,0.1802,False,0.1168,23.0,0.7139,True,False
immune_microglia,nerve_c6,SPP1,ITGAV_ITGB1,2.2253575,0.0,1.5451164,0.2538919869980505,1.6302526430919275,0.012738806,0.91926,0.2233809005148253,0.0156316547435762,immune,nerve,immune-nerve,immune_to_nerve,nerve_c6,microglia,0.2036,24.0,0.6567,True,0.0584,28.0,0.8514,True,True
immune_t_cell,nerve_c5,S100A4,ERBB3,1.508924,0.0,1.7617577,1.7870121645044323,1.5388584464916393,0.015103865,0.9239974,0.0440846161417301,0.0156481713180132,immune,nerve,immune-nerve,immune_to_nerve,nerve_c5,t_cell,0.5076,15.0,0.4523,False,0.114,24.0,0.7175,True,False
immune_microglia,nerve_c17,PSAP,GPR37,1.5150465,0.0,1.5442874,1.160668320786625,1.8091276569779744,0.011700806,0.9192401,0.1879295910375248,0.0156646963510447,immune,nerve,immune-nerve,immune_to_nerve,nerve_c17,microglia,0.712,4.0,0.1815,False,0.0584,28.0,0.8514,True,False
nerve_c6,immune_nk_cell,MIF,CD44_CD74,1.5083568,0.0,2.0315907,0.6894785948081775,0.8454884126756731,0.018109227,0.92885256,0.0600459841953763,0.0156977690707002,nerve,immune,immune-nerve,nerve_to_immune,nerve_c6,nk_cell,0.2036,24.0,0.6567,True,0.1807,21.0,0.6809,True,True
nerve_c6,immune_microglia,PSAP,LRP1,1.6161742,0.0,1.5423304,0.4340985509319829,0.4681584610696019,0.024214363,0.9191931,0.0584463858624115,0.015714316753706,nerve,immune,immune-nerve,nerve_to_immune,nerve_c6,microglia,0.2036,24.0,0.6567,True,0.0584,28.0,0.8514,True,True
nerve_c1,immune_nk_cell,LGALS1,PTPRC,1.5082376,0.0,2.0606835,0.3596524509779056,0.1961281987213461,0.01864641,0.92932093,0.2299483228859211,0.015714316753706,nerve,immune,immune-nerve,nerve_to_immune,nerve_c1,nk_cell,0.1941,18.0,0.5886,True,0.1807,21.0,0.6809,True,True
immune_microglia,nerve_c22,C1QB,LRP1,1.7843004,0.0,1.5414547,0.383258320004086,2.197877031062647,0.0763001,0.919172,0.034656235002169,0.0157640159780363,immune,nerve,immune-nerve,immune_to_nerve,nerve_c22,microglia,1.0,1.0,-0.0,False,0.0584,28.0,0.8514,True,False
immune_t_cell,nerve_c2,CALM1,PDE1C,1.5072197,0.0,1.9333956,1.109675361811484,1.0729825493292786,0.010092839,0.9271981,0.2196207084900948,0.0157971901590191,immune,nerve,immune-nerve,immune_to_nerve,nerve_c2,t_cell,0.4082,17.0,0.533,True,0.114,24.0,0.7175,True,True
nerve_c1,malignant,SPP1,ITGAV_ITGB1,2.0842075,0.0,1.5387189,0.1445728343175788,-0.6228523717495387,0.005848726,0.91910595,1.0,0.0158137912949975,nerve,tumor,nerve-tumor,nerve_to_tumor,nerve_c1,,0.1941,18.0,0.5886,True,,,,,True
immune_nk_cell,nerve_c9,CALM1,PTPRA,1.5071945,0.0,2.0440094,0.6436773445314853,0.5524283666960963,0.013899696,0.92905366,0.165033140093679,0.0158137912949975,immune,nerve,immune-nerve,immune_to_nerve,nerve_c9,nk_cell,0.4802,7.0,0.3212,True,0.1807,21.0,0.6809,True,True
nerve_neuron,immune_tam,COL9A1,CD44,1.5071445,0.0,2.113962,3.4208551173557,2.1578161634642488,0.15204437,0.9301547,1.605396222892797e-05,0.0158304008853835,nerve,immune,immune-nerve,nerve_to_immune,nerve_neuron,tam,0.5032,7.0,0.4667,False,0.221,21.0,0.6495,True,False
immune_nk_cell,nerve_c4,HSPA8,LRP2,1.5071323,0.0,2.2706704,3.1829937923544382,1.323572307161152,0.020635923,0.9324422,0.0397252250471936,0.0158470161967312,immune,nerve,immune-nerve,immune_to_nerve,nerve_c4,nk_cell,0.1779,16.0,0.5438,True,0.1807,21.0,0.6809,True,True
nerve_c3,immune_microglia,EDIL3,ITGAV,1.5754553,0.0,1.5367161,2.415172256538074,1.944645365855176,0.021071244,0.9190575,0.0074683866523412,0.0158470161967312,nerve,immune,immune-nerve,nerve_to_immune,nerve_c3,microglia,0.1893,16.0,0.5434,True,0.0584,28.0,0.8514,True,True
nerve_c20,immune_t_cell,COPA,CD74,1.5064678,0.0,1.9512638,0.3340060884735674,-0.3750239173823497,0.008233053,0.92750794,1.0,0.0159468964822274,nerve,immune,immune-nerve,nerve_to_immune,nerve_c20,t_cell,0.7889,9.0,0.1802,False,0.114,24.0,0.7175,True,False
immune_microglia,nerve_c1,APOE,LRP2,2.124984,0.0,1.5345709,1.123789086311726,2.18394803611954,0.012919146,0.9190056,0.1426846335707719,0.0159468964822274,immune,nerve,immune-nerve,immune_to_nerve,nerve_c1,microglia,0.1941,18.0,0.5886,True,0.0584,28.0,0.8514,True,True
malignant,nerve_c12,TNC,PTPRZ1,1.5063801,0.0,1.5992272,0.7976898721104042,1.3596928572491065,0.15803346,0.92052823,0.0584463858624115,0.0159635709458769,tumor,nerve,nerve-tumor,tumor_to_nerve,nerve_c12,,0.4368,7.0,0.335,True,,,,,True
nerve_c4,immune_dendritic,CALM3,KCNQ1,0.100633845,1.0,0.01009239,-0.311179620855765,-0.5420148569693829,0.0020525365,0.47921187,1.0,0.0160793899460588,nerve,immune,immune-nerve,nerve_to_immune,nerve_c4,dendritic,0.1779,16.0,0.5438,True,0.1168,23.0,0.7139,True,True
malignant,immune_nk_cell,LGALS1,CD69,1.5033132,0.0,2.2222636,0.6350918745355455,0.7915310776899372,0.030735042,0.9317603,0.0584463858624115,0.0161811296627726,tumor,immune,immune-tumor,tumor_to_immune,,nk_cell,,,,,0.1807,21.0,0.6809,True,True
immune_tam,nerve_c7,GRN,SORT1,1.5032079,0.0,2.2563186,1.3316199660009107,1.372677330453137,0.020386854,0.9322422,0.0584463858624115,0.0161979251316912,immune,nerve,immune-nerve,immune_to_nerve,nerve_c7,tam,0.17,15.0,0.5776,True,0.221,21.0,0.6495,True,True
immune_dendritic,nerve_c4,CALM1,PDE1A,1.5029867,0.0,2.2499747,2.5561717775234434,1.1928983872935686,0.02314992,0.9321532,0.0584463858624115,0.0162147262818005,immune,nerve,immune-nerve,immune_to_nerve,nerve_c4,dendritic,0.1779,16.0,0.5438,True,0.1168,23.0,0.7139,True,True
nerve_c9,malignant,EDIL3,ITGAV,1.5862814,0.0,1.5255853,2.4402808447977264,1.738734819901333,0.020924048,0.9187867,0.0192923585780879,0.0162483566727109,nerve,tumor,nerve-tumor,nerve_to_tumor,nerve_c9,,0.4802,7.0,0.3212,True,,,,,True
nerve_c5,malignant,GSTP1,EGFR,1.5024543,0.0,2.257349,0.6576739820928221,2.178326196113672,0.04830239,0.93225664,0.0584463858624115,0.0163325817666463,nerve,tumor,nerve-tumor,nerve_to_tumor,nerve_c5,,0.5076,15.0,0.4523,False,,,,,False
nerve_c20,immune_nk_cell,CD22,PTPRC,1.5022569,0.0,2.0371077,2.6722427905819397,1.5629474547452458,0.028168235,0.9289421,0.0398417955756574,0.0163663331102388,nerve,immune,immune-nerve,nerve_to_immune,nerve_c20,nk_cell,0.7889,9.0,0.1802,False,0.1807,21.0,0.6809,True,False
nerve_c5,immune_dendritic,PTN,NCL,1.5014162,0.0,2.0837398,0.4766800411458829,0.0869188566080656,0.012192486,0.9296855,0.4008267890743753,0.0163832186656637,nerve,immune,immune-nerve,nerve_to_immune,nerve_c5,dendritic,0.5076,15.0,0.4523,False,0.1168,23.0,0.7139,True,False
nerve_c1,immune_tam,HMGB1,CXCR4,1.5011642,0.0,2.113179,0.2328564224976914,0.0615470116788003,0.008253744,0.93014264,0.7898012916431397,0.0164001154373396,nerve,immune,immune-nerve,nerve_to_immune,nerve_c1,tam,0.1941,18.0,0.5886,True,0.221,21.0,0.6495,True,True
nerve_c10,immune_nk_cell,LGALS1,PTPRC,1.5011371,0.0,2.0326939,0.3544974255802563,0.0646798933506103,0.018393142,0.9288705,0.445305679703612,0.0164170178685271,nerve,immune,immune-nerve,nerve_to_immune,nerve_c10,nk_cell,0.8274,7.0,0.1908,False,0.1807,21.0,0.6809,True,False
nerve_c18,immune_dendritic,B2M,CD1C,2.3380463,0.0,1.5166066,1.893715789569196,0.7243737514338761,0.07285048,0.9185662,0.0418309700680917,0.0164339315179034,nerve,immune,immune-nerve,nerve_to_immune,nerve_c18,dendritic,0.5575,4.0,0.2111,False,0.1168,23.0,0.7139,True,False
immune_t_cell,nerve_c0,S100A4,ERBB3,1.5010931,0.0,1.7268851,1.760222049710863,1.631095147041918,0.014804897,0.92329246,0.0381847806610009,0.0164339315179034,immune,nerve,immune-nerve,immune_to_nerve,nerve_c0,t_cell,0.1812,15.0,0.5697,True,0.114,24.0,0.7175,True,True
malignant,nerve_c10,APOE,ABCA1,1.5010549,0.005,2.1192114,0.4550618882063331,-0.5484232231878905,0.016548587,0.9302352,1.0,0.0164508536061956,tumor,nerve,nerve-tumor,tumor_to_nerve,nerve_c10,,0.8274,7.0,0.1908,False,,,,,False
malignant,nerve_c7,PTN,PTPRZ1,1.5078377,0.0,1.5157479,0.4118743177575651,1.1369583320563887,0.04459857,0.918545,0.0637834674017873,0.0165016649260238,tumor,nerve,nerve-tumor,tumor_to_nerve,nerve_c7,,0.17,15.0,0.5776,True,,,,,True
nerve_c5,malignant,HLA-A,APLP2,1.4995811,0.0,1.6899607,0.0177677025736073,-0.372202812266733,0.009408213,0.92252356,1.0,0.0165186207630182,nerve,tumor,nerve-tumor,nerve_to_tumor,nerve_c5,,0.5076,15.0,0.4523,False,,,,,False
nerve_c2,immune_tam,SPP1,ITGA5_ITGB1,1.9677224,0.0,1.5156963,0.6191726492218772,-0.137075569911967,0.030333754,0.91854376,0.4970848874510563,0.0165186207630182,nerve,immune,immune-nerve,nerve_to_immune,nerve_c2,tam,0.4082,17.0,0.533,True,0.221,21.0,0.6495,True,True
nerve_c0,immune_tam,COL4A5,CD93,1.4987023,0.0,2.131832,3.4255530622456867,2.365525040035706,0.08460301,0.9304276,0.00047442993958,0.016603520900953,nerve,immune,immune-nerve,nerve_to_immune,nerve_c0,tam,0.1812,15.0,0.5697,True,0.221,21.0,0.6495,True,True
nerve_c15,malignant,APP,LRP1,1.4978701,0.0,1.5409038,1.0556528550626951,1.2519567867134072,0.021334935,0.9191587,0.0584463858624115,0.016671591698547,nerve,tumor,nerve-tumor,nerve_to_tumor,nerve_c15,,0.2441,11.0,0.4778,True,,,,,True
nerve_c16,immune_dendritic,B2M,CD1C,2.3282313,0.0,1.5097238,1.887689421777536,0.7528107409674366,0.07251986,0.91839594,0.0425184981592198,0.016688631879378,nerve,immune,immune-nerve,nerve_to_immune,nerve_c16,dendritic,0.2917,16.0,0.4833,True,0.1168,23.0,0.7139,True,True
immune_dendritic,nerve_c5,ITGB3BP,ITGB5,0.10138281,1.0,0.010178955,-0.1058628049922898,-0.1666174305190308,0.009865396,0.4802777,1.0,0.0166888647085524,immune,nerve,immune-nerve,immune_to_nerve,nerve_c5,dendritic,0.5076,15.0,0.4523,False,0.1168,23.0,0.7139,True,False
nerve_c17,immune_microglia,HMGB1,HAVCR2,1.497419,0.0,1.8278888,0.4986631054859449,1.1719444129626413,0.022899339,0.9252813,0.0584463858624115,0.0167056776890253,nerve,immune,immune-nerve,nerve_to_immune,nerve_c17,microglia,0.712,4.0,0.1815,False,0.0584,28.0,0.8514,True,False
nerve_c18,immune_nk_cell,SPP1,ITGA4_ITGB1,1.7014382,0.001,1.5079099,0.4143156019119735,-0.1592537566551619,0.01482438,0.9183509,1.0,0.0167227347333224,nerve,immune,immune-nerve,nerve_to_immune,nerve_c18,nk_cell,0.5575,4.0,0.2111,False,0.1807,21.0,0.6809,True,False
immune_t_cell,nerve_c0,CALM3,PDE1C,1.4969083,0.0,1.6547362,2.3110273951140416,1.8311061365036791,0.022633431,0.9217674,0.01293350387516,0.0167398002094177,immune,nerve,immune-nerve,immune_to_nerve,nerve_c0,t_cell,0.1812,15.0,0.5697,True,0.114,24.0,0.7175,True,True
nerve_c4,immune_dendritic,LRP1B,PLAUR,1.4967526,0.0,1.7668462,0.9200699257160616,0.9169839605797716,0.021824518,0.9240986,0.0584463858624115,0.0167910416028054,nerve,immune,immune-nerve,nerve_to_immune,nerve_c4,dendritic,0.1779,16.0,0.5438,True,0.1168,23.0,0.7139,True,True
nerve_c17,immune_nk_cell,SPP1,PTGER4,2.0922012,0.0,1.5066533,0.392253046654632,-0.0609132730130932,0.014620748,0.9183196,0.7450446608289762,0.0168252484251681,nerve,immune,immune-nerve,nerve_to_immune,nerve_c17,nk_cell,0.712,4.0,0.1815,False,0.1807,21.0,0.6809,True,False
immune_nk_cell,nerve_c10,APOE,ABCA1,1.495934,0.078,2.1000898,0.452430085036903,-0.6397847026960828,0.017788606,0.9299405,1.0,0.0168766162419521,immune,nerve,immune-nerve,immune_to_nerve,nerve_c10,nk_cell,0.8274,7.0,0.1908,False,0.1807,21.0,0.6809,True,False
nerve_c4,malignant,WNT2B,FZD3_LRP5,0.10109793,0.0,0.010202443,0.2207275613948449,0.1721473380700013,0.047343574,0.48056537,0.2709019579057778,0.0168920045186556,nerve,tumor,nerve-tumor,nerve_to_tumor,nerve_c4,,0.1779,16.0,0.5438,True,,,,,True
nerve_c3,malignant,EDIL3,ITGAV,1.5693418,0.0,1.5055647,2.4072998051468546,1.831057419330276,0.020649457,0.91829246,0.0129579671563887,0.0168937575798463,nerve,tumor,nerve-tumor,nerve_to_tumor,nerve_c3,,0.1893,16.0,0.5434,True,,,,,True
immune_microglia,nerve_neuron,APOE,ABCA1,2.1211288,0.0,1.5048732,0.2807977921140938,1.4152901683806378,0.012746884,0.91827524,0.2230895454719655,0.016928062716214,immune,nerve,immune-nerve,immune_to_nerve,nerve_neuron,microglia,0.5032,7.0,0.4667,False,0.0584,28.0,0.8514,True,False
nerve_c2,malignant,MIF,EGFR,1.4955828,0.0,2.2366388,0.6539583193987801,2.211431508744046,0.059819892,0.931965,0.0584463858624115,0.016928062716214,nerve,tumor,nerve-tumor,nerve_to_tumor,nerve_c2,,0.4082,17.0,0.533,True,,,,,True
malignant,nerve_c7,NCAM1,FGFR2,1.495519,0.0,2.0932593,2.5570793548890856,2.413856417133461,0.048906643,0.9298343,0.0031304500916215,0.0169452293343005,tumor,nerve,nerve-tumor,tumor_to_nerve,nerve_c7,,0.17,15.0,0.5776,True,,,,,True
nerve_c1,malignant,CALM1,PTPRA,1.495517,0.0,1.7431294,0.5730946754986939,0.8112438046445976,0.019402271,0.9236233,0.0584463858624115,0.0169624015541357,nerve,tumor,nerve-tumor,nerve_to_tumor,nerve_c1,,0.1941,18.0,0.5886,True,,,,,True
nerve_c16,immune_tam,CIRBP,TREM1,1.4954721,0.0,1.8280143,1.2109063640218212,1.2534599023291262,0.04690816,0.9252836,0.0179736059281319,0.0169795850231286,nerve,immune,immune-nerve,nerve_to_immune,nerve_c16,tam,0.2917,16.0,0.4833,True,0.221,21.0,0.6495,True,True
immune_dendritic,nerve_c13,IL18,IL1RAPL1,1.6932112,0.0,1.5029165,1.570295333090397,1.9006125871483193,0.020056006,0.9182264,0.0584463858624115,0.017013974408487,immune,nerve,immune-nerve,immune_to_nerve,nerve_c13,dendritic,0.3452,18.0,0.5887,True,0.1168,23.0,0.7139,True,True
immune_microglia,nerve_c7,CALM1,PDE1C,1.4935765,0.0,2.1822078,1.549422232338851,1.0555057734238174,0.011391704,0.93117976,0.2342899740108298,0.0170311831513922,immune,nerve,immune-nerve,immune_to_nerve,nerve_c7,microglia,0.17,15.0,0.5776,True,0.0584,28.0,0.8514,True,True
immune_dendritic,nerve_c4,HSPA8,LRP2,1.4930791,0.0,2.227527,3.170171605187375,1.2150320522680582,0.020243833,0.9318355,0.0408044782753871,0.0170828570897013,immune,nerve,immune-nerve,immune_to_nerve,nerve_c4,dendritic,0.1779,16.0,0.5438,True,0.1168,23.0,0.7139,True,True
nerve_c10,immune_dendritic,ANGPTL4,ITGA5_ITGB1,0.10218908,0.989,0.010225302,-0.031301353483639,-0.1984533090909755,0.009776848,0.4808447,1.0,0.0170951351070769,nerve,immune,immune-nerve,nerve_to_immune,nerve_c10,dendritic,0.8274,7.0,0.1908,False,0.1168,23.0,0.7139,True,False
nerve_c21,immune_dendritic,VIM,CD44,1.4928449,0.112,1.8819107,0.196724963168339,0.0853572520703404,0.018099423,0.92628187,1.0,0.0171173475473268,nerve,immune,immune-nerve,nerve_to_immune,nerve_c21,dendritic,1.0,1.0,-0.0,False,0.1168,23.0,0.7139,True,False
nerve_c21,immune_t_cell,SPP1,ITGA4_ITGB1,1.5133879,0.271,1.4993562,0.4004611159441397,-0.2769307203536839,0.014740286,0.9181373,1.0,0.0171173475473268,nerve,immune,immune-nerve,nerve_to_immune,nerve_c21,t_cell,1.0,1.0,-0.0,False,0.114,24.0,0.7175,True,False
immune_microglia,malignant,HLA-A,APLP2,1.4924889,0.0,1.6792933,0.0122354427934823,-0.1957350394392706,0.005130152,0.92229694,1.0,0.0171346039882963,immune,tumor,immune-tumor,immune_to_tumor,,microglia,,,,,0.0584,28.0,0.8514,True,True
immune_nk_cell,nerve_c0,CALM3,PDE1C,1.4924614,0.0,1.6346148,2.305029121745025,1.7974516438166055,0.022358213,0.92132515,0.0151452007379978,0.0171518716880867,immune,nerve,immune-nerve,immune_to_nerve,nerve_c0,nk_cell,0.1812,15.0,0.5697,True,0.1807,21.0,0.6809,True,True
nerve_c1,immune_microglia,HMGB1,CXCR4,1.49244,0.0,2.08045,0.2256460131481988,0.3015414131543532,0.008125909,0.92963386,0.8199659719710464,0.0171691478092081,nerve,immune,immune-nerve,nerve_to_immune,nerve_c1,microglia,0.1941,18.0,0.5886,True,0.0584,28.0,0.8514,True,True
immune_t_cell,nerve_c20,HSPA8,LRP2,1.4918437,0.0,2.0839744,2.495900752120031,1.5334155067385975,0.018939225,0.92968917,0.0446125441211367,0.0172037224697749,immune,nerve,immune-nerve,immune_to_nerve,nerve_c20,t_cell,0.7889,9.0,0.1802,False,0.114,24.0,0.7175,True,False
immune_tam,nerve_c0,CALM3,PDE1C,1.4914722,0.0,1.6301389,2.303696766587449,1.719113209511224,0.022296991,0.9212257,0.0208019303108406,0.0172383308051036,immune,nerve,immune-nerve,immune_to_nerve,nerve_c0,tam,0.1812,15.0,0.5697,True,0.221,21.0,0.6495,True,True
nerve_neuron,immune_nk_cell,HMGB1,CXCR4,1.491024,0.0,1.9664736,0.1703517953520258,0.0929157180745624,0.007680735,0.9277686,0.9313550915913376,0.0172729728118453,nerve,immune,immune-nerve,nerve_to_immune,nerve_neuron,nk_cell,0.5032,7.0,0.4667,False,0.1807,21.0,0.6809,True,False
immune_tam,nerve_c22,PSAP,SORT1,1.506864,0.0,1.4964563,0.5479636611929539,0.6771339243092275,0.0075149187,0.91806453,0.4970848874510563,0.0172729728118453,immune,nerve,immune-nerve,immune_to_nerve,nerve_c22,tam,1.0,1.0,-0.0,False,0.221,21.0,0.6495,True,False
nerve_c10,immune_nk_cell,JAG1,NOTCH2,0.10727359,1.0,0.010228952,-0.0995789002667665,-0.1394908086753364,0.00503937,0.48088926,1.0,0.0172982564740258,nerve,immune,immune-nerve,nerve_to_immune,nerve_c10,nk_cell,0.8274,7.0,0.1908,False,0.1807,21.0,0.6809,True,False
immune_dendritic,nerve_c6,VIM,CD44,1.6005691,0.0,1.4963152,0.200948417123456,0.0438521036279501,0.02044436,0.918061,0.4905267806546525,0.0173076484866512,immune,nerve,immune-nerve,immune_to_nerve,nerve_c6,dendritic,0.2036,24.0,0.6567,True,0.1168,23.0,0.7139,True,True
nerve_c1,immune_nk_cell,SPP1,PTGER4,2.0784912,0.0,1.4957427,0.3856556964656432,-0.1490358072907663,0.014514872,0.9180466,0.8844906207362072,0.0173423578261723,nerve,immune,immune-nerve,nerve_to_immune,nerve_c1,nk_cell,0.1941,18.0,0.5886,True,0.1807,21.0,0.6809,True,True
nerve_c6,immune_microglia,TIMP1,CD63,1.4906614,0.0,1.979716,0.1475380253894725,-0.1183650202285229,0.02480139,0.9279931,0.9074102646664308,0.0173423578261723,nerve,immune,immune-nerve,nerve_to_immune,nerve_c6,microglia,0.2036,24.0,0.6567,True,0.0584,28.0,0.8514,True,True
nerve_c13,immune_tam,LRP1B,PLAUR,1.49055,0.0,2.1824882,0.9474793747895688,1.1667612071663631,0.026958628,0.9311839,0.0584463858624115,0.0173597265473796,nerve,immune,immune-nerve,nerve_to_immune,nerve_c13,tam,0.3452,18.0,0.5887,True,0.221,21.0,0.6495,True,True
immune_dendritic,malignant,GSTP1,EGFR,1.4900595,0.0,2.2199924,0.6447479231185155,2.331051633503697,0.016592806,0.93172777,0.0851530707135917,0.0174118803465654,immune,tumor,immune-tumor,immune_to_tumor,,dendritic,,,,,0.1168,23.0,0.7139,True,True
immune_microglia,nerve_c22,PSAP,SORT1,1.5043409,0.0,1.4932925,0.5459682855930896,1.453748991630737,0.0074990303,0.9179849,0.4970848874510563,0.017429279867119,immune,nerve,immune-nerve,immune_to_nerve,nerve_c22,microglia,1.0,1.0,-0.0,False,0.0584,28.0,0.8514,True,False
malignant,immune_nk_cell,APP,CD74,1.4900506,0.251,2.156175,0.1939512670908667,-0.3668645518403732,0.0024824764,0.93079424,1.0,0.017429279867119,tumor,immune,immune-tumor,tumor_to_immune,,nk_cell,,,,,0.1807,21.0,0.6809,True,True
immune_tam,nerve_neuron,S100A4,ERBB3,1.7479283,0.0,1.4929581,1.591743895636497,1.668025962982199,0.012799398,0.9179765,0.05706289469161,0.0174466906629054,immune,nerve,immune-nerve,immune_to_nerve,nerve_neuron,tam,0.5032,7.0,0.4667,False,0.221,21.0,0.6495,True,False
immune_tam,nerve_neuron,NAMPT,INSR,1.4897659,0.0,1.5464115,1.084058460059367,1.2157715741979167,0.01900378,0.91929114,0.0584463858624115,0.0174466906629054,immune,nerve,immune-nerve,immune_to_nerve,nerve_neuron,tam,0.5032,7.0,0.4667,False,0.221,21.0,0.6495,True,False
immune_dendritic,nerve_c9,TIMP1,FGFR2,1.4897578,0.0,1.8972591,2.45156141473218,1.3779934780400669,0.01207409,0.92655873,0.0744010255264554,0.017464109872905,immune,nerve,immune-nerve,immune_to_nerve,nerve_c9,dendritic,0.4802,7.0,0.3212,True,0.1168,23.0,0.7139,True,True
nerve_c15,immune_microglia,SPP1,PTGER4,2.013122,0.0,1.4927771,0.3633278240597737,-0.045216753150341,0.014486093,0.9179719,0.7034966688624619,0.0174815346305647,nerve,immune,immune-nerve,nerve_to_immune,nerve_c15,microglia,0.2441,11.0,0.4778,True,0.0584,28.0,0.8514,True,True
nerve_c4,malignant,COL19A1,ITGA2_ITGB1,0.10294373,0.0,0.010234369,0.306613648501156,0.1983981055204574,0.069069035,0.48095536,0.2265625865503441,0.0175013686197114,nerve,tumor,nerve-tumor,nerve_to_tumor,nerve_c4,,0.1779,16.0,0.5438,True,,,,,True
nerve_c5,immune_nk_cell,COPA,CD74,1.4891735,0.0,2.1531172,0.4773814206723873,-0.5073224285985825,0.009084742,0.9307485,1.0,0.0175338651060934,nerve,immune,immune-nerve,nerve_to_immune,nerve_c5,nk_cell,0.5076,15.0,0.4523,False,0.1807,21.0,0.6809,True,False
nerve_c7,immune_nk_cell,CD22,PTPRC,1.488506,0.0,1.9829032,2.612107046961642,1.657101307322843,0.027418718,0.9280469,0.0264083333404472,0.0175862712824014,nerve,immune,immune-nerve,nerve_to_immune,nerve_c7,nk_cell,0.17,15.0,0.5776,True,0.1807,21.0,0.6809,True,True
nerve_c5,immune_microglia,HMGB1,HAVCR2,1.488374,0.0,1.8124454,0.490082219063691,0.8541205286356022,0.022705866,0.92498744,0.0584463858624115,0.0176037549110689,nerve,immune,immune-nerve,nerve_to_immune,nerve_c5,microglia,0.5076,15.0,0.4523,False,0.0584,28.0,0.8514,True,False
nerve_c20,immune_dendritic,COL4A5,CD44,1.488257,0.0,1.8736154,2.901184490864315,1.619507256898982,0.020762006,0.9261309,0.0313269225932929,0.017621249824614,nerve,immune,immune-nerve,nerve_to_immune,nerve_c20,dendritic,0.7889,9.0,0.1802,False,0.1168,23.0,0.7139,True,False
malignant,immune_dendritic,VIM,CD44,1.4881194,0.0,1.8733664,0.1936171278900497,0.4585432676433273,0.01076528,0.92612636,0.3840525548066498,0.0176387531481853,tumor,immune,immune-tumor,tumor_to_immune,,dendritic,,,,,0.1168,23.0,0.7139,True,True
nerve_c22,immune_microglia,APOE,TREM2,1.4878893,0.674,2.2136154,0.0987026034647114,0.1334327445534968,0.04805262,0.9316362,1.0,0.0176562620014009,nerve,immune,immune-nerve,nerve_to_immune,nerve_c22,microglia,1.0,1.0,-0.0,False,0.0584,28.0,0.8514,True,False
nerve_c17,immune_nk_cell,APP,CD74,1.4870043,0.442,2.1455545,0.1904820987421647,-0.4602050925355042,0.0039028276,0.93063504,1.0,0.0177088447661377,nerve,immune,immune-nerve,nerve_to_immune,nerve_c17,nk_cell,0.712,4.0,0.1815,False,0.1807,21.0,0.6809,True,False
immune_dendritic,nerve_neuron,CALM1,GRM7,1.4867258,0.0,2.2041793,2.738834115656873,1.2243662200274623,0.073271,0.9315001,0.006754322297088,0.0177439410160913,immune,nerve,immune-nerve,immune_to_nerve,nerve_neuron,dendritic,0.5032,7.0,0.4667,False,0.1168,23.0,0.7139,True,False
immune_tam,nerve_c6,VCAN,CD44,1.5910532,0.0,1.4854988,1.1375086207991902,1.449672098858982,0.06899897,0.91778773,0.0137868596672935,0.0177615031939759,immune,nerve,immune-nerve,immune_to_nerve,nerve_c6,tam,0.2036,24.0,0.6567,True,0.221,21.0,0.6495,True,True
malignant,nerve_c0,IL1RAPL1,PTPRD,1.8434625,0.0,1.4841311,2.1161090704500127,2.0249057882426995,0.07448184,0.9177529,0.0010693546350252,0.0177966498783352,tumor,nerve,nerve-tumor,tumor_to_nerve,nerve_c0,,0.1812,15.0,0.5697,True,,,,,True
immune_dendritic,nerve_c2,TIMP1,CD63,1.4863782,0.0,1.891026,0.139474859244905,-0.1356353958962344,0.008842111,0.9264467,0.955522969511302,0.0178142343812085,immune,nerve,immune-nerve,immune_to_nerve,nerve_c2,dendritic,0.4082,17.0,0.533,True,0.1168,23.0,0.7139,True,True
nerve_c3,immune_t_cell,HMGB1,CXCR4,1.4862723,0.0,1.5676798,0.1482659858875462,0.236974394458288,0.0061231093,0.9197964,1.0,0.0178318301805239,nerve,immune,immune-nerve,nerve_to_immune,nerve_c3,t_cell,0.1893,16.0,0.5434,True,0.114,24.0,0.7175,True,True
immune_dendritic,nerve_c0,LGALS9,PTPRK,1.6729565,0.0,1.4838896,2.228625364307215,1.8658145051270496,0.023284249,0.91774684,0.01093605063263,0.0178318301805239,immune,nerve,immune-nerve,immune_to_nerve,nerve_c0,dendritic,0.1812,15.0,0.5697,True,0.1168,23.0,0.7139,True,True
nerve_c0,malignant,NCAM1,NCAM2,1.5397404,0.0,1.4837023,1.333303015823275,1.7525107197110763,0.06388638,0.9177421,0.005675637155557,0.0178670440971932,nerve,tumor,nerve-tumor,nerve_to_tumor,nerve_c0,,0.1812,15.0,0.5697,True,,,,,True
immune_t_cell,nerve_c5,CD99,CD81,1.4861505,0.0,2.2034276,0.5045215652547921,0.4339254679248828,0.024119822,0.93148917,0.0584463858624115,0.0178670440971932,immune,nerve,immune-nerve,immune_to_nerve,nerve_c5,t_cell,0.5076,15.0,0.4523,False,0.114,24.0,0.7175,True,False
nerve_c7,malignant,NCAM1,PTPRA,1.4860609,0.0,1.7281307,1.200770903406721,1.5171444144785435,0.022931937,0.92331797,0.0584463858624115,0.0178846651088768,nerve,tumor,nerve-tumor,nerve_to_tumor,nerve_c7,,0.17,15.0,0.5776,True,,,,,True
immune_microglia,nerve_c13,APOE,SORL1,2.1182637,0.0,1.4828032,0.2352240116916077,1.4304274560100103,0.015195171,0.9177192,0.2454325231499717,0.0179022916249942,immune,nerve,immune-nerve,immune_to_nerve,nerve_c13,microglia,0.3452,18.0,0.5887,True,0.0584,28.0,0.8514,True,True
immune_dendritic,malignant,VIM,CD44,1.5978808,0.0,1.48216,0.1981138737599594,0.1059651466498181,0.010621963,0.9177028,0.4002460561218224,0.0179199294423693,immune,tumor,immune-tumor,immune_to_tumor,,dendritic,,,,,0.1168,23.0,0.7139,True,True
immune_nk_cell,nerve_c4,NCAM1,NCAM2,1.7447904,0.0,1.4818765,1.7012039410985464,1.6881832928590723,0.027903246,0.9176956,0.0444362414699859,0.017937575662653,immune,nerve,immune-nerve,immune_to_nerve,nerve_c4,nk_cell,0.1779,16.0,0.5438,True,0.1807,21.0,0.6809,True,True
immune_t_cell,nerve_c22,CALM1,KCNQ3,1.4853991,0.0,1.842235,0.7314381689168086,0.8958551609218602,0.05657613,0.92555106,0.0584463858624115,0.017937575662653,immune,nerve,immune-nerve,immune_to_nerve,nerve_c22,t_cell,1.0,1.0,-0.0,False,0.114,24.0,0.7175,True,False
immune_t_cell,nerve_c7,CALM1,PTPRA,1.4853778,0.0,1.842146,0.5863195987975554,0.7982141336152795,0.0125269815,0.9255494,0.2369640500798864,0.0179552273819699,immune,nerve,immune-nerve,immune_to_nerve,nerve_c7,t_cell,0.17,15.0,0.5776,True,0.114,24.0,0.7175,True,True
malignant,immune_nk_cell,TIMP1,CD63,1.485333,0.0,2.1006846,0.1532275427144924,0.1818927547461946,0.006412548,0.92994976,1.0,0.0179728904054331,tumor,immune,immune-tumor,tumor_to_immune,,nk_cell,,,,,0.1807,21.0,0.6809,True,True
immune_nk_cell,nerve_c5,CALM1,PTPRA,1.4846253,0.0,1.9544417,0.6117002987800387,0.5551937419800704,0.013290617,0.92756265,0.1919956111806327,0.0180259269750812,immune,nerve,immune-nerve,immune_to_nerve,nerve_c5,nk_cell,0.5076,15.0,0.4523,False,0.1807,21.0,0.6809,True,False
nerve_c22,immune_tam,COPA,CD74,1.6520402,0.0,1.4801683,0.1958518069246595,0.0642061394900272,0.0062453393,0.917652,1.0,0.0180436206908983,nerve,immune,immune-nerve,nerve_to_immune,nerve_c22,tam,1.0,1.0,-0.0,False,0.221,21.0,0.6495,True,False
nerve_c15,malignant,CALM1,PTPRA,1.4843409,0.0,1.7254027,0.562912531338188,0.8053586879313885,0.01920496,0.923262,0.0584463858624115,0.0180436206908983,nerve,tumor,nerve-tumor,nerve_to_tumor,nerve_c15,,0.2441,11.0,0.4778,True,,,,,True
malignant,nerve_c20,IL1RAPL1,PTPRD,1.838969,0.0,1.479998,2.110034425028323,1.928418754426514,0.074274406,0.91764766,0.0010976566595176,0.0180613257156747,tumor,nerve,nerve-tumor,tumor_to_nerve,nerve_c20,,0.7889,9.0,0.1802,False,,,,,False
immune_dendritic,nerve_c15,PSAP,GPR37,1.4842579,0.0,2.1843443,2.223465874877301,0.877164178073774,0.01655041,0.9312111,0.0859640466199661,0.0180613257156747,immune,nerve,immune-nerve,immune_to_nerve,nerve_c15,dendritic,0.2441,11.0,0.4778,True,0.1168,23.0,0.7139,True,True
nerve_c5,malignant,FAT4,DCHS1,0.101588115,0.0,0.010320128,0.4403982485656628,0.2055357124408565,0.030200806,0.48199695,0.2175261035034164,0.0181106497312825,nerve,tumor,nerve-tumor,nerve_to_tumor,nerve_c5,,0.5076,15.0,0.4523,False,,,,,False
nerve_c15,malignant,SPP1,ITGAV_ITGB1,2.0112097,0.0,1.478958,0.1094466936926476,-0.6811430485597034,0.005621572,0.9176211,1.0,0.018149970987272,nerve,tumor,nerve-tumor,nerve_to_tumor,nerve_c15,,0.2441,11.0,0.4778,True,,,,,True
nerve_c4,immune_nk_cell,COPA,CD74,1.4838104,0.0,2.1344194,0.469085805965137,-0.4795011433268429,0.00900585,0.9304669,1.0,0.0181677234803323,nerve,immune,immune-nerve,nerve_to_immune,nerve_c4,nk_cell,0.1779,16.0,0.5438,True,0.1807,21.0,0.6809,True,True
nerve_c6,malignant,CALM1,PTPRA,1.4836848,0.0,1.724362,0.5623147701347242,0.7901852908218598,0.019193375,0.92324066,0.0584463858624115,0.018185487289087,nerve,tumor,nerve-tumor,nerve_to_tumor,nerve_c6,,0.2036,24.0,0.6567,True,,,,,True
immune_dendritic,nerve_c4,CALM1,GRM3,1.4836679,0.0,2.1955671,2.7216749846680544,1.1151668822778231,0.016072012,0.9313751,0.0970426472512071,0.0182032594944699,immune,nerve,immune-nerve,immune_to_nerve,nerve_c4,dendritic,0.1779,16.0,0.5438,True,0.1168,23.0,0.7139,True,True
immune_nk_cell,nerve_c6,HLA-A,APLP2,1.9264741,0.0,1.4773928,0.2922236331718214,0.2493614738931502,0.01205387,0.917581,0.2705652470454822,0.0182210371718928,immune,nerve,immune-nerve,immune_to_nerve,nerve_c6,nk_cell,0.2036,24.0,0.6567,True,0.1807,21.0,0.6809,True,True
nerve_c16,malignant,PSAP,LRP1,1.4835354,0.0,1.5219938,0.350577571781799,0.3899557669387866,0.019790705,0.9186987,0.1041839749366847,0.0182388261678956,nerve,tumor,nerve-tumor,nerve_to_tumor,nerve_c16,,0.2917,16.0,0.4833,True,,,,,True
immune_microglia,nerve_c1,C1QB,C1QBP,1.7732893,0.0,1.4739386,0.4276011917098599,2.1237505704063087,0.038589444,0.9174925,0.0584463858624115,0.0183457276305806,immune,nerve,immune-nerve,immune_to_nerve,nerve_c1,microglia,0.1941,18.0,0.5886,True,0.0584,28.0,0.8514,True,True
immune_dendritic,nerve_c9,PSAP,SORT1,1.4827819,0.0,2.180366,0.9464061353743746,0.4562638119813536,0.0109493835,0.9311527,0.3651543058358976,0.0183814285877818,immune,nerve,immune-nerve,immune_to_nerve,nerve_c9,dendritic,0.4802,7.0,0.3212,True,0.1168,23.0,0.7139,True,True
immune_tam,malignant,VCAN,CD44,1.588365,0.0,1.4714459,1.1346740774356938,1.51178514188085,0.03388061,0.91742843,0.0584463858624115,0.0183992931215407,immune,tumor,immune-tumor,immune_to_tumor,,tam,,,,,0.221,21.0,0.6495,True,True
nerve_c16,immune_dendritic,COPA,CD74,2.3250837,0.0,1.4712893,0.4370519390815526,0.6428478406303779,0.0062078754,0.9174244,0.4970848874510563,0.0184171660469036,nerve,immune,immune-nerve,nerve_to_immune,nerve_c16,dendritic,0.2917,16.0,0.4833,True,0.1168,23.0,0.7139,True,True
immune_dendritic,nerve_neuron,CALM1,GRM5,1.4825575,0.0,2.1924403,3.3635128774173446,1.2424101101600484,0.09051735,0.9313295,0.0061774644159535,0.0184171660469036,immune,nerve,immune-nerve,immune_to_nerve,nerve_neuron,dendritic,0.5032,7.0,0.4667,False,0.1168,23.0,0.7139,True,False
nerve_c20,immune_tam,HSPA1A,TLR4,1.9358718,0.0,1.4712809,0.9425335486919372,0.8557372033721015,0.070392475,0.91742414,0.0537993349188778,0.0184350444227231,nerve,immune,immune-nerve,nerve_to_immune,nerve_c20,tam,0.7889,9.0,0.1802,False,0.221,21.0,0.6495,True,False
nerve_c16,immune_nk_cell,B2M,KLRC2,2.3235893,0.0,1.4697481,0.9546830679077374,0.6614152886941482,0.06134285,0.9173847,0.0584463858624115,0.0185604396957667,nerve,immune,immune-nerve,nerve_to_immune,nerve_c16,nk_cell,0.2917,16.0,0.4833,True,0.1807,21.0,0.6809,True,True
immune_microglia,nerve_c2,APOE,LRP6,2.11642,0.0,1.4686012,0.627354920909729,1.933376238679414,0.019088821,0.91735506,0.0584463858624115,0.0186322807644532,immune,nerve,immune-nerve,immune_to_nerve,nerve_c2,microglia,0.4082,17.0,0.533,True,0.0584,28.0,0.8514,True,True
immune_t_cell,nerve_c9,S100A4,ERBB3,1.4804606,0.0,1.6350036,1.6896327441275862,1.4431577745349513,0.014017181,0.9213338,0.0598137555392721,0.0186322807644532,immune,nerve,immune-nerve,immune_to_nerve,nerve_c9,t_cell,0.4802,7.0,0.3212,True,0.114,24.0,0.7175,True,True
nerve_c1,malignant,HLA-A,APLP2,1.4802008,0.037,1.6608104,0.002667866806529,-0.2270770500263447,0.00924593,0.92189944,1.0,0.018668250133972,nerve,tumor,nerve-tumor,nerve_to_tumor,nerve_c1,,0.1941,18.0,0.5886,True,,,,,True
nerve_c12,immune_nk_cell,HMGB1,CXCR4,1.4801879,0.0,1.9231794,0.1600708074471686,0.1387471107001532,0.0075116344,0.92701906,0.9796532813135372,0.0186862488748756,nerve,immune,immune-nerve,nerve_to_immune,nerve_c12,nk_cell,0.4368,7.0,0.335,True,0.1807,21.0,0.6809,True,True
immune_microglia,nerve_neuron,SPP1,ITGA8_ITGB1,2.2157936,0.0,1.4672439,0.1880200291760388,1.566926238423176,0.011831219,0.91732,0.3422069851108673,0.0186952484289686,immune,nerve,immune-nerve,immune_to_nerve,nerve_neuron,microglia,0.5032,7.0,0.4667,False,0.0584,28.0,0.8514,True,False
immune_microglia,nerve_neuron,SPP1,ITGAV_ITGB1,2.2157936,0.0,1.4672439,0.1880200291760388,1.566926238423176,0.011831219,0.91732,0.3422069851108673,0.0186952484289686,immune,nerve,immune-nerve,immune_to_nerve,nerve_neuron,microglia,0.5032,7.0,0.4667,False,0.0584,28.0,0.8514,True,False
malignant,nerve_c3,CALM1,PDE1C,1.4800947,0.0,2.1905682,1.3969342101458255,1.2690906320560769,0.0115461135,0.9313022,0.1081180160190805,0.0187042530392705,tumor,nerve,nerve-tumor,tumor_to_nerve,nerve_c3,,0.1893,16.0,0.5434,True,,,,,True
immune_dendritic,nerve_c9,ADAM9,ITGB5,0.10517456,1.0,0.010422573,-0.2705005424884988,-0.4256257878080529,0.0054870117,0.48323017,1.0,0.018719848902395,immune,nerve,immune-nerve,immune_to_nerve,nerve_c9,dendritic,0.4802,7.0,0.3212,True,0.1168,23.0,0.7139,True,True
immune_t_cell,nerve_c13,CALM1,GRM3,1.4800587,0.0,1.819924,1.7897353656285664,1.3625604077504154,0.013322226,0.9251302,0.0778459958470045,0.0187222685481865,immune,nerve,immune-nerve,immune_to_nerve,nerve_c13,t_cell,0.3452,18.0,0.5887,True,0.114,24.0,0.7175,True,True
immune_t_cell,nerve_c6,HLA-A,APLP2,1.9127736,0.0,1.4655597,0.2815401204040002,0.3884845079955084,0.011957326,0.91727644,0.2776533876072061,0.0187763624107376,immune,nerve,immune-nerve,immune_to_nerve,nerve_c6,t_cell,0.2036,24.0,0.6567,True,0.114,24.0,0.7175,True,True
immune_tam,nerve_c3,S100A4,ERBB3,1.7432541,0.0,1.4649327,1.5757525832287196,1.6142675364861092,0.012559132,0.9172602,0.0589068836963031,0.0188124659060378,immune,nerve,immune-nerve,immune_to_nerve,nerve_c3,tam,0.1893,16.0,0.5434,True,0.221,21.0,0.6495,True,True
malignant,nerve_c4,IL1RAPL1,PTPRD,1.8224365,0.0,1.464791,2.087683860422563,1.917862480595809,0.07351124,0.91725653,0.0011612792983586,0.0188486029237217,tumor,nerve,nerve-tumor,tumor_to_nerve,nerve_c4,,0.1779,16.0,0.5438,True,,,,,True
immune_t_cell,nerve_c7,HSPA8,LRP2,1.4784553,0.0,2.0339508,2.4407151967599616,1.5924852125420137,0.01848461,0.9288909,0.0353648594328399,0.0188666825155025,immune,nerve,immune-nerve,immune_to_nerve,nerve_c7,t_cell,0.17,15.0,0.5776,True,0.114,24.0,0.7175,True,True
nerve_c17,immune_tam,SPP1,ITGAV_ITGB1,2.0866463,0.0,1.464586,0.1900877906698714,-0.3895135308418901,0.0146150235,0.9172512,1.0,0.0188666825155025,nerve,immune,immune-nerve,nerve_to_immune,nerve_c17,tam,0.712,4.0,0.1815,False,0.221,21.0,0.6495,True,False
nerve_c5,immune_microglia,DLL1,NOTCH1,0.10227795,0.547,0.010459507,0.0536813151050241,-0.0984192558326977,0.006147353,0.48367187,1.0,0.0189228954617244,nerve,immune,immune-nerve,nerve_to_immune,nerve_c5,microglia,0.5076,15.0,0.4523,False,0.0584,28.0,0.8514,True,False
immune_microglia,nerve_c2,GRN,SORT1,1.4780228,0.0,2.1681125,1.3204298883707393,1.851231965232278,0.019589871,0.93097186,0.0584463858624115,0.0189390935960468,immune,nerve,immune-nerve,immune_to_nerve,nerve_c2,microglia,0.4082,17.0,0.533,True,0.0584,28.0,0.8514,True,True
immune_tam,nerve_c17,FN1,MAG,1.477798,0.0,1.6584203,2.8586512558492654,2.4604036716659237,0.0323502,0.9218476,0.0007459581769691,0.0189572150775864,immune,nerve,immune-nerve,immune_to_nerve,nerve_c17,tam,0.712,4.0,0.1815,False,0.221,21.0,0.6495,True,False
immune_dendritic,nerve_c20,LGALS9,PTPRK,1.6483397,0.0,1.4579797,2.1887776764772364,1.774772077929621,0.022877686,0.9170795,0.0166024588564879,0.0189934891347763,immune,nerve,immune-nerve,immune_to_nerve,nerve_c20,dendritic,0.7889,9.0,0.1802,False,0.1168,23.0,0.7139,True,False
malignant,immune_t_cell,LGALS1,CD69,1.4769733,0.0,2.1532965,0.605993460080784,0.9718592986690652,0.029781189,0.9307512,0.0584463858624115,0.019047957077733,tumor,immune,immune-tumor,tumor_to_immune,,t_cell,,,,,0.114,24.0,0.7175,True,True
immune_dendritic,nerve_c2,PSAP,SORT1,1.476915,0.0,2.1645536,0.9367981877625904,0.5228450015755044,0.010869977,0.93091905,0.373962140683549,0.0190661318013125,immune,nerve,immune-nerve,immune_to_nerve,nerve_c2,dendritic,0.4082,17.0,0.533,True,0.1168,23.0,0.7139,True,True
nerve_c20,immune_t_cell,SPP1,CD44,1.4765786,0.918,2.168777,0.1320095069999853,-0.7670241430952163,0.0066323415,0.9309817,1.0,0.0190843149010045,nerve,immune,immune-nerve,nerve_to_immune,nerve_c20,t_cell,0.7889,9.0,0.1802,False,0.114,24.0,0.7175,True,False
immune_t_cell,nerve_neuron,CALM1,PTPRA,1.4765327,0.0,1.8051933,0.5737874624663774,0.6672378307139888,0.012275695,0.9248482,0.2537133857571207,0.0191207032339501,immune,nerve,immune-nerve,immune_to_nerve,nerve_neuron,t_cell,0.5032,7.0,0.4667,False,0.114,24.0,0.7175,True,False
nerve_c6,immune_dendritic,AGRN,LRP1,0.10233143,1.0,0.010461712,-0.2087863669542552,-0.4604270644629383,0.001989211,0.4836982,1.0,0.0191259348881201,nerve,immune,immune-nerve,nerve_to_immune,nerve_c6,dendritic,0.2036,24.0,0.6567,True,0.1168,23.0,0.7139,True,True
immune_microglia,nerve_c17,HBEGF,CD9,1.6895593,0.0,1.4534597,1.330595903857723,2.0763333378172346,0.02495426,0.9169614,0.0584463858624115,0.0191389084636127,immune,nerve,immune-nerve,immune_to_nerve,nerve_c17,microglia,0.712,4.0,0.1815,False,0.0584,28.0,0.8514,True,False
immune_tam,malignant,GRN,EGFR,1.4762839,0.0,2.1784742,0.6997998590479698,2.2942688898824137,0.047756437,0.93112487,0.0584463858624115,0.0191571250608132,immune,tumor,immune-tumor,immune_to_tumor,,tam,,,,,0.221,21.0,0.6495,True,True
immune_t_cell,nerve_c5,CALM1,PDE1C,1.4762053,0.0,1.8038262,1.0458442475236038,0.9194134970111452,0.009416452,0.9248219,0.3804165669998227,0.0191935803782449,immune,nerve,immune-nerve,immune_to_nerve,nerve_c5,t_cell,0.5076,15.0,0.4523,False,0.114,24.0,0.7175,True,False
nerve_c3,malignant,NCAM1,PTPRA,1.4757913,0.0,1.711842,1.189099706397892,1.4459484790477537,0.02271579,0.92298204,0.0584463858624115,0.0192118220948693,nerve,tumor,nerve-tumor,nerve_to_tumor,nerve_c3,,0.1893,16.0,0.5434,True,,,,,True
nerve_c13,malignant,IL1RAPL1,PTPRS,1.6841723,0.0,1.4511933,1.782266822668528,2.5566653727334443,0.054289125,0.91690195,0.0078219887019324,0.0192118220948693,nerve,tumor,nerve-tumor,nerve_to_tumor,nerve_c13,,0.3452,18.0,0.5887,True,,,,,True
nerve_c0,immune_nk_cell,B2M,KLRD1,1.475586,1.0,1.8332503,2.0501110716276902,-0.112663229577073,0.014131798,0.92538244,0.412227257627749,0.019248327643251,nerve,immune,immune-nerve,nerve_to_immune,nerve_c0,nk_cell,0.1812,15.0,0.5697,True,0.1807,21.0,0.6809,True,True
immune_dendritic,nerve_neuron,GNAI2,IGF1R,1.4754641,0.0,1.9970465,1.7333167686600572,1.5835814606862209,0.029278422,0.9282838,0.0412336957889937,0.0192848666738288,immune,nerve,immune-nerve,immune_to_nerve,nerve_neuron,dendritic,0.5032,7.0,0.4667,False,0.1168,23.0,0.7139,True,False
nerve_c1,malignant,CNTN2,NRCAM,1.4753199,0.0,2.131581,2.747638556693586,2.6671556177060785,0.06180347,0.93042386,0.0013930141079533,0.0193214391832537,nerve,tumor,nerve-tumor,nerve_to_tumor,nerve_c1,,0.1941,18.0,0.5886,True,,,,,True
nerve_c0,immune_nk_cell,CD22,PTPRC,1.4741485,0.0,1.9263079,2.549319035166576,1.5543788503870704,0.026636142,0.927074,0.0409789548308741,0.0193397394962964,nerve,immune,immune-nerve,nerve_to_immune,nerve_c0,nk_cell,0.1812,15.0,0.5697,True,0.1807,21.0,0.6809,True,True
nerve_c21,immune_microglia,SPP1,ITGAV_ITGB1,1.502965,0.579,1.4492685,-0.0034896585132067,-0.7250304727100709,0.014462172,0.91685134,1.0,0.0193397394962964,nerve,immune,immune-nerve,nerve_to_immune,nerve_c21,microglia,1.0,1.0,-0.0,False,0.0584,28.0,0.8514,True,False
nerve_c2,immune_microglia,SPP1,PTGER4,1.957942,0.0,1.447181,0.3367754963942353,-0.1768254271111006,0.014043624,0.9167964,0.9483728985791696,0.019413018412356,nerve,immune,immune-nerve,nerve_to_immune,nerve_c2,microglia,0.4082,17.0,0.533,True,0.0584,28.0,0.8514,True,True
immune_tam,nerve_neuron,PSAP,LRP1,1.4960915,0.0,1.445034,0.3452777424015224,0.244787369230655,0.050627325,0.91673976,0.1751811539611666,0.0195048068178736,immune,nerve,immune-nerve,immune_to_nerve,nerve_neuron,tam,0.5032,7.0,0.4667,False,0.221,21.0,0.6495,True,False
immune_nk_cell,nerve_c9,CALM1,GRM3,1.4725678,0.0,1.9065901,1.9038526506890088,1.095328709433272,0.013956639,0.92672545,0.162459958980989,0.0195048068178736,immune,nerve,immune-nerve,immune_to_nerve,nerve_c9,nk_cell,0.4802,7.0,0.3212,True,0.1807,21.0,0.6809,True,True
nerve_c15,immune_nk_cell,PTN,NCL,1.4722288,0.0,2.12901,0.4927110064368074,0.3113571929914805,0.012457374,0.93038476,0.2404654913450701,0.0195231908048921,nerve,immune,immune-nerve,nerve_to_immune,nerve_c15,nk_cell,0.2441,11.0,0.4778,True,0.1807,21.0,0.6809,True,True
nerve_c21,malignant,PKM,CD44,1.564438,0.0,1.4445062,0.7485309483898916,1.0512588199721995,0.012386214,0.9167258,0.2461035464942114,0.0195231908048921,nerve,tumor,nerve-tumor,nerve_to_tumor,nerve_c21,,1.0,1.0,-0.0,False,,,,,False
immune_microglia,nerve_c4,APOE,LRP4,2.1132505,0.0,1.4441867,0.6546870132061937,1.9243176127321333,0.022783125,0.91671735,0.0584463858624115,0.0195599808493196,immune,nerve,immune-nerve,immune_to_nerve,nerve_c4,microglia,0.1779,16.0,0.5438,True,0.0584,28.0,0.8514,True,True
immune_nk_cell,nerve_neuron,GZMA,PARD3,1.4720379,0.0,1.9281695,2.074205642709929,2.138123393033871,0.14719829,0.9271067,0.000275292884518,0.0195599808493196,immune,nerve,immune-nerve,immune_to_nerve,nerve_neuron,nk_cell,0.5032,7.0,0.4667,False,0.1807,21.0,0.6809,True,False
nerve_c20,malignant,NCAM1,NCAM2,1.5065968,0.0,1.4440703,1.2956388389683362,1.6427599892117934,0.062179882,0.9167143,0.0066665192792669,0.019578389930642,nerve,tumor,nerve-tumor,nerve_to_tumor,nerve_c20,,0.7889,9.0,0.1802,False,,,,,False
nerve_c13,immune_microglia,HLA-A,APLP2,1.4715116,0.332,1.9547004,0.0432168967104507,0.1214115283179663,0.015523073,0.92756706,1.0,0.0195968043474769,nerve,immune,immune-nerve,nerve_to_immune,nerve_c13,microglia,0.3452,18.0,0.5887,True,0.0584,28.0,0.8514,True,True
nerve_c4,malignant,NCAM1,NCAM2,1.5065017,0.0,1.4439566,1.2955280521785355,1.6310941470077414,0.06217498,0.9167113,0.00667818306788,0.0195968043474769,nerve,tumor,nerve-tumor,nerve_to_tumor,nerve_c4,,0.1779,16.0,0.5438,True,,,,,True
nerve_c17,immune_tam,HMGB1,TLR2,1.4714212,0.0,1.7165589,0.6203582932551011,0.8364675846988712,0.032836605,0.9230798,0.0584463858624115,0.0196152301557835,nerve,immune,immune-nerve,nerve_to_immune,nerve_c17,tam,0.712,4.0,0.1815,False,0.221,21.0,0.6495,True,False
nerve_c0,immune_t_cell,COPA,CD74,1.4713907,0.0,1.8060061,0.2797515774621291,-0.4094562702509429,0.0076201605,0.9248639,1.0,0.0196336612960152,nerve,immune,immune-nerve,nerve_to_immune,nerve_c0,t_cell,0.1812,15.0,0.5697,True,0.114,24.0,0.7175,True,True
immune_dendritic,nerve_c18,VIM,CD44,1.59034,0.0,1.4424529,0.190162691032266,0.0013995308973241,0.01970843,0.9166715,0.5925078904362059,0.0196521038296313,immune,nerve,immune-nerve,immune_to_nerve,nerve_c18,dendritic,0.5575,4.0,0.2111,False,0.1168,23.0,0.7139,True,False
nerve_c15,immune_nk_cell,SPP1,PTGER4,2.0054934,0.0,1.4376509,0.350529555840712,-0.207326484100931,0.013951141,0.9165441,0.9611404478573102,0.0198740511575066,nerve,immune,immune-nerve,nerve_to_immune,nerve_c15,nk_cell,0.2441,11.0,0.4778,True,0.1807,21.0,0.6809,True,True
nerve_c4,immune_nk_cell,PSEN1,CD44,1.4683936,0.0,1.9504774,1.6698387732640712,1.3760462803307685,0.018325701,0.9274944,0.0584463858624115,0.0198926023668778,nerve,immune,immune-nerve,nerve_to_immune,nerve_c4,nk_cell,0.1779,16.0,0.5438,True,0.1807,21.0,0.6809,True,True
malignant,immune_tam,MIF,CD44_CD74,1.4680201,0.0,1.9649737,0.7174564865161809,1.0031201397128522,0.010465436,0.927743,0.4185445946386969,0.0199111588812769,tumor,immune,immune-tumor,tumor_to_immune,,tam,,,,,0.221,21.0,0.6495,True,True
nerve_neuron,immune_tam,COPA,CD74,1.6440365,0.0,1.435833,0.1834722270691586,-0.2656943363278277,0.0060582724,0.9164956,1.0,0.0199483000269618,nerve,immune,immune-nerve,nerve_to_immune,nerve_neuron,tam,0.5032,7.0,0.4667,False,0.221,21.0,0.6495,True,False
nerve_c13,immune_t_cell,COPA,CD74,1.467777,0.0,1.7910414,0.2741627290444428,-0.346613999494003,0.0075570196,0.92457426,1.0,0.0199483000269618,nerve,immune,immune-nerve,nerve_to_immune,nerve_c13,t_cell,0.3452,18.0,0.5887,True,0.114,24.0,0.7175,True,True
immune_microglia,nerve_c15,GRN,SORT1,1.4677172,0.0,2.1402912,1.3035526022854085,1.9308493711246817,0.019338492,0.9305557,0.0584463858624115,0.0199668846601582,immune,nerve,immune-nerve,immune_to_nerve,nerve_c15,microglia,0.2441,11.0,0.4778,True,0.0584,28.0,0.8514,True,True
nerve_c0,immune_tam,ADAM10,CD44,1.4670869,0.0,1.96142,1.144056665177962,1.3357737475463585,0.024727438,0.9276823,0.0584463858624115,0.0200413006210031,nerve,immune,immune-nerve,nerve_to_immune,nerve_c0,tam,0.1812,15.0,0.5697,True,0.221,21.0,0.6495,True,True
immune_dendritic,nerve_c9,VIM,CD44,1.5887446,0.0,1.4340526,0.1884806235542391,-0.1257587444689805,0.019593656,0.9164482,0.929655206592221,0.020059927025248,immune,nerve,immune-nerve,immune_to_nerve,nerve_c9,dendritic,0.4802,7.0,0.3212,True,0.1168,23.0,0.7139,True,True
immune_dendritic,nerve_c15,PSAP,SORT1,1.4666094,0.0,2.1367779,0.9199209016772592,0.6024624074679079,0.010730493,0.9305026,0.3887002617185882,0.020059927025248,immune,nerve,immune-nerve,immune_to_nerve,nerve_c15,dendritic,0.2441,11.0,0.4778,True,0.1168,23.0,0.7139,True,True
nerve_c2,malignant,SPP1,ITGAV_ITGB1,1.9560297,0.0,1.433784,0.0828943660271092,-0.812751722520463,0.005449864,0.91644096,1.0,0.0200785617829961,nerve,tumor,nerve-tumor,nerve_to_tumor,nerve_c2,,0.4082,17.0,0.533,True,,,,,True
malignant,nerve_c9,PTN,PTPRS,1.4904697,0.0,1.433133,0.8722331021055483,2.054070149525071,0.044558007,0.9164236,0.051547188702241,0.0200972018278491,tumor,nerve,nerve-tumor,tumor_to_nerve,nerve_c9,,0.4802,7.0,0.3212,True,,,,,True
immune_dendritic,nerve_c9,VCL,ITGB5,0.10571976,1.0,0.010509689,-0.0704184467700575,-0.1438274489850884,0.010581542,0.4842696,1.0,0.0201409874739142,immune,nerve,immune-nerve,immune_to_nerve,nerve_c9,dendritic,0.4802,7.0,0.3212,True,0.1168,23.0,0.7139,True,True
immune_tam,nerve_c18,VCAN,CD44,1.5808241,0.0,1.4320258,1.1267228947080004,1.407219526128356,0.06651524,0.916394,0.0146060617585899,0.0201531782004468,immune,nerve,immune-nerve,immune_to_nerve,nerve_c18,tam,0.5575,4.0,0.2111,False,0.221,21.0,0.6495,True,False
immune_microglia,nerve_c1,C3,CD81,1.46606,0.0,2.0371675,0.359021626519876,1.3302716993679806,0.04261422,0.9289431,0.0973996674207139,0.020190536511066,immune,nerve,immune-nerve,immune_to_nerve,nerve_c1,microglia,0.1941,18.0,0.5886,True,0.0584,28.0,0.8514,True,True
immune_t_cell,nerve_c10,CALM1,GRM3,1.4654144,0.0,1.7587442,1.736857519099226,1.0153725815132355,0.012874377,0.92393726,0.2152896111324267,0.0202279282184826,immune,nerve,immune-nerve,immune_to_nerve,nerve_c10,t_cell,0.8274,7.0,0.1908,False,0.114,24.0,0.7175,True,False
nerve_c13,immune_dendritic,HMGB1,CXCR4,1.4650522,0.0,2.0523953,0.1594348596996469,0.1881110365488874,0.008016332,0.9291885,0.8449842554727711,0.0202653563976834,nerve,immune,immune-nerve,nerve_to_immune,nerve_c13,dendritic,0.3452,18.0,0.5887,True,0.1168,23.0,0.7139,True,True
immune_t_cell,nerve_c10,C3,GRM7,0.11190516,1.0,0.01052067,-0.2807492710803698,-1.1304830353843884,0.0011201329,0.48439994,1.0,0.0203439715868894,immune,nerve,immune-nerve,immune_to_nerve,nerve_c10,t_cell,0.8274,7.0,0.1908,False,0.114,24.0,0.7175,True,False
malignant,nerve_c4,NLGN1,NRXN3,1.464491,0.0,2.1073558,1.3661329040168593,2.4381342372832853,0.07750984,0.93005294,0.0049308647897126,0.0203496857293832,tumor,nerve,nerve-tumor,tumor_to_nerve,nerve_c4,,0.1779,16.0,0.5438,True,,,,,True
nerve_c7,malignant,NRXN3,NLGN1,1.4644467,0.0,2.107243,1.3660678143250489,2.5008976467309516,0.0775057,0.9300512,0.0049404437983773,0.0203872193392578,nerve,tumor,nerve-tumor,nerve_to_tumor,nerve_c7,,0.17,15.0,0.5776,True,,,,,True
malignant,nerve_c7,NLGN1,NRXN3,1.4644467,0.0,2.107243,1.3660678143250489,2.5008976467309516,0.0775057,0.9300512,0.0049404437983773,0.0203872193392578,tumor,nerve,nerve-tumor,tumor_to_nerve,nerve_c7,,0.17,15.0,0.5776,True,,,,,True
nerve_c5,malignant,EDIL3,ITGAV,1.5025032,0.0,1.4265693,2.2771719810450723,1.5686877520013531,0.019566005,0.9162476,0.0387609716031378,0.0204153906796281,nerve,tumor,nerve-tumor,nerve_to_tumor,nerve_c5,,0.5076,15.0,0.4523,False,,,,,False
nerve_c13,immune_t_cell,SPP1,ITGA4_ITGB1,1.4641945,0.012,1.4379615,0.3767894749163228,-0.3755626230807829,0.014136711,0.9165523,1.0,0.0204529857923041,nerve,immune,immune-nerve,nerve_to_immune,nerve_c13,t_cell,0.3452,18.0,0.5887,True,0.114,24.0,0.7175,True,True
malignant,nerve_c22,NCAM1,PTPRZ1,1.4639885,0.0,2.0228236,0.6595287954738748,1.0113716019558092,0.09385922,0.9287095,0.0584463858624115,0.0204717927724866,tumor,nerve,nerve-tumor,tumor_to_nerve,nerve_c22,,1.0,1.0,-0.0,False,,,,,False
nerve_c13,malignant,IL1RAPL1,PTPRD,1.6796418,0.0,1.425269,1.6807250940098246,2.2603236442297923,0.062073976,0.9162126,0.0034942004005584,0.0205094348532519,nerve,tumor,nerve-tumor,nerve_to_tumor,nerve_c13,,0.3452,18.0,0.5887,True,,,,,True
nerve_c9,immune_dendritic,FN1,ITGA5_ITGB1,0.103458926,1.0,0.010522269,-0.1508939986077217,-0.6844154966070352,0.0051890323,0.48441896,1.0,0.0205469443957495,nerve,immune,immune-nerve,nerve_to_immune,nerve_c9,dendritic,0.4802,7.0,0.3212,True,0.1168,23.0,0.7139,True,True
nerve_c7,immune_t_cell,COPA,CD74,1.4629395,0.0,1.7710088,0.2666809242753468,-0.3446945912072768,0.007472495,0.9241811,1.0,0.0206036875858037,nerve,immune,immune-nerve,nerve_to_immune,nerve_c7,t_cell,0.17,15.0,0.5776,True,0.114,24.0,0.7175,True,True
malignant,immune_tam,SPP1,CD44,1.4627292,1.0,1.9448254,0.2786001392152307,-1.044548873197083,0.0035536075,0.9273968,1.0,0.0206225643965417,tumor,immune,immune-tumor,tumor_to_immune,,tam,,,,,0.221,21.0,0.6495,True,True
immune_t_cell,nerve_c0,CALM1,PTPRA,1.4623942,0.0,1.7461269,0.5537556000502288,0.6837068592635942,0.011874031,0.9236839,0.2829856024261633,0.0206414464424475,immune,nerve,immune-nerve,immune_to_nerve,nerve_c0,t_cell,0.1812,15.0,0.5697,True,0.114,24.0,0.7175,True,True
nerve_c16,immune_tam,VIM,CD44,1.4619939,0.0,1.9420257,0.3748554014277048,0.0934284849313618,0.018677583,0.92734826,0.3885740961784352,0.0207170673334745,nerve,immune,immune-nerve,nerve_to_immune,nerve_c16,tam,0.2917,16.0,0.4833,True,0.221,21.0,0.6495,True,True
immune_microglia,nerve_c15,C1QB,C1QBP,1.7646936,0.0,1.4212327,0.4146289135237008,2.0837079469230693,0.037209544,0.9161037,0.0622042666215279,0.0207738697750829,immune,nerve,immune-nerve,immune_to_nerve,nerve_c15,microglia,0.2441,11.0,0.4778,True,0.0584,28.0,0.8514,True,True
nerve_c4,immune_t_cell,SPP1,CD44,1.4603527,1.0,2.1243408,0.1242011675380076,-1.1864295215371787,0.0064964504,0.9303136,1.0,0.020830744127318,nerve,immune,immune-nerve,nerve_to_immune,nerve_c4,t_cell,0.1779,16.0,0.5438,True,0.114,24.0,0.7175,True,True
nerve_c1,immune_t_cell,HLA-A,CD8B,1.4601775,0.0,1.572374,0.8409115831566076,0.8613515339818921,0.063364595,0.9199067,0.0584463858624115,0.0208687061983522,nerve,immune,immune-nerve,nerve_to_immune,nerve_c1,t_cell,0.1941,18.0,0.5886,True,0.114,24.0,0.7175,True,True
immune_t_cell,nerve_c13,CALM1,INSR,1.4599432,0.0,1.7358868,0.9311469227218208,1.0537033425017408,0.012668924,0.92347634,0.2272789061538674,0.0209257055674303,immune,nerve,immune-nerve,immune_to_nerve,nerve_c13,t_cell,0.3452,18.0,0.5887,True,0.114,24.0,0.7175,True,True
nerve_c12,malignant,NCAM1,NCAM2,1.4838637,0.0,1.416887,1.2698042994858558,1.8340185878568167,0.061009396,0.91598594,0.007553366991268,0.020944724107651,nerve,tumor,nerve-tumor,nerve_to_tumor,nerve_c12,,0.4368,7.0,0.335,True,,,,,True
nerve_c13,immune_t_cell,HLA-A,CD8A,1.4596807,0.0,1.9090216,0.8156266041556133,0.9920592212079696,0.051171552,0.9267687,0.0584463858624115,0.0209637509816964,nerve,immune,immune-nerve,nerve_to_immune,nerve_c13,t_cell,0.3452,18.0,0.5887,True,0.114,24.0,0.7175,True,True
immune_nk_cell,nerve_c3,NCAM1,NCAM2,1.6771295,0.0,1.414916,1.6166961461935272,1.7252135580182395,0.026642404,0.91593236,0.0540821958373426,0.0210208753362211,immune,nerve,immune-nerve,immune_to_nerve,nerve_c3,nk_cell,0.1893,16.0,0.5434,True,0.1807,21.0,0.6809,True,True
nerve_c4,immune_nk_cell,CD22,PTPRC,1.4593513,0.0,1.8679789,2.484610640701563,1.4349885130663154,0.025829595,0.9260278,0.0584463858624115,0.0210590040727862,nerve,immune,immune-nerve,nerve_to_immune,nerve_c4,nk_cell,0.1779,16.0,0.5438,True,0.1807,21.0,0.6809,True,True
malignant,nerve_c4,PTN,PTPRZ1,1.4865203,0.0,1.4143468,0.39691710140274,0.9456213031053322,0.041614998,0.9159169,0.0719213654942578,0.0210780778009514,tumor,nerve,nerve-tumor,tumor_to_nerve,nerve_c4,,0.1779,16.0,0.5438,True,,,,,True
immune_microglia,nerve_c15,APOE,LRP4,2.1093245,0.0,1.4139434,0.6458590438559217,1.9844647241435749,0.022306012,0.9159059,0.0584463858624115,0.0211162533813612,immune,nerve,immune-nerve,immune_to_nerve,nerve_c15,microglia,0.2441,11.0,0.4778,True,0.0584,28.0,0.8514,True,True
nerve_c10,immune_dendritic,GDF11,BMPR2,0.113485046,1.0,0.010551335,-0.1484531815521111,-0.3060765235801285,0.007861155,0.48476344,1.0,0.0211558116874762,nerve,immune,immune-nerve,nerve_to_immune,nerve_c10,dendritic,0.8274,7.0,0.1908,False,0.1168,23.0,0.7139,True,False
nerve_c4,immune_nk_cell,COL4A5,CD44,1.457854,0.0,1.9290854,2.7214376957786945,1.6353012274540366,0.02137668,0.9271227,0.0292321093600071,0.0211927076285865,nerve,immune,immune-nerve,nerve_to_immune,nerve_c4,nk_cell,0.1779,16.0,0.5438,True,0.1807,21.0,0.6809,True,True
nerve_c17,immune_nk_cell,PTN,NCL,1.4577843,0.0,2.0921433,0.4822545896695487,0.529553848241198,0.012241657,0.9298169,0.2561041808396393,0.0212309831459305,nerve,immune,immune-nerve,nerve_to_immune,nerve_c17,nk_cell,0.712,4.0,0.1815,False,0.1807,21.0,0.6809,True,False
immune_dendritic,nerve_neuron,CALM1,KCNQ5,1.4575443,0.0,2.1219954,1.7323378902334925,1.2593857056445394,0.07599255,0.9302778,0.0056389831220992,0.0212501318192647,immune,nerve,immune-nerve,immune_to_nerve,nerve_neuron,dendritic,0.5032,7.0,0.4667,False,0.1168,23.0,0.7139,True,False
immune_tam,nerve_c3,TIMP1,CD63,1.6486591,0.0,1.411773,0.3830705583875897,0.4539800176830575,0.0066012065,0.9158467,0.6105506795573667,0.0212501318192647,immune,nerve,immune-nerve,immune_to_nerve,nerve_c3,tam,0.1893,16.0,0.5434,True,0.221,21.0,0.6495,True,True
nerve_neuron,immune_tam,LAMA4,CD44,1.4569447,0.0,1.9227978,2.010366932910146,1.9130745918146437,0.14899763,0.9270124,0.0003668097545086,0.0212884604433921,nerve,immune,immune-nerve,nerve_to_immune,nerve_neuron,tam,0.5032,7.0,0.4667,False,0.221,21.0,0.6495,True,False
nerve_c7,immune_microglia,EDIL3,ITGAV,1.4704497,0.0,1.4100441,2.21074030117248,1.8142136782548648,0.019334335,0.9157995,0.0140310048978593,0.0213268192175769,nerve,immune,immune-nerve,nerve_to_immune,nerve_c7,microglia,0.17,15.0,0.5776,True,0.0584,28.0,0.8514,True,True
nerve_c15,immune_tam,TIMP2,CD44,1.4562659,0.0,1.920213,0.9508733337203746,1.169051131340913,0.019030634,0.92696685,0.0584463858624115,0.0213460095127697,nerve,immune,immune-nerve,nerve_to_immune,nerve_c15,tam,0.2441,11.0,0.4778,True,0.221,21.0,0.6495,True,True
nerve_c10,immune_dendritic,MIF,CD74_CXCR4,1.4559472,0.0,2.0201335,0.4871206687515236,0.2806204894508362,0.013504491,0.92866546,0.181476095883129,0.0214228633981174,nerve,immune,immune-nerve,nerve_to_immune,nerve_c10,dendritic,0.8274,7.0,0.1908,False,0.1168,23.0,0.7139,True,False
immune_dendritic,nerve_c22,IL18,IL1RAPL1,1.6033669,0.0,1.4085284,1.4648266099144036,1.3350952967868188,0.018796423,0.915758,0.0584463858624115,0.0214613386961672,immune,nerve,immune-nerve,immune_to_nerve,nerve_c22,dendritic,1.0,1.0,-0.0,False,0.1168,23.0,0.7139,True,False
immune_microglia,nerve_c7,GRN,SORT1,1.4552989,0.0,2.1067665,1.2832150262033903,1.935046173491882,0.019035583,0.9300439,0.0584463858624115,0.0214613386961672,immune,nerve,immune-nerve,immune_to_nerve,nerve_c7,microglia,0.17,15.0,0.5776,True,0.0584,28.0,0.8514,True,True
immune_t_cell,nerve_c12,CALM1,PTPRA,1.4549876,0.0,1.7151841,0.5432627641996279,0.6883285105218034,0.011663614,0.9230513,0.3005867373374123,0.0214805904101505,immune,nerve,immune-nerve,immune_to_nerve,nerve_c12,t_cell,0.4368,7.0,0.335,True,0.114,24.0,0.7175,True,True
immune_nk_cell,nerve_c2,CALM1,PDE1C,1.4549334,0.0,1.8366063,1.0620427495862534,0.9652413993103156,0.009587572,0.92544556,0.3195642035663489,0.0214998472788237,immune,nerve,immune-nerve,immune_to_nerve,nerve_c2,nk_cell,0.4082,17.0,0.533,True,0.1807,21.0,0.6809,True,True
nerve_c21,immune_microglia,PKM,CD44,1.5573542,0.0,1.4081532,0.7410638883242593,0.9261603793961845,0.015292944,0.91574776,0.1163647423650169,0.0215191156352227,nerve,immune,immune-nerve,nerve_to_immune,nerve_c21,microglia,1.0,1.0,-0.0,False,0.0584,28.0,0.8514,True,False
immune_t_cell,nerve_neuron,B2M,KLRC2,2.4994147,0.0,0.80087435,0.7223142663346314,0.8856886687918015,0.055033203,0.89126813,0.0584463858624115,0.0215616764332154,immune,nerve,immune-nerve,immune_to_nerve,nerve_neuron,t_cell,0.5032,7.0,0.4667,False,0.114,24.0,0.7175,True,False
immune_nk_cell,nerve_c5,CD99,CD81,1.4543703,0.0,2.1043768,0.4701009405459569,0.3165149506694633,0.023035565,0.9300069,0.1139579106573792,0.0215962659207675,immune,nerve,immune-nerve,immune_to_nerve,nerve_c5,nk_cell,0.5076,15.0,0.4523,False,0.1807,21.0,0.6809,True,False
immune_dendritic,nerve_c7,PSAP,SORT1,1.454191,0.0,2.1033082,0.8995833255952413,0.6066592098351085,0.010562415,0.9299904,0.4071913141568583,0.0216155758765631,immune,nerve,immune-nerve,immune_to_nerve,nerve_c7,dendritic,0.17,15.0,0.5776,True,0.1168,23.0,0.7139,True,True
malignant,nerve_c12,NRXN3,NLGN1,1.9568118,0.0,1.406112,1.4577305572119772,2.308918297906385,0.10510245,0.91569173,0.0032753716130707,0.0216445532308996,tumor,nerve,nerve-tumor,tumor_to_nerve,nerve_c12,,0.4368,7.0,0.335,True,,,,,True
immune_nk_cell,nerve_c10,TGS1,RXRA,0.1173794,1.0,0.010699741,-0.0993555271462258,-0.1157662035243107,0.007597044,0.4865079,1.0,0.0217645939380147,immune,nerve,immune-nerve,immune_to_nerve,nerve_c10,nk_cell,0.8274,7.0,0.1908,False,0.1807,21.0,0.6809,True,False
nerve_c6,immune_dendritic,MIF,CD44_CD74,1.4529587,0.0,1.8097922,0.6310646435651133,0.7376836776930035,0.016132155,0.9249366,0.0955803034575698,0.0218285184101441,nerve,immune,immune-nerve,nerve_to_immune,nerve_c6,dendritic,0.2036,24.0,0.6567,True,0.1168,23.0,0.7139,True,True
nerve_c12,immune_nk_cell,VCAN,CD44,1.4525406,0.0,1.918301,0.9717567983709527,1.090666572567018,0.05329102,0.9269331,0.031341313954651,0.0218673430336374,nerve,immune,immune-nerve,nerve_to_immune,nerve_c12,nk_cell,0.4368,7.0,0.335,True,0.1807,21.0,0.6809,True,True
immune_dendritic,nerve_c0,GRN,SORT1,1.4520209,0.0,2.0511644,1.3208182801268442,1.195751015682936,0.018533194,0.92916876,0.0584463858624115,0.0219645516514697,immune,nerve,immune-nerve,immune_to_nerve,nerve_c0,dendritic,0.1812,15.0,0.5697,True,0.1168,23.0,0.7139,True,True
immune_dendritic,nerve_c4,LTBP3,ITGB5,0.103740215,1.0,0.010717681,-0.1221622673499719,-0.1930220549770587,0.010277187,0.48671716,1.0,0.0219675043114844,immune,nerve,immune-nerve,immune_to_nerve,nerve_c4,dendritic,0.1779,16.0,0.5438,True,0.1168,23.0,0.7139,True,True
malignant,immune_tam,HMGB1,CXCR4,1.4513571,0.0,2.0009558,0.1856038570783734,0.2176163716923393,0.0069077928,0.92834884,1.0,0.0219840195889707,tumor,immune,immune-tumor,tumor_to_immune,,tam,,,,,0.221,21.0,0.6495,True,True
nerve_c20,immune_dendritic,LAMA2,RPSA,1.5647669,0.0,1.3981705,0.8470682243223602,0.9993135909179603,0.030315738,0.91547287,0.0584463858624115,0.0221009953152611,nerve,immune,immune-nerve,nerve_to_immune,nerve_c20,dendritic,0.7889,9.0,0.1802,False,0.1168,23.0,0.7139,True,False
nerve_c15,immune_tam,SPP1,ITGAV_ITGB1,1.9999385,0.0,1.3975102,0.1483642998559513,-0.5359267419297279,0.013945678,0.9154546,1.0,0.0221205182085872,nerve,immune,immune-nerve,nerve_to_immune,nerve_c15,tam,0.2441,11.0,0.4778,True,0.221,21.0,0.6495,True,True
nerve_c4,immune_dendritic,VEGFD,ITGA5,0.10435288,0.0,0.010731329,0.528051970224744,0.0671006215707044,0.021795375,0.4868761,0.4395353187210278,0.0221704033832714,nerve,immune,immune-nerve,nerve_to_immune,nerve_c4,dendritic,0.1779,16.0,0.5438,True,0.1168,23.0,0.7139,True,True
nerve_c2,immune_nk_cell,SPP1,PTGER4,1.9503133,0.0,1.3937385,0.3239772281751736,-0.3389351580616906,0.013525011,0.91534996,1.0,0.0222966140654069,nerve,immune,immune-nerve,nerve_to_immune,nerve_c2,nk_cell,0.4082,17.0,0.533,True,0.1807,21.0,0.6809,True,True
immune_dendritic,nerve_c5,PLAU,ITGB5,0.1044099,1.0,0.01073235,-0.1096517955003544,-0.244079841424199,0.01099026,0.486888,1.0,0.0223732953239579,immune,nerve,immune-nerve,immune_to_nerve,nerve_c5,dendritic,0.5076,15.0,0.4523,False,0.1168,23.0,0.7139,True,False
immune_t_cell,nerve_c2,CALM1,GRM3,1.4470992,0.0,1.682228,1.6707229605685576,1.1215226262099411,0.012314262,0.92235947,0.1822414030853162,0.0224537101468557,immune,nerve,immune-nerve,immune_to_nerve,nerve_c2,t_cell,0.4082,17.0,0.533,True,0.114,24.0,0.7175,True,True
immune_nk_cell,nerve_c15,HLA-A,APLP2,1.9139497,0.0,1.3916982,0.2779155297373931,0.2906579055856604,0.011354698,0.9152932,0.3286233611753625,0.0224733857254767,immune,nerve,immune-nerve,immune_to_nerve,nerve_c15,nk_cell,0.2441,11.0,0.4778,True,0.1807,21.0,0.6809,True,True
malignant,nerve_c0,NTRK3,PTPRD,1.8291067,0.0,1.3914783,2.266912108891399,2.4552928248828767,0.08986868,0.9152871,0.0003389962934665,0.0224930663677481,tumor,nerve,nerve-tumor,tumor_to_nerve,nerve_c0,,0.1812,15.0,0.5697,True,,,,,True
nerve_c13,immune_microglia,SPP1,ITGAV_ITGB1,1.4537716,1.0,1.3899248,-0.0271612995410235,-0.8236623754371699,0.013869984,0.91524374,1.0,0.0225324590243264,nerve,immune,immune-nerve,nerve_to_immune,nerve_c13,microglia,0.3452,18.0,0.5887,True,0.0584,28.0,0.8514,True,True
nerve_neuron,immune_tam,VCAN,CD44,1.446486,0.0,1.8829706,0.9408253715739012,1.1657189755971782,0.05230953,0.9263011,0.0366149178922778,0.0225324590243264,nerve,immune,immune-nerve,nerve_to_immune,nerve_neuron,tam,0.5032,7.0,0.4667,False,0.221,21.0,0.6495,True,False
nerve_c16,immune_tam,SPP1,ITGA5_ITGB1,1.8209898,0.0,1.3887085,0.5485659670497853,-0.2387298381460778,0.027792335,0.9152098,0.4970848874510563,0.022611337437468,nerve,immune,immune-nerve,nerve_to_immune,nerve_c16,tam,0.2917,16.0,0.4833,True,0.221,21.0,0.6495,True,True
nerve_c13,immune_microglia,EDIL3,ITGAV,1.4524859,0.0,1.3883737,2.1757666849503887,1.8131994542764351,0.019037195,0.9152004,0.0141584511550926,0.0226310794062568,nerve,immune,immune-nerve,nerve_to_immune,nerve_c13,microglia,0.3452,18.0,0.5887,True,0.0584,28.0,0.8514,True,True
malignant,nerve_c20,NTRK3,PTPRD,1.8246132,0.0,1.3876032,2.2608374634697093,2.35880579106669,0.08961841,0.9151789,0.0003456059809355,0.0226508264244312,tumor,nerve,nerve-tumor,tumor_to_nerve,nerve_c20,,0.7889,9.0,0.1802,False,,,,,False
nerve_c20,malignant,ALCAM,CHL1,1.4439907,0.0,1.6035417,1.3505265798750516,1.932225103176427,0.07139289,0.92062676,0.0052659131934369,0.0227299071958666,nerve,tumor,nerve-tumor,nerve_to_tumor,nerve_c20,,0.7889,9.0,0.1802,False,,,,,False
immune_t_cell,nerve_c5,CALM1,GRM3,1.4438062,0.0,1.6684707,1.658835139348613,1.0389974710824377,0.012213556,0.92206496,0.2464187558012822,0.0227893007975017,immune,nerve,immune-nerve,immune_to_nerve,nerve_c5,t_cell,0.5076,15.0,0.4523,False,0.114,24.0,0.7175,True,False
nerve_c7,immune_nk_cell,B2M,KLRD1,1.4432604,1.0,1.6999271,2.0302618840599975,-0.1838802076312196,0.013104063,0.9227334,0.4275710015679481,0.0228289423408263,nerve,immune,immune-nerve,nerve_to_immune,nerve_c7,nk_cell,0.17,15.0,0.5776,True,0.1807,21.0,0.6809,True,True
nerve_c21,immune_t_cell,LGALS1,PTPRC,1.4442202,0.031,1.3833485,0.3439666191124196,0.358866906390521,0.01251744,0.9150596,1.0,0.0228487722908651,nerve,immune,immune-nerve,nerve_to_immune,nerve_c21,t_cell,1.0,1.0,-0.0,False,0.114,24.0,0.7175,True,False
nerve_c18,malignant,APP,LRP1,1.4431399,0.0,1.4687047,0.993506664880634,1.1591397745239846,0.020335285,0.91735774,0.0584463858624115,0.0228686137939837,nerve,tumor,nerve-tumor,nerve_to_tumor,nerve_c18,,0.5575,4.0,0.2111,False,,,,,False
malignant,nerve_c9,GDF11,ACVR1B_ACVR2A,0.10628645,0.0,0.01076027,0.1372572516452339,0.0898727527470114,0.021620821,0.48721257,0.4842099646722363,0.0228804806859702,tumor,nerve,nerve-tumor,tumor_to_nerve,nerve_c9,,0.4802,7.0,0.3212,True,,,,,True
malignant,nerve_c9,GDF11,ACVR1B_ACVR2B,0.10628645,0.0,0.01076027,0.1372572516452339,0.0898727527470114,0.021620821,0.48721257,0.4842099646722363,0.0228804806859702,tumor,nerve,nerve-tumor,tumor_to_nerve,nerve_c9,,0.4802,7.0,0.3212,True,,,,,True
immune_t_cell,nerve_c10,S100A4,ERBB3,1.4429969,0.0,1.468168,1.5614622198038892,1.370961339626244,0.012586868,0.9173439,0.0760863839579014,0.0229083184111846,immune,nerve,immune-nerve,immune_to_nerve,nerve_c10,t_cell,0.8274,7.0,0.1908,False,0.114,24.0,0.7175,True,False
nerve_c7,malignant,EDIL3,ITGAV,1.4643362,0.0,1.3814605,2.202867849781261,1.7006257317299645,0.018947316,0.9150065,0.0223022635012597,0.0229480561890802,nerve,tumor,nerve-tumor,nerve_to_tumor,nerve_c7,,0.17,15.0,0.5776,True,,,,,True
malignant,immune_microglia,HMGB1,CXCR4,1.4426329,0.0,1.9699649,0.1783934477288807,0.4576107731678922,0.0068008043,0.927828,1.0,0.0229480561890802,tumor,immune,immune-tumor,tumor_to_immune,,microglia,,,,,0.0584,28.0,0.8514,True,True
nerve_c5,immune_dendritic,B2M,CD1C,2.1448278,0.0,1.381113,1.7750730405051964,0.4957760542544799,0.066342026,0.91499674,0.0584463858624115,0.0229878271243215,nerve,immune,immune-nerve,nerve_to_immune,nerve_c5,dendritic,0.5076,15.0,0.4523,False,0.1168,23.0,0.7139,True,False
immune_tam,nerve_c7,CALM1,PDE1A,1.4421995,0.0,2.0609503,2.147194965055307,1.3061355644919268,0.021205055,0.9293252,0.0584463858624115,0.023007726661178,immune,nerve,immune-nerve,immune_to_nerve,nerve_c7,tam,0.17,15.0,0.5776,True,0.221,21.0,0.6495,True,True
immune_t_cell,nerve_c15,HLA-A,APLP2,1.9002492,0.0,1.3805516,0.2672320169695719,0.4297809396880185,0.011263754,0.91498095,0.3358015239274964,0.0230475473275214,immune,nerve,immune-nerve,immune_to_nerve,nerve_c15,t_cell,0.2441,11.0,0.4778,True,0.114,24.0,0.7175,True,True
nerve_c1,immune_dendritic,B2M,CD1C,2.143571,0.0,1.3802316,1.7743023060527954,0.5438446678062673,0.066299684,0.9149719,0.0584463858624115,0.0231073421199994,nerve,immune,immune-nerve,nerve_to_immune,nerve_c1,dendritic,0.1941,18.0,0.5886,True,0.1168,23.0,0.7139,True,True
immune_t_cell,nerve_c10,CALM1,INSR,1.4414067,0.0,1.6584467,0.8943076653706705,0.7651751420742341,0.012103747,0.9218482,0.267310651687453,0.0231472456538593,immune,nerve,immune-nerve,immune_to_nerve,nerve_c10,t_cell,0.8274,7.0,0.1908,False,0.114,24.0,0.7175,True,False
immune_microglia,nerve_c2,APOE,LRP4,2.1047454,0.0,1.378671,0.635562730518903,1.9181898326720583,0.021749565,0.9149279,0.0584463858624115,0.0231871823283201,immune,nerve,immune-nerve,immune_to_nerve,nerve_c2,microglia,0.4082,17.0,0.533,True,0.0584,28.0,0.8514,True,True
immune_t_cell,malignant,CALM1,PTPRA,1.4409658,0.0,1.6566043,0.5233938139495466,0.8110296560455925,0.0028156333,0.9218081,0.4970848874510563,0.0232071647353195,immune,tumor,immune-tumor,immune_to_tumor,,t_cell,,,,,0.114,24.0,0.7175,True,True
nerve_c20,immune_t_cell,PSEN1,CD44,1.440948,0.0,2.0711987,1.4910256378365845,1.4393761212547538,0.019459937,0.92948794,0.0584463858624115,0.0232271521400328,nerve,immune,immune-nerve,nerve_to_immune,nerve_c20,t_cell,0.7889,9.0,0.1802,False,0.114,24.0,0.7175,True,False
nerve_c12,immune_t_cell,APP,CD74,1.4408801,1.0,1.679659,0.0352913839743236,-0.727070332174788,0.0030553497,0.92230475,1.0,0.0232671583759151,nerve,immune,immune-nerve,nerve_to_immune,nerve_c12,t_cell,0.4368,7.0,0.335,True,0.114,24.0,0.7175,True,True
immune_t_cell,nerve_c9,HSPA8,LRP2,1.4407272,0.0,1.8929855,2.285211049785757,1.2932098695772798,0.017203512,0.92648196,0.0739538447580264,0.0233071944548087,immune,nerve,immune-nerve,immune_to_nerve,nerve_c9,t_cell,0.4802,7.0,0.3212,True,0.114,24.0,0.7175,True,True
nerve_c17,malignant,NCAM1,PTPRZ1,1.54205,0.0,1.3772018,0.5892652417711246,1.9107359632087535,0.013491404,0.9148864,0.1818683897398659,0.0233071944548087,nerve,tumor,nerve-tumor,nerve_to_tumor,nerve_c17,,0.712,4.0,0.1815,False,,,,,False
nerve_c17,immune_t_cell,MIF,CD74_CXCR4,1.4403949,1.0,1.6776495,-0.1056547795803431,-0.7030179820144831,0.006234018,0.92226183,1.0,0.0233272232699905,nerve,immune,immune-nerve,nerve_to_immune,nerve_c17,t_cell,0.712,4.0,0.1815,False,0.114,24.0,0.7175,True,False
nerve_c5,immune_nk_cell,SPP1,PTGER4,1.9274098,0.0,1.3755119,0.3129567041335622,-0.3807798594227659,0.013348137,0.91483855,1.0,0.0233873659908615,nerve,immune,immune-nerve,nerve_to_immune,nerve_c5,nk_cell,0.5076,15.0,0.4523,False,0.1807,21.0,0.6809,True,False
nerve_c20,malignant,NLGN1,NRXN1,1.439691,0.0,1.9194044,0.909284240948866,1.882279251921394,0.063951194,0.9269526,0.0432654169050771,0.0234174669492028,nerve,tumor,nerve-tumor,nerve_to_tumor,nerve_c20,,0.7889,9.0,0.1802,False,,,,,False
malignant,nerve_c20,NRXN1,NLGN1,1.439691,0.0,1.9194044,0.909284240948866,1.882279251921394,0.063951194,0.9269526,0.0432654169050771,0.0234174669492028,tumor,nerve,nerve-tumor,tumor_to_nerve,nerve_c20,,0.7889,9.0,0.1802,False,,,,,False
immune_t_cell,nerve_c22,HSPA8,LRP2,1.4391663,0.0,1.8871537,2.2787779887202846,1.5281048425401669,0.017150514,0.9263768,0.0454544379325969,0.023447583236958,immune,nerve,immune-nerve,immune_to_nerve,nerve_c22,t_cell,1.0,1.0,-0.0,False,0.114,24.0,0.7175,True,False
immune_dendritic,nerve_c3,CALM1,PDE1C,1.4388262,0.0,2.0692797,1.359336760969659,0.9342365906403484,0.01080219,0.92945755,0.3604851779927441,0.0234676733128254,immune,nerve,immune-nerve,immune_to_nerve,nerve_c3,dendritic,0.1893,16.0,0.5434,True,0.1168,23.0,0.7139,True,True
nerve_c2,immune_nk_cell,PTN,NCL,1.4387279,0.0,2.0435054,0.4684588363138754,0.1501549379091554,0.011957066,0.92904556,0.2935221520259253,0.0234877683632621,nerve,immune,immune-nerve,nerve_to_immune,nerve_c2,nk_cell,0.4082,17.0,0.533,True,0.1807,21.0,0.6809,True,True
nerve_c17,immune_dendritic,SPP1,PTGER4,2.0745907,0.0,1.3732885,0.3627057517015287,-0.1616128542349225,0.013326561,0.91477555,1.0,0.0235481097915877,nerve,immune,immune-nerve,nerve_to_immune,nerve_c17,dendritic,0.712,4.0,0.1815,False,0.1168,23.0,0.7139,True,False
immune_microglia,nerve_c12,APOE,LRP1,2.1039872,0.0,1.3728299,0.2540083403632174,1.521082075086274,0.044218965,0.9147625,0.2151681187263371,0.0235682379489251,immune,nerve,immune-nerve,immune_to_nerve,nerve_c12,microglia,0.4368,7.0,0.335,True,0.0584,28.0,0.8514,True,True
immune_tam,nerve_c7,CALM1,INSR,1.436516,0.0,2.042991,1.1584529317816707,0.9901020753476704,0.014910244,0.9290372,0.1276568620805444,0.0236690128046921,immune,nerve,immune-nerve,immune_to_nerve,nerve_c7,tam,0.17,15.0,0.5776,True,0.221,21.0,0.6495,True,True
nerve_c21,immune_dendritic,HMGB1,CXCR4,1.4361355,0.053,1.9499364,0.1319999620186582,0.4681734151376568,0.007616144,0.9274851,1.0,0.0237295776802743,nerve,immune,immune-nerve,nerve_to_immune,nerve_c21,dendritic,1.0,1.0,-0.0,False,0.1168,23.0,0.7139,True,False
immune_microglia,nerve_c6,HBEGF,CD9,1.604694,0.0,1.3676002,1.2385717080914882,1.8177613085371167,0.02348015,0.9146136,0.0584463858624115,0.0237699945239139,immune,nerve,immune-nerve,immune_to_nerve,nerve_c6,microglia,0.2036,24.0,0.6567,True,0.0584,28.0,0.8514,True,True
nerve_c3,immune_nk_cell,COPA,CD74,1.4341015,0.0,1.9611157,0.3922008853093555,-0.4883095009287541,0.008274621,0.9276771,1.0,0.0239522847493039,nerve,immune,immune-nerve,nerve_to_immune,nerve_c3,nk_cell,0.1893,16.0,0.5434,True,0.1807,21.0,0.6809,True,True
immune_tam,nerve_c13,S100A4,ERBB3,1.7265959,0.0,1.3650556,1.518761044795824,1.6555160970135128,0.011702867,0.9145408,0.0684232504974767,0.0239725783434043,immune,nerve,immune-nerve,immune_to_nerve,nerve_c13,tam,0.3452,18.0,0.5887,True,0.221,21.0,0.6495,True,True
immune_nk_cell,nerve_c10,POMC,GRM7,0.11484292,0.0,0.010915272,0.3063661412900916,0.149609865595467,0.007891489,0.4889993,0.8769409754804467,0.0239960907493872,immune,nerve,immune-nerve,immune_to_nerve,nerve_c10,nk_cell,0.8274,7.0,0.1908,False,0.1807,21.0,0.6809,True,False
immune_nk_cell,nerve_c22,CALM1,KCNQ3,1.4331127,0.0,1.7500093,0.6838055566915779,0.7881140109028973,0.053743824,0.92376214,0.0584463858624115,0.0240335154077375,immune,nerve,immune-nerve,immune_to_nerve,nerve_c22,nk_cell,1.0,1.0,-0.0,False,0.1807,21.0,0.6809,True,False
immune_nk_cell,nerve_c7,CALM1,PTPRA,1.4330914,0.0,1.7499248,0.5386869865723247,0.6904729835963166,0.011899857,0.9237605,0.2813977509548204,0.0240538454118849,immune,nerve,immune-nerve,immune_to_nerve,nerve_c7,nk_cell,0.17,15.0,0.5776,True,0.1807,21.0,0.6809,True,True
nerve_c1,immune_dendritic,SPP1,PTGER4,2.0608807,0.0,1.3633437,0.35610840151254,-0.2497353885125955,0.0132300565,0.9144918,1.0,0.0240741803390139,nerve,immune,immune-nerve,nerve_to_immune,nerve_c1,dendritic,0.1941,18.0,0.5886,True,0.1168,23.0,0.7139,True,True
immune_microglia,nerve_c22,APOE,LRP6,2.1027405,0.0,1.3632262,0.5967794866212313,2.0751127445302493,0.01771916,0.91448843,0.0652269761886076,0.0241148816812732,immune,nerve,immune-nerve,immune_to_nerve,nerve_c22,microglia,1.0,1.0,-0.0,False,0.0584,28.0,0.8514,True,False
nerve_c22,immune_tam,VIM,CD44,1.4311829,0.185,1.8246949,0.354594980191127,-0.0122003294675439,0.017549146,0.9252208,1.0,0.0242167696292551,nerve,immune,immune-nerve,nerve_to_immune,nerve_c22,tam,1.0,1.0,-0.0,False,0.221,21.0,0.6495,True,False
nerve_c13,malignant,EDIL3,ITGAV,1.4463724,0.0,1.3602295,2.1678942335591693,1.699611507751535,0.018656125,0.91440237,0.0223658610840498,0.0242371740219374,nerve,tumor,nerve-tumor,nerve_to_tumor,nerve_c13,,0.3452,18.0,0.5887,True,,,,,True
nerve_c22,malignant,IL1RAPL1,PTPRS,1.5943279,0.0,1.3600535,1.6767980994925344,1.991148082371944,0.05087959,0.9143973,0.0115010886414833,0.024257586678523,nerve,tumor,nerve-tumor,nerve_to_tumor,nerve_c22,,1.0,1.0,-0.0,False,,,,,False
nerve_c15,immune_microglia,APP,LRP1,1.4590328,0.0,1.3594439,1.0028644524869768,1.163789037923976,0.01875647,0.9143797,0.0584463858624115,0.0242984334220921,nerve,immune,immune-nerve,nerve_to_immune,nerve_c15,microglia,0.2441,11.0,0.4778,True,0.0584,28.0,0.8514,True,True
immune_t_cell,nerve_c1,S100A4,ERBB3,1.429675,0.0,1.4088424,1.5158846519818312,1.5568297667124105,0.012078259,0.9157666,0.0689621067919949,0.0243802260413467,immune,nerve,immune-nerve,immune_to_nerve,nerve_c1,t_cell,0.1941,18.0,0.5886,True,0.114,24.0,0.7175,True,True
immune_microglia,malignant,GRN,EGFR,1.4283748,0.0,2.0340817,0.6513949192504493,2.8566377329211585,0.04459107,0.928893,0.0137568883426088,0.0245031661235035,immune,tumor,immune-tumor,immune_to_tumor,,microglia,,,,,0.0584,28.0,0.8514,True,True
immune_microglia,nerve_c21,C3,CD81,1.4279561,0.002,1.8999196,0.324285702971271,1.6146942781761895,0.03974322,0.92660636,0.3851253944060553,0.0245236827913641,immune,nerve,immune-nerve,immune_to_nerve,nerve_c21,microglia,1.0,1.0,-0.0,False,0.0584,28.0,0.8514,True,False
malignant,nerve_c0,CALM3,PDE1C,1.43083,0.0,1.3557435,2.221902495695432,1.6754976341590049,0.01872344,0.91427296,0.0245462877133363,0.0245442110904845,tumor,nerve,nerve-tumor,tumor_to_nerve,nerve_c0,,0.1812,15.0,0.5697,True,,,,,True
immune_nk_cell,nerve_c13,CALM1,GRM3,1.4277723,0.0,1.7288152,1.7421027534033358,1.2548192577314523,0.01265529,0.923332,0.1141461718126091,0.0246058421519026,immune,nerve,immune-nerve,immune_to_nerve,nerve_c13,nk_cell,0.3452,18.0,0.5887,True,0.1807,21.0,0.6809,True,True
immune_microglia,malignant,APOE,LRP6,2.1016316,0.0,1.3546858,0.5943012584945948,2.0776999881246048,0.0059137694,0.9142424,0.1935795270825841,0.0246264000962816,immune,tumor,immune-tumor,immune_to_tumor,,microglia,,,,,0.0584,28.0,0.8514,True,True
nerve_c21,malignant,SPP1,CD44,1.4828607,0.713,1.3526567,-0.0960766125451341,-0.9695329792780888,0.0035011028,0.9141836,1.0,0.0247293237727572,nerve,tumor,nerve-tumor,nerve_to_tumor,nerve_c21,,1.0,1.0,-0.0,False,,,,,False
immune_dendritic,nerve_c5,PSAP,GPR37,1.4267769,0.0,2.029422,2.0492437650518913,0.6647106946498418,0.015376589,0.9288173,0.1143606328649223,0.0247499346238368,immune,nerve,immune-nerve,immune_to_nerve,nerve_c5,dendritic,0.5076,15.0,0.4523,False,0.1168,23.0,0.7139,True,False
nerve_c2,immune_t_cell,MIF,CD44_CD74,1.4267654,0.0,2.0323582,0.6410803557846305,0.7327521426606411,0.018116066,0.928865,0.0599527632011905,0.0247705503374892,nerve,immune,immune-nerve,nerve_to_immune,nerve_c2,t_cell,0.4082,17.0,0.533,True,0.114,24.0,0.7175,True,True
nerve_c16,immune_tam,HLA-A,LILRB2,1.5223216,0.0,1.3513365,0.9230117243224992,0.6265501927288294,0.057849824,0.9141453,0.0584463858624115,0.0247911776936654,nerve,immune,immune-nerve,nerve_to_immune,nerve_c16,tam,0.2917,16.0,0.4833,True,0.221,21.0,0.6495,True,True
nerve_c2,immune_microglia,HMGB1,HAVCR2,1.4265907,0.0,1.7069565,0.4314648097960268,0.8164587801830245,0.021384329,0.9228804,0.0584463858624115,0.0248118133024402,nerve,immune,immune-nerve,nerve_to_immune,nerve_c2,microglia,0.4082,17.0,0.533,True,0.0584,28.0,0.8514,True,True
malignant,nerve_c22,NLGN4X,NRXN1,1.4305216,0.0,1.3497838,1.2682092597114858,1.6793841108012568,0.1956004,0.91410017,0.0076231296288493,0.0248531058798207,tumor,nerve,nerve-tumor,tumor_to_nerve,nerve_c22,,1.0,1.0,-0.0,False,,,,,False
nerve_c0,immune_nk_cell,COL4A5,CD44,1.4257998,0.0,1.864025,2.632466714040721,1.669587962935517,0.020655729,0.9259552,0.0249805526775544,0.0248944314571452,nerve,immune,immune-nerve,nerve_to_immune,nerve_c0,nk_cell,0.1812,15.0,0.5697,True,0.1807,21.0,0.6809,True,True
nerve_c12,immune_nk_cell,VCAN,ITGB1,1.4253211,0.0,1.8153983,1.0040923251921692,1.1979841656499837,0.074061744,0.9250439,0.0272718280330847,0.0249564833922372,nerve,immune,immune-nerve,nerve_to_immune,nerve_c12,nk_cell,0.4368,7.0,0.335,True,0.1807,21.0,0.6809,True,True
nerve_c6,malignant,TIMP1,CD63,1.4247158,0.0,1.8480402,0.095034965934764,0.0640357243412554,0.015570198,0.92565936,0.6368005330371386,0.0249978914561262,nerve,tumor,nerve-tumor,nerve_to_tumor,nerve_c6,,0.2036,24.0,0.6567,True,,,,,True
malignant,nerve_c16,VIM,CD44,1.4240727,0.0,1.6079333,0.1260856962546766,0.4820725572495121,0.011187198,0.9207266,0.5196225300816939,0.0251430811476509,tumor,nerve,nerve-tumor,tumor_to_nerve,nerve_c16,,0.2917,16.0,0.4833,True,,,,,True
immune_nk_cell,nerve_c5,CALM1,PDE1C,1.4239191,0.0,1.7135233,0.9982116352983732,0.8116723469921824,0.008945046,0.9230169,0.4970848874510563,0.0251638569770499,immune,nerve,immune-nerve,immune_to_nerve,nerve_c5,nk_cell,0.5076,15.0,0.4523,False,0.1807,21.0,0.6809,True,False
immune_nk_cell,nerve_c2,S100A4,ERBB3,1.4235551,0.0,1.8648924,2.021703926500121,1.2446423936563464,0.015988057,0.9259711,0.0989054000055745,0.0252054299512735,immune,nerve,immune-nerve,immune_to_nerve,nerve_c2,nk_cell,0.4082,17.0,0.533,True,0.1807,21.0,0.6809,True,True
nerve_c16,immune_microglia,PSAP,LRP1,1.4446981,0.0,1.3427608,0.2977891692060803,0.3017880181493557,0.02108115,0.91389513,0.1558087411236387,0.0252678529447872,nerve,immune,immune-nerve,nerve_to_immune,nerve_c16,microglia,0.2917,16.0,0.4833,True,0.0584,28.0,0.8514,True,True
immune_dendritic,nerve_c5,HLA-A,APLP2,1.5315163,0.0,1.3422698,0.0022933364416857,-0.3192483653068028,0.0109514175,0.91388077,1.0,0.025309508342781,immune,nerve,immune-nerve,immune_to_nerve,nerve_c5,dendritic,0.5076,15.0,0.4523,False,0.1168,23.0,0.7139,True,False
immune_tam,nerve_c6,SPP1,CD44,1.464931,1.0,1.3421392,-0.1031625520232989,-0.5546550109837972,0.021803034,0.9138769,1.0,0.0253303501168884,immune,nerve,immune-nerve,immune_to_nerve,nerve_c6,tam,0.2036,24.0,0.6567,True,0.221,21.0,0.6495,True,True
nerve_c7,immune_t_cell,SPP1,CD44,1.4223735,1.0,2.0203307,0.1059262445303632,-1.0910976855596757,0.0061783767,0.9286687,1.0,0.0253303501168884,nerve,immune,immune-nerve,nerve_to_immune,nerve_c7,t_cell,0.17,15.0,0.5776,True,0.114,24.0,0.7175,True,True
immune_dendritic,nerve_c22,SERPINF1,PLXDC2,1.4219906,0.0,1.4063661,0.8175970413767898,0.8068532878382504,0.06679527,0.91569877,0.0584463858624115,0.0253929180247353,immune,nerve,immune-nerve,immune_to_nerve,nerve_c22,dendritic,1.0,1.0,-0.0,False,0.1168,23.0,0.7139,True,False
immune_tam,nerve_c13,CALM1,PDE1C,1.4214183,0.0,1.9952819,1.2249437307877802,1.0058292954701409,0.0104159005,0.92825437,0.2757475863325614,0.025434672301998,immune,nerve,immune-nerve,immune_to_nerve,nerve_c13,tam,0.3452,18.0,0.5887,True,0.221,21.0,0.6495,True,True
immune_dendritic,nerve_c5,TIMP1,FGFR2,1.4212886,0.0,1.7709743,2.2833822176376133,1.3225092659267492,0.011270418,0.92418045,0.0889072544742087,0.0254764629692762,immune,nerve,immune-nerve,immune_to_nerve,nerve_c5,dendritic,0.5076,15.0,0.4523,False,0.1168,23.0,0.7139,True,False
nerve_c21,immune_t_cell,SPP1,PTGER4,1.4799969,0.381,1.338895,0.1929945568971562,-0.5344037096247468,0.012992803,0.91378164,1.0,0.0256649149467878,nerve,immune,immune-nerve,nerve_to_immune,nerve_c21,t_cell,1.0,1.0,-0.0,False,0.114,24.0,0.7175,True,False
nerve_c18,immune_dendritic,LGALS1,ITGB1,1.4727844,0.0,1.3380876,0.3162110888243085,0.3507624106430099,0.023815893,0.91375786,0.1358673846744144,0.0256858967635879,nerve,immune,immune-nerve,nerve_to_immune,nerve_c18,dendritic,0.5575,4.0,0.2111,False,0.1168,23.0,0.7139,True,False
nerve_c22,malignant,IL1RAPL1,PTPRD,1.5897975,0.0,1.3357575,1.5752563708338312,1.6948063538682918,0.058175527,0.9136892,0.0051913114006515,0.0258119502003648,nerve,tumor,nerve-tumor,nerve_to_tumor,nerve_c22,,1.0,1.0,-0.0,False,,,,,False
immune_nk_cell,nerve_c10,ITGB3BP,ITGB5,0.112997055,1.0,0.011033808,-0.0818921163726462,-0.1227589868479244,0.010693914,0.49034888,1.0,0.0258210296684031,immune,nerve,immune-nerve,immune_to_nerve,nerve_c10,nk_cell,0.8274,7.0,0.1908,False,0.1807,21.0,0.6809,True,False
immune_nk_cell,nerve_c12,GZMA,PARD3,1.4184654,0.0,1.7180972,1.965493608230524,2.025361580149636,0.13116117,0.92311156,0.00045620981896,0.0258329896464762,immune,nerve,immune-nerve,immune_to_nerve,nerve_c12,nk_cell,0.4368,7.0,0.335,True,0.1807,21.0,0.6809,True,True
nerve_c2,immune_microglia,RPS19,C5AR1,1.4180938,1.0,1.6180612,0.0141225705465569,-0.0359462872877356,0.026065297,0.9209555,1.0,0.0259593887691569,nerve,immune,immune-nerve,nerve_to_immune,nerve_c2,microglia,0.4082,17.0,0.533,True,0.0584,28.0,0.8514,True,True
nerve_c4,immune_dendritic,NUCB2,ERAP1,0.10597026,1.0,0.011058206,-0.1307878737505815,-0.1988185076900662,0.0049476256,0.49062485,1.0,0.0260237557517183,nerve,immune,immune-nerve,nerve_to_immune,nerve_c4,dendritic,0.1779,16.0,0.5438,True,0.1168,23.0,0.7139,True,True
nerve_c17,immune_dendritic,SPP1,ITGA4_ITGB1,2.0692687,0.0,1.3329846,0.4601080192918978,-0.0533345135673144,0.013104675,0.9136072,0.723795716577982,0.0260438228860111,nerve,immune,immune-nerve,nerve_to_immune,nerve_c17,dendritic,0.712,4.0,0.1815,False,0.1168,23.0,0.7139,True,False
nerve_c7,immune_t_cell,COL4A5,CD44,1.4172337,0.0,2.0062544,2.303623275052355,1.7937585433942596,0.022231812,0.92843676,0.0153835973502303,0.026128385152765,nerve,immune,immune-nerve,nerve_to_immune,nerve_c7,t_cell,0.17,15.0,0.5776,True,0.114,24.0,0.7175,True,True
immune_t_cell,nerve_c5,CALM1,INSR,1.4172037,0.0,1.5573325,0.8462057417854538,0.7825611344955821,0.011365791,0.91955185,0.3276787423976807,0.0261495480217585,immune,nerve,immune-nerve,immune_to_nerve,nerve_c5,t_cell,0.5076,15.0,0.4523,False,0.114,24.0,0.7175,True,False
nerve_c4,immune_nk_cell,HMGB1,CXCR4,1.4170487,0.0,1.6709183,0.1001666228906942,-0.0372002770063372,0.0065263426,0.9221176,1.0,0.0261707156345169,nerve,immune,immune-nerve,nerve_to_immune,nerve_c4,nk_cell,0.1779,16.0,0.5438,True,0.1807,21.0,0.6809,True,True
nerve_c20,immune_dendritic,ADO,ADORA3,0.10735719,1.0,0.011095384,-0.0022286949868061,-0.1428794732340867,0.0045376904,0.49104425,1.0,0.026226470539431,nerve,immune,immune-nerve,nerve_to_immune,nerve_c20,dendritic,0.7889,9.0,0.1802,False,0.1168,23.0,0.7139,True,False
nerve_c6,malignant,SPP1,ITGAV_ITGB1,1.8300722,0.0,1.3306667,0.0222851094769027,-0.8769092818992079,0.0050579114,0.91353846,1.0,0.0262342747760322,nerve,tumor,nerve-tumor,nerve_to_tumor,nerve_c6,,0.2036,24.0,0.6567,True,,,,,True
immune_t_cell,nerve_c9,CALM1,INSR,1.4160159,0.0,1.5523702,0.8438442783782782,0.7516617363695492,0.0113295745,0.9194337,0.3302953158855671,0.0262979079228163,immune,nerve,immune-nerve,immune_to_nerve,nerve_c9,t_cell,0.4802,7.0,0.3212,True,0.114,24.0,0.7175,True,True
nerve_c12,immune_microglia,IGSF11,VSIR,1.4159143,0.0,1.7287043,2.225832146489828,2.2093811040173743,0.046774067,0.9233297,0.0097942739136982,0.0263191330880173,nerve,immune,immune-nerve,nerve_to_immune,nerve_c12,microglia,0.4368,7.0,0.335,True,0.0584,28.0,0.8514,True,True
immune_dendritic,nerve_c9,GRN,SORT1,1.4154133,0.0,1.9623649,1.260864588785631,1.0449787539361686,0.01773085,0.92769843,0.0649792085236876,0.0264253926891361,immune,nerve,immune-nerve,immune_to_nerve,nerve_c9,dendritic,0.4802,7.0,0.3212,True,0.1168,23.0,0.7139,True,True
nerve_c16,immune_microglia,SPP1,PTGER4,1.8112097,0.0,1.3259335,0.2661688142221434,-0.2784796953452114,0.012867022,0.91339767,1.0,0.0264679568649667,nerve,immune,immune-nerve,nerve_to_immune,nerve_c16,microglia,0.2917,16.0,0.4833,True,0.0584,28.0,0.8514,True,True
immune_t_cell,nerve_c13,S100A4,EGFR,1.414109,0.0,1.339523,0.5546511218669093,0.3002006174583942,0.027044872,0.9138001,0.1261852500684648,0.0265531768306223,immune,nerve,immune-nerve,immune_to_nerve,nerve_c13,t_cell,0.3452,18.0,0.5887,True,0.114,24.0,0.7175,True,True
nerve_c20,immune_t_cell,LAMA2,RPSA,1.4960637,0.0,1.323983,0.7912178634774677,1.0909749554476564,0.02870717,0.91333944,0.0584463858624115,0.0265745041169266,nerve,immune,immune-nerve,nerve_to_immune,nerve_c20,t_cell,0.7889,9.0,0.1802,False,0.114,24.0,0.7175,True,False
nerve_c4,immune_microglia,C3,C5AR2,0.10550255,1.0,0.011108032,-0.2588317002134189,-1.0260271540744146,0.016280543,0.49118662,1.0,0.0266318745622461,nerve,immune,immune-nerve,nerve_to_immune,nerve_c4,microglia,0.1779,16.0,0.5438,True,0.0584,28.0,0.8514,True,True
nerve_c1,immune_dendritic,SPP1,ITGA4_ITGB1,2.0555584,0.0,1.3233317,0.4535106691029089,-0.1414570478449874,0.013009777,0.91331995,0.971476050921162,0.0266385282535202,nerve,immune,immune-nerve,nerve_to_immune,nerve_c1,dendritic,0.1941,18.0,0.5886,True,0.1168,23.0,0.7139,True,True
immune_microglia,nerve_c18,SPP1,ITGAV_ITGB1,2.1980853,0.0,1.3230572,0.2187651030097305,1.620983127707544,0.010908025,0.9133117,0.3698727430605205,0.0266598884026504,immune,nerve,immune-nerve,immune_to_nerve,nerve_c18,microglia,0.5575,4.0,0.2111,False,0.0584,28.0,0.8514,True,False
nerve_c22,immune_tam,SPP1,ITGA5_ITGB1,1.7450202,0.064,1.3229612,0.5120096406267125,-0.435325384437127,0.02647653,0.91330886,1.0,0.0266812567671158,nerve,immune,immune-nerve,nerve_to_immune,nerve_c22,tam,1.0,1.0,-0.0,False,0.221,21.0,0.6495,True,False
immune_nk_cell,nerve_c10,CALM1,GRM3,1.4131281,0.0,1.6706982,1.6892249068739955,0.9076314314942728,0.012229863,0.9221129,0.2565658792637817,0.0267026298310939,immune,nerve,immune-nerve,immune_to_nerve,nerve_c10,nk_cell,0.8274,7.0,0.1908,False,0.1807,21.0,0.6809,True,False
immune_dendritic,nerve_c12,IL18,IL1RAPL1,1.5194013,0.0,1.3203164,1.3662580754640294,1.306252842448172,0.01761926,0.9132296,0.0671839635069383,0.0267668053310449,immune,nerve,immune-nerve,immune_to_nerve,nerve_c12,dendritic,0.4368,7.0,0.335,True,0.1168,23.0,0.7139,True,True
immune_t_cell,nerve_c15,CALM1,PDE1C,1.4113255,0.0,1.5327748,0.9123121888158952,0.9282974312882216,0.008001491,0.91896194,0.4072704564546749,0.0268524852852367,immune,nerve,immune-nerve,immune_to_nerve,nerve_c15,t_cell,0.2441,11.0,0.4778,True,0.114,24.0,0.7175,True,True
nerve_c2,malignant,APP,LRP1,1.4112995,0.0,1.4267013,0.9573532472141448,1.07982530491324,0.019753717,0.9162512,0.0584463858624115,0.0268739275634764,nerve,tumor,nerve-tumor,nerve_to_tumor,nerve_c2,,0.4082,17.0,0.533,True,,,,,True
nerve_c15,immune_tam,APP,LRP1,1.450376,0.0,1.3189976,0.991092353761416,1.0612871734041918,0.018198425,0.91319,0.0589804825207694,0.0268739275634764,nerve,immune,immune-nerve,nerve_to_immune,nerve_c15,tam,0.2441,11.0,0.4778,True,0.221,21.0,0.6495,True,True
nerve_c21,immune_microglia,SPP1,CD44,1.4757769,0.721,1.3186153,-0.1035436726107664,-1.094631419854104,0.00403246,0.9131785,1.0,0.0268953745253087,nerve,immune,immune-nerve,nerve_to_immune,nerve_c21,microglia,1.0,1.0,-0.0,False,0.0584,28.0,0.8514,True,False
immune_nk_cell,nerve_c0,CALM1,PTPRA,1.410108,0.0,1.6587125,0.5061229878249982,0.5759657092446313,0.011279595,0.9218539,0.3345594886860815,0.0270457507445502,immune,nerve,immune-nerve,immune_to_nerve,nerve_c0,nk_cell,0.1812,15.0,0.5697,True,0.1807,21.0,0.6809,True,True
immune_microglia,nerve_c20,GRN,SORT1,1.41002,0.0,1.9845309,1.2090623240208862,1.7671682629966332,0.017931128,0.92807424,0.0622521697927063,0.0270887877311327,immune,nerve,immune-nerve,immune_to_nerve,nerve_c20,microglia,0.7889,9.0,0.1802,False,0.0584,28.0,0.8514,True,False
immune_dendritic,nerve_c2,GRN,SORT1,1.4095464,0.0,1.9481336,1.2512566411738464,1.1115599435303194,0.017602265,0.927454,0.0674889018921563,0.0271534065239253,immune,nerve,immune-nerve,immune_to_nerve,nerve_c2,dendritic,0.4082,17.0,0.533,True,0.1168,23.0,0.7139,True,True
nerve_c16,malignant,SPP1,ITGAV_ITGB1,1.8092972,0.0,1.3136588,0.0122876838550173,-0.9144059907545738,0.0049932646,0.9130291,1.0,0.0272180956121743,nerve,tumor,nerve-tumor,nerve_to_tumor,nerve_c16,,0.2917,16.0,0.4833,True,,,,,True
immune_dendritic,nerve_c20,PSAP,SORT1,1.4089122,0.0,1.9812734,0.8254306234127372,0.4387812993398596,0.009949578,0.9280194,0.4816485283900246,0.0272612674189509,immune,nerve,immune-nerve,immune_to_nerve,nerve_c20,dendritic,0.7889,9.0,0.1802,False,0.1168,23.0,0.7139,True,False
nerve_c2,immune_microglia,EDIL3,ITGAV,1.4082096,0.0,1.3349617,2.0895681845596483,1.617004794583632,0.018304814,0.91366565,0.0316264234121042,0.0273477023607189,nerve,immune,immune-nerve,nerve_to_immune,nerve_c2,microglia,0.4082,17.0,0.533,True,0.0584,28.0,0.8514,True,True
nerve_c2,immune_dendritic,TGS1,RXRA,0.10600114,1.0,0.011158972,-0.1241459823805201,-0.1339887317720377,0.003569644,0.49175838,1.0,0.0274425720699357,nerve,immune,immune-nerve,nerve_to_immune,nerve_c2,dendritic,0.4082,17.0,0.533,True,0.1168,23.0,0.7139,True,True
immune_nk_cell,nerve_c13,CALM1,INSR,1.4076569,0.0,1.6489851,0.8835143104965902,0.945962192482778,0.012034695,0.92164177,0.2723002519799996,0.0274559323293486,immune,nerve,immune-nerve,immune_to_nerve,nerve_c13,nk_cell,0.3452,18.0,0.5887,True,0.1807,21.0,0.6809,True,True
immune_t_cell,nerve_c22,CALM1,PDE1A,1.4072506,0.0,1.5157514,1.4179064967519264,1.2027228710567464,0.015595517,0.9185451,0.1082855007743871,0.0274992809980217,immune,nerve,immune-nerve,immune_to_nerve,nerve_c22,t_cell,1.0,1.0,-0.0,False,0.114,24.0,0.7175,True,False
nerve_c15,immune_dendritic,SPP1,PTGER4,1.9878827,0.0,1.310394,0.3209822608876087,-0.3080260653227603,0.012716225,0.91293025,1.0,0.027564367267107,nerve,immune,immune-nerve,nerve_to_immune,nerve_c15,dendritic,0.2441,11.0,0.4778,True,0.1168,23.0,0.7139,True,True
nerve_c16,immune_microglia,COPA,CD74,2.0889442,0.0,1.3100203,0.3172620517300424,1.5092987030907912,0.005527427,0.9129189,0.6907212121656012,0.0275860767039185,nerve,immune,immune-nerve,nerve_to_immune,nerve_c16,microglia,0.2917,16.0,0.4833,True,0.0584,28.0,0.8514,True,True
immune_t_cell,nerve_c6,VIM,CD44,1.4363656,0.0,1.3096699,0.0929679673333394,-0.2288100226406081,0.017894197,0.91290826,1.0,0.0276077979074315,immune,nerve,immune-nerve,immune_to_nerve,nerve_c6,t_cell,0.2036,24.0,0.6567,True,0.114,24.0,0.7175,True,True
nerve_c13,immune_tam,PSEN1,CD44,1.4065847,0.0,1.7310238,1.233843171348287,1.464598549059791,0.016263826,0.92337716,0.0926622029784167,0.0276077979074315,nerve,immune,immune-nerve,nerve_to_immune,nerve_c13,tam,0.3452,18.0,0.5887,True,0.221,21.0,0.6495,True,True
nerve_c22,immune_nk_cell,B2M,KLRC1,1.4064801,0.947,1.9254194,2.2976518690214736,-0.0809985502104642,0.028362518,0.92705846,0.283233116642322,0.0276295273078574,nerve,immune,immune-nerve,nerve_to_immune,nerve_c22,nk_cell,1.0,1.0,-0.0,False,0.1807,21.0,0.6809,True,False
immune_tam,nerve_c7,LGALS9,PTPRK,1.4453187,0.0,1.3075409,1.8579100205812875,1.6252580843284272,0.020517096,0.9128436,0.0304733795140896,0.0276947575315138,immune,nerve,immune-nerve,immune_to_nerve,nerve_c7,tam,0.17,15.0,0.5776,True,0.221,21.0,0.6495,True,True
immune_nk_cell,nerve_c10,IL18,IL18BP,0.11346383,1.0,0.011184288,-0.1379218433249098,-0.3608019464735443,0.007562652,0.49204156,1.0,0.0278478655581593,immune,nerve,immune-nerve,immune_to_nerve,nerve_c10,nk_cell,0.8274,7.0,0.1908,False,0.1807,21.0,0.6809,True,False
nerve_c20,immune_nk_cell,LAMA2,RPSA,1.4763451,0.0,1.3026903,0.7751882866995747,0.9533739105484882,0.028245494,0.91269565,0.0584463858624115,0.0279127336963894,nerve,immune,immune-nerve,nerve_to_immune,nerve_c20,nk_cell,0.7889,9.0,0.1802,False,0.1807,21.0,0.6809,True,False
malignant,nerve_c7,IL1RAPL1,PTPRD,1.6452402,0.0,1.3018031,1.848103925687272,1.792250008125552,0.065331616,0.91266847,0.0025192413026261,0.0279564300973421,tumor,nerve,nerve-tumor,tumor_to_nerve,nerve_c7,,0.17,15.0,0.5776,True,,,,,True
immune_tam,nerve_c3,GRN,SORT1,1.4027048,0.0,1.9657387,1.1670258971047092,1.1346318914016071,0.017761333,0.9277561,0.0645185982272602,0.0279564300973421,immune,nerve,immune-nerve,immune_to_nerve,nerve_c3,tam,0.1893,16.0,0.5434,True,0.221,21.0,0.6495,True,True
immune_nk_cell,nerve_c12,CALM1,PTPRA,1.4027014,0.0,1.6293188,0.4956301519743973,0.5805873605028405,0.011079712,0.9212075,0.3539672300598699,0.0279782869883829,immune,nerve,immune-nerve,immune_to_nerve,nerve_c12,nk_cell,0.4368,7.0,0.335,True,0.1807,21.0,0.6809,True,True
nerve_c2,malignant,EDIL3,ITGAV,1.402096,0.0,1.3079001,2.081695733168429,1.503416848058732,0.017938405,0.9128545,0.0489875211834149,0.0281315288586486,nerve,tumor,nerve-tumor,nerve_to_tumor,nerve_c2,,0.4082,17.0,0.533,True,,,,,True
immune_tam,nerve_c16,AGTRAP,RACK1,1.4828129,0.0,1.2995032,0.6130465305624418,0.5444792391011655,0.037029717,0.91259795,0.0584463858624115,0.0281315288586486,immune,nerve,immune-nerve,immune_to_nerve,nerve_c16,tam,0.2917,16.0,0.4833,True,0.221,21.0,0.6495,True,True
malignant,immune_dendritic,MIF,CD74_CXCR4,1.4018116,0.0,1.8283188,0.4379134422317323,0.6603651767579952,0.010802822,0.9252894,0.3808737545670229,0.0281973277709155,tumor,immune,immune-tumor,tumor_to_immune,,dendritic,,,,,0.1168,23.0,0.7139,True,True
immune_t_cell,nerve_c0,HSPA8,LRP2,1.4016078,0.0,1.746822,2.123970172185094,1.4145156193960655,0.015875174,0.92369795,0.06618126400686,0.0282192783149088,immune,nerve,immune-nerve,immune_to_nerve,nerve_c0,t_cell,0.1812,15.0,0.5697,True,0.114,24.0,0.7175,True,True
malignant,nerve_c5,FGF1,FGFRL1,0.107562706,0.0,0.011186899,0.2273951919570209,0.1705501863555722,0.09793407,0.49207073,0.2634722735143089,0.0282531222048681,tumor,nerve,nerve-tumor,tumor_to_nerve,nerve_c5,,0.5076,15.0,0.4523,False,,,,,False
immune_nk_cell,nerve_c10,HSPA8,LRP2,1.4008522,0.0,1.9562399,2.7449358646651367,1.1583938810882837,0.01777837,0.9275935,0.0643710663197247,0.0283071551082798,immune,nerve,immune-nerve,immune_to_nerve,nerve_c10,nk_cell,0.8274,7.0,0.1908,False,0.1807,21.0,0.6809,True,False
nerve_c15,immune_dendritic,B2M,CD1C,2.025362,0.0,1.2973382,1.7017151489303293,0.5044040649643998,0.062317885,0.91253144,0.0584463858624115,0.0283511425996556,nerve,immune,immune-nerve,nerve_to_immune,nerve_c15,dendritic,0.2441,11.0,0.4778,True,0.1168,23.0,0.7139,True,True
immune_t_cell,malignant,VIM,CD44,1.4336773,0.0,1.2972803,0.0901334239698428,-0.16669697961874,0.009297015,0.9125297,1.0,0.0283731504271462,immune,tumor,immune-tumor,immune_to_tumor,,t_cell,,,,,0.114,24.0,0.7175,True,True
nerve_c13,malignant,SPP1,CD44,1.4336673,1.0,1.297269,-0.1197482535729509,-1.0681648820051877,0.0033577417,0.91252935,1.0,0.0283951628163595,nerve,tumor,nerve-tumor,nerve_to_tumor,nerve_c13,,0.3452,18.0,0.5887,True,,,,,True
immune_dendritic,nerve_c15,GRN,SORT1,1.3992407,0.0,1.923135,1.2343793550885154,1.191177349422723,0.017376391,0.9270183,0.0711767156924656,0.0285274234135573,immune,nerve,immune-nerve,immune_to_nerve,nerve_c15,dendritic,0.2441,11.0,0.4778,True,0.1168,23.0,0.7139,True,True
nerve_c3,immune_dendritic,LRP1B,PLAUR,1.3987064,0.0,1.6082672,0.8281868415764602,0.80924297403769,0.01986571,0.9207342,0.0584463858624115,0.0285936641266308,nerve,immune,immune-nerve,nerve_to_immune,nerve_c3,dendritic,0.1893,16.0,0.5434,True,0.1168,23.0,0.7139,True,True
immune_tam,nerve_c18,SPP1,CD44,1.4547019,1.0,1.2938268,-0.1139482781144889,-0.5971075837144232,0.021018198,0.91242325,1.0,0.0285936641266308,immune,nerve,immune-nerve,immune_to_nerve,nerve_c18,tam,0.5575,4.0,0.2111,False,0.221,21.0,0.6495,True,False
immune_dendritic,nerve_c7,TIMP1,FGFR2,1.3981475,0.0,1.7282927,2.2265412575097097,1.4630029360655303,0.010998794,0.9233213,0.0562247628853005,0.0286378642768115,immune,nerve,immune-nerve,immune_to_nerve,nerve_c7,dendritic,0.17,15.0,0.5776,True,0.1168,23.0,0.7139,True,True
malignant,nerve_c7,CALM1,PDE1A,1.3975422,0.0,1.9444487,2.106511469714822,1.4971388411398714,0.020092841,0.9273903,0.049913278502228,0.0287042276398914,tumor,nerve,nerve-tumor,tumor_to_nerve,nerve_c7,,0.17,15.0,0.5776,True,,,,,True
immune_tam,nerve_c3,APOE,ABCA1,1.3973862,1.0,1.8945953,0.325445816748137,-0.4170578633535751,0.016047986,0.9265109,1.0,0.0287263626845034,immune,nerve,immune-nerve,immune_to_nerve,nerve_c3,tam,0.1893,16.0,0.5434,True,0.221,21.0,0.6495,True,True
nerve_c12,immune_dendritic,VCAN,CD44,1.3971426,0.0,1.7088708,0.9133428471278886,0.9828618375843482,0.047472984,0.9229203,0.0424036627778264,0.0287706609353168,nerve,immune,immune-nerve,nerve_to_immune,nerve_c12,dendritic,0.4368,7.0,0.335,True,0.1168,23.0,0.7139,True,True
malignant,nerve_c12,APP,DCC,1.3971239,0.0,1.9262894,1.585647268363551,1.7849317715538802,0.09564184,0.9270737,0.002000994373766,0.0287928241433691,tumor,nerve,nerve-tumor,tumor_to_nerve,nerve_c12,,0.4368,7.0,0.335,True,,,,,True
immune_dendritic,nerve_c20,CALM1,PDE1A,1.3967075,0.0,1.9506611,2.203203702138224,1.0274158973213097,0.02007029,0.92749757,0.0584463858624115,0.0288815514142007,immune,nerve,immune-nerve,immune_to_nerve,nerve_c20,dendritic,0.7889,9.0,0.1802,False,0.1168,23.0,0.7139,True,False
nerve_c0,immune_nk_cell,HMGB1,CXCR4,1.3965958,0.0,1.5892028,0.080761595532365,0.0375791813783117,0.0062071746,0.920298,1.0,0.0289037554868963,nerve,immune,immune-nerve,nerve_to_immune,nerve_c0,nk_cell,0.1812,15.0,0.5697,True,0.1807,21.0,0.6809,True,True
nerve_c20,immune_tam,TF,TFRC,1.4815352,0.0,1.2875446,2.2050300978168433,1.6293615325440918,0.015102943,0.9122286,0.029959304376286,0.0289481844943555,nerve,immune,immune-nerve,nerve_to_immune,nerve_c20,tam,0.7889,9.0,0.1802,False,0.221,21.0,0.6495,True,False
nerve_neuron,immune_microglia,RIMS2,ABCA1,1.3961608,0.0,1.3930854,2.5156169456023494,1.9147960302790097,0.11902674,0.9153318,0.0001134065307818,0.0289926461819317,nerve,immune,immune-nerve,nerve_to_immune,nerve_neuron,microglia,0.5032,7.0,0.4667,False,0.0584,28.0,0.8514,True,False
nerve_c13,immune_tam,COL4A5,CD44,1.3958306,0.0,1.6900713,1.783995396386692,1.7116291832229205,0.018728107,0.9225259,0.0364003610115459,0.029037144205793,nerve,immune,immune-nerve,nerve_to_immune,nerve_c13,tam,0.3452,18.0,0.5887,True,0.221,21.0,0.6495,True,True
nerve_c12,immune_tam,IGSF11,VSIR,1.3956652,0.0,1.650082,2.200298859019337,1.6851227617890778,0.04464676,0.9216658,0.0231117668262176,0.0290594018116199,nerve,immune,immune-nerve,nerve_to_immune,nerve_c12,tam,0.4368,7.0,0.335,True,0.221,21.0,0.6495,True,True
immune_dendritic,nerve_neuron,IL18,IL1RAPL1,1.485256,0.0,1.2844442,1.3261741356995578,1.1584277625251838,0.017140554,0.912132,0.0751055314682239,0.0291262309567629,immune,nerve,immune-nerve,immune_to_nerve,nerve_neuron,dendritic,0.5032,7.0,0.4667,False,0.1168,23.0,0.7139,True,False
nerve_c3,immune_tam,COL4A5,CD44,1.3953104,0.0,1.6880903,1.782550691562681,1.5885367261271293,0.018706154,0.9224839,0.0365207480206249,0.0291262309567629,nerve,immune,immune-nerve,nerve_to_immune,nerve_c3,tam,0.1893,16.0,0.5434,True,0.221,21.0,0.6495,True,True
nerve_c13,immune_t_cell,SPP1,PTGER4,1.4308035,0.527,1.2840708,0.1693229158693393,-0.6330356123518458,0.012460782,0.91212034,1.0,0.0291485248953685,nerve,immune,immune-nerve,nerve_to_immune,nerve_c13,t_cell,0.3452,18.0,0.5887,True,0.114,24.0,0.7175,True,True
immune_nk_cell,nerve_c2,CALM1,GRM3,1.3948128,0.0,1.5980126,1.623090348343327,1.0137814761909782,0.011697787,0.92050046,0.268387996627643,0.029170823334004,immune,nerve,immune-nerve,immune_to_nerve,nerve_c2,nk_cell,0.4082,17.0,0.533,True,0.1807,21.0,0.6809,True,True
immune_microglia,nerve_c6,APOE,LRP2,2.0923686,0.0,1.2833303,0.989355327288382,2.0781563163981676,0.010804018,0.9120972,0.1932302621260733,0.0291931336060571,immune,nerve,immune-nerve,immune_to_nerve,nerve_c6,microglia,0.2036,24.0,0.6567,True,0.0584,28.0,0.8514,True,True
immune_microglia,nerve_c17,TIMP1,CD63,1.3946157,0.082,1.4212145,0.0510361692175969,0.0166560968655336,0.0066453526,0.91610324,1.0,0.0292377749784433,immune,nerve,immune-nerve,immune_to_nerve,nerve_c17,microglia,0.712,4.0,0.1815,False,0.0584,28.0,0.8514,True,False
malignant,immune_dendritic,ADAM15,ITGA5,0.10646312,0.233,0.011224832,0.0074450026291388,-0.0242327553222929,0.0017174544,0.4924938,1.0,0.0292661016100895,tumor,immune,immune-tumor,tumor_to_immune,,dendritic,,,,,0.1168,23.0,0.7139,True,True
nerve_c7,immune_nk_cell,HMGB1,CXCR4,1.3939993,0.0,1.578829,0.0782985364637707,0.0961270254764182,0.006166657,0.9200574,1.0,0.0293495231215158,nerve,immune,immune-nerve,nerve_to_immune,nerve_c7,nk_cell,0.17,15.0,0.5776,True,0.1807,21.0,0.6809,True,True
nerve_c0,immune_dendritic,LRP1B,PLAUR,1.3939435,0.0,1.6005636,0.8237228539485884,0.8917959736544953,0.019770555,0.9205588,0.0584463858624115,0.029371898711955,nerve,immune,immune-nerve,nerve_to_immune,nerve_c0,dendritic,0.1812,15.0,0.5697,True,0.1168,23.0,0.7139,True,True
nerve_c12,immune_dendritic,LRP1B,PLAUR,1.393398,0.0,1.5996814,0.8232111207812143,0.8959023544269978,0.019759655,0.92053866,0.0584463858624115,0.0294166707003266,nerve,immune,immune-nerve,nerve_to_immune,nerve_c12,dendritic,0.4368,7.0,0.335,True,0.1168,23.0,0.7139,True,True
malignant,nerve_c7,CALM1,INSR,1.3918588,0.0,1.9275044,1.117769436441186,1.181105351995615,0.013958877,0.927095,0.1622960442920709,0.0296410239452545,tumor,nerve,nerve-tumor,tumor_to_nerve,nerve_c7,,0.17,15.0,0.5776,True,,,,,True
immune_t_cell,nerve_c4,CALM1,RYR2,1.391743,0.0,1.4509642,1.6505482864896228,1.0794118423366836,0.0280223,0.9168959,0.0584463858624115,0.0296635019236569,immune,nerve,immune-nerve,immune_to_nerve,nerve_c4,t_cell,0.1779,16.0,0.5438,True,0.114,24.0,0.7175,True,True
immune_t_cell,nerve_c6,TIMP1,CD63,1.757792,0.0,1.2744517,0.3242718031834578,-0.0478900176042973,0.0059591155,0.9118185,1.0,0.0297084860457005,immune,nerve,immune-nerve,immune_to_nerve,nerve_c6,t_cell,0.2036,24.0,0.6567,True,0.114,24.0,0.7175,True,True
immune_nk_cell,nerve_c5,CALM1,GRM3,1.3915198,0.0,1.5849439,1.6112025271233823,0.9312563210634748,0.011602122,0.9201995,0.3062979419185683,0.0297084860457005,immune,nerve,immune-nerve,immune_to_nerve,nerve_c5,nk_cell,0.5076,15.0,0.4523,False,0.1807,21.0,0.6809,True,False
nerve_c18,immune_dendritic,VIM,CD44,1.3913943,0.045,1.698477,0.130014335935129,0.2783866436067758,0.016335236,0.92270297,1.0,0.0297309921911868,nerve,immune,immune-nerve,nerve_to_immune,nerve_c18,dendritic,0.5575,4.0,0.2111,False,0.1168,23.0,0.7139,True,False
nerve_c15,immune_tam,HMGB1,CXCR4,1.391016,0.0,1.8649981,0.1283516939849568,-0.074378416045262,0.007284388,0.92597306,1.0,0.0297760252480924,nerve,immune,immune-nerve,nerve_to_immune,nerve_c15,tam,0.2441,11.0,0.4778,True,0.221,21.0,0.6495,True,True
immune_dendritic,nerve_c2,S100A4,ERBB3,1.3908358,0.0,1.7980441,1.9957142613416852,1.337857991254591,0.015414955,0.9247102,0.083882623888276,0.0298210909231591,immune,nerve,immune-nerve,immune_to_nerve,nerve_c2,dendritic,0.4082,17.0,0.533,True,0.1168,23.0,0.7139,True,True
nerve_c15,immune_dendritic,SPP1,ITGA4_ITGB1,1.9825608,0.0,1.2719359,0.4183845284779777,-0.1997477246551522,0.012504501,0.91173905,1.0,0.0298436378453694,nerve,immune,immune-nerve,nerve_to_immune,nerve_c15,dendritic,0.2441,11.0,0.4778,True,0.1168,23.0,0.7139,True,True
malignant,immune_microglia,EFNB2,EPHB2,0.106585935,0.0,0.011262145,0.0840844585209912,0.0384867414339397,0.0010237644,0.49290854,1.0,0.0298737804100465,tumor,immune,immune-tumor,tumor_to_immune,,microglia,,,,,0.0584,28.0,0.8514,True,True
nerve_c2,immune_dendritic,SPP1,PTGER4,1.9327028,0.0,1.2703687,0.2944299332220703,-0.4396347392835198,0.012327815,0.9116894,1.0,0.0299564873383654,nerve,immune,immune-nerve,nerve_to_immune,nerve_c2,dendritic,0.4082,17.0,0.533,True,0.1168,23.0,0.7139,True,True
immune_nk_cell,malignant,CALM1,PTPRA,1.3886795,0.0,1.5736716,0.4757612017243161,0.7032885060266296,0.0026746774,0.919937,0.4970848874510563,0.0300695406178451,immune,tumor,immune-tumor,immune_to_tumor,,nk_cell,,,,,0.1807,21.0,0.6809,True,True
immune_dendritic,nerve_c15,HRAS,CAV1,0.11333263,0.929,0.011359163,-0.0418543127796744,-0.1002674875274869,0.0035951745,0.49398056,1.0,0.0300763202054877,immune,nerve,immune-nerve,immune_to_nerve,nerve_c15,dendritic,0.2441,11.0,0.4778,True,0.1168,23.0,0.7139,True,True
nerve_neuron,malignant,NLGN1,NRXN3,1.785907,0.0,1.2693154,1.307448703925854,2.1855153356372723,0.09487734,0.911656,0.0063707368788297,0.0300808578964149,nerve,tumor,nerve-tumor,nerve_to_tumor,nerve_neuron,,0.5032,7.0,0.4667,False,,,,,False
nerve_c7,malignant,NCAM1,NCAM2,1.3884702,0.0,1.3028189,1.1613951671686424,1.6222493766300496,0.05609777,0.9126996,0.0124653775896645,0.0301148182333487,nerve,tumor,nerve-tumor,nerve_to_tumor,nerve_c7,,0.17,15.0,0.5776,True,,,,,True
nerve_c20,immune_microglia,TF,TFRC,1.4776076,0.0,1.2684244,2.199628677107743,2.0239371625117815,0.014878663,0.91162777,0.0108910073147197,0.0301601284418961,nerve,immune,immune-nerve,nerve_to_immune,nerve_c20,microglia,0.7889,9.0,0.1802,False,0.0584,28.0,0.8514,True,False
immune_t_cell,nerve_c13,CALM1,PTPRA,1.3882357,0.0,1.436312,0.4486870749555652,0.6202029643469683,0.009767225,0.91650844,0.4970848874510563,0.0301827976314791,immune,nerve,immune-nerve,immune_to_nerve,nerve_c13,t_cell,0.3452,18.0,0.5887,True,0.114,24.0,0.7175,True,True
malignant,immune_nk_cell,MIF,CD74_CXCR4,1.3875937,1.0,1.7989731,-0.0879025704429555,-0.832190212294929,0.004231096,0.92472816,1.0,0.0302054712401383,tumor,immune,immune-tumor,tumor_to_immune,,nk_cell,,,,,0.1807,21.0,0.6809,True,True
immune_dendritic,nerve_c7,GRN,SORT1,1.3868225,0.0,1.8930118,1.2140417790064977,1.1953741517899237,0.017104214,0.92648244,0.075825188681928,0.0302735484024971,immune,nerve,immune-nerve,immune_to_nerve,nerve_c7,dendritic,0.17,15.0,0.5776,True,0.1168,23.0,0.7139,True,True
malignant,nerve_c3,APOE,ABCA1,1.386734,1.0,1.8596902,0.3199720286950696,-0.5389750386132537,0.014522027,0.9258753,1.0,0.0303189726616643,tumor,nerve,nerve-tumor,tumor_to_nerve,nerve_c3,,0.1893,16.0,0.5434,True,,,,,True
immune_dendritic,malignant,TIMP1,CD63,1.3866343,0.0,1.7070577,0.0600528478834229,0.1360536883367487,0.004125486,0.9228825,1.0,0.0303644332374488,immune,tumor,immune-tumor,immune_to_tumor,,dendritic,,,,,0.1168,23.0,0.7139,True,True
immune_dendritic,nerve_c2,AFDN,EPHB2,0.1068244,1.0,0.011401896,-0.1287044080476531,-0.2262846318620788,0.0026432646,0.49444985,1.0,0.0304813742538924,immune,nerve,immune-nerve,immune_to_nerve,nerve_c2,dendritic,0.4082,17.0,0.533,True,0.1168,23.0,0.7139,True,True
immune_t_cell,nerve_c20,CALM1,PTPRA,1.3860626,0.0,1.4272335,0.4456083550294888,0.5079444047927559,0.009705489,0.9162655,0.4970848874510563,0.0305465863094781,immune,nerve,immune-nerve,immune_to_nerve,nerve_c20,t_cell,0.7889,9.0,0.1802,False,0.114,24.0,0.7175,True,False
nerve_c13,immune_microglia,SPP1,CD44,1.4265835,1.0,1.2646216,-0.1272153136385833,-1.193263322581203,0.0038673417,0.9115067,1.0,0.0305693939546059,nerve,immune,immune-nerve,nerve_to_immune,nerve_c13,microglia,0.3452,18.0,0.5887,True,0.0584,28.0,0.8514,True,True
immune_nk_cell,nerve_c4,PSAP,SORT1,1.3854578,0.0,1.5201623,1.0373482882205147,0.3290567734722841,0.0076339664,0.9186537,0.7290052163833711,0.0305922097409608,immune,nerve,immune-nerve,immune_to_nerve,nerve_c4,nk_cell,0.1779,16.0,0.5438,True,0.1807,21.0,0.6809,True,True
nerve_c22,immune_microglia,SPP1,PTGER4,1.7352397,0.113,1.2631583,0.2296124877990707,-0.4750752416362606,0.012257844,0.91146004,1.0,0.0306835467755062,nerve,immune,immune-nerve,nerve_to_immune,nerve_c22,microglia,1.0,1.0,-0.0,False,0.0584,28.0,0.8514,True,False
malignant,nerve_c9,GDF11,ACVR2B_TGFBR1,0.10877167,0.0,0.011403691,0.219775051759382,0.1389179975607519,0.02096331,0.49446952,0.3103812394677506,0.0306838885070852,tumor,nerve,nerve-tumor,tumor_to_nerve,nerve_c9,,0.4802,7.0,0.3212,True,,,,,True
nerve_c15,immune_nk_cell,B2M,KLRC2,2.02072,0.0,1.2629863,0.7687087950605305,0.4130086126911115,0.052713238,0.91145456,0.0609370155083586,0.030706403259039,nerve,immune,immune-nerve,nerve_to_immune,nerve_c15,nk_cell,0.2441,11.0,0.4778,True,0.1807,21.0,0.6809,True,True
nerve_c2,immune_t_cell,COPA,CD74,1.3846531,0.162,1.4468181,0.1455942030016762,-0.5787072992951696,0.006104624,0.91678685,1.0,0.0307521368804315,nerve,immune,immune-nerve,nerve_to_immune,nerve_c2,t_cell,0.4082,17.0,0.533,True,0.114,24.0,0.7175,True,True
malignant,nerve_c3,IL1RAPL1,PTPRD,1.6026139,0.0,1.2625947,1.7904686834136738,1.6919498633123706,0.063363925,0.91144204,0.0030273195729209,0.0307750140147779,tumor,nerve,nerve-tumor,tumor_to_nerve,nerve_c3,,0.1893,16.0,0.5434,True,,,,,True
immune_t_cell,nerve_c18,VIM,CD44,1.4261365,0.001,1.2625262,0.0821822412421494,-0.2712625953712341,0.017250067,0.91143984,1.0,0.0307979030479819,immune,nerve,immune-nerve,immune_to_nerve,nerve_c18,t_cell,0.5575,4.0,0.2111,False,0.114,24.0,0.7175,True,False
immune_t_cell,malignant,ANXA1,EGFR,1.3842961,0.0,1.9012337,0.683593160679532,2.4700057461160325,0.052638285,0.9266299,0.0584463858624115,0.0308207964528137,immune,tumor,immune-tumor,immune_to_tumor,,t_cell,,,,,0.114,24.0,0.7175,True,True
nerve_c15,immune_microglia,HMGB1,CXCR4,1.3822918,0.0,1.8361127,0.1211412846354642,0.1656159854302907,0.0071715666,0.9254363,1.0,0.0308666152000721,nerve,immune,immune-nerve,nerve_to_immune,nerve_c15,microglia,0.2441,11.0,0.4778,True,0.0584,28.0,0.8514,True,True
nerve_c12,immune_tam,VCAN,ITGB1,1.3821471,0.0,1.6521807,0.9482715060838064,1.0590835732013804,0.06740305,0.9217117,0.0355903418974345,0.0309353967940924,nerve,immune,immune-nerve,nerve_to_immune,nerve_c12,tam,0.4368,7.0,0.335,True,0.221,21.0,0.6495,True,True
immune_nk_cell,nerve_c3,APOE,ABCA1,1.3816133,1.0,1.84291,0.3173402255256395,-0.630336518121446,0.015610192,0.9255637,1.0,0.0310272257383417,immune,nerve,immune-nerve,immune_to_nerve,nerve_c3,nk_cell,0.1893,16.0,0.5434,True,0.1807,21.0,0.6809,True,True
immune_t_cell,nerve_c5,HSPA8,LRP2,1.3815101,0.0,1.6717302,2.0411325376704705,1.2068605809676742,0.015192737,0.92213506,0.1192770224095976,0.0310731871151872,immune,nerve,immune-nerve,immune_to_nerve,nerve_c5,t_cell,0.5076,15.0,0.4523,False,0.114,24.0,0.7175,True,False
nerve_c6,immune_dendritic,HLA-A,APLP2,1.5559627,0.0,1.2585455,0.0118783411127597,-0.2323086687344165,0.009994623,0.9113123,1.0,0.0310731871151872,nerve,immune,immune-nerve,nerve_to_immune,nerve_c6,dendritic,0.2036,24.0,0.6567,True,0.1168,23.0,0.7139,True,True
malignant,nerve_c9,FGF2,SDC2,0.11543606,0.001,0.011430331,0.1055279320835646,0.0518669018691269,0.03687011,0.49476114,0.9542391805415128,0.0310888873100778,tumor,nerve,nerve-tumor,tumor_to_nerve,nerve_c9,,0.4802,7.0,0.3212,True,,,,,True
nerve_c21,immune_nk_cell,SPP1,ITGA4_ITGB1,1.4632493,0.334,1.2584136,0.2997005094180264,-0.4795802540057547,0.012371562,0.91130805,1.0,0.0310961818905675,nerve,immune,immune-nerve,nerve_to_immune,nerve_c21,nk_cell,1.0,1.0,-0.0,False,0.1807,21.0,0.6809,True,False
nerve_c20,immune_t_cell,ALCAM,CD6,1.3812628,0.0,1.3353243,1.8110584205415643,1.794277254447369,0.069165826,0.9136764,0.0017161150413343,0.0311191810147479,nerve,immune,immune-nerve,nerve_to_immune,nerve_c20,t_cell,0.7889,9.0,0.1802,False,0.114,24.0,0.7175,True,False
immune_nk_cell,malignant,NCAM1,PTPRZ1,1.518616,0.0,1.2580436,0.5626338607946476,1.8893110480273525,0.0026414497,0.9112962,0.3163988662045473,0.0311421920515669,immune,tumor,immune-tumor,immune_to_tumor,,nk_cell,,,,,0.1807,21.0,0.6809,True,True
immune_dendritic,nerve_c20,CALM3,PDE1C,1.5397869,0.0,1.2578967,2.486746418953331,1.6462541789002558,0.017205473,0.9112915,0.0279445480848839,0.031165207433675,immune,nerve,immune-nerve,immune_to_nerve,nerve_c20,dendritic,0.7889,9.0,0.1802,False,0.1168,23.0,0.7139,True,False
immune_tam,nerve_c18,CD14,ITGB1,1.3797567,0.0,1.6336848,0.5112192291505595,0.5666752212537368,0.031178351,0.9213045,0.0584463858624115,0.031234309923292,immune,nerve,immune-nerve,immune_to_nerve,nerve_c18,tam,0.5575,4.0,0.2111,False,0.221,21.0,0.6495,True,False
nerve_c0,malignant,ALCAM,CHL1,1.3796302,0.0,1.5069959,1.2714571027934571,1.8896100628200916,0.067094475,0.9183281,0.0075154906311004,0.0313034855666549,nerve,tumor,nerve-tumor,nerve_to_tumor,nerve_c0,,0.1812,15.0,0.5697,True,,,,,True
nerve_c0,immune_tam,LAMA2,CD44,1.378762,0.0,1.6250725,1.447058635520812,1.6177184959050015,0.068930976,0.9211127,0.0034409852255473,0.0314189395720484,nerve,immune,immune-nerve,nerve_to_immune,nerve_c0,tam,0.1812,15.0,0.5697,True,0.221,21.0,0.6495,True,True
nerve_c22,immune_t_cell,HMGB1,CXCR4,1.4181534,0.073,1.2560899,0.0836371107990148,0.4485610328148914,0.0049060886,0.91123337,1.0,0.0314189395720484,nerve,immune,immune-nerve,nerve_to_immune,nerve_c22,t_cell,1.0,1.0,-0.0,False,0.114,24.0,0.7175,True,False
immune_tam,nerve_c17,TIMP1,FGFR2,1.6207683,0.0,1.2560533,1.3360731912951975,1.9835583953579192,0.007993478,0.9112322,0.1118517633765388,0.0314420562694041,immune,nerve,immune-nerve,immune_to_nerve,nerve_c17,tam,0.712,4.0,0.1815,False,0.221,21.0,0.6495,True,False
nerve_c15,immune_dendritic,PTN,NCL,1.3783983,0.0,1.8159331,0.3876270710702416,0.0856231362418609,0.010625482,0.92505413,0.403480351253032,0.0314651772892346,nerve,immune,immune-nerve,nerve_to_immune,nerve_c15,dendritic,0.2441,11.0,0.4778,True,0.1168,23.0,0.7139,True,True
nerve_c3,malignant,NCAM1,NCAM2,1.3782007,0.0,1.290539,1.1497239701598132,1.5510534411992598,0.05556901,0.9123215,0.0130882011259881,0.0314883102354693,nerve,tumor,nerve-tumor,nerve_to_tumor,nerve_c3,,0.1893,16.0,0.5434,True,,,,,True
nerve_c13,immune_nk_cell,PTN,NCL,1.3780096,0.0,1.8885343,0.4245055085829384,0.2293803193675035,0.01105029,0.92640173,0.3562665245342329,0.03151144750067,nerve,immune,immune-nerve,nerve_to_immune,nerve_c13,nk_cell,0.3452,18.0,0.5887,True,0.1807,21.0,0.6809,True,True
immune_t_cell,nerve_c9,VIM,CD44,1.4245412,0.0,1.2551736,0.0805001737641225,-0.3984208707375387,0.017149609,0.9112038,1.0,0.03151144750067,immune,nerve,immune-nerve,immune_to_nerve,nerve_c9,t_cell,0.4802,7.0,0.3212,True,0.114,24.0,0.7175,True,True
nerve_neuron,immune_dendritic,HMGB1,CXCR4,1.3780037,0.0,1.7439616,0.0768469668618679,-0.1083947595323503,0.0068116384,0.92364013,1.0,0.031534596694109,nerve,immune,immune-nerve,nerve_to_immune,nerve_neuron,dendritic,0.5032,7.0,0.4667,False,0.1168,23.0,0.7139,True,False
nerve_c6,immune_dendritic,TGS1,RXRA,0.107548535,1.0,0.011459821,-0.1204533256780273,-0.1294838507597424,0.0036658824,0.4950832,1.0,0.0316963154220229,nerve,immune,immune-nerve,nerve_to_immune,nerve_c6,dendritic,0.2036,24.0,0.6567,True,0.1168,23.0,0.7139,True,True
nerve_c13,immune_tam,VIM,CD44,1.376986,0.0,1.6183095,0.3189569148592893,-0.0450052384408588,0.015564219,0.9209611,0.7023160579726897,0.0316968570381198,nerve,immune,immune-nerve,nerve_to_immune,nerve_c13,tam,0.3452,18.0,0.5887,True,0.221,21.0,0.6495,True,True
nerve_c5,immune_dendritic,SPP1,PTGER4,1.9097992,0.0,1.2537553,0.2834094091804588,-0.4814794406445951,0.012166598,0.9111581,1.0,0.0317432896732367,nerve,immune,immune-nerve,nerve_to_immune,nerve_c5,dendritic,0.5076,15.0,0.4523,False,0.1168,23.0,0.7139,True,False
malignant,nerve_c13,CALM1,PDE1C,1.3767611,0.0,1.8824923,1.1842602354472955,1.1968325721180852,0.009922298,0.9262924,0.1772843064340698,0.0317665200789134,tumor,nerve,nerve-tumor,tumor_to_nerve,nerve_c13,,0.3452,18.0,0.5887,True,,,,,True
nerve_c7,immune_tam,ADAM10,CD44,1.3764961,0.0,1.6164439,1.0048915169378512,1.2712834954703174,0.020378357,0.92091906,0.0584463858624115,0.0317897547825089,nerve,immune,immune-nerve,nerve_to_immune,nerve_c7,tam,0.17,15.0,0.5776,True,0.221,21.0,0.6495,True,True
nerve_c22,malignant,SPP1,ITGAV_ITGB1,1.7333274,0.303,1.2514648,-0.0242686425680553,-1.111001537045623,0.0047568628,0.91108406,1.0,0.031906061522246,nerve,tumor,nerve-tumor,nerve_to_tumor,nerve_c22,,1.0,1.0,-0.0,False,,,,,False
immune_t_cell,nerve_c15,CALM1,INSR,1.3746712,0.0,1.3796428,0.7616754400604764,0.8579685683460564,0.010068969,0.9149553,0.4666373591580161,0.0319759437263844,immune,nerve,immune-nerve,immune_to_nerve,nerve_c15,t_cell,0.2441,11.0,0.4778,True,0.114,24.0,0.7175,True,True
immune_tam,nerve_c13,LGALS1,ITGB1,1.5731667,0.0,1.247791,0.3619450845343187,0.4274083161586416,0.012209674,0.91096485,0.2583724703703984,0.0321860284926427,immune,nerve,immune-nerve,immune_to_nerve,nerve_c13,tam,0.3452,18.0,0.5887,True,0.221,21.0,0.6495,True,True
immune_nk_cell,nerve_c17,IL16,CD9,1.6534872,0.0,1.2461704,1.5646589389623302,1.9238499890493717,0.031434067,0.91091216,0.0584463858624115,0.0322328019460302,immune,nerve,immune-nerve,immune_to_nerve,nerve_c17,nk_cell,0.712,4.0,0.1815,False,0.1807,21.0,0.6809,True,False
immune_tam,nerve_c16,HBEGF,CD9,1.373559,0.0,1.8239408,1.1007860661004667,1.383340141126098,0.031315003,0.9252065,0.0584463858624115,0.0322561989134453,immune,nerve,immune-nerve,immune_to_nerve,nerve_c16,tam,0.2917,16.0,0.4833,True,0.221,21.0,0.6495,True,True
nerve_c15,immune_microglia,EDIL3,ITGAV,1.3734579,0.0,1.2930394,2.021909758222133,1.6258959486430382,0.017729985,0.91239893,0.0303996864305521,0.0322796078384087,nerve,immune,immune-nerve,nerve_to_immune,nerve_c15,microglia,0.2441,11.0,0.4778,True,0.0584,28.0,0.8514,True,True
immune_dendritic,malignant,POMC,RAMP2,0.1081723,0.0,0.01149416,0.2752918863177102,0.1864623606503887,0.018689884,0.4954572,0.2429838379462615,0.032303662757043,immune,tumor,immune-tumor,immune_to_tumor,,dendritic,,,,,0.1168,23.0,0.7139,True,True
immune_microglia,nerve_c21,SPP1,PTGER4,2.1884072,0.0,1.2442536,0.3833250803956462,2.2062913255947403,0.14800096,0.9108497,0.0026039671689331,0.0324202201160003,immune,nerve,immune-nerve,immune_to_nerve,nerve_c21,microglia,1.0,1.0,-0.0,False,0.0584,28.0,0.8514,True,False
immune_nk_cell,nerve_c12,S100A4,ERBB3,1.3722879,0.0,1.6777085,1.8463112928972605,1.2655364073261168,0.014383297,0.9222631,0.1101112149117174,0.032443685799879,immune,nerve,immune-nerve,immune_to_nerve,nerve_c12,nk_cell,0.4368,7.0,0.335,True,0.1807,21.0,0.6809,True,True
nerve_neuron,immune_tam,RIMS2,ABCA1,1.3722665,0.0,1.2907251,2.487377997515967,1.6201318420822433,0.11028097,0.9123273,0.0007863205104837,0.0324671595910709,nerve,immune,immune-nerve,nerve_to_immune,nerve_neuron,tam,0.5032,7.0,0.4667,False,0.221,21.0,0.6495,True,False
nerve_c21,immune_nk_cell,B2M,KLRD1,1.3722227,0.971,1.4069406,1.9866417016242823,0.014497004369762,0.010845548,0.9157145,0.4528136430470846,0.0324906376276065,nerve,immune,immune-nerve,nerve_to_immune,nerve_c21,nk_cell,1.0,1.0,-0.0,False,0.1807,21.0,0.6809,True,False
immune_microglia,nerve_c6,C3,CD81,1.3715569,0.0,1.6967729,0.2728721292895058,1.147217905172545,0.03549372,0.92266715,0.1881221601734565,0.0325846424083086,immune,nerve,immune-nerve,immune_to_nerve,nerve_c6,microglia,0.2036,24.0,0.6567,True,0.0584,28.0,0.8514,True,True
immune_tam,nerve_c12,PSAP,SORT1,1.4534771,0.0,1.2416157,0.4605327324346736,0.4248920504877906,0.0062351576,0.91076344,0.4970848874510563,0.0326552262501163,immune,nerve,immune-nerve,immune_to_nerve,nerve_c12,tam,0.4368,7.0,0.335,True,0.221,21.0,0.6495,True,True
nerve_c22,immune_tam,VCAN,CD44,1.3706548,0.0,1.5942,0.8567377496558537,1.137312008941055,0.04428739,0.920413,0.0555857397840451,0.0327494579223435,nerve,immune,immune-nerve,nerve_to_immune,nerve_c22,tam,1.0,1.0,-0.0,False,0.221,21.0,0.6495,True,False
nerve_c4,immune_microglia,ADAM10,TREM2,1.370595,0.0,1.861264,0.9865219263666484,1.9311390896406184,0.06528048,0.92590433,0.0293980984695609,0.032773033186303,nerve,immune,immune-nerve,nerve_to_immune,nerve_c4,microglia,0.1779,16.0,0.5438,True,0.0584,28.0,0.8514,True,True
nerve_neuron,malignant,IL1RAPL1,PTPRS,1.476217,0.0,1.2402399,1.5381456252776888,1.8144805481103088,0.04639736,0.9107184,0.0189788186011661,0.032773033186303,nerve,tumor,nerve-tumor,nerve_to_tumor,nerve_neuron,,0.5032,7.0,0.4667,False,,,,,False
nerve_c0,immune_dendritic,COL4A5,CD44,1.3704019,0.0,1.6605204,2.574052762797657,1.5617832279528474,0.018400645,0.9218931,0.0400931989640089,0.0328438153323013,nerve,immune,immune-nerve,nerve_to_immune,nerve_c0,dendritic,0.1812,15.0,0.5697,True,0.1168,23.0,0.7139,True,True
immune_t_cell,nerve_c18,TIMP1,CD63,1.7155783,0.0,1.2398001,0.2906601531903047,-0.0919843343583437,0.0057970905,0.91070396,1.0,0.0328910426321362,immune,nerve,immune-nerve,immune_to_nerve,nerve_c18,t_cell,0.5575,4.0,0.2111,False,0.114,24.0,0.7175,True,False
malignant,nerve_c5,PSAP,SORT1,1.3695663,0.0,1.6412089,0.9557937160593196,0.067294584740724,0.008158415,0.92147094,0.8123725992146485,0.0329146703720671,tumor,nerve,nerve-tumor,tumor_to_nerve,nerve_c5,,0.5076,15.0,0.4523,False,,,,,False
immune_microglia,nerve_c12,PSAP,SORT1,1.4509542,0.0,1.2389907,0.4585373568348094,1.2015071178093,0.006221975,0.91067743,0.4970848874510563,0.0330092545352863,immune,nerve,immune-nerve,immune_to_nerve,nerve_c12,microglia,0.4368,7.0,0.335,True,0.0584,28.0,0.8514,True,True
immune_t_cell,nerve_c20,CALM1,RYR2,1.368573,0.0,1.3541663,1.5556688948609645,1.1417111908914392,0.026152855,0.91422737,0.0584463858624115,0.033127668843424,immune,nerve,immune-nerve,immune_to_nerve,nerve_c20,t_cell,0.7889,9.0,0.1802,False,0.114,24.0,0.7175,True,False
nerve_c12,immune_nk_cell,PTN,NCL,1.3683835,0.0,1.863966,0.4175370013957423,0.2020753040392712,0.010906535,0.9259541,0.3701767584502636,0.0331750904483193,nerve,immune,immune-nerve,nerve_to_immune,nerve_c12,nk_cell,0.4368,7.0,0.335,True,0.1807,21.0,0.6809,True,True
nerve_c13,malignant,CNTN2,NRCAM,1.3681917,0.0,1.8609291,2.4385975239321014,2.580795869874675,0.053956132,0.9258982,0.0049794116170957,0.0332225483280598,nerve,tumor,nerve-tumor,nerve_to_tumor,nerve_c13,,0.3452,18.0,0.5887,True,,,,,True
nerve_c15,immune_t_cell,MIF,CD74_CXCR4,1.3681747,1.0,1.3785797,-0.1713034774745837,-1.2072757546855053,0.0051226974,0.91492534,1.0,0.0332462855042197,nerve,immune,immune-nerve,nerve_to_immune,nerve_c15,t_cell,0.2441,11.0,0.4778,True,0.114,24.0,0.7175,True,True
nerve_c15,immune_t_cell,PTN,NCL,1.3680035,0.0,1.7812496,0.3759889631571805,0.1655591063834881,0.01042254,0.92438287,0.4243094483395868,0.0332937880341954,nerve,immune,immune-nerve,nerve_to_immune,nerve_c15,t_cell,0.2441,11.0,0.4778,True,0.114,24.0,0.7175,True,True
nerve_c15,malignant,EDIL3,ITGAV,1.3673444,0.0,1.2668277,2.014037306830914,1.512308002118138,0.017375082,0.911577,0.0475685740124956,0.0333888940938617,nerve,tumor,nerve-tumor,nerve_to_tumor,nerve_c15,,0.2441,11.0,0.4778,True,,,,,True
nerve_c3,immune_nk_cell,CD22,PTPRC,1.3671902,0.0,1.50469,2.081572937272541,1.3626748882219322,0.020806195,0.9182707,0.0584463858624115,0.0334364937073684,nerve,immune,immune-nerve,nerve_to_immune,nerve_c3,nk_cell,0.1893,16.0,0.5434,True,0.1807,21.0,0.6809,True,True
nerve_c12,immune_dendritic,HMGB1,CXCR4,1.3671675,0.0,1.7055663,0.0665659789570107,-0.0625633669067595,0.006661672,0.9228514,1.0,0.0334841256744672,nerve,immune,immune-nerve,nerve_to_immune,nerve_c12,dendritic,0.4368,7.0,0.335,True,0.1168,23.0,0.7139,True,True
nerve_c2,immune_dendritic,SPP1,ITGA4_ITGB1,1.9273808,0.0,1.2330853,0.3918322008124393,-0.3313563986159118,0.012122558,0.91048294,1.0,0.0334841256744672,nerve,immune,immune-nerve,nerve_to_immune,nerve_c2,dendritic,0.4082,17.0,0.533,True,0.1168,23.0,0.7139,True,True
immune_dendritic,nerve_c1,PSAP,GPR37,1.3671553,0.0,1.8687309,1.8685369547203965,0.754507294469106,0.01415906,0.92604154,0.1547941685753154,0.0335079557489653,immune,nerve,immune-nerve,immune_to_nerve,nerve_c1,dendritic,0.1941,18.0,0.5886,True,0.1168,23.0,0.7139,True,True
nerve_c7,immune_nk_cell,PSEN1,CD44,1.3668222,0.0,1.7443181,1.4883648069058633,1.4125001548347518,0.016388733,0.92364734,0.0738987813209388,0.0335317899918093,nerve,immune,immune-nerve,nerve_to_immune,nerve_c7,nk_cell,0.17,15.0,0.5776,True,0.1807,21.0,0.6809,True,True
nerve_c17,immune_microglia,HMGB1,TLR2,1.365952,0.0,1.2649107,0.4577895286500274,1.0586108760948676,0.024196882,0.91151595,0.0584463858624115,0.0336033490792601,nerve,immune,immune-nerve,nerve_to_immune,nerve_c17,microglia,0.712,4.0,0.1815,False,0.0584,28.0,0.8514,True,False
immune_nk_cell,nerve_c5,CALM1,INSR,1.3649174,0.0,1.4793695,0.7985731295602232,0.6748199844766192,0.010796798,0.91763157,0.3813710801688406,0.0336749809399088,immune,nerve,immune-nerve,immune_to_nerve,nerve_c5,nk_cell,0.5076,15.0,0.4523,False,0.1807,21.0,0.6809,True,False
immune_dendritic,nerve_c0,CALM1,PDE1A,1.3648852,0.0,1.86104,2.097514710065697,1.216119458173974,0.019148182,0.9259002,0.0584463858624115,0.0336988717770381,immune,nerve,immune-nerve,immune_to_nerve,nerve_c0,dendritic,0.1812,15.0,0.5697,True,0.1168,23.0,0.7139,True,True
nerve_c13,immune_tam,TF,TFRC,1.4252936,0.0,1.2280456,2.102565206828023,1.7445969429101047,0.014405018,0.9103159,0.0187330297320431,0.0338903130480069,nerve,immune,immune-nerve,nerve_to_immune,nerve_c13,tam,0.3452,18.0,0.5887,True,0.221,21.0,0.6495,True,True
nerve_c17,immune_dendritic,PTN,NCL,1.3639538,0.0,1.7844877,0.3771706543029828,0.3038197914915783,0.010441487,0.92444634,0.4217548932256402,0.0339382482711252,nerve,immune,immune-nerve,nerve_to_immune,nerve_c17,dendritic,0.712,4.0,0.1815,False,0.1168,23.0,0.7139,True,False
immune_nk_cell,nerve_c9,CALM1,INSR,1.3637296,0.0,1.4746556,0.7962116661530476,0.6439205863505864,0.010762395,0.9175109,0.3846155784318941,0.0340102235319661,immune,nerve,immune-nerve,immune_to_nerve,nerve_c9,nk_cell,0.4802,7.0,0.3212,True,0.1807,21.0,0.6809,True,True
immune_tam,nerve_c16,PSAP,SORT1,1.4503833,0.0,1.226847,0.4554658323633812,0.4219328712384119,0.006160992,0.910276,0.4970848874510563,0.0340222225314263,immune,nerve,immune-nerve,immune_to_nerve,nerve_c16,tam,0.2917,16.0,0.4833,True,0.221,21.0,0.6495,True,True
malignant,nerve_c3,NLGN1,NRXN3,1.3636425,0.0,1.850967,1.2227119028086937,2.301786241638057,0.06807971,0.92571384,0.0094584704612929,0.0340462344833115,tumor,nerve,nerve-tumor,tumor_to_nerve,nerve_c3,,0.1893,16.0,0.5434,True,,,,,True
nerve_c3,malignant,NRXN3,NLGN1,1.3636425,0.0,1.850967,1.2227119028086937,2.301786241638057,0.06807971,0.92571384,0.0094584704612929,0.0340462344833115,nerve,tumor,nerve-tumor,nerve_to_tumor,nerve_c3,,0.1893,16.0,0.5434,True,,,,,True
immune_dendritic,nerve_c7,LGALS9,PTPRK,1.4277791,0.0,1.2258315,1.8317426137593775,1.5764755738732898,0.019234963,0.9102422,0.0377757018329611,0.0341062957559384,immune,nerve,immune-nerve,immune_to_nerve,nerve_c7,dendritic,0.17,15.0,0.5776,True,0.1168,23.0,0.7139,True,True
immune_microglia,nerve_c13,LGALS9,PTPRK,1.3632274,0.0,1.4182028,1.716250453779755,2.128152355597528,0.022253534,0.9160217,0.0427344276087459,0.0341543763749827,immune,nerve,immune-nerve,immune_to_nerve,nerve_c13,microglia,0.3452,18.0,0.5887,True,0.0584,28.0,0.8514,True,True
immune_t_cell,nerve_c0,CALM1,RYR2,1.3630298,0.0,1.3310083,1.5329694269669851,1.1057188079047915,0.025705606,0.9135486,0.0584463858624115,0.0342024972067365,immune,nerve,immune-nerve,immune_to_nerve,nerve_c0,t_cell,0.1812,15.0,0.5697,True,0.114,24.0,0.7175,True,True
immune_microglia,nerve_c16,PSAP,SORT1,1.4478602,0.0,1.2242532,0.453470456763517,1.1985479385599214,0.0061479667,0.91018957,0.4970848874510563,0.0342024972067365,immune,nerve,immune-nerve,immune_to_nerve,nerve_c16,microglia,0.2917,16.0,0.4833,True,0.0584,28.0,0.8514,True,True
immune_dendritic,nerve_c3,GNAI2,IGF1R,1.362499,0.0,1.7595347,1.5247823988921931,1.349937343686479,0.025796296,0.92395306,0.0584463858624115,0.0342747311031653,immune,nerve,immune-nerve,immune_to_nerve,nerve_c3,dendritic,0.1893,16.0,0.5434,True,0.1168,23.0,0.7139,True,True
immune_t_cell,nerve_c5,PSEN1,NOTCH1,0.11331821,1.0,0.011671919,-0.198008106384364,-0.2779785521818098,0.003414676,0.4973754,1.0,0.0343275520624155,immune,nerve,immune-nerve,immune_to_nerve,nerve_c5,t_cell,0.5076,15.0,0.4523,False,0.114,24.0,0.7175,True,False
immune_t_cell,nerve_c16,TIMP1,CD63,1.6905267,0.0,1.2192363,0.270713668630558,-0.0801769501833453,0.005700938,0.91002154,1.0,0.0344677232614253,immune,nerve,immune-nerve,immune_to_nerve,nerve_c16,t_cell,0.2917,16.0,0.4833,True,0.114,24.0,0.7175,True,True
nerve_c4,immune_microglia,NUCB2,ERAP1,0.10855658,1.0,0.01167409,-0.1228617239057628,-0.1803048831867517,0.0052231825,0.49739867,1.0,0.0345298893295732,nerve,immune,immune-nerve,nerve_to_immune,nerve_c4,microglia,0.1779,16.0,0.5438,True,0.0584,28.0,0.8514,True,True
nerve_c4,immune_tam,TF,TFRC,1.4160848,0.0,1.2183034,2.085785941615663,1.5174268531329913,0.014290742,0.90999025,0.0468438309070412,0.0345402235348961,nerve,immune,immune-nerve,nerve_to_immune,nerve_c4,tam,0.1779,16.0,0.5438,True,0.221,21.0,0.6495,True,True
immune_microglia,nerve_c2,TIMP1,CD63,1.3607359,0.0,1.3757534,0.0240600871351882,-0.5414114628279452,0.0064327847,0.9148454,1.0,0.0347339258779772,immune,nerve,immune-nerve,immune_to_nerve,nerve_c2,microglia,0.4082,17.0,0.533,True,0.0584,28.0,0.8514,True,True
nerve_c2,immune_dendritic,B2M,CD1C,1.9102598,0.0,1.2166234,1.6310387287159185,0.2876241669924316,0.058440734,0.9099337,0.1051587186586298,0.0347581679955647,nerve,immune,immune-nerve,nerve_to_immune,nerve_c2,dendritic,0.4082,17.0,0.533,True,0.1168,23.0,0.7139,True,True
nerve_c22,immune_nk_cell,SPP1,PTGER4,1.7276111,0.121,1.2165116,0.216814219580009,-0.6371849725868506,0.011805179,0.90992993,1.0,0.0348066923765302,nerve,immune,immune-nerve,nerve_to_immune,nerve_c22,nk_cell,1.0,1.0,-0.0,False,0.1807,21.0,0.6809,True,False
immune_dendritic,malignant,GRN,EGFR,1.3598983,0.0,1.8277018,0.5822216720535565,2.1169657112192004,0.040066812,0.9252777,0.0584463858624115,0.0348795314519344,immune,tumor,immune-tumor,immune_to_tumor,,dendritic,,,,,0.1168,23.0,0.7139,True,True
nerve_c13,immune_t_cell,LGALS1,PTPRC,1.4075055,0.0,1.2157589,0.3173123511997149,0.2690684806287249,0.011000981,0.90990454,0.3598852966687824,0.0348795314519344,nerve,immune,immune-nerve,nerve_to_immune,nerve_c13,t_cell,0.3452,18.0,0.5887,True,0.114,24.0,0.7175,True,True
malignant,nerve_c13,PTN,PTPRZ1,1.4447135,0.0,1.2154826,0.3675833215891649,1.050427871822884,0.03576372,0.90989524,0.0906130834621226,0.0349038299338445,tumor,nerve,nerve-tumor,tumor_to_nerve,nerve_c13,,0.3452,18.0,0.5887,True,,,,,True
immune_nk_cell,nerve_c15,CALM1,PDE1C,1.3590391,0.0,1.4560412,0.8646795765906645,0.8205562812692588,0.007600922,0.9170289,0.4970848874510563,0.035001096496953,immune,nerve,immune-nerve,immune_to_nerve,nerve_c15,nk_cell,0.2441,11.0,0.4778,True,0.1807,21.0,0.6809,True,True
immune_t_cell,nerve_c15,CALM1,GRM3,1.3583598,0.0,1.3114982,1.3503006931049546,0.9979783124869248,0.009600442,0.9129637,0.2823896757430814,0.0351716293375857,immune,nerve,immune-nerve,immune_to_nerve,nerve_c15,t_cell,0.2441,11.0,0.4778,True,0.114,24.0,0.7175,True,True
immune_dendritic,nerve_c3,APOE,ABCA1,1.3583205,1.0,1.7665842,0.3053702369601644,-0.5709213785881595,0.014963681,0.9240934,1.0,0.0351960245568159,immune,nerve,immune-nerve,immune_to_nerve,nerve_c3,dendritic,0.1893,16.0,0.5434,True,0.1168,23.0,0.7139,True,True
immune_nk_cell,nerve_c2,AREG,ERBB3,1.3578267,0.0,1.7306043,2.52874358733117,2.184174869925258,0.027134085,0.9233686,0.0034692073341774,0.0352692505364344,immune,nerve,immune-nerve,immune_to_nerve,nerve_c2,nk_cell,0.4082,17.0,0.533,True,0.1807,21.0,0.6809,True,True
nerve_c13,immune_microglia,TF,TFRC,1.421366,0.0,1.209809,2.0971637861189225,2.1391725728777944,0.014191102,0.90970325,0.0148562656552733,0.035342549021324,nerve,immune,immune-nerve,nerve_to_immune,nerve_c13,microglia,0.3452,18.0,0.5887,True,0.0584,28.0,0.8514,True,True
immune_tam,nerve_c12,TIMP1,CD63,1.6123089,0.0,1.2088224,0.3541268764113549,0.3054478112100214,0.005652244,0.90966976,0.8034180040318072,0.035367000640608,immune,nerve,immune-nerve,immune_to_nerve,nerve_c12,tam,0.4368,7.0,0.335,True,0.221,21.0,0.6495,True,True
immune_nk_cell,nerve_c15,S100A4,ERBB3,1.3571415,0.0,1.622407,1.7944919323195612,1.2275491529904865,0.013909186,0.92105305,0.1254316206918643,0.0353914603161249,immune,nerve,immune-nerve,immune_to_nerve,nerve_c15,nk_cell,0.2441,11.0,0.4778,True,0.1807,21.0,0.6809,True,True
nerve_c17,immune_tam,MIF,CD44_CD74,1.3571405,0.0,1.5427368,0.6166629889828651,0.8940485665360007,0.013751673,0.91920286,0.1708833838013206,0.035415928047456,nerve,immune,immune-nerve,nerve_to_immune,nerve_c17,tam,0.712,4.0,0.1815,False,0.221,21.0,0.6495,True,False
nerve_c13,immune_nk_cell,SPP1,ITGA4_ITGB1,1.414056,0.185,1.2068849,0.2760288683902095,-0.5782121567328538,0.011864981,0.90960383,1.0,0.0354648796233151,nerve,immune,immune-nerve,nerve_to_immune,nerve_c13,nk_cell,0.3452,18.0,0.5887,True,0.1807,21.0,0.6809,True,True
malignant,nerve_c1,TIMP1,FGFR2,1.3562931,0.0,1.8011882,1.9405365447912597,1.6552564836107049,0.011495872,0.924771,0.0268232040134641,0.035611943720249,tumor,nerve,nerve-tumor,tumor_to_nerve,nerve_c1,,0.1941,18.0,0.5886,True,,,,,True
immune_dendritic,nerve_c7,CALM1,PDE1A,1.3562737,0.0,1.8367875,2.0689140205386556,1.162284799724143,0.01889865,0.92544895,0.0584463858624115,0.0356364839297698,immune,nerve,immune-nerve,immune_to_nerve,nerve_c7,dendritic,0.17,15.0,0.5776,True,0.1168,23.0,0.7139,True,True
nerve_c20,immune_tam,EDIL3,ITGAV,1.7494879,0.0,1.2037661,2.8252763043741194,1.859967186259788,0.016505877,0.9094974,0.011276747876975,0.0356610321909178,nerve,immune,immune-nerve,nerve_to_immune,nerve_c20,tam,0.7889,9.0,0.1802,False,0.221,21.0,0.6495,True,False
nerve_c0,immune_nk_cell,PSEN1,CD44,1.3561437,0.0,1.7226442,1.4692859055754672,1.326540125579572,0.016185096,0.9232053,0.0875784959588474,0.0356855885032744,nerve,immune,immune-nerve,nerve_to_immune,nerve_c0,nk_cell,0.1812,15.0,0.5697,True,0.1807,21.0,0.6809,True,True
immune_microglia,nerve_c1,HBEGF,CD9,1.4401635,0.0,1.2011424,1.0601620649733423,1.6050760861811495,0.020622257,0.90940756,0.0584463858624115,0.0358330792447792,immune,nerve,immune-nerve,immune_to_nerve,nerve_c1,microglia,0.1941,18.0,0.5886,True,0.0584,28.0,0.8514,True,True
immune_nk_cell,nerve_c22,CALM1,PDE1A,1.3549643,0.0,1.43987,1.3702738845266955,1.0949817210377837,0.014814776,0.916603,0.1311127369564039,0.0358330792447792,immune,nerve,immune-nerve,immune_to_nerve,nerve_c22,nk_cell,1.0,1.0,-0.0,False,0.1807,21.0,0.6809,True,False
immune_t_cell,nerve_c3,CALM1,PDE1A,1.3545029,0.0,1.2953851,1.2427214283289945,1.0576456391589342,0.013328177,0.9124713,0.1897012741129127,0.0359069413493353,immune,nerve,immune-nerve,immune_to_nerve,nerve_c3,t_cell,0.1893,16.0,0.5434,True,0.114,24.0,0.7175,True,True
nerve_c4,immune_microglia,TF,TFRC,1.4121572,0.0,1.2002114,2.080384520906563,1.9120024831006812,0.014078523,0.9093756,0.0154101966309404,0.0359315781454556,nerve,immune,immune-nerve,nerve_to_immune,nerve_c4,microglia,0.1779,16.0,0.5438,True,0.0584,28.0,0.8514,True,True
immune_dendritic,nerve_c3,PSAP,SORT1,1.3536879,0.0,1.8324337,0.7349892566990397,0.3686137707835786,0.009202134,0.92536706,0.6070947053981428,0.0359808677689275,immune,nerve,immune-nerve,immune_to_nerve,nerve_c3,dendritic,0.1893,16.0,0.5434,True,0.1168,23.0,0.7139,True,True
immune_tam,nerve_c22,PSAP,LRP1,1.4447644,0.0,1.2000252,0.2755082944130845,0.3680914151432936,0.042043343,0.90936923,0.1839113817015299,0.0359808677689275,immune,nerve,immune-nerve,immune_to_nerve,nerve_c22,tam,1.0,1.0,-0.0,False,0.221,21.0,0.6495,True,False
nerve_c12,immune_t_cell,COPA,CD74,1.3536305,0.997,1.318351,0.0976117373328425,-0.6092602983823755,0.0055625765,0.9131706,1.0,0.0360055287009546,nerve,immune,immune-nerve,nerve_to_immune,nerve_c12,t_cell,0.4368,7.0,0.335,True,0.114,24.0,0.7175,True,True
nerve_c17,immune_t_cell,PTN,NCL,1.353559,0.0,1.7504048,0.3655325463899218,0.3837557616332055,0.010242059,0.9237701,0.445026294139496,0.036054874700631,nerve,immune,immune-nerve,nerve_to_immune,nerve_c17,t_cell,0.712,4.0,0.1815,False,0.114,24.0,0.7175,True,False
immune_tam,nerve_c12,LGALS1,ITGB1,1.564108,0.0,1.19922,0.3502328662864447,0.3336078410071846,0.011734404,0.9093416,0.2941871114348342,0.036054874700631,immune,nerve,immune-nerve,immune_to_nerve,nerve_c12,tam,0.4368,7.0,0.335,True,0.221,21.0,0.6495,True,True
malignant,nerve_c5,GDF11,ACVR1B_ACVR2B,0.11040365,0.0,0.01182621,0.1516422469474709,0.1094229576572569,0.023762636,0.49901694,0.4404353848439903,0.0361482644772948,tumor,nerve,nerve-tumor,tumor_to_nerve,nerve_c5,,0.5076,15.0,0.4523,False,,,,,False
immune_microglia,nerve_c22,PSAP,LRP1,1.4422413,0.0,1.1974881,0.2735129188132203,1.144706482464803,0.041954454,0.90928197,0.1871356752841902,0.0362030894905606,immune,nerve,immune-nerve,immune_to_nerve,nerve_c22,microglia,1.0,1.0,-0.0,False,0.0584,28.0,0.8514,True,False
nerve_c16,immune_dendritic,HLA-A,APLP2,1.4915103,0.174,1.1969571,-0.038340281190669,-0.2256028520127325,0.009505525,0.9092637,1.0,0.0363020710175039,nerve,immune,immune-nerve,nerve_to_immune,nerve_c16,dendritic,0.2917,16.0,0.4833,True,0.1168,23.0,0.7139,True,True
nerve_c7,malignant,CNTN2,NRCAM,1.3520732,0.0,1.8202068,2.39209736384634,2.5666720992326857,0.05277542,0.92513555,0.0057269627849817,0.0363268283559096,nerve,tumor,nerve-tumor,nerve_to_tumor,nerve_c7,,0.17,15.0,0.5776,True,,,,,True
nerve_c15,immune_nk_cell,COPA,CD74,1.351835,0.917,1.674305,0.2649592971050833,-0.5685596316821176,0.007064468,0.92219025,1.0,0.0363763834370929,nerve,immune,immune-nerve,nerve_to_immune,nerve_c15,nk_cell,0.2441,11.0,0.4778,True,0.1807,21.0,0.6809,True,True
nerve_c15,immune_microglia,HLA-A,APLP2,1.3511226,1.0,1.7109004,-0.0505859700546817,-0.0371731423809992,0.01358696,0.9229625,1.0,0.0365500630919059,nerve,immune,immune-nerve,nerve_to_immune,nerve_c15,microglia,0.2441,11.0,0.4778,True,0.0584,28.0,0.8514,True,True
nerve_c1,malignant,PSAP,LRP1,1.3507315,0.0,1.3468012,0.2450085335904331,0.1988277925325502,0.01751265,0.91401327,0.2298206772373408,0.0365749089477634,nerve,tumor,nerve-tumor,nerve_to_tumor,nerve_c1,,0.1941,18.0,0.5886,True,,,,,True
immune_dendritic,nerve_c7,CALM1,INSR,1.3505903,0.0,1.8207814,1.0801719872650195,0.8462513105798866,0.013288505,0.92514646,0.1922187429506389,0.0366246247662106,immune,nerve,immune-nerve,immune_to_nerve,nerve_c7,dendritic,0.17,15.0,0.5776,True,0.1168,23.0,0.7139,True,True
nerve_c3,immune_dendritic,LAMA2,RPSA,1.5254006,0.0,1.1942834,0.7633207085501741,0.9476598994336256,0.02589497,0.9091714,0.0584463858624115,0.036649494727963,nerve,immune,immune-nerve,nerve_to_immune,nerve_c3,dendritic,0.1893,16.0,0.5434,True,0.1168,23.0,0.7139,True,True
immune_nk_cell,nerve_c7,NCAM1,NCAM2,1.4534458,0.0,1.1935481,1.337323504466821,1.437086955471131,0.022474118,0.90914595,0.0584463858624115,0.0366992505696092,immune,nerve,immune-nerve,immune_to_nerve,nerve_c7,nk_cell,0.17,15.0,0.5776,True,0.1807,21.0,0.6809,True,True
immune_t_cell,nerve_c4,CALM3,PDE1C,1.3497103,0.0,1.439414,2.0080779885641555,1.562553623013604,0.019688264,0.9165909,0.0400093153152804,0.0367490467252887,immune,nerve,immune-nerve,immune_to_nerve,nerve_c4,t_cell,0.1779,16.0,0.5438,True,0.114,24.0,0.7175,True,True
nerve_c16,immune_microglia,MIF,CD44_CD74,1.3612802,0.0,1.1929457,0.5219005624146706,0.5272971131795157,0.010633699,0.9091251,0.3990864835676451,0.036798866816725,nerve,immune,immune-nerve,nerve_to_immune,nerve_c16,microglia,0.2917,16.0,0.4833,True,0.0584,28.0,0.8514,True,True
nerve_c0,immune_t_cell,SPP1,CD44,1.3496312,1.0,1.8211172,0.070923522739077,-1.2497375173465752,0.005569162,0.92515284,1.0,0.036798866816725,nerve,immune,immune-nerve,nerve_to_immune,nerve_c0,t_cell,0.1812,15.0,0.5697,True,0.114,24.0,0.7175,True,True
nerve_c20,immune_t_cell,COL4A5,CD47,1.3491678,0.0,1.2971014,2.9421695073366316,1.76688840407147,0.030635627,0.91252416,0.0170186788080286,0.0368736694776068,nerve,immune,immune-nerve,nerve_to_immune,nerve_c20,t_cell,0.7889,9.0,0.1802,False,0.114,24.0,0.7175,True,False
immune_dendritic,nerve_c5,ADAM9,ITGB5,0.11093111,1.0,0.011924518,-0.2555420524745476,-0.4066388938262286,0.0062777176,0.50005174,1.0,0.036957231201337,immune,nerve,immune-nerve,immune_to_nerve,nerve_c5,dendritic,0.5076,15.0,0.4523,False,0.1168,23.0,0.7139,True,False
immune_tam,nerve_c7,ARPC5,LRP2,1.3484054,0.0,1.7507702,2.6196440587543446,1.6190020153572573,0.022161867,0.92377746,0.0314390772953166,0.0370734801108688,immune,nerve,immune-nerve,immune_to_nerve,nerve_c7,tam,0.17,15.0,0.5776,True,0.221,21.0,0.6495,True,True
immune_nk_cell,nerve_c12,NCAM1,NCAM2,1.4492608,0.0,1.1894065,1.3320952238663548,1.4391155118210306,0.022396132,0.9090023,0.0584463858624115,0.0371235171526458,immune,nerve,immune-nerve,immune_to_nerve,nerve_c12,nk_cell,0.4368,7.0,0.335,True,0.1807,21.0,0.6809,True,True
nerve_c13,immune_tam,RPS19,C5AR1,1.3481727,1.0,1.8161379,0.1243009791167962,-0.2551806130461271,0.029256107,0.925058,1.0,0.0371235171526458,nerve,immune,immune-nerve,nerve_to_immune,nerve_c13,tam,0.3452,18.0,0.5887,True,0.221,21.0,0.6495,True,True
nerve_c16,malignant,GSTP1,EGFR,1.34793,0.0,1.7916304,0.4965350229718654,2.099491565512758,0.03833702,0.9245857,0.0584463858624115,0.0371735780654581,nerve,tumor,nerve-tumor,nerve_to_tumor,nerve_c16,,0.2917,16.0,0.4833,True,,,,,True
nerve_c13,immune_t_cell,MIF,CD74_CXCR4,1.3475667,1.0,1.2932403,-0.1900362711563439,-0.8270278620773119,0.0048055826,0.91240513,1.0,0.0372236793106538,nerve,immune,immune-nerve,nerve_to_immune,nerve_c13,t_cell,0.3452,18.0,0.5887,True,0.114,24.0,0.7175,True,True
nerve_c17,immune_dendritic,COPA,CD74,2.2923336,0.0,1.1890688,0.3863970522619132,0.7344898785161121,0.0050170906,0.90899056,0.6003329530057834,0.0372487419707076,nerve,immune,immune-nerve,nerve_to_immune,nerve_c17,dendritic,0.712,4.0,0.1815,False,0.1168,23.0,0.7139,True,False
malignant,nerve_c3,TIMP1,FGFR2,1.3466002,0.0,1.7786914,1.91672643899989,1.6510138703055706,0.011352289,0.9243326,0.0272411494577352,0.0373490645974013,tumor,nerve,nerve-tumor,tumor_to_nerve,nerve_c3,,0.1893,16.0,0.5434,True,,,,,True
malignant,nerve_c21,PTN,NCL,1.438596,0.0,1.1863834,0.3144467739228868,2.0630087153995236,0.025438312,0.908897,0.1376543309522419,0.0374495155667923,tumor,nerve,nerve-tumor,tumor_to_nerve,nerve_c21,,1.0,1.0,-0.0,False,,,,,False
nerve_c12,immune_tam,VCAN,TLR2,1.3459678,0.0,1.5154061,1.1557680468663991,1.2668182433867177,0.15462711,0.9185366,0.0127921315626849,0.0374495155667923,nerve,immune,immune-nerve,nerve_to_immune,nerve_c12,tam,0.4368,7.0,0.335,True,0.221,21.0,0.6495,True,True
nerve_c2,immune_nk_cell,B2M,KLRC2,1.9056177,0.0,1.1844088,0.6980323748461194,0.1962287147191433,0.04943364,0.90882796,0.2297781404996554,0.0376256197191084,nerve,immune,immune-nerve,nerve_to_immune,nerve_c2,nk_cell,0.4082,17.0,0.533,True,0.1807,21.0,0.6809,True,True
immune_microglia,nerve_c22,LGALS9,PTPRK,1.3453038,0.0,1.3931184,1.6872365697794751,1.9176560548051644,0.021859923,0.91533273,0.0461691040461538,0.0377264235006821,immune,nerve,immune-nerve,immune_to_nerve,nerve_c22,microglia,1.0,1.0,-0.0,False,0.0584,28.0,0.8514,True,False
immune_nk_cell,nerve_c4,CALM3,PDE1C,1.3452635,0.0,1.421911,2.0020797151951393,1.5288991303265305,0.019448858,0.9161221,0.0452765856882424,0.0377516465588822,immune,nerve,immune-nerve,immune_to_nerve,nerve_c4,nk_cell,0.1779,16.0,0.5438,True,0.1807,21.0,0.6809,True,True
nerve_c15,immune_dendritic,NUCB2,ERAP1,0.11086705,1.0,0.011967782,-0.1212392138163412,-0.1412839257872383,0.005354585,0.50050443,1.0,0.0377660507100287,nerve,immune,immune-nerve,nerve_to_immune,nerve_c15,dendritic,0.2441,11.0,0.4778,True,0.1168,23.0,0.7139,True,True
nerve_c20,immune_nk_cell,COL4A5,CD47,1.3450032,0.0,1.2798395,2.935617899344724,1.7486717035573474,0.030227926,0.91198796,0.0183838401876622,0.0378273555244837,nerve,immune,immune-nerve,nerve_to_immune,nerve_c20,nk_cell,0.7889,9.0,0.1802,False,0.1807,21.0,0.6809,True,False
nerve_c22,immune_tam,SPP1,ITGAV_ITGB1,1.7220562,0.261,1.1825453,0.0146489635952483,-0.9657852304156476,0.0118005555,0.90876275,1.0,0.0378526106416901,nerve,immune,immune-nerve,nerve_to_immune,nerve_c22,tam,1.0,1.0,-0.0,False,0.221,21.0,0.6495,True,False
nerve_c2,immune_dendritic,PTN,NCL,1.3448973,0.0,1.7430024,0.3633749009473095,-0.0755791188404642,0.010198746,0.92362076,0.7841259354550625,0.0378778737732604,nerve,immune,immune-nerve,nerve_to_immune,nerve_c2,dendritic,0.4082,17.0,0.533,True,0.1168,23.0,0.7139,True,True
malignant,immune_dendritic,LGALS1,PTPRC,1.3440337,0.0,1.805212,0.1818981127099125,0.0163908935703631,0.014889125,0.92484856,0.5564885937607145,0.0380802506328671,tumor,immune,immune-tumor,tumor_to_immune,,dendritic,,,,,0.1168,23.0,0.7139,True,True
immune_dendritic,nerve_neuron,CALM1,KCNQ3,1.3432511,0.0,1.8001119,0.7016341519855807,0.6033911637165327,0.055282503,0.9247502,0.0584463858624115,0.0382577571407257,immune,nerve,immune-nerve,immune_to_nerve,nerve_neuron,dendritic,0.5032,7.0,0.4667,False,0.1168,23.0,0.7139,True,False
nerve_c15,immune_t_cell,HLA-C,CD8A,1.3430334,0.0,1.6783195,0.8322961088708996,1.015115848776117,0.055858295,0.92227614,0.0584463858624115,0.0383085393874605,nerve,immune,immune-nerve,nerve_to_immune,nerve_c15,t_cell,0.2441,11.0,0.4778,True,0.114,24.0,0.7175,True,True
nerve_c20,immune_nk_cell,COPA,CD74,1.3427874,0.831,1.6427613,0.2509648000776392,-0.6132677208396471,0.0069313752,0.92150515,1.0,0.0383847853302263,nerve,immune,immune-nerve,nerve_to_immune,nerve_c20,nk_cell,0.7889,9.0,0.1802,False,0.1807,21.0,0.6809,True,False
immune_nk_cell,nerve_c7,S100A4,ERBB3,1.3417594,0.0,1.566245,1.74186629996896,1.2365547419922225,0.0134277,0.9197627,0.1215013626145317,0.0384610949537362,immune,nerve,immune-nerve,immune_to_nerve,nerve_c7,nk_cell,0.17,15.0,0.5776,True,0.1807,21.0,0.6809,True,True
nerve_c21,immune_tam,TF,TFRC,1.3769768,0.0,1.1769305,2.0145364100247245,2.066224346699451,0.013805437,0.9085652,0.0185580406928571,0.0385120136326837,nerve,immune,immune-nerve,nerve_to_immune,nerve_c21,tam,1.0,1.0,-0.0,False,0.221,21.0,0.6495,True,False
nerve_c3,immune_nk_cell,HMGB1,CXCR4,1.3415517,0.0,1.3692839,0.0285387291920139,-0.0911346682340734,0.0053482065,0.91466165,1.0,0.0385374766002914,nerve,immune,immune-nerve,nerve_to_immune,nerve_c3,nk_cell,0.1893,16.0,0.5434,True,0.1807,21.0,0.6809,True,True
immune_dendritic,nerve_c20,GRN,SORT1,1.3415436,0.0,1.7831784,1.139889076823993,1.0274962412946749,0.01611182,0.9244207,0.0961986583037006,0.0385629559456186,immune,nerve,immune-nerve,immune_to_nerve,nerve_c20,dendritic,0.7889,9.0,0.1802,False,0.1168,23.0,0.7139,True,False
nerve_c3,malignant,APP,LRP1,1.3413717,0.0,1.3344538,0.8779499393697422,1.0305688843252143,0.018476484,0.91365063,0.0584463858624115,0.0386139386437759,nerve,tumor,nerve-tumor,nerve_to_tumor,nerve_c3,,0.1893,16.0,0.5434,True,,,,,True
nerve_c13,malignant,HLA-A,APLP2,1.3412685,1.0,1.4518387,-0.1055835432411676,-0.3808187132105988,0.00808256,0.9169189,1.0,0.0386394419957685,nerve,tumor,nerve-tumor,nerve_to_tumor,nerve_c13,,0.3452,18.0,0.5887,True,,,,,True
immune_nk_cell,nerve_c6,TIMP1,CD63,1.7419136,0.0,1.1758418,0.3096854193533614,-0.0219972089225445,0.005498033,0.9085268,1.0,0.0386394419957685,immune,nerve,immune-nerve,immune_to_nerve,nerve_c6,nk_cell,0.2036,24.0,0.6567,True,0.1807,21.0,0.6809,True,True
nerve_c22,malignant,NLGN1,NRXN3,1.6681097,0.0,1.1750274,1.20386575182903,1.8495093480805431,0.087829605,0.908498,0.0104493219647526,0.0388053961913777,nerve,tumor,nerve-tumor,nerve_to_tumor,nerve_c22,,1.0,1.0,-0.0,False,,,,,False
immune_dendritic,nerve_neuron,CALM1,RYR2,1.34043,0.0,1.7921667,2.524104939856814,1.4219811131256983,0.034611907,0.92459613,0.0584463858624115,0.0388437400086505,immune,nerve,immune-nerve,immune_to_nerve,nerve_neuron,dendritic,0.5032,7.0,0.4667,False,0.1168,23.0,0.7139,True,False
nerve_c3,immune_microglia,ADAM10,TREM2,1.3398595,0.0,1.7689344,0.9393067375922896,1.9483736403634528,0.062042188,0.92414004,0.0370546722041188,0.0389204816166842,nerve,immune,immune-nerve,nerve_to_immune,nerve_c3,microglia,0.1893,16.0,0.5434,True,0.0584,28.0,0.8514,True,True
immune_microglia,nerve_c18,CD14,ITGB1,1.3398169,0.0,1.5649805,0.4802472284325454,1.6655522750726073,0.029867154,0.91973287,0.0584463858624115,0.0389460809497648,immune,nerve,immune-nerve,immune_to_nerve,nerve_c18,microglia,0.5575,4.0,0.2111,False,0.0584,28.0,0.8514,True,False
immune_nk_cell,nerve_c5,PSEN1,NOTCH1,0.115693234,1.0,0.012047771,-0.1937648113124939,-0.2720417535120683,0.0035246336,0.5013372,1.0,0.0389790060508734,immune,nerve,immune-nerve,immune_to_nerve,nerve_c5,nk_cell,0.5076,15.0,0.4523,False,0.1807,21.0,0.6809,True,False
immune_dendritic,nerve_c12,S100A4,ERBB3,1.3395685,0.0,1.61757,1.8203216277388243,1.358752004924361,0.013867718,0.9209444,0.0787039984261413,0.0389973036045877,immune,nerve,immune-nerve,immune_to_nerve,nerve_c12,dendritic,0.4368,7.0,0.335,True,0.1168,23.0,0.7139,True,True
immune_tam,nerve_c12,THBS1,PTPRJ,1.3394817,0.0,1.7934741,1.619423630407096,2.1471275642955425,0.08646382,0.9246216,0.0018111933423942,0.0390229269254926,immune,nerve,immune-nerve,immune_to_nerve,nerve_c12,tam,0.4368,7.0,0.335,True,0.221,21.0,0.6495,True,True
immune_nk_cell,nerve_c4,CALM1,RYR2,1.3394566,0.0,1.3783263,1.6029156742643922,0.9716706923177209,0.026619453,0.9149182,0.0584463858624115,0.0390485498116061,immune,nerve,immune-nerve,immune_to_nerve,nerve_c4,nk_cell,0.1779,16.0,0.5438,True,0.1807,21.0,0.6809,True,True
immune_nk_cell,nerve_c6,IL16,CD9,1.5686219,0.0,1.172556,1.472634743196095,1.6652779597692535,0.029577179,0.90841043,0.0584463858624115,0.0390741891196713,immune,nerve,immune-nerve,immune_to_nerve,nerve_c6,nk_cell,0.2036,24.0,0.6567,True,0.1807,21.0,0.6809,True,True
nerve_c17,immune_nk_cell,HMGB1,HAVCR2,1.3442546,0.0,1.1719964,0.2963750249867055,0.5025524038496579,0.014682479,0.9083906,0.1572759166966095,0.0390998364220032,nerve,immune,immune-nerve,nerve_to_immune,nerve_c17,nk_cell,0.712,4.0,0.1815,False,0.1807,21.0,0.6809,True,False
nerve_c15,immune_t_cell,HLA-A,CD8A,1.3392916,0.0,1.6709191,0.7218237373904809,0.833474550509004,0.044789184,0.9221176,0.0584463858624115,0.0390998364220032,nerve,immune,immune-nerve,nerve_to_immune,nerve_c15,t_cell,0.2441,11.0,0.4778,True,0.114,24.0,0.7175,True,True
immune_tam,nerve_c22,PSAP,GPR37L1,1.4384103,0.0,1.1696941,0.9052768291991272,0.8407112635805789,0.048634894,0.90830874,0.0584463858624115,0.0393567321150086,immune,nerve,immune-nerve,immune_to_nerve,nerve_c22,tam,1.0,1.0,-0.0,False,0.221,21.0,0.6495,True,False
immune_tam,nerve_c12,VCAN,ITGB1,1.5305458,0.0,1.1691937,1.0735557079003308,1.4014482661469914,0.02695657,0.9082909,0.0584463858624115,0.0394597124023514,immune,nerve,immune-nerve,immune_to_nerve,nerve_c12,tam,0.4368,7.0,0.335,True,0.221,21.0,0.6495,True,True
immune_nk_cell,nerve_c13,CALM1,PTPRA,1.3359494,0.0,1.3644075,0.4010544627303346,0.5124618143280054,0.009278259,0.9145223,0.5579203281926085,0.0396144266690308,immune,nerve,immune-nerve,immune_to_nerve,nerve_c13,nk_cell,0.3452,18.0,0.5887,True,0.1807,21.0,0.6809,True,True
immune_dendritic,nerve_c13,CALM1,PDE1C,1.3354926,0.0,1.7782615,1.146662786271129,0.8619785307023569,0.009282997,0.92432415,0.4603313789571466,0.0396660563105495,immune,nerve,immune-nerve,immune_to_nerve,nerve_c13,dendritic,0.3452,18.0,0.5887,True,0.1168,23.0,0.7139,True,True
malignant,nerve_c1,NCAM1,FGFR2,1.3345258,0.0,1.733618,2.161625864243625,2.1640809336145637,0.04050403,0.9234301,0.0120677304759477,0.0398470327455534,tumor,nerve,nerve-tumor,tumor_to_nerve,nerve_c1,,0.1941,18.0,0.5886,True,,,,,True
nerve_c2,immune_t_cell,PTN,NCL,1.3345025,0.0,1.7097118,0.3517367930342486,0.004356851301163,0.010003954,0.92293775,0.5845852191144776,0.0398729196654341,nerve,immune,immune-nerve,nerve_to_immune,nerve_c2,t_cell,0.4082,17.0,0.533,True,0.114,24.0,0.7175,True,True
immune_t_cell,nerve_c2,CD99,CD81,1.3344407,0.0,1.7744137,0.3662233801075831,0.3153733723689237,0.019423623,0.9242484,0.1149161176133451,0.0399247089294438,immune,nerve,immune-nerve,immune_to_nerve,nerve_c2,t_cell,0.4082,17.0,0.533,True,0.114,24.0,0.7175,True,True
nerve_c16,immune_dendritic,SPP1,PTGER4,1.7859703,0.0,1.1639348,0.2238232510499784,-0.5412890075176306,0.0112949675,0.908103,1.0,0.0399506197893058,nerve,immune,immune-nerve,nerve_to_immune,nerve_c16,dendritic,0.2917,16.0,0.4833,True,0.1168,23.0,0.7139,True,True
immune_t_cell,nerve_c10,CXCL8,GRM7,0.12377778,1.0,0.0121154105,-0.1718285185908655,-1.3925407661683644,0.0008782264,0.5020369,1.0,0.0399895443507411,immune,nerve,immune-nerve,immune_to_nerve,nerve_c10,t_cell,0.8274,7.0,0.1908,False,0.114,24.0,0.7175,True,False
immune_t_cell,nerve_c17,S100A4,ERBB3,1.3744171,0.0,1.1627655,1.3268348706918909,1.697691785375374,0.009968597,0.908061,0.1155736401479135,0.0400024654487048,immune,nerve,immune-nerve,immune_to_nerve,nerve_c17,t_cell,0.712,4.0,0.1815,False,0.114,24.0,0.7175,True,False
immune_nk_cell,nerve_c20,CALM1,PTPRA,1.3337764,0.0,1.3557835,0.3979757428042582,0.400203254773793,0.009219614,0.9142741,0.5659919803215834,0.0401062439769181,immune,nerve,immune-nerve,immune_to_nerve,nerve_c20,nk_cell,0.7889,9.0,0.1802,False,0.1807,21.0,0.6809,True,False
immune_nk_cell,nerve_c20,S100A4,ERBB3,1.333619,0.0,1.536523,1.7140158631059,1.091383528651746,0.013172887,0.91905284,0.1977464836057714,0.0401322106855824,immune,nerve,immune-nerve,immune_to_nerve,nerve_c20,nk_cell,0.7889,9.0,0.1802,False,0.1807,21.0,0.6809,True,False
immune_t_cell,nerve_c9,CD99,CD81,1.3333211,0.0,1.7712474,0.3652017768385633,0.1884040718398197,0.019388964,0.9241858,0.2398499562802474,0.0402621553237373,immune,nerve,immune-nerve,immune_to_nerve,nerve_c9,t_cell,0.4802,7.0,0.3212,True,0.114,24.0,0.7175,True,True
nerve_c21,immune_microglia,TF,TFRC,1.3730493,0.0,1.1594529,2.0091349893156236,2.4607999766671416,0.013600424,0.9079419,0.0189675742613765,0.0404444075686752,nerve,immune,immune-nerve,nerve_to_immune,nerve_c21,microglia,1.0,1.0,-0.0,False,0.0584,28.0,0.8514,True,False
nerve_c3,immune_microglia,EFNB2,EPHB2,0.11127022,0.0,0.012167761,0.1023559413221537,0.0167982509211194,0.018538855,0.5025758,0.6054216930806483,0.0405957619395016,nerve,immune,immune-nerve,nerve_to_immune,nerve_c3,microglia,0.1893,16.0,0.5434,True,0.0584,28.0,0.8514,True,True
immune_t_cell,nerve_c2,CALM1,INSR,1.3314232,0.0,1.198964,0.6757233354317108,0.7287457974339577,0.008750331,0.90933275,0.4970848874510563,0.0406009407704515,immune,nerve,immune-nerve,immune_to_nerve,nerve_c2,t_cell,0.4082,17.0,0.533,True,0.114,24.0,0.7175,True,True
immune_t_cell,nerve_c6,CALM1,PTPRA,1.3310405,0.0,1.1973654,0.3676522333189174,0.429359480647862,0.008142336,0.90927774,0.6621211503697711,0.0406270589619386,immune,nerve,immune-nerve,immune_to_nerve,nerve_c6,t_cell,0.2036,24.0,0.6567,True,0.114,24.0,0.7175,True,True
immune_nk_cell,nerve_c3,HSPA8,LRP2,1.3309982,0.0,1.7495763,2.45701485604325,1.1829956549958351,0.015900204,0.92375344,0.1009554208006648,0.0407054527517405,immune,nerve,immune-nerve,immune_to_nerve,nerve_c3,nk_cell,0.1893,16.0,0.5434,True,0.1807,21.0,0.6809,True,True
nerve_c3,immune_t_cell,SPP1,CD44,1.3309768,1.0,1.7700301,0.061946634558852,-1.343051421920727,0.005412933,0.92416173,1.0,0.0407577608450824,nerve,immune,immune-nerve,nerve_to_immune,nerve_c3,t_cell,0.1893,16.0,0.5434,True,0.114,24.0,0.7175,True,True
nerve_c4,immune_microglia,CALM3,INSR,0.11038599,1.0,0.012170209,-0.3768929213917579,-0.7150637909942485,0.0016835103,0.502601,1.0,0.0407978119213679,nerve,immune,immune-nerve,nerve_to_immune,nerve_c4,microglia,0.1779,16.0,0.5438,True,0.0584,28.0,0.8514,True,True
nerve_c3,immune_t_cell,PSEN1,CD44,1.3302935,0.0,1.7681589,1.2933200138299092,1.3138607605163577,0.016612729,0.92412466,0.0848101491858178,0.0408886618783227,nerve,immune,immune-nerve,nerve_to_immune,nerve_c3,t_cell,0.1893,16.0,0.5434,True,0.114,24.0,0.7175,True,True
immune_t_cell,nerve_c15,CALM1,PTPRA,1.3300656,0.0,1.1932926,0.3662710019352275,0.4864976626579069,0.0081146415,0.9091371,0.6668371525658292,0.0409935243324854,immune,nerve,immune-nerve,immune_to_nerve,nerve_c15,t_cell,0.2441,11.0,0.4778,True,0.114,24.0,0.7175,True,True
nerve_c13,immune_dendritic,B2M,CD1C,1.8180407,0.0,1.1519552,1.5744112962501082,0.3334625738680633,0.05533439,0.9076704,0.1023860810466601,0.0410985141782374,nerve,immune,immune-nerve,nerve_to_immune,nerve_c13,dendritic,0.3452,18.0,0.5887,True,0.1168,23.0,0.7139,True,True
immune_t_cell,nerve_c4,PSAP,SORT1,1.3293843,0.0,1.2939193,0.992774679992528,0.1817976747543449,0.0064978166,0.91242605,1.0,0.041124783701411,immune,nerve,immune-nerve,immune_to_nerve,nerve_c4,t_cell,0.1779,16.0,0.5438,True,0.114,24.0,0.7175,True,True
immune_t_cell,nerve_c15,CD99,CD81,1.3286028,0.0,1.7579046,0.3609007766584523,0.4150427867616634,0.019242907,0.9239205,0.095844946502215,0.0411773466309099,immune,nerve,immune-nerve,immune_to_nerve,nerve_c15,t_cell,0.2441,11.0,0.4778,True,0.114,24.0,0.7175,True,True
immune_nk_cell,nerve_c12,NCAM1,PTPRZ1,1.4098555,0.0,1.1504091,0.4863004764982166,0.4068937916100583,0.046028577,0.9076141,0.063329234557433,0.041203631388787,immune,nerve,immune-nerve,immune_to_nerve,nerve_c12,nk_cell,0.4368,7.0,0.335,True,0.1807,21.0,0.6809,True,True
immune_t_cell,nerve_c2,CALM1,PTPRA,1.328387,0.0,1.18628,0.3638927421225769,0.418081266897243,0.008066955,0.90889335,0.6752084723461947,0.0412825593553276,immune,nerve,immune-nerve,immune_to_nerve,nerve_c2,t_cell,0.4082,17.0,0.533,True,0.114,24.0,0.7175,True,True
immune_t_cell,nerve_c1,CALM1,PDE1C,1.3279256,0.0,1.1843518,0.7406639290136752,0.8395053479969563,0.006182631,0.908826,0.4970848874510563,0.0413878993976564,immune,nerve,immune-nerve,immune_to_nerve,nerve_c1,t_cell,0.1941,18.0,0.5886,True,0.114,24.0,0.7175,True,True
malignant,nerve_c15,BMP1,BMPR2,0.110692404,1.0,0.012188068,-0.0728918367711794,-0.2371028514984841,0.008086726,0.5027843,1.0,0.0414039191445168,tumor,nerve,nerve-tumor,tumor_to_nerve,nerve_c15,,0.2441,11.0,0.4778,True,,,,,True
nerve_c15,malignant,PSAP,LRP1,1.3275989,0.0,1.316285,0.226620501007325,0.2283202891294217,0.017115844,0.91310835,0.2593491929160714,0.0415197556203174,nerve,tumor,nerve-tumor,nerve_to_tumor,nerve_c15,,0.2441,11.0,0.4778,True,,,,,True
immune_t_cell,nerve_c10,APOE,ABCA1,1.3268902,1.0,1.4688623,0.3655606040545567,-0.9073485015369712,0.012441856,0.9173618,1.0,0.0415725572630526,immune,nerve,immune-nerve,immune_to_nerve,nerve_c10,t_cell,0.8274,7.0,0.1908,False,0.114,24.0,0.7175,True,False
nerve_c17,immune_dendritic,B2M,CD1C,1.8085963,0.12,1.1453325,1.568612207593996,0.2391361670064619,0.055016257,0.9074285,0.1317911015701137,0.0417311356757331,nerve,immune,immune-nerve,nerve_to_immune,nerve_c17,dendritic,0.712,4.0,0.1815,False,0.1168,23.0,0.7139,True,False
immune_nk_cell,nerve_c18,TIMP1,CD63,1.6996999,0.0,1.1438713,0.2760737693602083,-0.0660915256765909,0.0053485446,0.90737486,1.0,0.0419165171584995,immune,nerve,immune-nerve,immune_to_nerve,nerve_c18,nk_cell,0.5575,4.0,0.2111,False,0.1807,21.0,0.6809,True,False
nerve_c12,immune_dendritic,AGRN,LRP1,0.111136734,1.0,0.012208112,-0.1753846213836566,-0.4147213779407481,0.002321275,0.5029897,1.0,0.0420099394478903,nerve,immune,immune-nerve,nerve_to_immune,nerve_c12,dendritic,0.4368,7.0,0.335,True,0.1168,23.0,0.7139,True,True
nerve_c20,immune_dendritic,COL4A5,CD47,1.3245279,0.0,1.1949705,2.9034265696516877,1.6208378945453596,0.028223444,0.9091951,0.031065966481049,0.0421022880875141,nerve,immune,immune-nerve,nerve_to_immune,nerve_c20,dendritic,0.7889,9.0,0.1802,False,0.1168,23.0,0.7139,True,False
nerve_c12,immune_t_cell,VCAN,ITGB1,1.3244561,0.0,1.4340817,0.8736827699493084,1.0801356821196202,0.05850539,0.91644895,0.0512211231925174,0.0421288510841299,nerve,immune,immune-nerve,nerve_to_immune,nerve_c12,t_cell,0.4368,7.0,0.335,True,0.114,24.0,0.7175,True,True
immune_dendritic,nerve_c15,S100A4,ERBB3,1.3244221,0.0,1.5642508,1.7685022671611257,1.3207647505887303,0.013410602,0.91971564,0.0895142246229645,0.0421554307625471,immune,nerve,immune-nerve,immune_to_nerve,nerve_c15,dendritic,0.2441,11.0,0.4778,True,0.1168,23.0,0.7139,True,True
immune_t_cell,nerve_c18,CALM1,PTPRA,1.3243029,0.0,1.1692173,0.3581061913633955,0.4959253072803253,0.007950925,0.90829176,0.6970453016686848,0.0421820183858255,immune,nerve,immune-nerve,immune_to_nerve,nerve_c18,t_cell,0.5575,4.0,0.2111,False,0.114,24.0,0.7175,True,False
immune_tam,nerve_c1,NAMPT,INSR,1.4021169,0.0,1.141451,0.9098630823198792,1.1339293702073887,0.01402724,0.9072858,0.1598845792896148,0.0421820183858255,immune,nerve,immune-nerve,immune_to_nerve,nerve_c1,tam,0.1941,18.0,0.5886,True,0.221,21.0,0.6495,True,True
nerve_c13,malignant,NCAM1,PTPRA,1.323525,0.0,1.4703285,1.016060420704755,1.3411820223010291,0.019510955,0.91739964,0.0584463858624115,0.0423150669030613,nerve,tumor,nerve-tumor,nerve_to_tumor,nerve_c13,,0.3452,18.0,0.5887,True,,,,,True
nerve_c7,immune_microglia,LRP1B,PLAUR,1.3228834,0.0,1.6960633,0.7677772406136627,1.3827036825776198,0.02095019,0.92265224,0.0584463858624115,0.0424483139529065,nerve,immune,immune-nerve,nerve_to_immune,nerve_c7,microglia,0.17,15.0,0.5776,True,0.0584,28.0,0.8514,True,True
nerve_c4,immune_tam,CALM3,INSR,0.110673696,1.0,0.012231506,-0.3763210201101464,-0.6524640844266604,0.0016919897,0.503229,1.0,0.042615876990009,nerve,immune,immune-nerve,nerve_to_immune,nerve_c4,tam,0.1779,16.0,0.5438,True,0.221,21.0,0.6495,True,True
immune_nk_cell,nerve_c15,CALM1,INSR,1.3223848,0.0,1.3105752,0.7140428278352458,0.7502274183270935,0.009564897,0.91293573,0.4970848874510563,0.0426351967733372,immune,nerve,immune-nerve,immune_to_nerve,nerve_c15,nk_cell,0.2441,11.0,0.4778,True,0.1807,21.0,0.6809,True,True
nerve_c21,malignant,VIM,CD44,1.3222977,0.392,1.171876,0.0168972883807171,-0.1130782754528871,0.0071574333,0.9083863,1.0,0.0426619185333288,nerve,tumor,nerve-tumor,nerve_to_tumor,nerve_c21,,1.0,1.0,-0.0,False,,,,,False
immune_microglia,nerve_c1,APOE,ABCA1,2.0732646,0.0,1.1361723,0.2242380899221955,1.4120557805995433,0.009623839,0.90709066,0.5321267855830695,0.0426886570189741,immune,nerve,immune-nerve,immune_to_nerve,nerve_c1,microglia,0.1941,18.0,0.5886,True,0.0584,28.0,0.8514,True,True
nerve_c13,immune_t_cell,HLA-A,CD8B,1.3212453,0.0,1.3745298,0.732660173108911,0.707609870797638,0.055391736,0.9148107,0.0584463858624115,0.0429296428465702,nerve,immune,immune-nerve,nerve_to_immune,nerve_c13,t_cell,0.3452,18.0,0.5887,True,0.114,24.0,0.7175,True,True
malignant,nerve_c2,PSAP,GPR37,1.3212007,0.0,1.5555717,2.246083511344548,0.3827854115119404,0.011852102,0.91950995,0.2844303885533685,0.0429564606730301,tumor,nerve,nerve-tumor,tumor_to_nerve,nerve_c2,,0.4082,17.0,0.533,True,,,,,True
malignant,nerve_c6,VIM,CD44,1.3202604,0.0,1.1776963,0.0166239964659244,0.1979946970982317,0.008193824,0.9085922,0.980536974879486,0.043171271130516,tumor,nerve,nerve-tumor,tumor_to_nerve,nerve_c6,,0.2036,24.0,0.6567,True,,,,,True
nerve_c3,immune_t_cell,LAMA2,RPSA,1.4566975,0.0,1.1309142,0.7074703477052816,1.0393212639633216,0.024520973,0.90689504,0.0584463858624115,0.0431981603273919,nerve,immune,immune-nerve,nerve_to_immune,nerve_c3,t_cell,0.1893,16.0,0.5434,True,0.114,24.0,0.7175,True,True
nerve_c16,immune_dendritic,SPP1,ITGA4_ITGB1,1.7806484,0.0,1.1297752,0.3212255186403474,-0.4330106668500226,0.011106907,0.9068525,1.0,0.0432519625063217,nerve,immune,immune-nerve,nerve_to_immune,nerve_c16,dendritic,0.2917,16.0,0.4833,True,0.1168,23.0,0.7139,True,True
nerve_c0,immune_tam,EDIL3,ITGAV,1.6536286,0.0,1.129611,2.638651026829946,1.8074318851009248,0.015489073,0.90684634,0.0145441261855183,0.0432788754875382,nerve,immune,immune-nerve,nerve_to_immune,nerve_c0,tam,0.1812,15.0,0.5697,True,0.221,21.0,0.6495,True,True
malignant,immune_microglia,APOE,TREM2,1.3185277,1.0,1.7048539,0.0116690359445029,-0.0385669071879926,0.026584651,0.92283654,1.0,0.0433865978192064,tumor,immune,immune-tumor,tumor_to_immune,,microglia,,,,,0.0584,28.0,0.8514,True,True
immune_tam,nerve_c21,S100A9,CD68,2.033603,0.0,1.1276612,1.1897861018138187,1.988374901671999,0.11985035,0.9067733,0.0061284011009307,0.0434135504300103,immune,nerve,immune-nerve,immune_to_nerve,nerve_c21,tam,1.0,1.0,-0.0,False,0.221,21.0,0.6495,True,False
nerve_c7,immune_tam,TF,TFRC,1.3303777,0.0,1.1276324,1.9296388098311972,1.559290768433227,0.0132271685,0.90677226,0.0404716960416134,0.0434405020990133,nerve,immune,immune-nerve,nerve_to_immune,nerve_c7,tam,0.17,15.0,0.5776,True,0.221,21.0,0.6495,True,True
immune_dendritic,nerve_c3,HSPA8,LRP2,1.3169448,0.0,1.7163336,2.444192668876187,1.074455400102741,0.015598094,0.92307514,0.1081887633146264,0.0437375731172324,immune,nerve,immune-nerve,immune_to_nerve,nerve_c3,dendritic,0.1893,16.0,0.5434,True,0.1168,23.0,0.7139,True,True
nerve_c0,immune_t_cell,ALCAM,CD6,1.3169023,0.0,1.2549272,1.7319889434599698,1.7516622140910334,0.065001495,0.9111959,0.0025719984081333,0.0437916922323833,nerve,immune,immune-nerve,nerve_to_immune,nerve_c0,t_cell,0.1812,15.0,0.5697,True,0.114,24.0,0.7175,True,True
immune_nk_cell,nerve_c16,TIMP1,CD63,1.6746483,0.0,1.1248986,0.2561272848004616,-0.0542841415015925,0.0052598314,0.9066696,1.0,0.0439542307116723,immune,nerve,immune-nerve,immune_to_nerve,nerve_c16,nk_cell,0.2917,16.0,0.4833,True,0.1807,21.0,0.6809,True,True
immune_nk_cell,nerve_c20,CALM1,RYR2,1.3162867,0.0,1.2863742,1.508036282635734,1.0339700408724763,0.024843594,0.91219217,0.0584463858624115,0.0439813407338964,immune,nerve,immune-nerve,immune_to_nerve,nerve_c20,nk_cell,0.7889,9.0,0.1802,False,0.1807,21.0,0.6809,True,False
nerve_c21,immune_microglia,VIM,CD44,1.3152139,0.407,1.1423842,0.0094302283150847,-0.2381767160289025,0.010986969,0.9073202,1.0,0.0441713860029363,nerve,immune,immune-nerve,nerve_to_immune,nerve_c21,microglia,1.0,1.0,-0.0,False,0.0584,28.0,0.8514,True,False
malignant,immune_microglia,HMGB1,HAVCR2,1.314918,0.0,1.5162867,0.3255168166843652,0.9658415559851684,0.011391167,0.9185583,0.3260167376697774,0.0441985682584252,tumor,immune,immune-tumor,tumor_to_immune,,microglia,,,,,0.0584,28.0,0.8514,True,True
immune_nk_cell,nerve_c9,ITGB3BP,ITGB5,0.11726928,1.0,0.01235516,-0.0707906670985293,-0.1113462248054573,0.011974563,0.50448626,1.0,0.0442313086344969,immune,nerve,immune-nerve,immune_to_nerve,nerve_c9,nk_cell,0.4802,7.0,0.3212,True,0.1807,21.0,0.6809,True,True
nerve_c13,immune_nk_cell,B2M,KLRC2,1.8133986,0.0,1.1214529,0.6414049423803093,0.242067121594775,0.04680606,0.90653974,0.1776931718671048,0.0444162932152207,nerve,immune,immune-nerve,nerve_to_immune,nerve_c13,nk_cell,0.3452,18.0,0.5887,True,0.1807,21.0,0.6809,True,True
immune_dendritic,nerve_c6,PLAU,VLDLR,0.111403674,0.135,0.012374669,0.1242663033354358,-0.0669050044166588,0.0050058905,0.5046835,1.0,0.0444331972548188,immune,nerve,immune-nerve,immune_to_nerve,nerve_c6,dendritic,0.2036,24.0,0.6567,True,0.1168,23.0,0.7139,True,True
immune_t_cell,nerve_c17,IL16,CD9,1.6315747,0.0,1.12025,1.5097284091926793,1.9258177991315484,0.028257782,0.90649426,0.0584463858624115,0.0445253455083921,immune,nerve,immune-nerve,immune_to_nerve,nerve_c17,t_cell,0.712,4.0,0.1815,False,0.114,24.0,0.7175,True,False
nerve_c12,immune_tam,VEGFA,CD44,1.3130748,0.0,1.3749311,0.7443273198232808,0.8218452360715475,0.04326231,0.9148221,0.0584463858624115,0.0445799235851028,nerve,immune,immune-nerve,nerve_to_immune,nerve_c12,tam,0.4368,7.0,0.335,True,0.221,21.0,0.6495,True,True
nerve_c7,immune_tam,COL4A5,CD93,1.3129075,0.0,1.7005451,2.909836949520937,2.208678577955429,0.067487136,0.92274636,0.0016408618311647,0.0446345243090241,nerve,immune,immune-nerve,nerve_to_immune,nerve_c7,tam,0.17,15.0,0.5776,True,0.221,21.0,0.6495,True,True
immune_nk_cell,nerve_c5,ADAM17,NOTCH1,0.117770806,1.0,0.012376552,-0.2682095384803345,-0.3910255349579771,0.0025155959,0.5047025,1.0,0.0446350766818317,immune,nerve,immune-nerve,immune_to_nerve,nerve_c5,nk_cell,0.5076,15.0,0.4523,False,0.1807,21.0,0.6809,True,False
nerve_c13,immune_dendritic,LAMA2,RPSA,1.5108931,0.0,1.1191453,0.7324576708022276,0.9214049423748004,0.024265792,0.9064524,0.0584463858624115,0.0446891656346177,nerve,immune,immune-nerve,nerve_to_immune,nerve_c13,dendritic,0.3452,18.0,0.5887,True,0.1168,23.0,0.7139,True,True
nerve_c20,immune_dendritic,C1QB,LRP1,0.11201911,1.0,0.012383117,-0.7164810238320367,-2.527230413095648,0.0015059916,0.5047688,1.0,0.0448369427666554,nerve,immune,immune-nerve,nerve_to_immune,nerve_c20,dendritic,0.7889,9.0,0.1802,False,0.1168,23.0,0.7139,True,False
malignant,nerve_c13,TIMP1,CD63,1.3114359,0.612,1.6970767,0.014763876597709,0.1571301138473932,0.0067408136,0.9226736,1.0,0.044853270327803,tumor,nerve,nerve-tumor,tumor_to_nerve,nerve_c13,,0.3452,18.0,0.5887,True,,,,,True
nerve_c7,immune_dendritic,PSEN1,CD44,1.3114241,0.0,1.5538825,1.4299508556627991,1.304695419852082,0.0145994965,0.9194698,0.0954983312557854,0.0448806502706995,nerve,immune,immune-nerve,nerve_to_immune,nerve_c7,dendritic,0.17,15.0,0.5776,True,0.1168,23.0,0.7139,True,True
nerve_c4,immune_t_cell,ALCAM,CD6,1.311399,0.0,1.2480527,1.7252257775768252,1.6639671978051505,0.06464542,0.91097337,0.0026668592100047,0.0449080291086734,nerve,immune,immune-nerve,nerve_to_immune,nerve_c4,t_cell,0.1779,16.0,0.5438,True,0.114,24.0,0.7175,True,True
nerve_c17,immune_nk_cell,B2M,KLRC2,1.8039541,0.182,1.1150054,0.6356058537241972,0.1477407147331735,0.04653696,0.9062952,0.9313808042853752,0.0449902400485414,nerve,immune,immune-nerve,nerve_to_immune,nerve_c17,nk_cell,0.712,4.0,0.1815,False,0.1807,21.0,0.6809,True,False
immune_nk_cell,nerve_c0,CALM1,RYR2,1.3107435,0.0,1.2643756,1.4853368147417547,0.9979776578858288,0.024418736,0.9114989,0.0584463858624115,0.0451548662103596,immune,nerve,immune-nerve,immune_to_nerve,nerve_c0,nk_cell,0.1812,15.0,0.5697,True,0.1807,21.0,0.6809,True,True
nerve_c20,immune_microglia,COL4A5,CD44,1.310626,0.0,1.1373487,2.713889756011061,1.2959732887997393,0.012603247,0.9071343,0.0986508696388909,0.0452097987582174,nerve,immune,immune-nerve,nerve_to_immune,nerve_c20,microglia,0.7889,9.0,0.1802,False,0.0584,28.0,0.8514,True,False
malignant,immune_microglia,VIM,CD44,1.3104883,0.0,1.1371975,0.0063223930367955,0.1350092995440843,0.0065348926,0.9071287,1.0,0.0452372813941173,tumor,immune,immune-tumor,tumor_to_immune,,microglia,,,,,0.0584,28.0,0.8514,True,True
nerve_c3,immune_nk_cell,LAMA2,RPSA,1.4369788,0.0,1.1127264,0.6914407709273886,0.9017202190641532,0.024126617,0.9062083,0.0584463858624115,0.0452647719271476,nerve,immune,immune-nerve,nerve_to_immune,nerve_c3,nk_cell,0.1893,16.0,0.5434,True,0.1807,21.0,0.6809,True,True
malignant,nerve_c13,PTN,NCL,1.4230914,0.0,1.1126319,0.2970829170684395,1.5981134379606703,0.023856942,0.9062047,0.1564134984288773,0.0452922703568896,tumor,nerve,nerve-tumor,tumor_to_nerve,nerve_c13,,0.3452,18.0,0.5887,True,,,,,True
malignant,nerve_c18,VIM,CD44,1.3100313,0.192,1.1353033,0.0058382703747344,0.1555421243676057,0.007898874,0.9070584,1.0,0.0454023339803563,tumor,nerve,nerve-tumor,tumor_to_nerve,nerve_c18,,0.5575,4.0,0.2111,False,,,,,False
nerve_c7,immune_microglia,TF,TFRC,1.3264501,0.0,1.1108869,1.9242373891220963,1.9538663984009168,0.013030743,0.90613794,0.0248465460648498,0.0454574086239682,nerve,immune,immune-nerve,nerve_to_immune,nerve_c7,microglia,0.17,15.0,0.5776,True,0.0584,28.0,0.8514,True,True
nerve_c12,immune_microglia,VCAN,ITGB1,1.3096313,0.0,1.3780371,0.8545088370758681,1.0659946061673808,0.05621897,0.91491,0.0562277777687534,0.0455952469300358,nerve,immune,immune-nerve,nerve_to_immune,nerve_c12,microglia,0.4368,7.0,0.335,True,0.0584,28.0,0.8514,True,True
immune_tam,nerve_c22,ARPC5,LRP2,1.3091165,0.0,1.6244112,2.4577068507146675,1.5546216453554105,0.020562371,0.92109793,0.0408518621580226,0.0456780500529376,immune,nerve,immune-nerve,immune_to_nerve,nerve_c22,tam,1.0,1.0,-0.0,False,0.221,21.0,0.6495,True,False
immune_dendritic,nerve_c7,S100A4,ERBB3,1.3090401,0.0,1.5101019,1.7158766348105243,1.3297703395904663,0.012946375,0.9184053,0.0864980672882314,0.045705666875326,immune,nerve,immune-nerve,immune_to_nerve,nerve_c7,dendritic,0.17,15.0,0.5776,True,0.1168,23.0,0.7139,True,True
nerve_c22,immune_dendritic,SPP1,PTGER4,1.7100005,0.138,1.1088294,0.1872669246269057,-0.7378845538086798,0.010760217,0.9060591,1.0,0.0458715152885572,nerve,immune,immune-nerve,nerve_to_immune,nerve_c22,dendritic,1.0,1.0,-0.0,False,0.1168,23.0,0.7139,True,False
immune_nk_cell,nerve_c5,S100A4,ERBB3,1.3083973,0.0,1.4444348,1.6277264875957314,0.999507219532148,0.012383399,0.9167239,0.2462827182001273,0.0458715152885572,immune,nerve,immune-nerve,immune_to_nerve,nerve_c5,nk_cell,0.5076,15.0,0.4523,False,0.1807,21.0,0.6809,True,False
nerve_c0,immune_nk_cell,COPA,CD74,1.3077102,1.0,1.5204695,0.196710289066201,-0.6477000737082402,0.006415384,0.9186613,1.0,0.0460931032922772,nerve,immune,immune-nerve,nerve_to_immune,nerve_c0,nk_cell,0.1812,15.0,0.5697,True,0.1807,21.0,0.6809,True,True
immune_nk_cell,nerve_c12,AREG,ERBB3,1.3065596,0.0,1.5568993,2.3533509537283086,2.2050688835950285,0.024410572,0.91954154,0.0064556299049804,0.0464820847850578,immune,nerve,immune-nerve,immune_to_nerve,nerve_c12,nk_cell,0.4368,7.0,0.335,True,0.1807,21.0,0.6809,True,True
immune_nk_cell,nerve_c15,CALM1,GRM3,1.3060734,0.0,1.2458421,1.302668080879724,0.8902371624679618,0.009119826,0.9109015,0.4220551435094823,0.0465377743967935,immune,nerve,immune-nerve,immune_to_nerve,nerve_c15,nk_cell,0.2441,11.0,0.4778,True,0.1807,21.0,0.6809,True,True
immune_t_cell,nerve_c1,CALM1,GRM3,1.3082796,0.0,1.1022766,1.1694687844126614,0.9615368232266632,0.008068896,0.90580654,0.3249165545179338,0.0466213816273091,immune,nerve,immune-nerve,immune_to_nerve,nerve_c1,t_cell,0.1941,18.0,0.5886,True,0.114,24.0,0.7175,True,True
immune_microglia,nerve_c12,APOE,ABCA1,2.0685716,0.0,1.1000211,0.2186924548537751,1.3698031654347385,0.009317623,0.9057191,0.586386613932185,0.0470404532187395,immune,nerve,immune-nerve,immune_to_nerve,nerve_c12,microglia,0.4368,7.0,0.335,True,0.0584,28.0,0.8514,True,True
nerve_c4,immune_t_cell,ADAM10,CD44,1.3042494,0.0,1.6968341,1.022721949785324,1.080374640424077,0.021391826,0.92266846,0.0584463858624115,0.0472366204159958,nerve,immune,immune-nerve,nerve_to_immune,nerve_c4,t_cell,0.1779,16.0,0.5438,True,0.114,24.0,0.7175,True,True
nerve_c13,immune_nk_cell,COPA,CD74,1.3040965,1.0,1.5078708,0.1911214406485146,-0.5848578029513004,0.006362226,0.91834986,1.0,0.0472927442570196,nerve,immune,immune-nerve,nerve_to_immune,nerve_c13,nk_cell,0.3452,18.0,0.5887,True,0.1807,21.0,0.6809,True,True
immune_nk_cell,nerve_c13,HLA-A,APLP2,1.8709904,0.0,1.0977621,0.2288367647679162,0.2166361849512496,0.008956509,0.9056313,0.6527534910318912,0.0474331822664528,immune,nerve,immune-nerve,immune_to_nerve,nerve_c13,nk_cell,0.3452,18.0,0.5887,True,0.1807,21.0,0.6809,True,True
immune_nk_cell,nerve_c5,PSAP,SORT1,1.3036764,0.0,1.3969128,0.903414610047974,0.1992304217089849,0.0070150304,0.91543806,1.0,0.0474331822664528,immune,nerve,immune-nerve,immune_to_nerve,nerve_c5,nk_cell,0.5076,15.0,0.4523,False,0.1807,21.0,0.6809,True,False
nerve_c12,immune_nk_cell,B2M,KLRD1,1.3035922,1.0,1.123882,1.9444997619416953,-0.4886893308155469,0.008663561,0.90663135,0.4871391373987324,0.0474612953082652,nerve,immune,immune-nerve,nerve_to_immune,nerve_c12,nk_cell,0.4368,7.0,0.335,True,0.1807,21.0,0.6809,True,True
immune_dendritic,nerve_c0,CALM3,PDE1C,1.373595,0.0,1.0967648,2.144697652276485,1.5053696551139568,0.015001516,0.90559244,0.0486654144765734,0.0476019692045907,immune,nerve,immune-nerve,immune_to_nerve,nerve_c0,dendritic,0.1812,15.0,0.5697,True,0.1168,23.0,0.7139,True,True
immune_nk_cell,nerve_c2,CD99,CD81,1.3026606,0.0,1.6946485,0.331802755398748,0.1979628551135042,0.018550472,0.92262244,0.2271523735593843,0.0476019692045907,immune,nerve,immune-nerve,immune_to_nerve,nerve_c2,nk_cell,0.4082,17.0,0.533,True,0.1807,21.0,0.6809,True,True
immune_nk_cell,nerve_c13,NCAM1,NCAM2,1.3552129,0.0,1.0963322,1.2146322053352625,1.504376797237346,0.020643575,0.9055756,0.0584463858624115,0.0476582882311697,immune,nerve,immune-nerve,immune_to_nerve,nerve_c13,nk_cell,0.3452,18.0,0.5887,True,0.1807,21.0,0.6809,True,True
nerve_c3,immune_microglia,APP,LRP1,1.3025343,0.0,1.1773058,0.8251615367940235,0.9424011355357836,0.01624348,0.90857846,0.0931582550943443,0.04768646416517,nerve,immune,immune-nerve,nerve_to_immune,nerve_c3,microglia,0.1893,16.0,0.5434,True,0.0584,28.0,0.8514,True,True
nerve_c22,immune_t_cell,COPA,CD74,1.3024833,0.844,1.1065459,0.0185015200177434,-0.4144516778359699,0.004668898,0.9059713,1.0,0.047714647959456,nerve,immune,immune-nerve,nerve_to_immune,nerve_c22,t_cell,1.0,1.0,-0.0,False,0.114,24.0,0.7175,True,False
immune_nk_cell,nerve_c3,CALM1,PDE1A,1.3022165,0.0,1.2305357,1.1950888161037638,0.9499044891399712,0.012660944,0.91039854,0.227954639683714,0.047771029852813,immune,nerve,immune-nerve,immune_to_nerve,nerve_c3,nk_cell,0.1893,16.0,0.5434,True,0.1807,21.0,0.6809,True,True
immune_tam,nerve_c22,RTN4,LINGO1,1.3021284,0.0,1.6873091,1.788308223158471,1.2009211908212074,0.07034514,0.9224674,0.007686913338849,0.0478556755383669,immune,nerve,immune-nerve,immune_to_nerve,nerve_c22,tam,1.0,1.0,-0.0,False,0.221,21.0,0.6495,True,False
nerve_c12,immune_dendritic,NUCB2,ERAP1,0.114156,1.0,0.0125787025,-0.1148259220961852,-0.1431936109018253,0.0056279213,0.5067274,1.0,0.0478638808097759,nerve,immune,immune-nerve,nerve_to_immune,nerve_c12,dendritic,0.4368,7.0,0.335,True,0.1168,23.0,0.7139,True,True
immune_dendritic,nerve_c6,HLA-A,APLP2,1.4824991,0.019,1.093934,-0.0537065335728502,-0.3331898567624968,0.008925277,0.90548193,1.0,0.0479121359976521,immune,nerve,immune-nerve,immune_to_nerve,nerve_c6,dendritic,0.2036,24.0,0.6567,True,0.1168,23.0,0.7139,True,True
immune_nk_cell,nerve_c9,CD99,CD81,1.3015409,0.0,1.6916245,0.3307811521297283,0.0709935545844002,0.018517373,0.92255867,0.4311556075954765,0.0479686371668311,immune,nerve,immune-nerve,immune_to_nerve,nerve_c9,nk_cell,0.4802,7.0,0.3212,True,0.1807,21.0,0.6809,True,True
nerve_c0,immune_nk_cell,NCAM1,PTPRA,1.4610704,0.0,1.0932478,1.1229523107920063,1.2126126477794137,0.0142889675,0.90545505,0.1501660736942045,0.0479968995357782,nerve,immune,immune-nerve,nerve_to_immune,nerve_c0,nk_cell,0.1812,15.0,0.5697,True,0.1807,21.0,0.6809,True,True
malignant,nerve_c17,PTN,NCL,1.4189405,0.0,1.0928874,0.2924342795528303,1.6679088261321982,0.023433581,0.9054409,0.1619685870560092,0.0480817244722101,tumor,nerve,nerve-tumor,tumor_to_nerve,nerve_c17,,0.712,4.0,0.1815,False,,,,,False
immune_tam,nerve_c17,PSAP,SORT1,1.4223177,0.0,1.0928769,0.4095032202314237,0.6426558120573945,0.0054882197,0.90544057,0.5336381893579455,0.0481100182587826,immune,nerve,immune-nerve,immune_to_nerve,nerve_c17,tam,0.712,4.0,0.1815,False,0.221,21.0,0.6495,True,False
immune_dendritic,nerve_c20,S100A4,ERBB3,1.3008996,0.0,1.4814453,1.688026197947464,1.1845991262499904,0.0127006965,0.91768456,0.1450724482220612,0.0481100182587826,immune,nerve,immune-nerve,immune_to_nerve,nerve_c20,dendritic,0.7889,9.0,0.1802,False,0.1168,23.0,0.7139,True,False
immune_microglia,nerve_c12,C1QB,LRP1,1.7111247,0.0,1.0927685,0.2837902551912241,1.8657585345097576,0.054090686,0.9054363,0.1412528745258063,0.0481383198993603,immune,nerve,immune-nerve,immune_to_nerve,nerve_c12,microglia,0.4368,7.0,0.335,True,0.0584,28.0,0.8514,True,True
nerve_c0,immune_dendritic,PSEN1,CD44,1.3007457,0.0,1.5345747,1.410871954332403,1.2187353905969025,0.014418091,0.91900563,0.1289873291828071,0.0481949374277126,nerve,immune,immune-nerve,nerve_to_immune,nerve_c0,dendritic,0.1812,15.0,0.5697,True,0.1168,23.0,0.7139,True,True
immune_nk_cell,nerve_c0,S100A4,ERBB3,1.3005664,0.0,1.4158434,1.600936372802162,1.0917439200824268,0.012138279,0.9159576,0.2036902141287749,0.0483082853300188,immune,nerve,immune-nerve,immune_to_nerve,nerve_c0,nk_cell,0.1812,15.0,0.5697,True,0.1807,21.0,0.6809,True,True
immune_t_cell,nerve_c13,HSPA8,LRP2,1.3001575,0.0,1.3677691,1.7058202547552093,1.309555690742008,0.012430329,0.91461843,0.0936289411563924,0.0483933693632796,immune,nerve,immune-nerve,immune_to_nerve,nerve_c13,t_cell,0.3452,18.0,0.5887,True,0.114,24.0,0.7175,True,True
immune_microglia,nerve_c17,PSAP,SORT1,1.4197948,0.0,1.0905663,0.4075078446315595,1.419270879378904,0.005476617,0.9053499,0.5394515124921239,0.048421749515719,immune,nerve,immune-nerve,immune_to_nerve,nerve_c17,microglia,0.712,4.0,0.1815,False,0.0584,28.0,0.8514,True,False
immune_t_cell,nerve_c13,HLA-A,APLP2,1.8572899,0.0,1.0889697,0.218153252000095,0.3557592190536078,0.008884773,0.9052871,0.667204877345817,0.0486206116388165,immune,nerve,immune-nerve,immune_to_nerve,nerve_c13,t_cell,0.3452,18.0,0.5887,True,0.114,24.0,0.7175,True,True
nerve_c20,immune_nk_cell,SPP1,CD44,1.29935,0.999,1.6073698,-0.0548631667363985,-1.048041185634236,0.004915501,0.92071384,1.0,0.0486775053463725,nerve,immune,immune-nerve,nerve_to_immune,nerve_c20,nk_cell,0.7889,9.0,0.1802,False,0.1807,21.0,0.6809,True,False
nerve_c17,immune_microglia,TF,TFRC,1.3052555,0.0,1.0887978,1.885621790223889,1.9864799780960736,0.012771636,0.90528035,0.0278031867029959,0.0487059639688072,nerve,immune,immune-nerve,nerve_to_immune,nerve_c17,microglia,0.712,4.0,0.1815,False,0.0584,28.0,0.8514,True,False
nerve_c7,immune_nk_cell,COPA,CD74,1.299259,1.0,1.4910054,0.1836396358794186,-0.5829383946645742,0.006291065,0.9179272,1.0,0.0487344304364546,nerve,immune,immune-nerve,nerve_to_immune,nerve_c7,nk_cell,0.17,15.0,0.5776,True,0.1807,21.0,0.6809,True,True
immune_t_cell,nerve_c3,S100A4,ERBB3,1.357643,0.0,1.088066,1.269447148552687,1.3687681476506257,0.009328186,0.9052515,0.1362294729053232,0.0488483653783011,immune,nerve,immune-nerve,immune_to_nerve,nerve_c3,t_cell,0.1893,16.0,0.5434,True,0.114,24.0,0.7175,True,True
nerve_c3,immune_dendritic,ADAM15,ITGA5,0.112543784,0.014,0.012646861,0.0277004706154771,-0.0130442344620678,0.003362871,0.5074028,1.0,0.048872396493527,nerve,immune,immune-nerve,nerve_to_immune,nerve_c3,dendritic,0.1893,16.0,0.5434,True,0.1168,23.0,0.7139,True,True
nerve_neuron,immune_tam,ADAM10,CD44,1.2985616,0.0,1.3196639,0.8851691955023576,1.0233884864578635,0.016636878,0.91321003,0.0844682644415807,0.0489053752130508,nerve,immune,immune-nerve,nerve_to_immune,nerve_neuron,tam,0.5032,7.0,0.4667,False,0.221,21.0,0.6495,True,False
nerve_c21,immune_microglia,APOE,SORL1,1.297557,0.835,1.5607504,-0.008653555976878,-0.240815920531085,0.02820237,0.91963285,1.0,0.0490480510732289,nerve,immune,immune-nerve,nerve_to_immune,nerve_c21,microglia,1.0,1.0,-0.0,False,0.0584,28.0,0.8514,True,False
immune_microglia,nerve_c16,C1QB,C1QBP,1.7100977,0.0,1.0864713,0.3322344236911511,1.9669139518654113,0.028445099,0.90518856,0.1203732753845211,0.049076611643036,immune,nerve,immune-nerve,immune_to_nerve,nerve_c16,microglia,0.2917,16.0,0.4833,True,0.0584,28.0,0.8514,True,True
immune_nk_cell,nerve_c20,HSPA8,LRP2,1.2973844,0.0,1.6501298,2.318467886243408,1.1408790572893606,0.014996431,0.92166686,0.1245650881033662,0.0491909229123417,immune,nerve,immune-nerve,immune_to_nerve,nerve_c20,nk_cell,0.7889,9.0,0.1802,False,0.1807,21.0,0.6809,True,False
immune_nk_cell,nerve_c15,CD99,CD81,1.2968225,0.0,1.6788816,0.3264801519496173,0.2976322695062439,0.018377881,0.9222882,0.1282875528933551,0.0492481302738022,immune,nerve,immune-nerve,immune_to_nerve,nerve_c15,nk_cell,0.2441,11.0,0.4778,True,0.1807,21.0,0.6809,True,True
immune_dendritic,nerve_neuron,B2M,KLRC2,2.237366,0.0,0.7140286,0.561407106729392,0.3822757156631629,0.04906548,0.88558036,0.074610316732921,0.0492757417616377,immune,nerve,immune-nerve,immune_to_nerve,nerve_neuron,dendritic,0.5032,7.0,0.4667,False,0.1168,23.0,0.7139,True,False
nerve_c4,immune_microglia,APP,LRP1,1.2945793,0.0,1.1680475,0.8161270055170022,0.8725952168956549,0.016115742,0.90825003,0.0960659018517692,0.049649431055341,nerve,immune,immune-nerve,nerve_to_immune,nerve_c4,microglia,0.1779,16.0,0.5438,True,0.0584,28.0,0.8514,True,True
immune_microglia,nerve_c18,APOE,ABCA1,2.0660179,0.0,1.0803498,0.2156747047766967,1.3468107441790178,0.009151,0.90494585,0.6152447027341625,0.0498506617757372,immune,nerve,immune-nerve,immune_to_nerve,nerve_c18,microglia,0.5575,4.0,0.2111,False,0.0584,28.0,0.8514,True,False
nerve_c3,immune_tam,APP,LRP1,1.2938776,0.0,1.1422786,0.8133894380684626,0.8398992710159991,0.015760202,0.9073163,0.1043015342072753,0.0498794322227049,nerve,immune,immune-nerve,nerve_to_immune,nerve_c3,tam,0.1893,16.0,0.5434,True,0.221,21.0,0.6495,True,True
immune_t_cell,malignant,MIF,EGFR,1.293452,0.0,1.6274405,0.4702200409537567,1.933909860885068,0.015203842,0.9211656,0.1188354365202449,0.0499370155257126,immune,tumor,immune-tumor,immune_to_tumor,,t_cell,,,,,0.114,24.0,0.7175,True,True
immune_t_cell,nerve_c7,CALM1,RYR2,1.302193,0.0,1.0768481,1.2838453554982,1.0327676160357475,0.020797042,0.90480614,0.0584463858624115,0.0503409465873563,immune,nerve,immune-nerve,immune_to_nerve,nerve_c7,t_cell,0.17,15.0,0.5776,True,0.114,24.0,0.7175,True,True
nerve_c22,immune_dendritic,SPP1,ITGA4_ITGB1,1.7046785,0.101,1.0762869,0.2846691922172747,-0.6296062131410718,0.01058106,0.90478367,1.0,0.0503698595091305,nerve,immune,immune-nerve,nerve_to_immune,nerve_c22,dendritic,1.0,1.0,-0.0,False,0.1168,23.0,0.7139,True,False
immune_nk_cell,nerve_c15,AREG,ERBB3,1.2914132,0.0,1.50558,2.3015315931506097,2.167081629259398,0.023605935,0.9182929,0.0076000388902553,0.050456635681649,immune,nerve,immune-nerve,immune_to_nerve,nerve_c15,nk_cell,0.2441,11.0,0.4778,True,0.1807,21.0,0.6809,True,True
nerve_c15,immune_dendritic,TGS1,RXRA,0.11405244,1.0,0.01272432,-0.1049327246117323,-0.0891876546333518,0.004070383,0.50816584,1.0,0.0504855487662158,nerve,immune,immune-nerve,nerve_to_immune,nerve_c15,dendritic,0.2441,11.0,0.4778,True,0.1168,23.0,0.7139,True,True
nerve_neuron,immune_t_cell,COPA,CD74,1.2944796,1.0,1.0734017,0.0061219401622425,-0.7443521536538249,0.0045290506,0.904668,1.0,0.0506014253424749,nerve,immune,immune-nerve,nerve_to_immune,nerve_neuron,t_cell,0.5032,7.0,0.4667,False,0.114,24.0,0.7175,True,False
nerve_c17,immune_dendritic,MIF,CD74_CXCR4,1.2909322,0.0,1.4354466,0.3371199446984164,0.5512936035811438,0.009595889,0.91648537,0.5360501368595805,0.0506304086323932,nerve,immune,immune-nerve,nerve_to_immune,nerve_c17,dendritic,0.712,4.0,0.1815,False,0.1168,23.0,0.7139,True,False
malignant,immune_t_cell,PKM,CD44,1.2901933,0.0,1.6583399,0.4781421810705211,0.7198938208329535,0.010760975,0.92184585,0.384991271276608,0.0508335009687535,tumor,immune,immune-tumor,tumor_to_immune,,t_cell,,,,,0.114,24.0,0.7175,True,True
malignant,nerve_c13,PTN,PTPRS,1.4142234,0.0,1.0704491,0.7409200399891501,2.1384153596816504,0.033281688,0.9045492,0.0584463858624115,0.0508915908531282,tumor,nerve,nerve-tumor,tumor_to_nerve,nerve_c13,,0.3452,18.0,0.5887,True,,,,,True
nerve_c0,immune_microglia,APP,LRP1,1.2890818,0.0,1.1616495,0.8098869305456651,0.9430603330257632,0.016027467,0.9080209,0.098049276291618,0.051124291517488,nerve,immune,immune-nerve,nerve_to_immune,nerve_c0,microglia,0.1812,15.0,0.5697,True,0.0584,28.0,0.8514,True,True
immune_t_cell,nerve_c5,TIMP1,CD63,1.5049582,0.0,1.06691,0.1229561812071504,-0.4263355170857592,0.004988686,0.9044061,1.0,0.0512991330332996,immune,nerve,immune-nerve,immune_to_nerve,nerve_c5,t_cell,0.5076,15.0,0.4523,False,0.114,24.0,0.7175,True,False
nerve_c21,immune_nk_cell,LGALS1,PTPRC,1.2885287,0.199,1.1946152,0.2001463627087516,0.0170050820519882,0.010809659,0.90918285,1.0,0.0513283038066697,nerve,immune,immune-nerve,nerve_to_immune,nerve_c21,nk_cell,1.0,1.0,-0.0,False,0.1807,21.0,0.6809,True,False
nerve_c17,immune_t_cell,LGALS1,PTPRC,1.3745553,0.0,1.0653526,0.2933908507632373,0.1324097141659703,0.0096400045,0.9043429,0.5290990448385923,0.0513866687743275,nerve,immune,immune-nerve,nerve_to_immune,nerve_c17,t_cell,0.712,4.0,0.1815,False,0.114,24.0,0.7175,True,False
nerve_c16,malignant,CALM1,PTPRA,1.2884061,0.0,1.4146255,0.3844083048475313,0.5832835834315959,0.015745789,0.9159245,0.1046783925256452,0.0514158629677777,nerve,tumor,nerve-tumor,nerve_to_tumor,nerve_c16,,0.2917,16.0,0.4833,True,,,,,True
malignant,nerve_c2,EFNB2,EPHB2,0.11321102,0.0,0.012805874,0.1016766400988244,0.0793475582363105,0.013051654,0.5089642,0.608241394193846,0.0514934713901649,tumor,nerve,nerve-tumor,tumor_to_nerve,nerve_c2,,0.4082,17.0,0.533,True,,,,,True
nerve_c20,immune_nk_cell,NCAM1,PTPRA,1.4279268,0.0,1.0640454,1.0852881339370677,1.1028619172801308,0.013907287,0.9042898,0.164569052008534,0.0515327081842057,nerve,immune,immune-nerve,nerve_to_immune,nerve_c20,nk_cell,0.7889,9.0,0.1802,False,0.1807,21.0,0.6809,True,False
nerve_c4,immune_nk_cell,NCAM1,PTPRA,1.4278316,0.0,1.0639616,1.0851773471472668,1.0911960750760787,0.013906192,0.9042864,0.1646684169519477,0.051561941400182,nerve,immune,immune-nerve,nerve_to_immune,nerve_c4,nk_cell,0.1779,16.0,0.5438,True,0.1807,21.0,0.6809,True,True
immune_dendritic,nerve_c3,GRN,SORT1,1.2863193,0.0,1.6492202,1.0494477101102957,0.9573287127383936,0.014901448,0.92164695,0.1279582059733084,0.0518839928045385,immune,nerve,immune-nerve,immune_to_nerve,nerve_c3,dendritic,0.1893,16.0,0.5434,True,0.1168,23.0,0.7139,True,True
nerve_c2,immune_t_cell,TIMP2,CD44,1.2858942,0.0,1.6465663,0.7979669775988792,0.937153808103408,0.016318604,0.9215888,0.0914840249387117,0.0520306952613675,nerve,immune,immune-nerve,nerve_to_immune,nerve_c2,t_cell,0.4082,17.0,0.533,True,0.114,24.0,0.7175,True,True
nerve_c12,immune_tam,TIMP2,CD44,1.285357,0.0,1.2693795,0.7235602124255713,0.857486057849589,0.012580425,0.91165805,0.2327700039984993,0.052236409992117,nerve,immune,immune-nerve,nerve_to_immune,nerve_c12,tam,0.4368,7.0,0.335,True,0.221,21.0,0.6495,True,True
nerve_c17,immune_microglia,COPA,CD74,2.056194,0.0,1.0587343,0.266607164910403,1.6009407409765255,0.004467164,0.90407306,0.5812170178633079,0.0522658303700112,nerve,immune,immune-nerve,nerve_to_immune,nerve_c17,microglia,0.712,4.0,0.1815,False,0.0584,28.0,0.8514,True,False
nerve_c1,immune_dendritic,NUCB2,ERAP1,0.115825206,1.0,0.012888757,-0.1115709509558248,-0.129700083139611,0.0057666446,0.50977033,1.0,0.0522996433133141,nerve,immune,immune-nerve,nerve_to_immune,nerve_c1,dendritic,0.1941,18.0,0.5886,True,0.1168,23.0,0.7139,True,True
malignant,immune_dendritic,ADAM15,ITGAV,0.11529854,1.0,0.012921158,-0.2432940651208308,-0.4812946084815144,0.00029195828,0.51008403,1.0,0.0525011643664279,tumor,immune,immune-tumor,tumor_to_immune,,dendritic,,,,,0.1168,23.0,0.7139,True,True
immune_dendritic,nerve_c3,CALM1,INSR,1.2844772,0.0,1.6345873,0.9487789780963656,0.6407804367019492,0.011929615,0.92132455,0.2790777204724335,0.0525014545389868,immune,nerve,immune-nerve,immune_to_nerve,nerve_c3,dendritic,0.1893,16.0,0.5434,True,0.1168,23.0,0.7139,True,True
nerve_c13,immune_dendritic,PTN,NCL,1.284179,0.0,1.6108202,0.3194215732163726,0.0036462626178839,0.009425314,0.92079204,0.5870739534791753,0.0526194535748765,nerve,immune,immune-nerve,nerve_to_immune,nerve_c13,dendritic,0.3452,18.0,0.5887,True,0.1168,23.0,0.7139,True,True
immune_nk_cell,nerve_c9,PSEN1,NOTCH1,0.11861518,1.0,0.0129375635,-0.1869950505803791,-0.2793973543410502,0.0037849466,0.5102426,1.0,0.0527026762346053,immune,nerve,immune-nerve,immune_to_nerve,nerve_c9,nk_cell,0.4802,7.0,0.3212,True,0.1807,21.0,0.6809,True,True
immune_dendritic,nerve_c13,PSAP,SORT1,1.2840658,0.0,1.6447895,0.6209715005275849,0.398567823106971,0.00825982,0.92154974,0.5432261623074914,0.0527375869261526,immune,nerve,immune-nerve,immune_to_nerve,nerve_c13,dendritic,0.3452,18.0,0.5887,True,0.1168,23.0,0.7139,True,True
immune_nk_cell,nerve_c7,HSPA8,LRP2,1.283996,0.0,1.6105201,2.2632823308833387,1.1999487630927768,0.014636458,0.92078525,0.137596413910463,0.052826258980209,immune,nerve,immune-nerve,immune_to_nerve,nerve_c7,nk_cell,0.17,15.0,0.5776,True,0.1807,21.0,0.6809,True,True
malignant,immune_dendritic,AGRN,LRP1,0.11481859,1.0,0.012938351,-0.1614187888672137,-0.381263947501515,0.0012039316,0.5102502,1.0,0.052904174776521,tumor,immune,immune-tumor,tumor_to_immune,,dendritic,,,,,0.1168,23.0,0.7139,True,True
nerve_c0,immune_dendritic,HMGB1,CXCR4,1.2835755,0.0,1.4093801,-0.0127432329577928,-0.163731296228601,0.005504816,0.9157813,1.0,0.0530038229863047,nerve,immune,immune-nerve,nerve_to_immune,nerve_c0,dendritic,0.1812,15.0,0.5697,True,0.1168,23.0,0.7139,True,True
immune_dendritic,nerve_c20,HSPA8,LRP2,1.2833312,0.0,1.6187767,2.305645699076345,1.0323388023962667,0.014711493,0.9209716,0.1349519262679752,0.0530630667552851,immune,nerve,immune-nerve,immune_to_nerve,nerve_c20,dendritic,0.7889,9.0,0.1802,False,0.1168,23.0,0.7139,True,False
immune_t_cell,nerve_c6,IL16,CD9,1.5467094,0.0,1.054074,1.4177042134264446,1.6672457698514305,0.026588526,0.90388155,0.0584463858624115,0.0530927051835383,immune,nerve,immune-nerve,immune_to_nerve,nerve_c6,t_cell,0.2036,24.0,0.6567,True,0.114,24.0,0.7175,True,True
immune_microglia,nerve_c12,APOE,SORL1,2.062604,0.0,1.0540513,0.1713834348540721,1.2839846290362185,0.010801493,0.90388066,0.3840525548066498,0.053122351393782,immune,nerve,immune-nerve,immune_to_nerve,nerve_c12,microglia,0.4368,7.0,0.335,True,0.0584,28.0,0.8514,True,True
nerve_c4,immune_nk_cell,SPP1,CD44,1.2831241,1.0,1.5744362,-0.0626715061983762,-1.4674465640761984,0.0048147864,0.9199549,1.0,0.053181657403334,nerve,immune,immune-nerve,nerve_to_immune,nerve_c4,nk_cell,0.1779,16.0,0.5438,True,0.1807,21.0,0.6809,True,True
immune_t_cell,nerve_c12,GZMA,PARD3,1.2829837,0.0,1.4806529,1.7758380785922634,2.283758259334578,0.11303444,0.91766435,0.0010209918113539,0.0532410042859393,immune,nerve,immune-nerve,immune_to_nerve,nerve_c12,t_cell,0.4368,7.0,0.335,True,0.114,24.0,0.7175,True,True
immune_t_cell,nerve_c0,S100A4,EGFR,1.3496989,0.0,1.0526891,0.5019132207591422,0.0884391095923509,0.021253716,0.90382445,0.3983148362117212,0.0532410042859393,immune,nerve,immune-nerve,immune_to_nerve,nerve_c0,t_cell,0.1812,15.0,0.5697,True,0.114,24.0,0.7175,True,True
immune_nk_cell,nerve_c9,IL18,IL18BP,0.119179726,1.0,0.012951305,-0.1121643654528432,-0.3467987232377338,0.008757483,0.5103752,1.0,0.0533071525904554,immune,nerve,immune-nerve,immune_to_nerve,nerve_c9,nk_cell,0.4802,7.0,0.3212,True,0.1807,21.0,0.6809,True,True
immune_microglia,nerve_c18,C3,CD81,1.2818455,0.0,1.3736377,0.1910907291747141,1.076190514551289,0.028734261,0.91478544,0.3353494753286445,0.0535977193936145,immune,nerve,immune-nerve,immune_to_nerve,nerve_c18,microglia,0.5575,4.0,0.2111,False,0.0584,28.0,0.8514,True,False
nerve_c7,immune_dendritic,HMGB1,CXCR4,1.280979,0.0,1.4001801,-0.0152062920263871,-0.1051834521304945,0.0054688826,0.9155284,1.0,0.0537466794919011,nerve,immune,immune-nerve,nerve_to_immune,nerve_c7,dendritic,0.17,15.0,0.5776,True,0.1168,23.0,0.7139,True,True
malignant,immune_t_cell,HLA-A,CD8A,1.2808673,0.0,1.555369,0.6763076556383636,0.7299384827541944,0.03984764,0.9195051,0.0584463858624115,0.0538063120510874,tumor,immune,immune-tumor,tumor_to_immune,,t_cell,,,,,0.114,24.0,0.7175,True,True
immune_dendritic,nerve_c3,CALM1,GRM3,1.2808521,0.0,1.6243778,1.9893397685352705,0.9117795132985602,0.011890787,0.92109716,0.2819428191864779,0.053836144890712,immune,nerve,immune-nerve,immune_to_nerve,nerve_c3,dendritic,0.1893,16.0,0.5434,True,0.1168,23.0,0.7139,True,True
immune_tam,nerve_c22,YBX1,NOTCH1,1.2804116,0.0,1.1512837,0.6960717127994096,0.92971636027327,0.04521479,0.90764594,0.0584463858624115,0.0540451825179189,immune,nerve,immune-nerve,immune_to_nerve,nerve_c22,tam,1.0,1.0,-0.0,False,0.221,21.0,0.6495,True,False
immune_nk_cell,nerve_c2,CALM1,INSR,1.2791369,0.0,1.1389416,0.6280907232064802,0.6210046474149948,0.008312273,0.90719324,0.4970848874510563,0.0542845402839928,immune,nerve,immune-nerve,immune_to_nerve,nerve_c2,nk_cell,0.4082,17.0,0.533,True,0.1807,21.0,0.6809,True,True
immune_dendritic,malignant,GNAI2,EGFR,1.2791015,0.0,1.5841895,0.5309968826383527,2.1002567315540603,0.020426184,0.920182,0.0584463858624115,0.0543144974100841,immune,tumor,immune-tumor,immune_to_tumor,,dendritic,,,,,0.1168,23.0,0.7139,True,True
immune_nk_cell,nerve_c6,CALM1,PTPRA,1.2787542,0.0,1.137423,0.3200196210936868,0.3216183306288991,0.0077347164,0.90713704,0.8414871717056284,0.0543744250988608,immune,nerve,immune-nerve,immune_to_nerve,nerve_c6,nk_cell,0.2036,24.0,0.6567,True,0.1807,21.0,0.6809,True,True
immune_t_cell,nerve_c22,CALM1,PTPRA,1.2943754,0.001,1.0441883,0.3157045426466148,0.5759182163120501,0.007100701,0.90347147,1.0,0.0543744250988608,immune,nerve,immune-nerve,immune_to_nerve,nerve_c22,t_cell,1.0,1.0,-0.0,False,0.114,24.0,0.7175,True,False
nerve_c12,immune_nk_cell,NCAM1,PTPRA,1.4051937,0.0,1.0440156,1.059453594454587,1.294120515925154,0.013645494,0.90346426,0.1756675026163027,0.0544044055156158,nerve,immune,immune-nerve,nerve_to_immune,nerve_c12,nk_cell,0.4368,7.0,0.335,True,0.1807,21.0,0.6809,True,True
immune_dendritic,nerve_c17,ADAM15,ITGB1,0.12329291,1.0,0.012984124,-0.3072319131793044,-0.4413152453467963,0.0025292926,0.51069146,1.0,0.0545158573405293,immune,nerve,immune-nerve,immune_to_nerve,nerve_c17,dendritic,0.712,4.0,0.1815,False,0.1168,23.0,0.7139,True,False
immune_dendritic,nerve_c2,AREG,ERBB3,1.2777898,0.0,1.5670825,2.429750760274399,2.3145433762163803,0.024570232,0.9197824,0.0051185961109876,0.0546144759114829,immune,nerve,immune-nerve,immune_to_nerve,nerve_c2,dendritic,0.4082,17.0,0.533,True,0.1168,23.0,0.7139,True,True
nerve_c13,immune_nk_cell,LAMA2,RPSA,1.4224713,0.0,1.0427195,0.6605777331794421,0.875465262005328,0.022608696,0.9034101,0.0584463858624115,0.0546144759114829,nerve,immune,immune-nerve,nerve_to_immune,nerve_c13,nk_cell,0.3452,18.0,0.5887,True,0.1807,21.0,0.6809,True,True
immune_nk_cell,nerve_c15,CALM1,PTPRA,1.2777793,0.0,1.1335542,0.3186383897099969,0.378756512638944,0.007708408,0.90699345,0.8479554264210841,0.0546445184225077,immune,nerve,immune-nerve,immune_to_nerve,nerve_c15,nk_cell,0.2441,11.0,0.4778,True,0.1807,21.0,0.6809,True,True
nerve_c7,immune_tam,TIMP2,CD44,1.2775556,0.0,1.2396715,0.7131841408530853,0.9492230441617756,0.012285999,0.9106998,0.2529354227088855,0.0547346826271331,nerve,immune,immune-nerve,nerve_to_immune,nerve_c7,tam,0.17,15.0,0.5776,True,0.221,21.0,0.6495,True,True
nerve_c12,immune_nk_cell,APP,CD74,1.2771995,1.0,1.4140984,-0.0477499044216045,-0.9653141356320852,0.002572287,0.9159101,1.0,0.0547948374793481,nerve,immune,immune-nerve,nerve_to_immune,nerve_c12,nk_cell,0.4368,7.0,0.335,True,0.1807,21.0,0.6809,True,True
nerve_c21,immune_tam,SPP1,ITGA5_ITGB1,1.4177408,0.36,1.0397213,0.3545247612283663,-0.5327249872714448,0.020808024,0.9032844,1.0,0.0549754684006149,nerve,immune,immune-nerve,nerve_to_immune,nerve_c21,tam,1.0,1.0,-0.0,False,0.221,21.0,0.6495,True,False
immune_dendritic,nerve_c13,LGALS9,PTPRK,1.2764803,0.0,1.066584,1.5868246231538716,1.5417084089735251,0.016736155,0.9043929,0.0573104964358923,0.0550357473525333,immune,nerve,immune-nerve,immune_to_nerve,nerve_c13,dendritic,0.3452,18.0,0.5887,True,0.1168,23.0,0.7139,True,True
nerve_c7,malignant,NLGN1,NRXN1,1.2764596,0.0,1.577223,0.7657491976331838,1.7639645518295215,0.05255031,0.92002,0.0584463858624115,0.0550809719642335,nerve,tumor,nerve-tumor,nerve_to_tumor,nerve_c7,,0.17,15.0,0.5776,True,,,,,True
immune_nk_cell,nerve_c2,CALM1,PTPRA,1.2761008,0.0,1.1268927,0.3162601298973463,0.3103401168782801,0.0076631084,0.90674454,0.8579897200520132,0.0551865705072369,immune,nerve,immune-nerve,immune_to_nerve,nerve_c2,nk_cell,0.4082,17.0,0.533,True,0.1807,21.0,0.6809,True,True
immune_tam,nerve_c22,NAMPT,INSR,1.3796608,0.0,1.0376987,0.8652335750918282,1.4379485048994474,0.012752233,0.90319926,0.2228816092908416,0.0552167603806174,immune,nerve,immune-nerve,immune_to_nerve,nerve_c22,tam,1.0,1.0,-0.0,False,0.221,21.0,0.6495,True,False
immune_tam,nerve_c22,LGALS9,PTPRK,1.2760963,0.0,1.1175559,1.583978145975502,1.379994618636299,0.017535973,0.90639216,0.0684099477080119,0.0552167603806174,immune,nerve,immune-nerve,immune_to_nerve,nerve_c22,tam,1.0,1.0,-0.0,False,0.221,21.0,0.6495,True,False
immune_nk_cell,nerve_c7,AREG,ERBB3,1.2760311,0.0,1.453462,2.2489059608000086,2.176087218261134,0.022788782,0.91696143,0.0090808230871161,0.0553073665761301,immune,nerve,immune-nerve,immune_to_nerve,nerve_c7,nk_cell,0.17,15.0,0.5776,True,0.1807,21.0,0.6809,True,True
immune_nk_cell,nerve_c0,IL18,IL1RAPL1,2.2069097,0.0,0.65835387,2.1444885323597163,2.091231506533751,0.0087855505,0.8814026,0.0127386025622148,0.0553214782298639,immune,nerve,immune-nerve,immune_to_nerve,nerve_c0,nk_cell,0.1812,15.0,0.5697,True,0.1807,21.0,0.6809,True,True
immune_tam,nerve_c12,ADAM10,CADM1,1.2760022,0.0,1.1003011,0.9592598516670304,1.2295732477047931,0.021372857,0.90573,0.0584463858624115,0.0553980425154182,immune,nerve,immune-nerve,immune_to_nerve,nerve_c12,tam,0.4368,7.0,0.335,True,0.221,21.0,0.6495,True,True
immune_nk_cell,nerve_c1,CALM1,PDE1C,1.2756392,0.0,1.125061,0.6930313167884445,0.7317641979779934,0.005873117,0.90667576,0.4970848874510563,0.0554887981390039,immune,nerve,immune-nerve,immune_to_nerve,nerve_c1,nk_cell,0.1941,18.0,0.5886,True,0.1807,21.0,0.6809,True,True
immune_dendritic,nerve_neuron,ARF1,CHRM3,1.2748864,0.0,1.3854827,1.9137660877164528,1.428229108604662,0.09604411,0.91511947,0.00230077444949,0.0557311340939147,immune,nerve,immune-nerve,immune_to_nerve,nerve_neuron,dendritic,0.5032,7.0,0.4667,False,0.1168,23.0,0.7139,True,False
nerve_c12,immune_dendritic,PTN,NCL,1.2745531,0.0,1.5898647,0.3124530660291764,-0.0236587527103484,0.009302698,0.92031324,0.6508940605330116,0.0558221453472954,nerve,immune,immune-nerve,nerve_to_immune,nerve_c12,dendritic,0.4368,7.0,0.335,True,0.1168,23.0,0.7139,True,True
immune_t_cell,nerve_c6,CALM1,INSR,1.2915369,0.0,1.0323299,0.596452422662421,0.6947215943208254,0.0075341947,0.9029723,0.4970848874510563,0.0561259994706236,immune,nerve,immune-nerve,immune_to_nerve,nerve_c6,t_cell,0.2036,24.0,0.6567,True,0.114,24.0,0.7175,True,True
immune_t_cell,nerve_c1,CALM1,INSR,1.2914882,0.0,1.032126,0.596355649302712,0.7235470114101057,0.0075327065,0.90296364,0.4970848874510563,0.0561564194463555,immune,nerve,immune-nerve,immune_to_nerve,nerve_c1,t_cell,0.1941,18.0,0.5886,True,0.114,24.0,0.7175,True,True
nerve_c3,immune_t_cell,ADAM10,CD44,1.2735138,0.0,1.6126611,0.9755067610109652,1.097609191146911,0.020330666,0.9208337,0.0584463858624115,0.0561868571666701,nerve,immune,immune-nerve,nerve_to_immune,nerve_c3,t_cell,0.1893,16.0,0.5434,True,0.114,24.0,0.7175,True,True
nerve_c22,immune_nk_cell,HMGB1,CXCR4,1.2734327,0.403,1.097127,-0.0360901458965174,0.1204519701225299,0.004285204,0.90560657,1.0,0.0562477558234769,nerve,immune,immune-nerve,nerve_to_immune,nerve_c22,nk_cell,1.0,1.0,-0.0,False,0.1807,21.0,0.6809,True,False
immune_dendritic,nerve_c15,HLA-A,APLP2,1.4699748,0.317,1.0304817,-0.0680146370072785,-0.2918934250699867,0.008407576,0.9028938,1.0,0.0563086754118302,immune,nerve,immune-nerve,immune_to_nerve,nerve_c15,dendritic,0.2441,11.0,0.4778,True,0.1168,23.0,0.7139,True,True
immune_dendritic,nerve_c0,CALM1,INSR,1.2733327,0.0,1.6032009,0.9266299669895626,0.6498456305342679,0.01170055,0.920619,0.2970644768551974,0.0563391518197409,immune,nerve,immune-nerve,immune_to_nerve,nerve_c0,dendritic,0.1812,15.0,0.5697,True,0.1168,23.0,0.7139,True,True
malignant,nerve_c21,HLA-A,APLP2,1.2729837,0.976,1.5305694,-0.1186280091680028,0.1481657471059658,0.009201189,0.9189083,1.0,0.0564001278454595,tumor,nerve,nerve-tumor,tumor_to_nerve,nerve_c21,,1.0,1.0,-0.0,False,,,,,False
immune_nk_cell,nerve_c1,IL16,CD9,1.4040914,0.0,1.0298381,1.29422510007795,1.4525927374132863,0.025977183,0.90286636,0.0584463858624115,0.0565069053282726,immune,nerve,immune-nerve,immune_to_nerve,nerve_c1,nk_cell,0.1941,18.0,0.5886,True,0.1807,21.0,0.6809,True,True
immune_t_cell,nerve_c1,CD99,CD81,1.27254,0.0,1.5993669,0.3097939411261069,0.3035586266378179,0.017507475,0.92053145,0.1423472565140267,0.056613767503431,immune,nerve,immune-nerve,immune_to_nerve,nerve_c1,t_cell,0.1941,18.0,0.5886,True,0.114,24.0,0.7175,True,True
immune_nk_cell,nerve_c18,CALM1,PTPRA,1.2720165,0.0,1.1106842,0.3104735791381649,0.3881841572613624,0.007552887,0.9061302,0.8815909071203424,0.0567360289040791,immune,nerve,immune-nerve,immune_to_nerve,nerve_c18,nk_cell,0.5575,4.0,0.2111,False,0.1807,21.0,0.6809,True,False
nerve_c15,malignant,GSTP1,EGFR,1.271994,0.0,1.5627685,0.417348545085216,1.9865127890019243,0.033439867,0.9196806,0.0609841849424424,0.0567666035248982,nerve,tumor,nerve-tumor,nerve_to_tumor,nerve_c15,,0.2441,11.0,0.4778,True,,,,,True
immune_microglia,nerve_c16,APOE,LSR,2.05884,0.0,1.0250583,1.12168136510928,2.0725803803252187,0.122405246,0.90266216,0.0056450047946181,0.0571342023616077,immune,nerve,immune-nerve,immune_to_nerve,nerve_c16,microglia,0.2917,16.0,0.4833,True,0.0584,28.0,0.8514,True,True
immune_dendritic,nerve_c7,HSPA8,LRP2,1.2699428,0.0,1.5799196,2.2504601437162757,1.091408508199683,0.014358359,0.9200828,0.1474639056759873,0.0571955702749539,immune,nerve,immune-nerve,immune_to_nerve,nerve_c7,dendritic,0.17,15.0,0.5776,True,0.1168,23.0,0.7139,True,True
nerve_c0,immune_microglia,TF,TFRC,1.2689161,0.0,1.0509245,1.8194157368612351,1.810741695714243,0.012327383,0.9037515,0.0330674504053295,0.0575336812957218,nerve,immune,immune-nerve,nerve_to_immune,nerve_c0,microglia,0.1812,15.0,0.5697,True,0.0584,28.0,0.8514,True,True
immune_dendritic,nerve_c13,HRAS,CAV1,0.12575324,0.538,0.013217171,-0.0132590865359407,-0.0015421349882532,0.0041832337,0.5129139,1.0,0.057737459487945,immune,nerve,immune-nerve,immune_to_nerve,nerve_c13,dendritic,0.3452,18.0,0.5887,True,0.1168,23.0,0.7139,True,True
immune_nk_cell,nerve_c1,HLA-A,APLP2,1.8597877,0.0,1.0211104,0.2160381430491634,0.1666974524048113,0.008331117,0.9024925,0.7740297399050345,0.0577493319847668,immune,nerve,immune-nerve,immune_to_nerve,nerve_c1,nk_cell,0.1941,18.0,0.5886,True,0.1807,21.0,0.6809,True,True
immune_dendritic,nerve_c0,S100A4,ERBB3,1.2678471,0.0,1.3650916,1.574946707643726,1.1849595176806709,0.011703175,0.9145419,0.1449218247248396,0.0580889711879772,immune,nerve,immune-nerve,immune_to_nerve,nerve_c0,dendritic,0.1812,15.0,0.5697,True,0.1168,23.0,0.7139,True,True
nerve_c12,immune_microglia,NUCB2,ERAP1,0.11674232,1.0,0.01327927,-0.1068997722513665,-0.1246799863985108,0.005941367,0.51349944,1.0,0.0585424928153188,nerve,immune,immune-nerve,nerve_to_immune,nerve_c12,microglia,0.4368,7.0,0.335,True,0.0584,28.0,0.8514,True,True
malignant,nerve_c21,TIMP1,CD63,1.2664238,0.632,1.5926052,-0.0210769859372232,0.4497621115080386,0.0063258517,0.92037636,1.0,0.0586156941086755,tumor,nerve,nerve-tumor,tumor_to_nerve,nerve_c21,,1.0,1.0,-0.0,False,,,,,False
immune_nk_cell,nerve_c2,IL16,CD9,1.3867147,0.0,1.0147651,1.275381794687547,1.3778339723265187,0.025596974,0.9022179,0.0584463858624115,0.0586778127457691,immune,nerve,immune-nerve,immune_to_nerve,nerve_c2,nk_cell,0.4082,17.0,0.533,True,0.1807,21.0,0.6809,True,True
nerve_c0,immune_microglia,ADAM10,TREM2,1.2660682,0.0,1.547266,0.8259482194490262,1.8782259839475524,0.054267567,0.91931164,0.0584463858624115,0.0587088734033641,nerve,immune,immune-nerve,nerve_to_immune,nerve_c0,microglia,0.1812,15.0,0.5697,True,0.0584,28.0,0.8514,True,True
immune_t_cell,nerve_c13,S100A4,ERBB3,1.3409848,0.0,1.0138831,1.2124556101197914,1.4100167081780293,0.008692202,0.90217954,0.1629238236844555,0.0587710382638437,immune,nerve,immune-nerve,immune_to_nerve,nerve_c13,t_cell,0.3452,18.0,0.5887,True,0.114,24.0,0.7175,True,True
immune_t_cell,nerve_c1,HLA-A,APLP2,1.8460872,0.0,1.012932,0.2053546302813422,0.3058204865071695,0.00826439,0.9021381,0.788191943453734,0.0589265749860671,immune,nerve,immune-nerve,immune_to_nerve,nerve_c1,t_cell,0.1941,18.0,0.5886,True,0.114,24.0,0.7175,True,True
immune_t_cell,nerve_c1,TIMP1,CD63,1.4358823,0.0,1.0102082,0.0679540992394164,-0.4416530174587727,0.0047235587,0.9020192,1.0,0.0593943400317739,immune,nerve,immune-nerve,immune_to_nerve,nerve_c1,t_cell,0.1941,18.0,0.5886,True,0.114,24.0,0.7175,True,True
nerve_c12,immune_t_cell,PTN,NCL,1.2641582,0.0,1.5594989,0.3008149581161154,0.0562772174312787,0.009125021,0.9196032,0.6206935617970734,0.0595193677625044,nerve,immune,immune-nerve,nerve_to_immune,nerve_c12,t_cell,0.4368,7.0,0.335,True,0.114,24.0,0.7175,True,True
nerve_c4,immune_t_cell,COL4A5,CD47,1.2633668,0.0,1.1896999,2.704008761007947,1.674877639643855,0.02809896,0.9090125,0.0246128613832991,0.0597384701584593,nerve,immune,immune-nerve,nerve_to_immune,nerve_c4,t_cell,0.1779,16.0,0.5438,True,0.114,24.0,0.7175,True,True
malignant,nerve_c21,APP,CD74,1.2615199,0.828,1.5908272,0.0780057063394282,-0.413705764178387,0.028378174,0.9203354,1.0,0.0601149375609419,tumor,nerve,nerve-tumor,tumor_to_nerve,nerve_c21,,1.0,1.0,-0.0,False,,,,,False
immune_nk_cell,nerve_c16,VIM,CD44,1.2614655,0.586,1.3555799,0.0191600203862732,-0.2838138322592343,0.018521473,0.91426826,1.0,0.060146362386987,immune,nerve,immune-nerve,immune_to_nerve,nerve_c16,nk_cell,0.2917,16.0,0.4833,True,0.1807,21.0,0.6809,True,True
nerve_c22,immune_tam,COL4A5,CD44,1.2607567,0.0,1.1757004,1.4090677815688104,1.5069848475002687,0.013028232,0.9085218,0.0921454260661645,0.0603035914403226,nerve,immune,immune-nerve,nerve_to_immune,nerve_c22,tam,1.0,1.0,-0.0,False,0.221,21.0,0.6495,True,False
nerve_c3,immune_tam,FGF1,CD44,1.2601701,0.0,1.1734662,1.5264740516736308,1.3964760692686766,0.017831456,0.90844274,0.0635236076647296,0.0606186256573453,nerve,immune,immune-nerve,nerve_to_immune,nerve_c3,tam,0.1893,16.0,0.5434,True,0.221,21.0,0.6495,True,True
nerve_c4,immune_nk_cell,COL4A5,CD47,1.2592022,0.0,1.1738672,2.6974571530160394,1.6566609391297322,0.027725015,0.9084569,0.0264772647714906,0.061060961286859,nerve,immune,immune-nerve,nerve_to_immune,nerve_c4,nk_cell,0.1779,16.0,0.5438,True,0.1807,21.0,0.6809,True,True
immune_dendritic,nerve_c22,LGALS9,PTPRK,1.2585568,0.0,1.0477188,1.557810739153592,1.3312121081811616,0.016440134,0.9036186,0.085781156510316,0.0612509970675714,immune,nerve,immune-nerve,immune_to_nerve,nerve_c22,dendritic,1.0,1.0,-0.0,False,0.1168,23.0,0.7139,True,False
malignant,nerve_c15,COL9A3,MAG,1.623816,0.0,0.996525,3.687548643601272,2.557930490266303,0.08104069,0.90141493,0.00019175427646,0.0613461132901311,tumor,nerve,nerve-tumor,tumor_to_nerve,nerve_c15,,0.2441,11.0,0.4778,True,,,,,True
immune_nk_cell,nerve_c15,IL16,CD9,1.3653578,0.0,0.99623954,1.252223205731008,1.4734115656150584,0.025129676,0.90140224,0.0584463858624115,0.0613778375113819,immune,nerve,immune-nerve,immune_to_nerve,nerve_c15,nk_cell,0.2441,11.0,0.4778,True,0.1807,21.0,0.6809,True,True
nerve_c12,immune_t_cell,VCAN,ITGA4,1.2571226,0.0,1.1795301,1.2300529008295404,1.4770285689855254,0.10534053,0.90865684,0.0091937345543346,0.0617272890810204,nerve,immune,immune-nerve,nerve_to_immune,nerve_c12,t_cell,0.4368,7.0,0.335,True,0.114,24.0,0.7175,True,True
nerve_neuron,immune_tam,TNFSF13B,CD40,0.118093446,1.0,0.0134754535,-0.1256125230277238,-0.2744023788923372,0.028021447,0.5153311,1.0,0.0617611576887827,nerve,immune,immune-nerve,nerve_to_immune,nerve_neuron,tam,0.5032,7.0,0.4667,False,0.221,21.0,0.6495,True,False
malignant,nerve_c2,TIMP1,FGFR2,1.256773,0.0,1.5702059,1.6960820017773584,1.3773844084846525,0.010021655,0.9198558,0.0745687855481353,0.0617909291767506,tumor,nerve,nerve-tumor,tumor_to_nerve,nerve_c2,,0.4082,17.0,0.533,True,,,,,True
nerve_c16,malignant,TIMP1,CD63,1.256235,0.985,1.2243024,-0.059733678860595,-0.1757154871515078,0.010315052,0.9101912,1.0,0.0619501530412212,nerve,tumor,nerve-tumor,nerve_to_tumor,nerve_c16,,0.2917,16.0,0.4833,True,,,,,True
immune_dendritic,nerve_c1,PSAP,SORT1,1.2561529,0.0,1.5695586,0.5752582072729377,0.3047914841254946,0.007882025,0.9198406,0.8058545627807052,0.0619820124119371,immune,nerve,immune-nerve,immune_to_nerve,nerve_c1,dendritic,0.1941,18.0,0.5886,True,0.1168,23.0,0.7139,True,True
nerve_c21,immune_microglia,SPP1,PTGER4,1.4079604,0.512,0.9927218,0.0721276084007245,-0.5724748444705784,0.009633495,0.9012449,1.0,0.0619820124119371,nerve,immune,immune-nerve,nerve_to_immune,nerve_c21,microglia,1.0,1.0,-0.0,False,0.0584,28.0,0.8514,True,False
immune_nk_cell,nerve_c1,CALM1,GRM3,1.2559934,0.0,1.0470946,1.1218361721874308,0.8537956732077003,0.0076649524,0.9035926,0.4733541875794216,0.0620457750935106,immune,nerve,immune-nerve,immune_to_nerve,nerve_c1,nk_cell,0.1941,18.0,0.5886,True,0.1807,21.0,0.6809,True,True
immune_nk_cell,nerve_c2,PSAP,GPR37,1.2553108,0.0,1.3240229,2.193704405333203,0.5147212484802014,0.0100318985,0.91334057,0.3388380159449194,0.0621733818786998,immune,nerve,immune-nerve,immune_to_nerve,nerve_c2,nk_cell,0.4082,17.0,0.533,True,0.1807,21.0,0.6809,True,True
nerve_c13,immune_microglia,APOE,TREM2,1.2549582,1.0,1.5138911,-0.0209989605830502,-0.0380099945005403,0.032863174,0.9184992,1.0,0.0622372364670074,nerve,immune,immune-nerve,nerve_to_immune,nerve_c13,microglia,0.3452,18.0,0.5887,True,0.0584,28.0,0.8514,True,True
immune_microglia,nerve_c12,APOE,LRP4,2.0542116,0.0,0.9894059,0.5219363370101942,1.8506806818188,0.015608615,0.9010959,0.1079472032339542,0.0626209755263172,immune,nerve,immune-nerve,immune_to_nerve,nerve_c12,microglia,0.4368,7.0,0.335,True,0.0584,28.0,0.8514,True,True
malignant,nerve_c15,PSAP,GPR37,1.2531174,0.0,1.4350219,2.0397293401381984,0.3396813780182659,0.010933618,0.91647404,0.3666616798609677,0.0626850444430876,tumor,nerve,nerve-tumor,tumor_to_nerve,nerve_c15,,0.2441,11.0,0.4778,True,,,,,True
malignant,nerve_c2,PTN,PTPRS,1.3970962,0.0,0.98897904,0.7114228845353547,2.0110154526517947,0.030748669,0.9010767,0.0584463858624115,0.0628453400845175,tumor,nerve,nerve-tumor,tumor_to_nerve,nerve_c2,,0.4082,17.0,0.533,True,,,,,True
nerve_c17,malignant,PTN,NCL,1.2520471,0.0,1.4175634,0.251845469947512,0.1903411123531462,0.008950435,0.9160043,0.6544303821423817,0.0630058269429027,nerve,tumor,nerve-tumor,nerve_to_tumor,nerve_c17,,0.712,4.0,0.1815,False,,,,,False
malignant,nerve_c13,IL1RAPL1,PTPRD,1.3034453,0.0,0.98741466,1.38597721959566,1.4961948448008529,0.049553875,0.90100604,0.0134437828783503,0.0633273741012211,tumor,nerve,nerve-tumor,tumor_to_nerve,nerve_c13,,0.3452,18.0,0.5887,True,,,,,True
immune_t_cell,nerve_c15,HSPA8,LRP2,1.2509329,0.0,1.1838487,1.5029281203326497,1.1281856907249328,0.010758855,0.9088084,0.1784357488342623,0.0633917688998525,immune,nerve,immune-nerve,immune_to_nerve,nerve_c15,t_cell,0.2441,11.0,0.4778,True,0.114,24.0,0.7175,True,True
nerve_c17,immune_t_cell,B2M,KLRD1,1.7842032,0.306,0.9859695,0.2872085154785605,0.1397640790284268,0.0076004476,0.9009407,1.0,0.063423983056725,nerve,immune,immune-nerve,nerve_to_immune,nerve_c17,t_cell,0.712,4.0,0.1815,False,0.114,24.0,0.7175,True,False
nerve_c3,immune_tam,EDIL3,ITGAV,1.4672673,0.0,0.98544496,2.275825999248182,1.6064910053152817,0.013512288,0.900917,0.0328761073027916,0.0634884342964953,nerve,immune,immune-nerve,nerve_to_immune,nerve_c3,tam,0.1893,16.0,0.5434,True,0.221,21.0,0.6495,True,True
immune_nk_cell,nerve_c7,CALM1,RYR2,1.2499067,0.0,1.0229391,1.2362127432729693,0.9250264660167848,0.019755904,0.9025712,0.0584463858624115,0.0637788218276362,immune,nerve,immune-nerve,immune_to_nerve,nerve_c7,nk_cell,0.17,15.0,0.5776,True,0.1807,21.0,0.6809,True,True
nerve_c21,malignant,SPP1,ITGAV_ITGB1,1.406048,0.791,0.98353183,-0.1817535219664016,-1.2084011398799408,0.0037384396,0.9008302,1.0,0.0638111276576264,nerve,tumor,nerve-tumor,nerve_to_tumor,nerve_c21,,1.0,1.0,-0.0,False,,,,,False
immune_dendritic,nerve_c12,LTBP3,ITGB5,0.118396014,1.0,0.013563266,-0.0840790016453637,-0.1250489559281559,0.01300582,0.5161422,1.0,0.0639726261855054,immune,nerve,immune-nerve,immune_to_nerve,nerve_c12,dendritic,0.4368,7.0,0.335,True,0.1168,23.0,0.7139,True,True
immune_dendritic,nerve_c17,HBEGF,CD9,1.6076188,0.0,0.98258644,1.2117832321290831,1.6059305528519192,0.016869897,0.9007873,0.0800592782730249,0.0641669744409722,immune,nerve,immune-nerve,immune_to_nerve,nerve_c17,dendritic,0.712,4.0,0.1815,False,0.1168,23.0,0.7139,True,False
immune_microglia,nerve_c16,C3,CD81,1.2474909,0.0,1.2498946,0.159772875628004,0.9591427785609292,0.026145756,0.91103315,0.4153526580469934,0.0644912709086155,immune,nerve,immune-nerve,immune_to_nerve,nerve_c16,microglia,0.2917,16.0,0.4833,True,0.0584,28.0,0.8514,True,True
malignant,nerve_c2,PSAP,SORT1,1.2457744,0.0,1.4220202,0.7530616530234877,-0.0146377984800036,0.0070688324,0.916125,1.0,0.0650117229928658,tumor,nerve,nerve-tumor,tumor_to_nerve,nerve_c2,,0.4082,17.0,0.533,True,,,,,True
immune_nk_cell,nerve_c16,HLA-A,APLP2,1.853371,0.0,0.97720677,0.2087076244783913,0.1426049778836535,0.007972913,0.90054166,0.856564267972262,0.06507692206664,immune,nerve,immune-nerve,immune_to_nerve,nerve_c16,nk_cell,0.2917,16.0,0.4833,True,0.1807,21.0,0.6809,True,True
nerve_c7,immune_nk_cell,SPP1,CD44,1.245145,1.0,1.49735,-0.0809464292060207,-1.3721147280986954,0.004579049,0.918087,1.0,0.0652074009278412,nerve,immune,immune-nerve,nerve_to_immune,nerve_c7,nk_cell,0.17,15.0,0.5776,True,0.1807,21.0,0.6809,True,True
immune_nk_cell,nerve_c22,HSPA8,LRP2,1.2447071,0.0,1.4942836,2.1013451228436617,1.13556839309093,0.013580096,0.9180099,0.1726292053177604,0.0652726914360923,immune,nerve,immune-nerve,immune_to_nerve,nerve_c22,nk_cell,1.0,1.0,-0.0,False,0.1807,21.0,0.6809,True,False
immune_t_cell,nerve_c12,CALM1,PDE1C,1.2777085,0.0,0.9745583,0.6373105213673881,0.7782790909245221,0.005087453,0.9004201,0.4970848874510563,0.0653380016749196,immune,nerve,immune-nerve,immune_to_nerve,nerve_c12,t_cell,0.4368,7.0,0.335,True,0.114,24.0,0.7175,True,True
nerve_c20,immune_dendritic,SPP1,CD44,1.2439519,1.0,1.4318855,-0.1132771179794628,-1.1558459206169056,0.004378852,0.91639024,1.0,0.0654033531210719,nerve,immune,immune-nerve,nerve_to_immune,nerve_c20,dendritic,0.7889,9.0,0.1802,False,0.1168,23.0,0.7139,True,False
nerve_c20,immune_microglia,APP,LRP1,1.2437048,0.0,1.1088381,0.7583606626349437,0.8451511027858504,0.015298818,0.9060594,0.1162116140922519,0.0655341366517405,nerve,immune,immune-nerve,nerve_to_immune,nerve_c20,microglia,0.7889,9.0,0.1802,False,0.0584,28.0,0.8514,True,False
immune_dendritic,malignant,FARP2,PLXNA1,0.11774556,0.0,0.013670272,0.0591063269044083,0.0555923654210661,0.0019061539,0.51712346,1.0,0.0657811858042652,immune,tumor,immune-tumor,immune_to_tumor,,dendritic,,,,,0.1168,23.0,0.7139,True,True
immune_nk_cell,nerve_c22,CALM1,PTPRA,1.242089,0.001,0.9919143,0.2680719304213842,0.4681770662930872,0.0067452267,0.90120864,1.0,0.0658288476503016,immune,nerve,immune-nerve,immune_to_nerve,nerve_c22,nk_cell,1.0,1.0,-0.0,False,0.1807,21.0,0.6809,True,False
immune_t_cell,nerve_c16,HLA-A,APLP2,1.8396705,0.0,0.96937996,0.1980241117105701,0.2817280119860117,0.007909054,0.900181,0.8712639696635066,0.0660584994931021,immune,nerve,immune-nerve,immune_to_nerve,nerve_c16,t_cell,0.2917,16.0,0.4833,True,0.114,24.0,0.7175,True,True
nerve_c0,immune_dendritic,CD59,STAB1,0.117475756,1.0,0.013683501,-0.3797092040751215,-0.7085922997562619,0.0009964091,0.51724416,1.0,0.0661829888901312,nerve,immune,immune-nerve,nerve_to_immune,nerve_c0,dendritic,0.1812,15.0,0.5697,True,0.1168,23.0,0.7139,True,True
immune_nk_cell,nerve_c1,CD99,CD81,1.2407598,0.0,1.5274706,0.2753733164172718,0.1861481093823984,0.01672046,0.9188328,0.2437387386219964,0.0662885132892097,immune,nerve,immune-nerve,immune_to_nerve,nerve_c1,nk_cell,0.1941,18.0,0.5886,True,0.1807,21.0,0.6809,True,True
nerve_c12,immune_microglia,VCAN,TLR2,1.2404987,0.0,1.1166837,0.9931992822613256,1.488961534782714,0.11394279,0.906359,0.028643000087326,0.0663543061407502,nerve,immune,immune-nerve,nerve_to_immune,nerve_c12,microglia,0.4368,7.0,0.335,True,0.0584,28.0,0.8514,True,True
nerve_c7,immune_nk_cell,COL4A5,CD44,1.2400051,0.0,1.4869177,2.116750601315971,1.51274150085524,0.016476909,0.91782373,0.047477697202747,0.0664859722639353,nerve,immune,immune-nerve,nerve_to_immune,nerve_c7,nk_cell,0.17,15.0,0.5776,True,0.1807,21.0,0.6809,True,True
nerve_neuron,immune_t_cell,COL9A1,CD44,1.2397802,0.0,1.5202777,3.1389466950454397,1.8495039506489008,0.10934429,0.9186566,0.0001834443711046,0.0665518563540165,nerve,immune,immune-nerve,nerve_to_immune,nerve_neuron,t_cell,0.5032,7.0,0.4667,False,0.114,24.0,0.7175,True,False
immune_nk_cell,nerve_c2,HLA-A,APLP2,1.8517714,0.0,0.96626145,0.2068801192970124,0.0946630340627781,0.00788361,0.90003616,0.8779866990469919,0.0666507286601099,immune,nerve,immune-nerve,immune_to_nerve,nerve_c2,nk_cell,0.4082,17.0,0.533,True,0.1807,21.0,0.6809,True,True
immune_nk_cell,nerve_c6,CALM1,INSR,1.2392507,0.0,0.9806496,0.5488198104371905,0.5869804443018625,0.007157019,0.900699,0.4970848874510563,0.0668156750487319,immune,nerve,immune-nerve,immune_to_nerve,nerve_c6,nk_cell,0.2036,24.0,0.6567,True,0.1807,21.0,0.6809,True,True
immune_nk_cell,nerve_c1,CALM1,INSR,1.2392018,0.0,0.9804558,0.5487230370774814,0.6158058613911428,0.0071556056,0.90069026,0.4970848874510563,0.0668817111343943,immune,nerve,immune-nerve,immune_to_nerve,nerve_c1,nk_cell,0.1941,18.0,0.5886,True,0.1807,21.0,0.6809,True,True
immune_nk_cell,nerve_c3,NCAM1,ROBO1,1.2382518,0.0,0.980582,1.6094172597312757,1.399421679691739,0.040129047,0.900696,0.037143025385488,0.0672454200932481,immune,nerve,immune-nerve,immune_to_nerve,nerve_c3,nk_cell,0.1893,16.0,0.5434,True,0.1807,21.0,0.6809,True,True
immune_dendritic,nerve_c18,LGALS1,ITGB1,1.237427,0.0,1.3888494,0.2300779215711141,0.1703845375454994,0.0135899335,0.9152137,0.2638023432109347,0.0674442009534282,immune,nerve,immune-nerve,immune_to_nerve,nerve_c18,dendritic,0.5575,4.0,0.2111,False,0.1168,23.0,0.7139,True,False
immune_dendritic,nerve_c1,TIMP1,FGFR2,1.2371542,0.0,1.431356,1.8310877668642491,1.2132274525466331,0.009109098,0.91637605,0.1311417257827375,0.0676764591073059,immune,nerve,immune-nerve,immune_to_nerve,nerve_c1,dendritic,0.1941,18.0,0.5886,True,0.1168,23.0,0.7139,True,True
nerve_c7,immune_nk_cell,NCAM1,PTPRA,1.3098001,0.0,0.95996606,0.951044462137374,1.082351304698387,0.012546948,0.89974165,0.2354442543973645,0.067842582283603,nerve,immune,immune-nerve,nerve_to_immune,nerve_c7,nk_cell,0.17,15.0,0.5776,True,0.1807,21.0,0.6809,True,True
immune_tam,nerve_c21,S100A8,CD68,1.7526332,0.0,0.9594845,1.2028532831973382,1.817266572484234,0.13042644,0.899719,0.01046885825075,0.0679423428322543,immune,nerve,immune-nerve,immune_to_nerve,nerve_c21,tam,1.0,1.0,-0.0,False,0.221,21.0,0.6495,True,False
immune_t_cell,nerve_c2,HLA-A,APLP2,1.8380709,0.0,0.95852226,0.1961966065291912,0.2337860681651362,0.007820467,0.8996738,0.894845810563356,0.0680754667030461,immune,nerve,immune-nerve,immune_to_nerve,nerve_c2,t_cell,0.4082,17.0,0.533,True,0.114,24.0,0.7175,True,True
immune_tam,nerve_c12,NAMPT,INSR,1.36228,0.0,0.9573949,0.8306904033590032,1.0296728104907868,0.011765381,0.8996206,0.2918901315027619,0.0683420892972234,immune,nerve,immune-nerve,immune_to_nerve,nerve_c12,tam,0.4368,7.0,0.335,True,0.221,21.0,0.6495,True,True
malignant,nerve_c15,PSAP,SORT1,1.2354687,0.0,1.4037728,0.7361843669381567,0.0649796074123998,0.006978125,0.9156275,1.0,0.0684088125101789,tumor,nerve,nerve-tumor,tumor_to_nerve,nerve_c15,,0.2441,11.0,0.4778,True,,,,,True
nerve_c12,immune_nk_cell,CLEC2D,KLRB1,1.3025732,0.0,0.95686483,2.5040263650132175,1.948187420296416,0.22316372,0.8995957,8.712481696999163e-05,0.0685423718146562,nerve,immune,immune-nerve,nerve_to_immune,nerve_c12,nk_cell,0.4368,7.0,0.335,True,0.1807,21.0,0.6809,True,True
immune_t_cell,nerve_c1,CALM1,PTPRA,1.2733506,0.0,0.9563523,0.285916271754204,0.3795161298715231,0.0065033976,0.8995714,0.987530372285891,0.0685757695965445,immune,nerve,immune-nerve,immune_to_nerve,nerve_c1,t_cell,0.1941,18.0,0.5886,True,0.114,24.0,0.7175,True,True
malignant,nerve_c2,NCAM1,FGFR2,1.2350056,0.0,1.5113008,1.9171713212297237,1.8862088584885113,0.035309836,0.91843504,0.025350841487095,0.0686426098588769,tumor,nerve,nerve-tumor,tumor_to_nerve,nerve_c2,,0.4082,17.0,0.533,True,,,,,True
nerve_c21,immune_nk_cell,SPP1,PTGER4,1.4003317,0.531,0.9560619,0.0593293401816627,-0.7345845754211684,0.009277742,0.8995577,1.0,0.0686426098588769,nerve,immune,immune-nerve,nerve_to_immune,nerve_c21,nk_cell,1.0,1.0,-0.0,False,0.1807,21.0,0.6809,True,False
nerve_c12,immune_tam,PTN,NCL,1.2347244,0.0,1.4735159,0.2678489490919676,-0.0715429940963204,0.008621912,0.91748166,0.7736067872890208,0.0688433014390187,nerve,immune,immune-nerve,nerve_to_immune,nerve_c12,tam,0.4368,7.0,0.335,True,0.221,21.0,0.6495,True,True
immune_t_cell,nerve_c21,CD99,CD81,1.234436,0.031,1.4916145,0.2750580175775019,0.5879812054460268,0.016327962,0.9179426,1.0,0.0689772436036258,immune,nerve,immune-nerve,immune_to_nerve,nerve_c21,t_cell,1.0,1.0,-0.0,False,0.114,24.0,0.7175,True,False
nerve_c13,immune_microglia,SPP1,PTGER4,1.358767,0.992,0.95207244,0.0484559673729076,-0.6711067471976774,0.009239029,0.8993687,1.0,0.0694806135386859,nerve,immune,immune-nerve,nerve_to_immune,nerve_c13,microglia,0.3452,18.0,0.5887,True,0.0584,28.0,0.8514,True,True
immune_microglia,nerve_c16,VIM,CD44,1.232645,0.917,1.3108528,0.0002191575715371,-0.1582810662646685,0.01791036,0.91294414,1.0,0.0695478515150744,immune,nerve,immune-nerve,immune_to_nerve,nerve_c16,microglia,0.2917,16.0,0.4833,True,0.0584,28.0,0.8514,True,True
nerve_c3,immune_nk_cell,NCAM1,PTPRA,1.2995306,0.0,0.9509177,0.9393732651285446,1.0111553692675972,0.012428685,0.89931375,0.2428951415288802,0.0696824403449038,nerve,immune,immune-nerve,nerve_to_immune,nerve_c3,nk_cell,0.1893,16.0,0.5434,True,0.1807,21.0,0.6809,True,True
immune_tam,nerve_c12,SPP1,ITGAV_ITGB1,1.3819739,1.0,0.9503282,-0.1426908169808874,-0.5592148856319925,0.007835038,0.8992856,1.0,0.0697834502990526,immune,nerve,immune-nerve,immune_to_nerve,nerve_c12,tam,0.4368,7.0,0.335,True,0.221,21.0,0.6495,True,True
nerve_neuron,immune_dendritic,LRPAP1,LRP1,0.11924012,1.0,0.013815297,-0.5475359160856442,-0.8672799064698137,0.0010542842,0.51844084,1.0,0.0697975455089307,nerve,immune,immune-nerve,nerve_to_immune,nerve_neuron,dendritic,0.5032,7.0,0.4667,False,0.1168,23.0,0.7139,True,False
nerve_c0,immune_t_cell,COL4A5,CD47,1.2313126,0.0,1.1495761,2.6150377792699735,1.7091643751253351,0.027151294,0.9075837,0.0217651808440319,0.06981713909684,nerve,immune,immune-nerve,nerve_to_immune,nerve_c0,t_cell,0.1812,15.0,0.5697,True,0.114,24.0,0.7175,True,True
immune_dendritic,nerve_c22,HSPA8,LRP2,1.2306538,0.0,1.4658915,2.088522935676598,1.027028138197836,0.013322068,0.917285,0.1901437258763766,0.0701544206477434,immune,nerve,immune-nerve,immune_to_nerve,nerve_c22,dendritic,1.0,1.0,-0.0,False,0.1168,23.0,0.7139,True,False
immune_nk_cell,nerve_c1,S100A4,ERBB3,1.2291483,0.0,1.1550856,1.3565989750731302,1.0174785397529194,0.009902756,0.90778404,0.2651752634103674,0.0705601491493559,immune,nerve,immune-nerve,immune_to_nerve,nerve_c1,nk_cell,0.1941,18.0,0.5886,True,0.1807,21.0,0.6809,True,True
immune_nk_cell,nerve_c22,NCAM1,NCAM2,1.2288129,0.0,0.9712408,1.0567602937941405,1.1343204528015292,0.018288145,0.90026706,0.0584463858624115,0.0706278818619307,immune,nerve,immune-nerve,immune_to_nerve,nerve_c22,nk_cell,1.0,1.0,-0.0,False,0.1807,21.0,0.6809,True,False
nerve_c3,immune_dendritic,HMGB1,CXCR4,1.2285314,0.827,1.2143456,-0.0649660992981439,-0.2924451458409862,0.004743042,0.90985686,1.0,0.0707295264147803,nerve,immune,immune-nerve,nerve_to_immune,nerve_c3,dendritic,0.1893,16.0,0.5434,True,0.1168,23.0,0.7139,True,True
nerve_c0,immune_nk_cell,COL4A5,CD47,1.227148,0.0,1.1342775,2.608486171278066,1.6909476746112124,0.026789961,0.90702033,0.0230388578059202,0.071102822838745,nerve,immune,immune-nerve,nerve_to_immune,nerve_c0,nk_cell,0.1812,15.0,0.5697,True,0.1807,21.0,0.6809,True,True
nerve_neuron,immune_tam,LPL,CD44,1.226685,0.0,1.045953,0.9500366291789424,1.1504623788729147,0.09746566,0.9035451,0.0351788648460651,0.0712047843217279,nerve,immune,immune-nerve,nerve_to_immune,nerve_neuron,tam,0.5032,7.0,0.4667,False,0.221,21.0,0.6495,True,False
nerve_c22,immune_microglia,EDIL3,ITGAV,1.2265532,0.0,1.1158231,1.7359034687233563,1.4930545472538213,0.015300017,0.90632635,0.0506128898487042,0.0712728038124029,nerve,immune,immune-nerve,nerve_to_immune,nerve_c22,microglia,1.0,1.0,-0.0,False,0.0584,28.0,0.8514,True,False
immune_dendritic,nerve_c12,AREG,ERBB3,1.2265227,0.0,1.4097906,2.254358126671538,2.3354373898861507,0.022104058,0.9157926,0.0088352842785092,0.0713408534747512,immune,nerve,immune-nerve,immune_to_nerve,nerve_c12,dendritic,0.4368,7.0,0.335,True,0.1168,23.0,0.7139,True,True
malignant,nerve_c15,TIMP1,FGFR2,1.2264626,0.0,1.4998567,1.6216292680863496,1.4820103408248528,0.009572659,0.9181499,0.0536967887469813,0.0714089221092852,tumor,nerve,nerve-tumor,tumor_to_nerve,nerve_c15,,0.2441,11.0,0.4778,True,,,,,True
nerve_c12,immune_dendritic,IGSF11,VSIR,1.2259972,0.0,0.9913035,1.9864187139262923,1.3711311807552051,0.026821995,0.9011812,0.0584463858624115,0.0715110984061333,nerve,immune,immune-nerve,nerve_to_immune,nerve_c12,dendritic,0.4368,7.0,0.335,True,0.1168,23.0,0.7139,True,True
nerve_c12,immune_dendritic,VCAN,ITGB1,1.2257104,0.0,1.0607772,0.7460091109691853,0.7820970773334163,0.043275904,0.9041566,0.0584463858624115,0.0716474278129749,nerve,immune,immune-nerve,nerve_to_immune,nerve_c12,dendritic,0.4368,7.0,0.335,True,0.1168,23.0,0.7139,True,True
immune_t_cell,nerve_c22,CALM1,INSR,1.2690322,0.0,0.93831086,0.5517261420746611,1.0275661461021643,0.006848021,0.89870787,0.4970848874510563,0.072193962357292,immune,nerve,immune-nerve,immune_to_nerve,nerve_c22,t_cell,1.0,1.0,-0.0,False,0.114,24.0,0.7175,True,False
nerve_c17,immune_dendritic,HMGB1,HAVCR2,1.2896538,0.0,0.93818057,0.2242652964132546,0.320901619422348,0.011753293,0.89870155,0.2928073032441783,0.072228175649742,nerve,immune,immune-nerve,nerve_to_immune,nerve_c17,dendritic,0.712,4.0,0.1815,False,0.1168,23.0,0.7139,True,False
nerve_c22,immune_tam,TF,TFRC,1.2235082,0.0,1.0145735,1.734933537570102,1.4615083457390736,0.011900982,0.9022096,0.056569180463843,0.0722966473340767,nerve,immune,immune-nerve,nerve_to_immune,nerve_c22,tam,1.0,1.0,-0.0,False,0.221,21.0,0.6495,True,False
malignant,nerve_c18,PTN,PTPRS,1.3863075,0.0,0.93766,0.6928425516562838,2.026689509248857,0.029153094,0.8986763,0.0584463858624115,0.0722966473340767,tumor,nerve,nerve-tumor,tumor_to_nerve,nerve_c18,,0.5575,4.0,0.2111,False,,,,,False
immune_dendritic,nerve_c22,YBX1,NOTCH1,1.2232276,0.0,1.0847536,0.6459096273053861,0.8334129093439302,0.042601928,0.9051207,0.0584463858624115,0.0724336697932209,immune,nerve,immune-nerve,immune_to_nerve,nerve_c22,dendritic,1.0,1.0,-0.0,False,0.1168,23.0,0.7139,True,False
immune_t_cell,nerve_c12,CALM1,KCNQ5,1.2686931,0.0,0.93689424,0.7424927747975871,0.8159005393171599,0.033551898,0.898639,0.0584463858624115,0.0725022318268465,immune,nerve,immune-nerve,immune_to_nerve,nerve_c12,t_cell,0.4368,7.0,0.335,True,0.114,24.0,0.7175,True,True
immune_t_cell,nerve_c7,CALM3,PDE1C,1.2226751,0.0,1.253586,1.7466226646832008,1.5668761948372554,0.017146513,0.9111526,0.0395077467964243,0.0726051200522359,immune,nerve,immune-nerve,immune_to_nerve,nerve_c7,t_cell,0.17,15.0,0.5776,True,0.114,24.0,0.7175,True,True
immune_nk_cell,nerve_c1,TIMP1,CD63,1.4200039,0.0,0.93204397,0.0533677154093201,-0.4157602087770199,0.0043580765,0.89840245,1.0,0.0734996953041438,immune,nerve,immune-nerve,immune_to_nerve,nerve_c1,nk_cell,0.1941,18.0,0.5886,True,0.1807,21.0,0.6809,True,True
nerve_c22,immune_microglia,TF,TFRC,1.2195807,0.0,0.9995069,1.7295321168610012,1.856083975706764,0.011724251,0.9015476,0.0416171954107819,0.0735687123060176,nerve,immune,immune-nerve,nerve_to_immune,nerve_c22,microglia,1.0,1.0,-0.0,False,0.0584,28.0,0.8514,True,False
nerve_c12,immune_microglia,VCAN,CD44,1.2195116,0.0,1.037343,0.7260481122746343,0.6593278694851052,0.028817724,0.9031843,0.0584463858624115,0.0736032377530343,nerve,immune,immune-nerve,nerve_to_immune,nerve_c12,microglia,0.4368,7.0,0.335,True,0.0584,28.0,0.8514,True,True
malignant,nerve_c13,TIMP1,FGFR2,1.2191436,0.0,1.4828697,1.603653023533815,1.4763075496972962,0.009464242,0.91772085,0.0554411833234892,0.0738451148913809,tumor,nerve,nerve-tumor,tumor_to_nerve,nerve_c13,,0.3452,18.0,0.5887,True,,,,,True
immune_dendritic,nerve_c15,LGALS1,ITGB1,1.2190588,0.0,1.3295293,0.2063290951272545,0.116945583151705,0.013009485,0.9135047,0.3475999984780303,0.0739142821224939,immune,nerve,immune-nerve,immune_to_nerve,nerve_c15,dendritic,0.2441,11.0,0.4778,True,0.1168,23.0,0.7139,True,True
immune_microglia,nerve_c16,SPP1,ITGAV_ITGB1,2.13012,0.0,0.7696576,0.1312237567470664,1.4345528341957774,0.006345488,0.8893267,0.7769680805585713,0.0740107779343808,immune,nerve,immune-nerve,immune_to_nerve,nerve_c16,microglia,0.2917,16.0,0.4833,True,0.0584,28.0,0.8514,True,True
nerve_c21,immune_tam,SPP1,ITGAV_ITGB1,1.3947768,0.75,0.9293677,-0.1428359158030978,-1.0631848332499652,0.00927411,0.8982711,1.0,0.0741566324031992,nerve,immune,immune-nerve,nerve_to_immune,nerve_c21,tam,1.0,1.0,-0.0,False,0.221,21.0,0.6495,True,False
malignant,immune_t_cell,COPA,CD74,1.2595962,1.0,0.9289468,-0.0478323219108839,-0.793715897554309,0.0024808305,0.89825046,1.0,0.07422594616707,tumor,immune,immune-tumor,tumor_to_immune,,t_cell,,,,,0.114,24.0,0.7175,True,True
malignant,nerve_c18,TIMP1,FGFR2,1.2183721,0.0,1.4810792,1.6017569791877304,1.631698178274483,0.009452814,0.91767526,0.0556366004281208,0.0743993505290094,tumor,nerve,nerve-tumor,tumor_to_nerve,nerve_c18,,0.5575,4.0,0.2111,False,,,,,False
nerve_c3,immune_dendritic,FN1,ITGA5_ITGB1,0.11858031,1.0,0.014058568,-0.1323037735917676,-0.5970725897421494,0.0069329487,0.52061945,1.0,0.0748128358973677,nerve,immune,immune-nerve,nerve_to_immune,nerve_c3,dendritic,0.1893,16.0,0.5434,True,0.1168,23.0,0.7139,True,True
immune_t_cell,nerve_c1,IL16,CD9,1.3821789,0.0,0.92577714,1.239294570308299,1.4545605474954633,0.023352297,0.8980942,0.0584463858624115,0.0748162794241494,immune,nerve,immune-nerve,immune_to_nerve,nerve_c1,t_cell,0.1941,18.0,0.5886,True,0.114,24.0,0.7175,True,True
malignant,nerve_c13,NTRK3,PTPRD,1.2890896,0.0,0.92577136,1.5367802580370462,1.9265818814410296,0.059790976,0.8980939,0.0043670469520885,0.0748510751102171,tumor,nerve,nerve-tumor,tumor_to_nerve,nerve_c13,,0.3452,18.0,0.5887,True,,,,,True
immune_nk_cell,nerve_c12,CALM1,PDE1C,1.2254221,0.0,0.92577004,0.5896779091421575,0.6705379409055592,0.0048327656,0.8980938,0.4970848874510563,0.0748858782956593,immune,nerve,immune-nerve,immune_to_nerve,nerve_c12,nk_cell,0.4368,7.0,0.335,True,0.1807,21.0,0.6809,True,True
immune_dendritic,nerve_c13,GRN,SORT1,1.2166972,0.0,1.4803374,0.9354299539388408,0.987282765061786,0.013375514,0.9176563,0.1875005865497231,0.0749903213907643,immune,nerve,immune-nerve,immune_to_nerve,nerve_c13,dendritic,0.3452,18.0,0.5887,True,0.1168,23.0,0.7139,True,True
immune_dendritic,nerve_c6,HBEGF,CD9,1.5227535,0.0,0.9245426,1.1197590363628482,1.3473585235718013,0.015873352,0.8980331,0.1017842881448429,0.0753040668933691,immune,nerve,immune-nerve,immune_to_nerve,nerve_c6,dendritic,0.2036,24.0,0.6567,True,0.1168,23.0,0.7139,True,True
immune_microglia,nerve_c17,C3,CD81,1.2151265,0.0,1.13332,0.1302694959265062,1.1626455880862745,0.023707204,0.9069847,0.4970848874510563,0.0754087912689331,immune,nerve,immune-nerve,immune_to_nerve,nerve_c17,microglia,0.712,4.0,0.1815,False,0.0584,28.0,0.8514,True,False
immune_tam,nerve_c12,AREG,ERBB3,1.2142267,0.0,1.3871905,2.2391509400555165,2.148459448027971,0.021749713,0.91516733,0.0094342702421614,0.0756883629123264,immune,nerve,immune-nerve,immune_to_nerve,nerve_c12,tam,0.4368,7.0,0.335,True,0.221,21.0,0.6495,True,True
nerve_c0,immune_microglia,LAMA2,RPSA,1.2136164,0.0,1.3431727,0.7676779133496663,0.6481451674066849,0.029123252,0.9139072,0.0584463858624115,0.0760385071335562,nerve,immune,immune-nerve,nerve_to_immune,nerve_c0,microglia,0.1812,15.0,0.5697,True,0.0584,28.0,0.8514,True,True
immune_nk_cell,nerve_c13,S100A4,EGFR,1.2135823,0.0,1.0982517,0.3953654449582083,-0.2391506095010971,0.022173623,0.9056503,0.5731063702324953,0.0760735650313648,immune,nerve,immune-nerve,immune_to_nerve,nerve_c13,nk_cell,0.3452,18.0,0.5887,True,0.1807,21.0,0.6809,True,True
immune_dendritic,nerve_c6,AFDN,EPHB2,0.11986528,1.0,0.014107442,-0.0940762944398802,-0.1884777345527522,0.0032704826,0.52105254,1.0,0.0764165203230391,immune,nerve,immune-nerve,immune_to_nerve,nerve_c6,dendritic,0.2036,24.0,0.6567,True,0.1168,23.0,0.7139,True,True
immune_t_cell,nerve_c3,APOE,ABCA1,1.2125694,1.0,1.2889835,0.2304707445432932,-0.8979003169623345,0.010918211,0.9122733,1.0,0.0764245324914869,immune,nerve,immune-nerve,immune_to_nerve,nerve_c3,t_cell,0.1893,16.0,0.5434,True,0.114,24.0,0.7175,True,True
immune_dendritic,nerve_c22,RPS19,C5AR1,1.9162091,0.001,0.9194983,0.177440629400829,0.2037728008313678,0.06463083,0.8977823,0.8214373041623401,0.0767058403776749,immune,nerve,immune-nerve,immune_to_nerve,nerve_c22,dendritic,1.0,1.0,-0.0,False,0.1168,23.0,0.7139,True,False
immune_nk_cell,nerve_c3,GNAI2,IGF1R,1.2116094,0.0,1.2544358,1.3496825053360388,1.1631186272867238,0.018391112,0.91118,0.0584463858624115,0.0770934286154103,immune,nerve,immune-nerve,immune_to_nerve,nerve_c3,nk_cell,0.1893,16.0,0.5434,True,0.1807,21.0,0.6809,True,True
immune_dendritic,nerve_c15,AREG,ERBB3,1.2113762,0.0,1.3633204,2.202538766093839,2.29745013555052,0.021375451,0.9144911,0.010778793542645,0.0772345908060401,immune,nerve,immune-nerve,immune_to_nerve,nerve_c15,dendritic,0.2441,11.0,0.4778,True,0.1168,23.0,0.7139,True,True
nerve_c21,immune_tam,CIRBP,TREM1,1.2106822,0.0,1.3402302,0.9060877343704988,1.265939975454987,0.034391273,0.91382086,0.0584463858624115,0.0775172737049212,nerve,immune,immune-nerve,nerve_to_immune,nerve_c21,tam,1.0,1.0,-0.0,False,0.221,21.0,0.6495,True,False
nerve_c22,immune_microglia,APOE,SORL1,1.2103806,0.914,1.3956414,-0.0534530015525355,-0.5719787168028364,0.025218893,0.9154028,1.0,0.0776234117262457,nerve,immune,immune-nerve,nerve_to_immune,nerve_c22,microglia,1.0,1.0,-0.0,False,0.0584,28.0,0.8514,True,False
immune_nk_cell,malignant,ANXA1,EGFR,1.210377,0.0,1.3770618,0.506459369256461,2.067445924759996,0.038125865,0.9148824,0.0584463858624115,0.0776941960966097,immune,tumor,immune-tumor,immune_to_tumor,,nk_cell,,,,,0.1807,21.0,0.6809,True,True
malignant,nerve_c18,HLA-A,APLP2,1.2100154,1.0,1.3324906,-0.1905659388376266,-0.4016635854987853,0.008010416,0.9135926,1.0,0.0778004460987586,tumor,nerve,nerve-tumor,tumor_to_nerve,nerve_c18,,0.5575,4.0,0.2111,False,,,,,False
immune_t_cell,nerve_c15,TIMP1,CD63,1.319324,0.48,0.9145298,-0.0248536573664731,-0.4236313593057965,0.004276183,0.8975334,1.0,0.0779422056053122,immune,nerve,immune-nerve,immune_to_nerve,nerve_c15,t_cell,0.2441,11.0,0.4778,True,0.114,24.0,0.7175,True,True
malignant,nerve_c2,CALM1,PDE1C,1.208128,0.0,1.3797348,0.837191511408616,0.8373575498977104,0.007272348,0.9149579,0.4970848874510563,0.0784393096737009,tumor,nerve,nerve-tumor,tumor_to_nerve,nerve_c2,,0.4082,17.0,0.533,True,,,,,True
immune_t_cell,nerve_c2,IL16,CD9,1.3648022,0.0,0.9122272,1.2204512649178962,1.3798017824086954,0.023010505,0.8974175,0.0584463858624115,0.078759647466532,immune,nerve,immune-nerve,immune_to_nerve,nerve_c2,t_cell,0.4082,17.0,0.533,True,0.114,24.0,0.7175,True,True
nerve_c12,immune_nk_cell,VCAN,ITGA4,1.206984,0.0,0.9899828,1.1292922943034274,1.2743790353334543,0.0884126,0.90112185,0.0144031951997507,0.0787952804234237,nerve,immune,immune-nerve,nerve_to_immune,nerve_c12,nk_cell,0.4368,7.0,0.335,True,0.1807,21.0,0.6809,True,True
nerve_c0,immune_dendritic,COL4A5,CD47,1.2066725,0.0,1.0590609,2.5762948415850295,1.5631138655992247,0.025013458,0.9040864,0.0397581595182379,0.0789022240073111,nerve,immune,immune-nerve,nerve_to_immune,nerve_c0,dendritic,0.1812,15.0,0.5697,True,0.1168,23.0,0.7139,True,True
malignant,nerve_c2,PTDSS1,SCARB1,0.12032665,1.0,0.01418959,-0.0622272312311612,-0.1038605472257866,0.0042282892,0.5217769,1.0,0.0792215636779797,tumor,nerve,nerve-tumor,tumor_to_nerve,nerve_c2,,0.4082,17.0,0.533,True,,,,,True
malignant,nerve_c15,NCAM1,FGFR2,1.2046952,0.0,1.4435908,1.8427185875387149,1.9908347908287116,0.033727866,0.9167016,0.031065966481049,0.0796526472825703,tumor,nerve,nerve-tumor,tumor_to_nerve,nerve_c15,,0.2441,11.0,0.4778,True,,,,,True
immune_dendritic,nerve_c17,IL16,CD9,1.5947344,0.0,0.908546,1.4173742351102616,1.7478397010287554,0.022917645,0.8972312,0.0584463858624115,0.0798318055641263,immune,nerve,immune-nerve,immune_to_nerve,nerve_c17,dendritic,0.712,4.0,0.1815,False,0.1168,23.0,0.7139,True,False
immune_nk_cell,nerve_c1,CALM1,PTPRA,1.2210643,0.0,0.9084755,0.2382836595289734,0.2717749798525602,0.0061778254,0.89722764,1.0,0.0798855869591739,immune,nerve,immune-nerve,immune_to_nerve,nerve_c1,nk_cell,0.1941,18.0,0.5886,True,0.1807,21.0,0.6809,True,True
nerve_c13,immune_dendritic,HLA-A,APLP2,1.2041277,1.0,0.9223449,-0.262258054528158,-0.5679412366618412,0.0073247175,0.89792407,1.0,0.0799035256730582,nerve,immune,immune-nerve,nerve_to_immune,nerve_c13,dendritic,0.3452,18.0,0.5887,True,0.1168,23.0,0.7139,True,True
nerve_neuron,immune_dendritic,ANGPT2,ITGA5_ITGB1,0.11925494,0.0,0.014216337,0.1450618665203803,0.0446400840077095,0.0063220845,0.5220119,1.0,0.0802229204790229,nerve,immune,immune-nerve,nerve_to_immune,nerve_neuron,dendritic,0.5032,7.0,0.4667,False,0.1168,23.0,0.7139,True,False
immune_t_cell,nerve_c3,VIM,CD44,1.3487512,0.0,0.90587354,0.0005856696285227,-0.3635906632738819,0.012377074,0.89709526,1.0,0.0805143003955774,immune,nerve,immune-nerve,immune_to_nerve,nerve_c3,t_cell,0.1893,16.0,0.5434,True,0.114,24.0,0.7175,True,True
immune_nk_cell,nerve_c21,CD99,CD81,1.2026559,0.047,1.424562,0.2406373928686668,0.4705706881906073,0.015593972,0.9161936,1.0,0.0806583354321669,immune,nerve,immune-nerve,immune_to_nerve,nerve_c21,nk_cell,1.0,1.0,-0.0,False,0.1807,21.0,0.6809,True,False
malignant,nerve_c1,COL9A3,MAG,1.483344,0.0,0.9001352,3.3457479421860716,2.305359560060281,0.073201954,0.89680153,0.0008973114665386,0.0816698366592939,tumor,nerve,nerve-tumor,tumor_to_nerve,nerve_c1,,0.1941,18.0,0.5886,True,,,,,True
nerve_neuron,immune_microglia,YBX1,NOTCH1,0.12140001,1.0,0.014327919,-0.6665535279468726,-1.4316855280714953,0.00093598745,0.5229872,1.0,0.0818246267890121,nerve,immune,immune-nerve,nerve_to_immune,nerve_neuron,microglia,0.5032,7.0,0.4667,False,0.0584,28.0,0.8514,True,False
immune_t_cell,nerve_c2,PSAP,GPR37,1.1992375,0.0,1.1269709,2.149130797105216,0.3674621497622622,0.008538869,0.90674746,0.3584724973744241,0.0819236150570448,immune,nerve,immune-nerve,immune_to_nerve,nerve_c2,t_cell,0.4082,17.0,0.533,True,0.114,24.0,0.7175,True,True
nerve_c3,immune_microglia,TXLNA,STX3,0.11994901,0.0,0.014355077,0.0394303490851622,0.0724365357954722,0.008694544,0.5232234,0.8698778944192991,0.0824251228030592,nerve,immune,immune-nerve,nerve_to_immune,nerve_c3,microglia,0.1893,16.0,0.5434,True,0.0584,28.0,0.8514,True,True
nerve_c13,immune_dendritic,MIF,CD74_CXCR4,1.1981041,0.0,1.1065346,0.2527384531224157,0.4272837235183149,0.0073971287,0.9059709,1.0,0.0824686645317594,nerve,immune,immune-nerve,nerve_to_immune,nerve_c13,dendritic,0.3452,18.0,0.5887,True,0.1168,23.0,0.7139,True,True
nerve_c20,immune_microglia,ARF6,PLD1,0.11995548,1.0,0.014389307,-0.1930010985023006,-0.2694686589727811,0.011684024,0.52352047,1.0,0.0826252643481919,nerve,immune,immune-nerve,nerve_to_immune,nerve_c20,microglia,0.7889,9.0,0.1802,False,0.0584,28.0,0.8514,True,False
immune_t_cell,nerve_c15,IL16,CD9,1.3434453,0.0,0.8955736,1.1972926759613571,1.475379375697235,0.022590427,0.8965662,0.0584463858624115,0.0830153809865184,immune,nerve,immune-nerve,immune_to_nerve,nerve_c15,t_cell,0.2441,11.0,0.4778,True,0.114,24.0,0.7175,True,True
malignant,nerve_c18,NCAM1,FGFR2,1.196605,0.0,1.4255177,1.8228462986400955,2.140522628278342,0.03330561,0.91621935,0.032609109102648,0.083197990000577,tumor,nerve,nerve-tumor,tumor_to_nerve,nerve_c18,,0.5575,4.0,0.2111,False,,,,,False
immune_dendritic,nerve_c16,ADAM15,ITGAV,0.13262872,1.0,0.014407046,-0.2411873320250848,-0.4543180927448385,0.0028694698,0.5236741,1.0,0.0832256422916114,immune,nerve,immune-nerve,immune_to_nerve,nerve_c16,dendritic,0.2917,16.0,0.4833,True,0.1168,23.0,0.7139,True,True
immune_dendritic,nerve_c1,S100A4,ERBB3,1.1964289,0.0,1.1136808,1.3306093099146945,1.1106941373511634,0.009547785,0.9062447,0.1890254772944739,0.0833807840253226,immune,nerve,immune-nerve,immune_to_nerve,nerve_c1,dendritic,0.1941,18.0,0.5886,True,0.1168,23.0,0.7139,True,True
immune_nk_cell,malignant,MIF,EGFR,1.1961111,0.0,1.3340663,0.3817361061234076,1.7923654987048538,0.012463087,0.9136392,0.240069654409873,0.0834905564452151,immune,tumor,immune-tumor,immune_to_tumor,,nk_cell,,,,,0.1807,21.0,0.6809,True,True
nerve_c21,immune_tam,HSPA1A,TLR4,1.2586759,0.012,0.89278716,0.5313543628359665,0.2930012225587882,0.042714816,0.8964217,0.8414871717056284,0.0836370111966333,nerve,immune,immune-nerve,nerve_to_immune,nerve_c21,tam,1.0,1.0,-0.0,False,0.221,21.0,0.6495,True,False
immune_nk_cell,malignant,TGFB1,EGFR,1.1945868,0.0,1.3294722,0.7610869447205061,2.427321014526924,0.05941592,0.913503,0.0584463858624115,0.0840403808376594,immune,tumor,immune-tumor,immune_to_tumor,,nk_cell,,,,,0.1807,21.0,0.6809,True,True
immune_nk_cell,nerve_c22,CALM1,INSR,1.2167459,0.0,0.8913373,0.5040935298494305,0.9198249960832016,0.0065051964,0.8963462,0.4970848874510563,0.0840770852791392,immune,nerve,immune-nerve,immune_to_nerve,nerve_c22,nk_cell,1.0,1.0,-0.0,False,0.1807,21.0,0.6809,True,False
nerve_neuron,immune_dendritic,HLA-C,LILRB2,0.12089929,1.0,0.014462309,-0.5929202908901564,-1.614315420150431,0.0007687259,0.52415156,1.0,0.0844261510589047,nerve,immune,immune-nerve,nerve_to_immune,nerve_neuron,dendritic,0.5032,7.0,0.4667,False,0.1168,23.0,0.7139,True,False
immune_nk_cell,nerve_c12,CALM1,KCNQ5,1.2164068,0.0,0.8899916,0.6948601625723566,0.708159389298197,0.031872228,0.89627594,0.0584463858624115,0.0844814304677726,immune,nerve,immune-nerve,immune_to_nerve,nerve_c12,nk_cell,0.4368,7.0,0.335,True,0.1807,21.0,0.6809,True,True
immune_nk_cell,nerve_c12,APOE,LRP6,1.1930943,1.0,1.4188119,0.9102547484097556,-0.5121936078957134,0.01844166,0.9160382,1.0,0.0845550482097603,immune,nerve,immune-nerve,immune_to_nerve,nerve_c12,nk_cell,0.4368,7.0,0.335,True,0.1807,21.0,0.6809,True,True
nerve_c0,immune_microglia,COL4A5,CD44,1.1927707,0.0,1.0079927,2.3867580279444027,1.2382492598536043,0.01116982,0.9019221,0.1210139700606788,0.0846286833839003,nerve,immune,immune-nerve,nerve_to_immune,nerve_c0,microglia,0.1812,15.0,0.5697,True,0.0584,28.0,0.8514,True,True
nerve_c7,immune_dendritic,CD22,PTPRC,1.1924765,0.0,1.387252,2.3386461672970236,1.1737319964485446,0.019182311,0.91516906,0.0584463858624115,0.0847023602049566,nerve,immune,immune-nerve,nerve_to_immune,nerve_c7,dendritic,0.17,15.0,0.5776,True,0.1168,23.0,0.7139,True,True
immune_dendritic,nerve_c13,TIMP1,CD63,1.1922972,1.0,1.3486214,-0.0946849013293013,-0.2848989172166785,0.0063059204,0.9140663,1.0,0.0848497903284821,immune,nerve,immune-nerve,immune_to_nerve,nerve_c13,dendritic,0.3452,18.0,0.5887,True,0.1168,23.0,0.7139,True,True
immune_nk_cell,nerve_c12,HLA-A,APLP2,1.8401524,0.0,0.88676226,0.1936060134995518,0.0783162725311494,0.0072349864,0.89610684,1.0,0.085181942911321,immune,nerve,immune-nerve,immune_to_nerve,nerve_c12,nk_cell,0.4368,7.0,0.335,True,0.1807,21.0,0.6809,True,True
nerve_c13,immune_microglia,LRP1B,PLAUR,1.1915137,0.0,1.4095205,0.6446644773037873,1.3541255519820952,0.017410742,0.9157852,0.0705430598462524,0.085181942911321,nerve,immune,immune-nerve,nerve_to_immune,nerve_c13,microglia,0.3452,18.0,0.5887,True,0.0584,28.0,0.8514,True,True
nerve_c12,immune_nk_cell,COPA,CD74,1.18995,1.0,1.1099147,0.0145704489369144,-0.8475041018396728,0.004683112,0.9061007,1.0,0.0854777008090741,nerve,immune,immune-nerve,nerve_to_immune,nerve_c12,nk_cell,0.4368,7.0,0.335,True,0.1807,21.0,0.6809,True,True
nerve_c7,immune_dendritic,SPP1,CD44,1.189747,1.0,1.3338771,-0.1393603804490849,-1.479919463081365,0.0040791323,0.9136336,1.0,0.085514705258666,nerve,immune,immune-nerve,nerve_to_immune,nerve_c7,dendritic,0.17,15.0,0.5776,True,0.1168,23.0,0.7139,True,True
nerve_neuron,immune_t_cell,LAMA4,CD44,1.1895804,0.0,1.3828001,1.7284585105998855,1.604762378999296,0.1071532,0.9150442,0.0012272859647147,0.0856257506789065,nerve,immune,immune-nerve,nerve_to_immune,nerve_neuron,t_cell,0.5032,7.0,0.4667,False,0.114,24.0,0.7175,True,False
immune_dendritic,nerve_c1,GRN,SORT1,1.1887841,0.0,1.4126284,0.8897166606841937,0.8935064260803096,0.012763734,0.9158701,0.2220927772094396,0.0859222042744212,immune,nerve,immune-nerve,immune_to_nerve,nerve_c1,dendritic,0.1941,18.0,0.5886,True,0.1168,23.0,0.7139,True,True
nerve_neuron,immune_microglia,EFNB2,EPHB2,0.12342115,0.0,0.014516911,0.1497490272060802,0.0417302516851333,0.02211803,0.5246215,0.4958820121903045,0.0860263196777726,nerve,immune,immune-nerve,nerve_to_immune,nerve_neuron,microglia,0.5032,7.0,0.4667,False,0.0584,28.0,0.8514,True,False
immune_nk_cell,nerve_c16,AGTRAP,RACK1,1.3969936,0.0,0.8822341,0.4157294508136685,0.4299209539474481,0.025139512,0.8958683,0.0617108843974865,0.0863677811309122,immune,nerve,immune-nerve,immune_to_nerve,nerve_c16,nk_cell,0.2917,16.0,0.4833,True,0.1807,21.0,0.6809,True,True
immune_nk_cell,nerve_c15,PSAP,GPR37,1.1872275,0.0,1.2214171,1.987350234126853,0.4716172149865268,0.009254471,0.91009474,0.4518197666324915,0.0865537491512854,immune,nerve,immune-nerve,immune_to_nerve,nerve_c15,nk_cell,0.2441,11.0,0.4778,True,0.1807,21.0,0.6809,True,True
immune_microglia,nerve_c16,APOE,SCARB1,2.0400717,0.0,0.8804844,0.4611419120500932,1.8034355300772305,0.03155715,0.89577574,0.0584463858624115,0.0867026536426131,immune,nerve,immune-nerve,immune_to_nerve,nerve_c16,microglia,0.2917,16.0,0.4833,True,0.0584,28.0,0.8514,True,True
immune_t_cell,nerve_c12,HLA-A,APLP2,1.8264519,0.0,0.87965983,0.1829225007317306,0.2174393066335076,0.007177038,0.8957319,1.0,0.0869262373145716,immune,nerve,immune-nerve,immune_to_nerve,nerve_c12,t_cell,0.4368,7.0,0.335,True,0.114,24.0,0.7175,True,True
nerve_c3,immune_dendritic,ADAM15,ITGAV,0.1213792,1.0,0.014558088,-0.2230385971344924,-0.4701060876212893,0.001930201,0.5249747,1.0,0.0872260680048264,nerve,immune,immune-nerve,nerve_to_immune,nerve_c3,dendritic,0.1893,16.0,0.5434,True,0.1168,23.0,0.7139,True,True
nerve_c3,immune_nk_cell,PTN,NCL,1.1854063,0.0,1.3969542,0.2850793214368951,-0.1547029068552702,0.008173931,0.9154392,1.0,0.0874115669896802,nerve,immune,immune-nerve,nerve_to_immune,nerve_c3,nk_cell,0.1893,16.0,0.5434,True,0.1807,21.0,0.6809,True,True
nerve_c3,immune_dendritic,A2M,LRP1,0.12303144,1.0,0.014567248,-0.6039278800583356,-1.3409593772744803,0.0035137788,0.52505314,1.0,0.0876259027039365,nerve,immune,immune-nerve,nerve_to_immune,nerve_c3,dendritic,0.1893,16.0,0.5434,True,0.1168,23.0,0.7139,True,True
nerve_c7,immune_dendritic,COL4A5,CD44,1.1846071,0.0,1.3245836,2.058336650072907,1.4049367658725704,0.014678046,0.9133574,0.0679935622488521,0.0877108594966162,nerve,immune,immune-nerve,nerve_to_immune,nerve_c7,dendritic,0.17,15.0,0.5776,True,0.1168,23.0,0.7139,True,True
nerve_c3,immune_t_cell,ALCAM,CD6,1.1841218,0.0,1.0890621,1.5688604256474938,1.5961204097314732,0.05641018,0.9052907,0.0062163651481134,0.0878606759955598,nerve,immune,immune-nerve,nerve_to_immune,nerve_c3,t_cell,0.1893,16.0,0.5434,True,0.114,24.0,0.7175,True,True
nerve_neuron,immune_nk_cell,B2M,KLRD1,1.2428946,1.0,0.8735427,1.9072291402847368,-0.7862273790021685,0.006733794,0.89540565,0.5127193089937703,0.088498710400723,nerve,immune,immune-nerve,nerve_to_immune,nerve_neuron,nk_cell,0.5032,7.0,0.4667,False,0.1807,21.0,0.6809,True,False
nerve_c7,immune_dendritic,LRP1B,PLAUR,1.1819332,0.0,1.2576598,0.6250379214887118,0.5477518565427663,0.015534922,0.91128385,0.110086873278006,0.088912694029772,nerve,immune,immune-nerve,nerve_to_immune,nerve_c7,dendritic,0.17,15.0,0.5776,True,0.1168,23.0,0.7139,True,True
nerve_c21,immune_dendritic,SPP1,PTGER4,1.3827212,0.555,0.871434,0.0297820452285595,-0.8352841566429976,0.008456503,0.8952924,1.0,0.0889503751829205,nerve,immune,immune-nerve,nerve_to_immune,nerve_c21,dendritic,1.0,1.0,-0.0,False,0.1168,23.0,0.7139,True,False
immune_microglia,nerve_c17,FN1,MAG,1.2989769,0.0,0.870646,2.638808606728805,2.095916611197179,0.016983373,0.89524996,0.0032914184047672,0.0891011607544715,immune,nerve,immune-nerve,immune_to_nerve,nerve_c17,microglia,0.712,4.0,0.1815,False,0.0584,28.0,0.8514,True,False
immune_dendritic,nerve_c13,S100A4,EGFR,1.1808629,0.0,1.0588843,0.3693757797997726,-0.1459350119028528,0.021378795,0.9040792,0.6561263804776233,0.0894030838846969,immune,nerve,immune-nerve,immune_to_nerve,nerve_c13,dendritic,0.3452,18.0,0.5887,True,0.1168,23.0,0.7139,True,True
immune_t_cell,nerve_c17,TIMP1,CD63,1.2643723,0.804,0.86942214,-0.0686087337827858,-0.2171246134760622,0.0040652673,0.89518404,1.0,0.0895920271969167,immune,nerve,immune-nerve,immune_to_nerve,nerve_c17,t_cell,0.712,4.0,0.1815,False,0.114,24.0,0.7175,True,False
nerve_c20,immune_microglia,HMGB1,CXCR4,1.1796021,0.848,1.3864948,-0.0711623370552093,-0.0386182510601309,0.00541543,0.91514784,1.0,0.0897433237151045,nerve,immune,immune-nerve,nerve_to_immune,nerve_c20,microglia,0.7889,9.0,0.1802,False,0.0584,28.0,0.8514,True,False
nerve_neuron,immune_t_cell,VCAN,CD44,1.1791217,0.0,1.3541578,0.6589169492636409,0.8574067627818305,0.037618943,0.9142271,0.0584463858624115,0.0899325967782825,nerve,immune,immune-nerve,nerve_to_immune,nerve_neuron,t_cell,0.5032,7.0,0.4667,False,0.114,24.0,0.7175,True,False
immune_t_cell,nerve_c22,RPS19,C5AR1,1.8147932,0.014,0.86733294,0.1116003374496231,0.2619751584595408,0.060964156,0.8950711,0.9200331024691086,0.0901978792074253,immune,nerve,immune-nerve,immune_to_nerve,nerve_c22,t_cell,1.0,1.0,-0.0,False,0.114,24.0,0.7175,True,False
nerve_c0,immune_dendritic,CD22,PTPRC,1.1781191,0.0,1.3476574,2.2758581555019575,1.071009539512772,0.018634817,0.91403824,0.0584463858624115,0.0902358095499501,nerve,immune,immune-nerve,nerve_to_immune,nerve_c0,dendritic,0.1812,15.0,0.5697,True,0.1168,23.0,0.7139,True,True
immune_t_cell,nerve_c6,CD99,CD81,1.1780368,0.0,1.3321253,0.2236444438957367,0.1205048324423824,0.014582112,0.9135817,0.3401188152538751,0.0903116922013862,immune,nerve,immune-nerve,immune_to_nerve,nerve_c6,t_cell,0.2036,24.0,0.6567,True,0.114,24.0,0.7175,True,True
immune_t_cell,nerve_c12,CALM1,INSR,1.2516513,0.0,0.8656983,0.517182970341836,0.6192904516935038,0.006318076,0.8949825,0.4970848874510563,0.0905774870928033,immune,nerve,immune-nerve,immune_to_nerve,nerve_c12,t_cell,0.4368,7.0,0.335,True,0.114,24.0,0.7175,True,True
immune_dendritic,nerve_c6,LGALS1,ITGB1,1.1757643,0.0,1.1897094,0.1503528275328584,-0.0272148129859577,0.011641344,0.9090128,0.6598556827256314,0.0911863840899511,immune,nerve,immune-nerve,immune_to_nerve,nerve_c6,dendritic,0.2036,24.0,0.6567,True,0.1168,23.0,0.7139,True,True
nerve_c7,immune_microglia,ADAM10,TREM2,1.1754775,0.0,1.2751316,0.6867830712089154,1.8137357318715113,0.044722944,0.91183996,0.0584463858624115,0.0912626200089869,nerve,immune,immune-nerve,nerve_to_immune,nerve_c7,microglia,0.17,15.0,0.5776,True,0.0584,28.0,0.8514,True,True
immune_dendritic,nerve_c13,PSAP,GPR37,1.1752865,0.0,1.3516091,1.286998270514675,0.5346127567212559,0.010240915,0.9141532,0.4452358209835262,0.0913770475202269,immune,nerve,immune-nerve,immune_to_nerve,nerve_c13,dendritic,0.3452,18.0,0.5887,True,0.1168,23.0,0.7139,True,True
malignant,nerve_c1,COL9A2,CD44,0.12246895,1.0,0.0146764,-0.2292651288765832,-0.644172147882934,0.0046578483,0.5259838,1.0,0.0916223031097537,tumor,nerve,nerve-tumor,tumor_to_nerve,nerve_c1,,0.1941,18.0,0.5886,True,,,,,True
immune_nk_cell,nerve_c17,S100A4,ERBB3,1.1738904,0.0,0.95333135,1.16754919378319,1.1583405584158828,0.008173081,0.8994284,0.1842405169858654,0.0919884006255597,immune,nerve,immune-nerve,immune_to_nerve,nerve_c17,nk_cell,0.712,4.0,0.1815,False,0.1807,21.0,0.6809,True,False
immune_dendritic,nerve_c15,AFDN,EPHB2,0.122702196,1.0,0.014696005,-0.086543455832256,-0.1764723564912259,0.0034069272,0.5261502,1.0,0.0920217435956616,immune,nerve,immune-nerve,immune_to_nerve,nerve_c15,dendritic,0.2441,11.0,0.4778,True,0.1168,23.0,0.7139,True,True
nerve_c13,immune_dendritic,SERPINE2,LRP1,0.1238011,1.0,0.014719899,-0.3588567974522787,-0.65210081743226,0.0016256867,0.5263527,1.0,0.0926208316430519,nerve,immune,immune-nerve,nerve_to_immune,nerve_c13,dendritic,0.3452,18.0,0.5887,True,0.1168,23.0,0.7139,True,True
malignant,nerve_c15,FN1,MAG,1.5997463,0.0,0.8567023,3.4310339323099983,1.9046959315360543,0.016712317,0.8944906,0.0090602364875748,0.0926400012438528,tumor,nerve,nerve-tumor,tumor_to_nerve,nerve_c15,,0.2441,11.0,0.4778,True,,,,,True
immune_dendritic,nerve_c6,IL16,CD9,1.5098691,0.0,0.8548759,1.3253500393440267,1.4892676717486375,0.021563845,0.89438987,0.0584463858624115,0.0933322320972353,immune,nerve,immune-nerve,immune_to_nerve,nerve_c6,dendritic,0.2036,24.0,0.6567,True,0.1168,23.0,0.7139,True,True
immune_nk_cell,nerve_c22,RPS19,C5AR1,1.7901,0.016,0.8546314,0.0955662905126069,0.1291923901556227,0.06007138,0.89437634,0.9467623231086346,0.0934092980596314,immune,nerve,immune-nerve,immune_to_nerve,nerve_c22,nk_cell,1.0,1.0,-0.0,False,0.1807,21.0,0.6809,True,False
immune_nk_cell,nerve_c22,SEMA4D,MET,1.1701081,0.0,0.9622216,4.321079443315863,2.094536474232705,0.12546508,0.89984745,5.006902529094862e-05,0.0934092980596314,immune,nerve,immune-nerve,immune_to_nerve,nerve_c22,nk_cell,1.0,1.0,-0.0,False,0.1807,21.0,0.6809,True,False
immune_dendritic,nerve_c12,APOE,LRP6,1.1698016,1.0,1.3600504,0.8982847598442805,-0.4527784683624269,0.017677883,0.9143972,1.0,0.0936020778043129,immune,nerve,immune-nerve,immune_to_nerve,nerve_c12,dendritic,0.4368,7.0,0.335,True,0.1168,23.0,0.7139,True,True
immune_dendritic,nerve_c22,LGALS9,MET,1.1671441,0.0,0.9515035,4.1387963101554766,1.7752797625186614,0.10323093,0.89934164,0.0002988169615683,0.0947625787852214,immune,nerve,immune-nerve,immune_to_nerve,nerve_c22,dendritic,1.0,1.0,-0.0,False,0.1168,23.0,0.7139,True,False
immune_dendritic,nerve_c2,CALM1,PDE1C,1.1668595,0.0,1.3033408,0.7995940622324494,0.502503508481982,0.006803785,0.9127155,0.4970848874510563,0.0948789839233753,immune,nerve,immune-nerve,immune_to_nerve,nerve_c2,dendritic,0.4082,17.0,0.533,True,0.1168,23.0,0.7139,True,True
immune_t_cell,nerve_c6,S100A4,ERBB3,1.3039072,0.0,0.84876704,1.0856045518232509,1.2641194348814857,0.007276633,0.8940506,0.2349366430004527,0.0951508673849765,immune,nerve,immune-nerve,immune_to_nerve,nerve_c6,t_cell,0.2036,24.0,0.6567,True,0.114,24.0,0.7175,True,True
nerve_c3,immune_nk_cell,B2M,KLRC1,1.1659241,1.0,1.3592613,2.149940311270458,-0.3581575921421847,0.020022688,0.9143745,0.3567829874555465,0.0953063837863215,nerve,immune,immune-nerve,nerve_to_immune,nerve_c3,nk_cell,0.1893,16.0,0.5434,True,0.1807,21.0,0.6809,True,True
immune_t_cell,nerve_c3,GNAI2,IGF1R,1.1655365,0.0,1.1002082,1.2962184722003194,1.0811353675170237,0.016129998,0.9057264,0.0956464127747627,0.0955398827567312,immune,nerve,immune-nerve,immune_to_nerve,nerve_c3,t_cell,0.1893,16.0,0.5434,True,0.114,24.0,0.7175,True,True
nerve_c12,immune_microglia,PTN,NCL,1.1652371,0.0,1.2705268,0.1900329395250919,-0.1061614331574616,0.007434172,0.9116944,1.0,0.0958126180290071,nerve,immune,immune-nerve,nerve_to_immune,nerve_c12,microglia,0.4368,7.0,0.335,True,0.0584,28.0,0.8514,True,True
immune_dendritic,nerve_c6,PSAP,GPR37,1.1644683,0.0,1.3224518,1.2542085290063512,0.4149651038772829,0.010019995,0.9132936,0.473037528766901,0.0961638205610509,immune,nerve,immune-nerve,immune_to_nerve,nerve_c6,dendritic,0.2036,24.0,0.6567,True,0.1168,23.0,0.7139,True,True
nerve_c22,immune_t_cell,TGFB1,CXCR4,1.3284823,0.0,0.84591633,0.5753619448560823,1.1062879475775171,0.07269114,0.89389116,0.0584463858624115,0.0962810101504806,nerve,immune,immune-nerve,nerve_to_immune,nerve_c22,t_cell,1.0,1.0,-0.0,False,0.114,24.0,0.7175,True,False
nerve_c22,immune_t_cell,VIM,CD44,1.1638186,0.703,1.3122483,0.0726865578808667,-0.3205125422828916,0.012620651,0.91298646,1.0,0.0963591813890276,nerve,immune,immune-nerve,nerve_to_immune,nerve_c22,t_cell,1.0,1.0,-0.0,False,0.114,24.0,0.7175,True,False
nerve_c21,immune_dendritic,SPP1,ITGA4_ITGB1,1.3773992,0.476,0.84585875,0.1271843128189285,-0.7270058159753896,0.008315703,0.89388794,1.0,0.0963591813890276,nerve,immune,immune-nerve,nerve_to_immune,nerve_c21,dendritic,1.0,1.0,-0.0,False,0.1168,23.0,0.7139,True,False
immune_nk_cell,nerve_c1,AREG,ERBB3,1.16342,0.0,1.0719097,1.8636386359041788,1.957011016021831,0.016806435,0.904608,0.0294131134473054,0.0964764798010992,immune,nerve,immune-nerve,immune_to_nerve,nerve_c1,nk_cell,0.1941,18.0,0.5886,True,0.1807,21.0,0.6809,True,True
nerve_c22,immune_nk_cell,PTN,NCL,1.1633129,0.067,1.3405651,0.269085823888322,-0.0197250277200616,0.007843984,0.9138307,1.0,0.0965938434888237,nerve,immune,immune-nerve,nerve_to_immune,nerve_c22,nk_cell,1.0,1.0,-0.0,False,0.1807,21.0,0.6809,True,False
nerve_c12,immune_microglia,TXLNA,STX3,0.122370824,0.003,0.0149083715,0.0461204281263996,0.0981683878734971,0.009029662,0.52793837,1.0,0.0966126520875952,nerve,immune,immune-nerve,nerve_to_immune,nerve_c12,microglia,0.4368,7.0,0.335,True,0.0584,28.0,0.8514,True,True
immune_nk_cell,nerve_c16,SPP1,CD44,1.1616921,1.0,1.2007394,-0.1895731406584066,-1.3520893788152528,0.019505993,0.9093937,1.0,0.0974565470650046,immune,nerve,immune-nerve,immune_to_nerve,nerve_c16,nk_cell,0.2917,16.0,0.4833,True,0.1807,21.0,0.6809,True,True
immune_t_cell,nerve_c2,TIMP1,CD63,1.2304926,1.0,0.8416115,-0.0955848158651946,-0.775192173169541,0.0039352295,0.893649,1.0,0.0978498418654622,immune,nerve,immune-nerve,immune_to_nerve,nerve_c2,t_cell,0.4082,17.0,0.533,True,0.114,24.0,0.7175,True,True
nerve_c22,immune_dendritic,HMGB1,CXCR4,1.1604123,0.746,0.97298396,-0.1295949743866754,-0.0808585074843828,0.0038003216,0.9003476,1.0,0.0980467607481364,nerve,immune,immune-nerve,nerve_to_immune,nerve_c22,dendritic,1.0,1.0,-0.0,False,0.1168,23.0,0.7139,True,False
nerve_c17,malignant,MIF,EGFR,1.1585937,0.0,1.220993,0.3476325302867542,2.0644157198040585,0.032656,0.9100805,0.1069610335340323,0.0986386026979866,nerve,tumor,nerve-tumor,nerve_to_tumor,nerve_c17,,0.712,4.0,0.1815,False,,,,,False
nerve_c12,immune_t_cell,NCAM1,PTPRA,1.3620279,0.0,0.8394227,0.9982948387936116,1.2021276664408804,0.010971423,0.8935251,0.312896875437998,0.0986781192864557,nerve,immune,immune-nerve,nerve_to_immune,nerve_c12,t_cell,0.4368,7.0,0.335,True,0.114,24.0,0.7175,True,True
immune_nk_cell,nerve_c6,VIM,CD44,1.1576532,1.0,0.9928655,-0.0903016794024789,-0.5678916924105147,0.013565658,0.9012513,1.0,0.0991924537245076,immune,nerve,immune-nerve,immune_to_nerve,nerve_c6,nk_cell,0.2036,24.0,0.6567,True,0.1807,21.0,0.6809,True,True
nerve_c20,immune_microglia,HSPA1A,TLR4,1.8435391,0.0,0.83517945,0.7142601622179443,0.8155447094119358,0.039958615,0.89328384,0.0584463858624115,0.0996683177065554,nerve,immune,immune-nerve,nerve_to_immune,nerve_c20,microglia,0.7889,9.0,0.1802,False,0.0584,28.0,0.8514,True,False
immune_nk_cell,malignant,VIM,CD44,1.1549649,1.0,0.983473,-0.0931362227659755,-0.5057786493886467,0.007048101,0.9008275,1.0,0.1004637124635572,immune,tumor,immune-tumor,immune_to_tumor,,nk_cell,,,,,0.1807,21.0,0.6809,True,True
nerve_c21,malignant,APOE,LRP1,1.1538625,0.924,1.0870949,-0.1061218213751893,-0.7122246365893902,0.02005186,0.90521324,1.0,0.1010222249066528,nerve,tumor,nerve-tumor,nerve_to_tumor,nerve_c21,,1.0,1.0,-0.0,False,,,,,False
nerve_c3,immune_nk_cell,SPP1,CD44,1.1537483,1.0,1.3118421,-0.1249260391775319,-1.6240684644597465,0.004011747,0.9129741,1.0,0.1011021183290189,nerve,immune,immune-nerve,nerve_to_immune,nerve_c3,nk_cell,0.1893,16.0,0.5434,True,0.1807,21.0,0.6809,True,True
nerve_c22,immune_nk_cell,NCAM1,PTPRA,1.1612583,0.0,0.82908833,0.7822369232223186,0.9381998774138718,0.010836351,0.89293444,0.3772209837832833,0.1013419977663279,nerve,immune,immune-nerve,nerve_to_immune,nerve_c22,nk_cell,1.0,1.0,-0.0,False,0.1807,21.0,0.6809,True,False
nerve_c22,immune_nk_cell,GNAS,PTGDR,1.1687672,0.0,0.8284378,1.561113864293068,0.9018079706343948,0.070903,0.8928969,0.0420582164492466,0.1014620281387423,nerve,immune,immune-nerve,nerve_to_immune,nerve_c22,nk_cell,1.0,1.0,-0.0,False,0.1807,21.0,0.6809,True,False
immune_nk_cell,nerve_c22,NCAM1,PTPRZ1,1.1529275,0.007,0.89614105,0.3060261888682352,0.1647353855371689,0.03585516,0.8965956,1.0,0.1015821364811143,immune,nerve,immune-nerve,immune_to_nerve,nerve_c22,nk_cell,1.0,1.0,-0.0,False,0.1807,21.0,0.6809,True,False
immune_dendritic,nerve_c22,RTN4,LINGO1,1.1519685,0.0,1.2690104,1.6334223243364372,0.9842577728803416,0.052905962,0.91164637,0.0257332364148592,0.1020631781840086,immune,nerve,immune-nerve,immune_to_nerve,nerve_c22,dendritic,1.0,1.0,-0.0,False,0.1168,23.0,0.7139,True,False
nerve_c21,immune_nk_cell,LGALS1,CD69,1.1517787,0.086,1.0288433,0.379879244869766,0.3087759552972636,0.015216316,0.902824,0.7905224605756489,0.1022237688760007,nerve,immune,immune-nerve,nerve_to_immune,nerve_c21,nk_cell,1.0,1.0,-0.0,False,0.1807,21.0,0.6809,True,False
nerve_c17,malignant,CALM1,PTPRA,1.1516166,0.0,1.1976601,0.2597875439396635,0.5182304762458905,0.013330808,0.90928787,0.2059273593322947,0.1023040941744634,nerve,tumor,nerve-tumor,nerve_to_tumor,nerve_c17,,0.712,4.0,0.1815,False,,,,,False
immune_t_cell,nerve_c6,PSEN1,NOTCH4,0.12511614,1.0,0.015152552,0.0910808675971803,-0.0564011362553797,0.013666852,0.52996236,1.0,0.1027927596006945,immune,nerve,immune-nerve,immune_to_nerve,nerve_c6,t_cell,0.2036,24.0,0.6567,True,0.114,24.0,0.7175,True,True
nerve_c21,immune_microglia,APOE,ABCA1,1.1492598,0.932,1.0719234,-0.1319490683429386,-0.6155247733725145,0.024693385,0.90460855,1.0,0.1030686914578225,nerve,immune,immune-nerve,nerve_to_immune,nerve_c21,microglia,1.0,1.0,-0.0,False,0.0584,28.0,0.8514,True,False
immune_nk_cell,nerve_c18,VIM,CD44,1.1474241,0.997,0.9571257,-0.1010874054936689,-0.6103442651411407,0.013077339,0.8996079,1.0,0.103957262802954,immune,nerve,immune-nerve,immune_to_nerve,nerve_c18,nk_cell,0.5575,4.0,0.2111,False,0.1807,21.0,0.6809,True,False
immune_dendritic,nerve_c21,TIMP1,CD63,1.147285,0.875,1.2656007,-0.1305257638642337,0.0077330804439668,0.00591773,0.91153795,1.0,0.1039977373743883,immune,nerve,immune-nerve,immune_to_nerve,nerve_c21,dendritic,1.0,1.0,-0.0,False,0.1168,23.0,0.7139,True,False
immune_dendritic,nerve_c6,PLAU,IGF2R,0.12364872,1.0,0.015250119,-0.1340064485887355,-0.2686631707565021,0.004142347,0.53076166,1.0,0.1043862003723806,immune,nerve,immune-nerve,immune_to_nerve,nerve_c6,dendritic,0.2036,24.0,0.6567,True,0.1168,23.0,0.7139,True,True
immune_nk_cell,nerve_c6,CD99,CD81,1.1462567,0.0,1.2722423,0.1892238191869016,0.0030943151869629,0.013926604,0.91174877,0.5887088065825448,0.1044028509927995,immune,nerve,immune-nerve,immune_to_nerve,nerve_c6,nk_cell,0.2036,24.0,0.6567,True,0.1807,21.0,0.6809,True,True
immune_dendritic,nerve_c22,CALM1,KCNQ3,1.145039,0.004,1.2418876,0.421356869337774,0.3253761200745636,0.038139105,0.9107724,0.7392575690457046,0.1048492934242245,immune,nerve,immune-nerve,immune_to_nerve,nerve_c22,dendritic,1.0,1.0,-0.0,False,0.1168,23.0,0.7139,True,False
immune_t_cell,nerve_c22,SEMA4D,MET,1.1438104,0.0,0.8671281,4.271851761408315,2.069529144625177,0.11306574,0.89506,9.084588274776428e-05,0.1055409769625622,immune,nerve,immune-nerve,immune_to_nerve,nerve_c22,t_cell,1.0,1.0,-0.0,False,0.114,24.0,0.7175,True,False
immune_dendritic,nerve_c13,HLA-A,APLP2,1.4270154,0.986,0.81283695,-0.1170934019767554,-0.3659151457043975,0.006631839,0.89198446,1.0,0.1058263790081983,immune,nerve,immune-nerve,immune_to_nerve,nerve_c13,dendritic,0.3452,18.0,0.5887,True,0.1168,23.0,0.7139,True,True
immune_dendritic,nerve_c1,HBEGF,CD9,1.358223,0.0,0.81201166,0.9413493932447026,1.1346733012158343,0.0139413215,0.8919355,0.1630839674048502,0.1061938607610362,immune,nerve,immune-nerve,immune_to_nerve,nerve_c1,dendritic,0.1941,18.0,0.5886,True,0.1168,23.0,0.7139,True,True
immune_dendritic,nerve_c17,S100A4,ERBB3,1.141171,0.0,0.9191586,1.1415595286247542,1.2515561560141268,0.007880111,0.89776534,0.1978893609937518,0.1069305349796392,immune,nerve,immune-nerve,immune_to_nerve,nerve_c17,dendritic,0.712,4.0,0.1815,False,0.1168,23.0,0.7139,True,False
malignant,nerve_c15,GDF11,BMPR2,0.12409417,1.0,0.01537068,-0.0606186491208109,-0.2234160654152416,0.006896747,0.5317421,1.0,0.1071733136251976,tumor,nerve,nerve-tumor,tumor_to_nerve,nerve_c15,,0.2441,11.0,0.4778,True,,,,,True
immune_nk_cell,nerve_c13,S100A4,ERBB3,1.1404581,0.0,0.8312653,1.0531699332110902,0.8706654812185378,0.0071265865,0.89305973,0.447676700820373,0.1071766120477162,immune,nerve,immune-nerve,immune_to_nerve,nerve_c13,nk_cell,0.3452,18.0,0.5887,True,0.1807,21.0,0.6809,True,True
immune_dendritic,nerve_c22,APP,DCC,1.3149046,0.0,0.80677515,1.711483983358254,1.2007706901536823,0.038890537,0.8916234,0.0425577720785501,0.1079575405767346,immune,nerve,immune-nerve,immune_to_nerve,nerve_c22,dendritic,1.0,1.0,-0.0,False,0.1168,23.0,0.7139,True,False
immune_dendritic,nerve_c2,TIMP1,FGFR2,1.137634,0.0,1.2478006,1.586633223850348,0.9353553774205808,0.007940958,0.9109652,0.3588426822608879,0.1080398855963652,immune,nerve,immune-nerve,immune_to_nerve,nerve_c2,dendritic,0.4082,17.0,0.533,True,0.1168,23.0,0.7139,True,True
malignant,nerve_c1,PSAP,GPR37,1.1360147,0.0,1.2276772,1.684800419981294,0.2170244944135979,0.009353832,0.91030365,0.5785255128903474,0.1085346089313616,tumor,nerve,nerve-tumor,tumor_to_nerve,nerve_c1,,0.1941,18.0,0.5886,True,,,,,True
nerve_neuron,immune_dendritic,CALR,LRP1,0.12736799,1.0,0.015427338,-0.7316835186427066,-1.3845273303536263,0.0005571942,0.53220016,1.0,0.1087651476648431,nerve,immune,immune-nerve,nerve_to_immune,nerve_neuron,dendritic,0.5032,7.0,0.4667,False,0.1168,23.0,0.7139,True,False
immune_t_cell,nerve_c22,CALM1,PDE1C,1.2367816,0.0,0.8035765,0.5530776582197456,0.8097984260406209,0.0041948827,0.8914313,0.4970848874510563,0.1089063182766221,immune,nerve,immune-nerve,immune_to_nerve,nerve_c22,t_cell,1.0,1.0,-0.0,False,0.114,24.0,0.7175,True,False
nerve_neuron,immune_dendritic,LRPAP1,SORT1,0.12507655,1.0,0.015441474,-0.4234030853777493,-0.6559705171834893,0.002402136,0.5323142,1.0,0.1091630169546593,nerve,immune,immune-nerve,nerve_to_immune,nerve_neuron,dendritic,0.5032,7.0,0.4667,False,0.1168,23.0,0.7139,True,False
immune_nk_cell,nerve_c17,TIMP1,CD63,1.2484939,0.874,0.8021511,-0.0831951176128821,-0.1912318047943094,0.0037507198,0.8913453,1.0,0.1094028373919366,immune,nerve,immune-nerve,immune_to_nerve,nerve_c17,nk_cell,0.712,4.0,0.1815,False,0.1807,21.0,0.6809,True,False
immune_dendritic,nerve_c2,LGALS1,ITGB1,1.1342218,0.0,1.0555474,0.0966404005974465,-0.102421433920087,0.010328563,0.9039422,0.8599926920997513,0.1094442625406143,immune,nerve,immune-nerve,immune_to_nerve,nerve_c2,dendritic,0.4082,17.0,0.533,True,0.1168,23.0,0.7139,True,True
immune_dendritic,nerve_c17,LGALS3BP,ITGB1,0.13058214,1.0,0.015467973,-0.4928948941521434,-0.7887126480491025,0.0012597966,0.5325276,1.0,0.1095608415651122,immune,nerve,immune-nerve,immune_to_nerve,nerve_c17,dendritic,0.712,4.0,0.1815,False,0.1168,23.0,0.7139,True,False
nerve_c7,immune_microglia,PSEN1,CD44,1.1337931,0.0,0.94325984,1.2426561208095448,0.9811614517528392,0.008862393,0.898947,0.3000348669701884,0.1099003680316348,nerve,immune,immune-nerve,nerve_to_immune,nerve_c7,microglia,0.17,15.0,0.5776,True,0.0584,28.0,0.8514,True,True
malignant,nerve_c16,TIMP1,FGFR2,1.1313344,0.0,1.2790681,1.3879629359603591,1.4063958139732844,0.0081635015,0.91196376,0.0968797780947671,0.1108985154747624,tumor,nerve,nerve-tumor,tumor_to_nerve,nerve_c16,,0.2917,16.0,0.4833,True,,,,,True
nerve_neuron,immune_nk_cell,COPA,CD74,1.130799,1.0,0.90369266,-0.0769193482336855,-0.9825959571111222,0.0038129902,0.8969839,1.0,0.1112321500355253,nerve,immune,immune-nerve,nerve_to_immune,nerve_neuron,nk_cell,0.5032,7.0,0.4667,False,0.1807,21.0,0.6809,True,False
immune_dendritic,nerve_c12,ITGB3BP,ITGB5,0.12553507,1.0,0.015558085,-0.0431028591904078,-0.0600571850101117,0.015078821,0.5332506,1.0,0.1121458527880819,immune,nerve,immune-nerve,immune_to_nerve,nerve_c12,dendritic,0.4368,7.0,0.335,True,0.1168,23.0,0.7139,True,True
immune_nk_cell,malignant,GNAI2,EGFR,1.1282119,0.0,1.1294259,0.3558969890821981,1.9134380151543051,0.014562564,0.90683943,0.1405441524296245,0.1126971056924618,immune,tumor,immune-tumor,immune_to_tumor,,nk_cell,,,,,0.1807,21.0,0.6809,True,True
nerve_c3,immune_t_cell,COL4A5,CD44,1.1279461,0.0,1.2140077,1.5006422692524206,1.2802245133117816,0.0134527255,0.9098455,0.1035305381815006,0.112739091963935,nerve,immune,immune-nerve,nerve_to_immune,nerve_c3,t_cell,0.1893,16.0,0.5434,True,0.114,24.0,0.7175,True,True
immune_dendritic,nerve_c12,CKLF,LRP6,1.1276854,0.0,1.2538021,1.5422352843223115,1.349093818105308,0.03350616,0.9111596,0.0584463858624115,0.1129070940938802,immune,nerve,immune-nerve,immune_to_nerve,nerve_c12,dendritic,0.4368,7.0,0.335,True,0.1168,23.0,0.7139,True,True
nerve_c22,immune_t_cell,CD22,PTPRC,1.3143752,0.0,0.79065126,1.3135633488651846,1.4762100189656429,0.010932779,0.89064413,0.1196954179684819,0.1132855167017906,nerve,immune,immune-nerve,nerve_to_immune,nerve_c22,t_cell,1.0,1.0,-0.0,False,0.114,24.0,0.7175,True,False
nerve_c21,malignant,PTN,PTPRZ1,1.4266462,0.003,0.79039496,0.3319272383182408,1.1043907596425069,0.009955342,0.89062834,1.0,0.113327602139814,nerve,tumor,nerve-tumor,nerve_to_tumor,nerve_c21,,1.0,1.0,-0.0,False,,,,,False
nerve_c7,immune_microglia,APP,LRP1,1.1264257,0.0,0.97234493,0.6251907960145564,0.8183811062619663,0.013415601,0.90031815,0.1852467153190412,0.1135802357387167,nerve,immune,immune-nerve,nerve_to_immune,nerve_c7,microglia,0.17,15.0,0.5776,True,0.0584,28.0,0.8514,True,True
immune_nk_cell,nerve_c6,PSEN1,NOTCH4,0.12749118,1.0,0.015640486,0.0953241626690503,-0.0504643375856382,0.014106944,0.5339079,1.0,0.1137358619799261,immune,nerve,immune-nerve,immune_to_nerve,nerve_c6,nk_cell,0.2036,24.0,0.6567,True,0.1807,21.0,0.6809,True,True
immune_t_cell,nerve_c22,CALM1,CACNA1C,1.233194,0.0,0.7885885,0.6394134159245319,0.8130127117891968,0.02717333,0.8905168,0.0584463858624115,0.1139174999341767,immune,nerve,immune-nerve,immune_to_nerve,nerve_c22,t_cell,1.0,1.0,-0.0,False,0.114,24.0,0.7175,True,False
nerve_c17,malignant,CNTN2,NRCAM,1.1256398,0.0,1.2481374,1.7388949991868057,2.435720483757356,0.036188733,0.9109761,0.0403453448250369,0.1140440820689185,nerve,tumor,nerve-tumor,nerve_to_tumor,nerve_c17,,0.712,4.0,0.1815,False,,,,,False
nerve_c21,immune_t_cell,LGALS1,CD69,1.1254389,0.117,0.9969135,0.3507808304150046,0.4891041762763917,0.014744083,0.9014323,0.8492065155951563,0.1141285147760008,nerve,immune,immune-nerve,nerve_to_immune,nerve_c21,t_cell,1.0,1.0,-0.0,False,0.114,24.0,0.7175,True,False
nerve_c21,immune_tam,APOE,ABCA1,1.1253655,0.939,0.9931612,-0.160188016429321,-0.9101889615692808,0.02287898,0.90126455,1.0,0.1142552029893501,nerve,immune,immune-nerve,nerve_to_immune,nerve_c21,tam,1.0,1.0,-0.0,False,0.221,21.0,0.6495,True,False
nerve_c0,immune_microglia,PSEN1,CD44,1.1231147,0.0,0.9315394,1.2235772194791488,0.8952014224976597,0.008752274,0.8983777,0.4140611116999401,0.1152710402441362,nerve,immune,immune-nerve,nerve_to_immune,nerve_c0,microglia,0.1812,15.0,0.5697,True,0.0584,28.0,0.8514,True,True
nerve_c3,immune_dendritic,C3,LRP1,0.1290055,1.0,0.015752114,-0.6182704200075473,-1.6117401667756877,0.0032559172,0.53479266,1.0,0.1167155590236051,nerve,immune,immune-nerve,nerve_to_immune,nerve_c3,dendritic,0.1893,16.0,0.5434,True,0.1168,23.0,0.7139,True,True
immune_t_cell,malignant,CALM3,EGFR,1.1191722,0.0,1.1021816,0.5045012932962876,2.15894317841395,0.016476829,0.90580285,0.0876652894295249,0.1174859764281725,immune,tumor,immune-tumor,immune_to_tumor,,t_cell,,,,,0.114,24.0,0.7175,True,True
malignant,nerve_c1,FN1,MAG,1.4592743,0.0,0.7738371,3.089233230894798,1.6521250013300326,0.015095805,0.8895929,0.0270317926179403,0.1191596649894301,tumor,nerve,nerve-tumor,tumor_to_nerve,nerve_c1,,0.1941,18.0,0.5886,True,,,,,True
nerve_c7,immune_microglia,CD22,PTPRC,1.1152973,0.0,1.2319568,2.267357186751388,1.2234613693351897,0.017034959,0.91044563,0.0771861256342411,0.1195905381033892,nerve,immune,immune-nerve,nerve_to_immune,nerve_c7,microglia,0.17,15.0,0.5776,True,0.0584,28.0,0.8514,True,True
nerve_c7,immune_t_cell,NCAM1,PTPRA,1.2666343,0.0,0.7718441,0.8898857064763984,0.9903584552141134,0.010088156,0.8894662,0.432448857822779,0.1198062378695313,nerve,immune,immune-nerve,nerve_to_immune,nerve_c7,t_cell,0.17,15.0,0.5776,True,0.114,24.0,0.7175,True,True
malignant,nerve_c6,EFNB2,EPHB2,0.1262519,0.0,0.015844569,0.1363047537065973,0.1171544555456371,0.01614867,0.5355206,0.4867069197069115,0.1200900625128323,tumor,nerve,nerve-tumor,tumor_to_nerve,nerve_c6,,0.2036,24.0,0.6567,True,,,,,True
immune_dendritic,nerve_c12,CALM1,PTPRA,1.1146275,0.0,1.15624,0.2331814646205934,0.1178494696745068,0.007862677,0.9078258,0.882762390551904,0.1203246243205944,immune,nerve,immune-nerve,immune_to_nerve,nerve_c12,dendritic,0.4368,7.0,0.335,True,0.1168,23.0,0.7139,True,True
immune_t_cell,nerve_c7,TIMP1,FGFR2,1.1422619,0.0,0.76918614,1.9914815823996104,0.8234461587922237,0.0048950734,0.8892965,0.4501628418403869,0.1209306915666945,immune,nerve,immune-nerve,immune_to_nerve,nerve_c7,t_cell,0.17,15.0,0.5776,True,0.114,24.0,0.7175,True,True
nerve_neuron,immune_dendritic,THBS2,CD36,0.12595448,0.0,0.015864328,0.3388014224221916,0.2242383668003313,0.0042681117,0.5356756,1.0,0.1214788026254258,nerve,immune,immune-nerve,nerve_to_immune,nerve_neuron,dendritic,0.5032,7.0,0.4667,False,0.1168,23.0,0.7139,True,False
immune_dendritic,nerve_c1,LGALS1,ITGB1,1.1109871,0.0,0.9805105,0.0665996718523579,-0.0755354683553835,0.009594326,0.9006927,0.7839123717248586,0.1223647244520876,immune,nerve,immune-nerve,immune_to_nerve,nerve_c1,dendritic,0.1941,18.0,0.5886,True,0.1168,23.0,0.7139,True,True
malignant,nerve_c16,NCAM1,FGFR2,1.1095672,0.0,1.2310848,1.6090522554127245,1.9152202639771432,0.028762907,0.9104167,0.0550026604482005,0.1227571411392478,tumor,nerve,nerve-tumor,tumor_to_nerve,nerve_c16,,0.2917,16.0,0.4833,True,,,,,True
immune_nk_cell,nerve_c22,CALM1,PDE1C,1.1844953,0.0,0.76334804,0.5054450459945151,0.702057276021658,0.0039848792,0.8889209,0.4970848874510563,0.1228880677071918,immune,nerve,immune-nerve,immune_to_nerve,nerve_c22,nk_cell,1.0,1.0,-0.0,False,0.1807,21.0,0.6809,True,False
nerve_c7,immune_t_cell,ADAM10,CD44,1.1091318,0.0,1.1624824,0.7229830946275908,0.9629712826549696,0.014655306,0.9080509,0.136931680697437,0.1229753965893587,nerve,immune,immune-nerve,nerve_to_immune,nerve_c7,t_cell,0.17,15.0,0.5776,True,0.114,24.0,0.7175,True,True
nerve_neuron,immune_nk_cell,NCAM1,PTPRA,1.1089804,0.0,0.7830271,0.7228263953985669,0.726874290086871,0.0102343215,0.8901713,0.4464245376442,0.1231501238180214,nerve,immune,immune-nerve,nerve_to_immune,nerve_neuron,nk_cell,0.5032,7.0,0.4667,False,0.1807,21.0,0.6809,True,False
immune_nk_cell,nerve_c17,AREG,ERBB3,1.1081622,0.0,0.8846834,1.6745888546142385,2.0978730346847945,0.013870922,0.8959976,0.0479328917906524,0.123412431354231,immune,nerve,immune-nerve,immune_to_nerve,nerve_c17,nk_cell,0.712,4.0,0.1815,False,0.1807,21.0,0.6809,True,False
immune_dendritic,nerve_c12,FARP2,PLXNA2,0.12628376,0.021,0.015918635,0.0351666285469977,0.0099113604011425,0.027190106,0.5361005,1.0,0.1234619401843633,immune,nerve,immune-nerve,immune_to_nerve,nerve_c12,dendritic,0.4368,7.0,0.335,True,0.1168,23.0,0.7139,True,True
immune_t_cell,malignant,CD99,CD81,1.1070607,0.0,1.1314147,0.1589439010933114,-0.0501467728158135,0.009108677,0.9069137,0.7155842194254239,0.1240254499188103,immune,tumor,immune-tumor,immune_to_tumor,,t_cell,,,,,0.114,24.0,0.7175,True,True
immune_t_cell,malignant,TIMP1,CD63,1.1307487,1.0,0.7597354,-0.1750068272266766,-0.5035030889365579,0.0018360701,0.8886865,1.0,0.1243324791842598,immune,tumor,immune-tumor,immune_to_tumor,,t_cell,,,,,0.114,24.0,0.7175,True,True
immune_nk_cell,nerve_c13,HSPA8,LRP2,1.1056983,0.0,1.0830251,1.5283873888785864,0.917019241292771,0.009842566,0.9050522,0.3853501674755263,0.1249035662245994,immune,nerve,immune-nerve,immune_to_nerve,nerve_c13,nk_cell,0.3452,18.0,0.5887,True,0.1807,21.0,0.6809,True,True
immune_dendritic,nerve_c1,HLA-A,APLP2,1.4158127,1.0,0.75608027,-0.1298920236955081,-0.4158538782508358,0.006168768,0.88844776,1.0,0.125652162181945,immune,nerve,immune-nerve,immune_to_nerve,nerve_c1,dendritic,0.1941,18.0,0.5886,True,0.1168,23.0,0.7139,True,True
nerve_c12,immune_t_cell,IGSF11,VSIR,1.1653883,0.0,0.75597465,1.910016731094947,1.2963585284784822,0.02045463,0.8884408,0.0584463858624115,0.125696247955847,nerve,immune,immune-nerve,nerve_to_immune,nerve_c12,t_cell,0.4368,7.0,0.335,True,0.114,24.0,0.7175,True,True
malignant,nerve_c17,COL9A3,MAG,1.2728904,0.0,0.7557253,2.833661567454552,2.151167992437677,0.061458066,0.88842446,0.0023427141701584,0.1258065218394655,tumor,nerve,nerve-tumor,tumor_to_nerve,nerve_c17,,0.712,4.0,0.1815,False,,,,,False
immune_dendritic,nerve_c1,AFDN,EPHB2,0.12898317,1.0,0.015999096,-0.0698653411946971,-0.1441056538346662,0.0037090185,0.5367274,1.0,0.1258404961638332,immune,nerve,immune-nerve,immune_to_nerve,nerve_c1,dendritic,0.1941,18.0,0.5886,True,0.1168,23.0,0.7139,True,True
nerve_c22,immune_t_cell,VCAN,CD44,1.1032906,0.0,1.1464854,0.5748293273455933,0.8289997961257074,0.03184974,0.90747076,0.0584463858624115,0.126225964991531,nerve,immune,immune-nerve,nerve_to_immune,nerve_c22,t_cell,1.0,1.0,-0.0,False,0.114,24.0,0.7175,True,False
nerve_c7,immune_nk_cell,JAM3,ITGB1,1.1030899,0.0,1.1964499,1.3437765922841096,1.4262863932351604,0.014546079,0.9092462,0.1096446838038533,0.1263143388598982,nerve,immune,immune-nerve,nerve_to_immune,nerve_c7,nk_cell,0.17,15.0,0.5776,True,0.1807,21.0,0.6809,True,True
immune_dendritic,nerve_c18,TIMP1,FGFR2,1.0992334,0.0,1.1769739,1.49230820126072,1.1896691472104113,0.0074902205,0.9085668,0.1428202582342247,0.1289341211806963,immune,nerve,immune-nerve,immune_to_nerve,nerve_c18,dendritic,0.5575,4.0,0.2111,False,0.1168,23.0,0.7139,True,False
immune_t_cell,nerve_c6,CALM1,GRM3,1.2227436,0.0,0.7449293,0.8606119381774486,0.7421126107065064,0.005453039,0.8877093,0.4970848874510563,0.1294252436092184,immune,nerve,immune-nerve,immune_to_nerve,nerve_c6,t_cell,0.2036,24.0,0.6567,True,0.114,24.0,0.7175,True,True
immune_t_cell,nerve_c1,HSPA8,LRP2,1.1333015,0.0,0.74433726,1.0180810540432714,0.927808339744172,0.0067645605,0.8876697,0.3680774149967778,0.1296040172996459,immune,nerve,immune-nerve,immune_to_nerve,nerve_c1,t_cell,0.1941,18.0,0.5886,True,0.114,24.0,0.7175,True,True
nerve_neuron,immune_microglia,ADAM10,TREM2,1.097543,0.0,1.0410167,0.5670607497734219,1.5658407228590574,0.036511786,0.90333873,0.0584463858624115,0.1297829311584998,nerve,immune,immune-nerve,nerve_to_immune,nerve_neuron,microglia,0.5032,7.0,0.4667,False,0.0584,28.0,0.8514,True,False
immune_t_cell,malignant,GSTP1,EGFR,1.0964766,0.0,1.0337794,0.234319747527439,1.6845015670222678,0.0077267396,0.90303373,0.4907550938187819,0.1304099426811547,immune,tumor,immune-tumor,immune_to_tumor,,t_cell,,,,,0.114,24.0,0.7175,True,True
nerve_c21,malignant,YBX1,NOTCH1,1.4498749,0.0,0.73686683,0.6285694829153834,1.0460022201604573,0.035809748,0.8871658,0.0584463858624115,0.1326152228076008,nerve,tumor,nerve-tumor,nerve_to_tumor,nerve_c21,,1.0,1.0,-0.0,False,,,,,False
nerve_c3,immune_microglia,TF,TFRC,1.0910017,0.0,0.86550087,1.4952751703373772,1.5785279554905876,0.010152356,0.8949717,0.0719053688268334,0.1337920787322764,nerve,immune,immune-nerve,nerve_to_immune,nerve_c3,microglia,0.1893,16.0,0.5434,True,0.0584,28.0,0.8514,True,True
immune_dendritic,nerve_c16,SPP1,CD44,1.0907328,1.0,1.0906162,-0.2237178800363746,-1.3904204728212657,0.017717045,0.9053519,1.0,0.1341097291190532,immune,nerve,immune-nerve,immune_to_nerve,nerve_c16,dendritic,0.2917,16.0,0.4833,True,0.1168,23.0,0.7139,True,True
nerve_c17,immune_t_cell,MIF,CD44_CD74,1.0897763,0.0,1.1094751,0.3347545666726047,0.585736353720653,0.009889658,0.9060839,0.4903765599978948,0.1349736179805385,nerve,immune,immune-nerve,nerve_to_immune,nerve_c17,t_cell,0.712,4.0,0.1815,False,0.114,24.0,0.7175,True,False
malignant,nerve_c17,ADAM15,ITGB1,0.133187,1.0,0.016355595,-0.2742730474851951,-0.3988303638766558,0.0024119078,0.53946614,1.0,0.1351439012052053,tumor,nerve,nerve-tumor,tumor_to_nerve,nerve_c17,,0.712,4.0,0.1815,False,,,,,False
immune_t_cell,nerve_c18,CD99,CD81,1.0883254,0.02,1.078434,0.141863043780945,0.049477441821126,0.011805081,0.9048695,1.0,0.1355204790025037,immune,nerve,immune-nerve,immune_to_nerve,nerve_c18,t_cell,0.5575,4.0,0.2111,False,0.114,24.0,0.7175,True,False
immune_dendritic,nerve_c12,PLAU,ITGB5,0.12856218,1.0,0.016403925,-0.0468918496984724,-0.1375195959152799,0.016798127,0.53983265,1.0,0.1363301204462271,immune,nerve,immune-nerve,immune_to_nerve,nerve_c12,dendritic,0.4368,7.0,0.335,True,0.1168,23.0,0.7139,True,True
nerve_c7,immune_t_cell,ALCAM,CD6,1.084929,0.0,0.9651536,1.44699738511288,1.5126180871701609,0.049992085,0.89998454,0.0127387717585439,0.1371212064216675,nerve,immune,immune-nerve,nerve_to_immune,nerve_c7,t_cell,0.17,15.0,0.5776,True,0.114,24.0,0.7175,True,True
malignant,nerve_c18,LGALS1,ITGB1,1.0846407,0.033,1.1260266,0.1191599787577678,0.1224985571068176,0.008341013,0.90671206,1.0,0.1372129363350987,tumor,nerve,nerve-tumor,tumor_to_nerve,nerve_c18,,0.5575,4.0,0.2111,False,,,,,False
nerve_c21,malignant,APOE,ABCA1,1.0840863,0.96,0.85709375,-0.2089688214303654,-0.9912979642981328,0.014761527,0.89451206,1.0,0.1375341917899617,nerve,tumor,nerve-tumor,nerve_to_tumor,nerve_c21,,1.0,1.0,-0.0,False,,,,,False
immune_dendritic,nerve_c16,HLA-A,APLP2,1.409396,0.979,0.72357184,-0.1372225422662803,-0.4399463527719935,0.005903536,0.8862512,1.0,0.1377179256733884,immune,nerve,immune-nerve,immune_to_nerve,nerve_c16,dendritic,0.2917,16.0,0.4833,True,0.1168,23.0,0.7139,True,True
immune_tam,nerve_c21,SPP1,PTGER4,1.3335752,0.935,0.72173923,-0.0280037199554091,-0.048533121819944,0.085849136,0.8861234,0.4676967484715105,0.1387764454052011,immune,nerve,immune-nerve,immune_to_nerve,nerve_c21,tam,1.0,1.0,-0.0,False,0.221,21.0,0.6495,True,False
immune_dendritic,nerve_c18,PSAP,SORT1,1.0818357,0.001,1.0997418,0.2897804128680145,0.1002051790054858,0.005522695,0.90570825,1.0,0.1390531655542321,immune,nerve,immune-nerve,immune_to_nerve,nerve_c18,dendritic,0.5575,4.0,0.2111,False,0.1168,23.0,0.7139,True,False
immune_nk_cell,nerve_c13,GSTP1,EGFR,1.0781126,0.0,0.9352565,0.3165760288287023,-0.17504813649583,0.02591457,0.89855933,0.8566179675114265,0.1414153042301834,immune,nerve,immune-nerve,immune_to_nerve,nerve_c13,nk_cell,0.3452,18.0,0.5887,True,0.1807,21.0,0.6809,True,True
immune_dendritic,nerve_c18,PLAU,IGF2R,0.12965661,0.995,0.016660929,-0.1216198214588537,-0.2420602107410397,0.0045255614,0.54176295,1.0,0.1428484817441892,immune,nerve,immune-nerve,immune_to_nerve,nerve_c18,dendritic,0.5575,4.0,0.2111,False,0.1168,23.0,0.7139,True,False
immune_t_cell,nerve_c16,PSEN1,NCSTN,0.13032356,1.0,0.016688846,-0.1607200587870832,-0.170317080310208,0.0038403305,0.54197073,1.0,0.1436379177580888,immune,nerve,immune-nerve,immune_to_nerve,nerve_c16,t_cell,0.2917,16.0,0.4833,True,0.114,24.0,0.7175,True,True
nerve_c17,malignant,PTN,PTPRS,1.0733149,0.0,0.8315287,0.52265687173226,0.8767174623895373,0.04682545,0.89307487,0.0584463858624115,0.1443577441997474,nerve,tumor,nerve-tumor,nerve_to_tumor,nerve_c17,,0.712,4.0,0.1815,False,,,,,False
immune_nk_cell,nerve_c6,CALM1,GRM3,1.1704572,0.0,0.7076368,0.812979325952218,0.6343714606875435,0.0051800497,0.88512397,0.4970848874510563,0.1447802724740034,immune,nerve,immune-nerve,immune_to_nerve,nerve_c6,nk_cell,0.2036,24.0,0.6567,True,0.1807,21.0,0.6809,True,True
nerve_c3,immune_microglia,BSG,SLC16A1,0.1375441,1.0,0.016764482,-0.4010850268019559,-0.7400507201848296,0.0016735649,0.5425319,1.0,0.1454136130326375,nerve,immune,immune-nerve,nerve_to_immune,nerve_c3,microglia,0.1893,16.0,0.5434,True,0.0584,28.0,0.8514,True,True
malignant,nerve_c6,COL9A3,MAG,1.2007254,0.0,0.7062068,2.658067709628005,2.0569402602447013,0.05743106,0.88502103,0.0041416518612466,0.1457212323125833,tumor,nerve,nerve-tumor,tumor_to_nerve,nerve_c6,,0.2036,24.0,0.6567,True,,,,,True
nerve_c22,immune_dendritic,PTN,NCL,1.0694823,0.155,1.1434313,0.1640018885217561,-0.2454590844696813,0.006690504,0.9073587,1.0,0.1467594246539097,nerve,immune,immune-nerve,nerve_to_immune,nerve_c22,dendritic,1.0,1.0,-0.0,False,0.1168,23.0,0.7139,True,False
malignant,nerve_c6,COL9A2,ITGA2_ITGB1,0.13298202,0.0,0.016874008,0.1948818896864461,0.1558205629125397,0.007393574,0.5433399,1.0,0.1481743246664658,tumor,nerve,nerve-tumor,tumor_to_nerve,nerve_c6,,0.2036,24.0,0.6567,True,,,,,True
nerve_neuron,immune_microglia,FGF2,SDC2,0.13059758,0.0,0.016900556,0.1125745231986003,0.1052179621914647,0.018070836,0.54353493,0.569062464570106,0.1489627793036106,nerve,immune,immune-nerve,nerve_to_immune,nerve_neuron,microglia,0.5032,7.0,0.4667,False,0.0584,28.0,0.8514,True,False
immune_nk_cell,nerve_c6,S100A4,ERBB3,1.1033804,0.0,0.6958895,0.9263188749145496,0.7247682079219944,0.005965986,0.8842702,0.4970848874510563,0.1499413355759546,immune,nerve,immune-nerve,immune_to_nerve,nerve_c6,nk_cell,0.2036,24.0,0.6567,True,0.1807,21.0,0.6809,True,True
immune_t_cell,nerve_c20,HLA-A,APLP2,1.7992132,0.0,0.6947797,0.1518037301001232,0.1654268425854779,0.005668624,0.8841885,1.0,0.1506100172775657,immune,nerve,immune-nerve,immune_to_nerve,nerve_c20,t_cell,0.7889,9.0,0.1802,False,0.114,24.0,0.7175,True,False
nerve_neuron,immune_nk_cell,COL9A1,CD44,1.0625515,0.0,1.1267403,2.9520740213090555,1.5684869081098811,0.08103954,0.9067388,0.0010958734847383,0.1509448687648198,nerve,immune,immune-nerve,nerve_to_immune,nerve_neuron,nk_cell,0.5032,7.0,0.4667,False,0.1807,21.0,0.6809,True,False
immune_microglia,nerve_c17,C1QB,C1QBP,1.6458976,0.0,0.69282025,0.2353454341020464,1.9187792705345552,0.01813885,0.88404375,0.2452538155770362,0.1517594431451828,immune,nerve,immune-nerve,immune_to_nerve,nerve_c17,microglia,0.712,4.0,0.1815,False,0.0584,28.0,0.8514,True,False
immune_t_cell,nerve_c13,CD99,CD81,1.0573574,0.0,0.99086106,0.1136326352294564,0.0310762618251044,0.010846463,0.9011614,0.564207831809577,0.1546499048026955,immune,nerve,immune-nerve,immune_to_nerve,nerve_c13,t_cell,0.3452,18.0,0.5887,True,0.114,24.0,0.7175,True,True
immune_nk_cell,nerve_c18,CD99,CD81,1.0565453,0.078,1.0299553,0.10744241907211,-0.0679330754342935,0.011274408,0.9028714,1.0,0.1552308678680394,immune,nerve,immune-nerve,immune_to_nerve,nerve_c18,nk_cell,0.5575,4.0,0.2111,False,0.1807,21.0,0.6809,True,False
immune_microglia,nerve_c17,HGF,ITGB1,0.13552152,1.0,0.017151097,-0.2187352994909757,-0.3078146117916285,0.0076596364,0.54535985,1.0,0.1558555309686801,immune,nerve,immune-nerve,immune_to_nerve,nerve_c17,microglia,0.712,4.0,0.1815,False,0.0584,28.0,0.8514,True,False
malignant,nerve_c6,AGRN,DAG1,0.13101485,0.0,0.017164597,0.1444880054615629,0.1314534008370967,0.026515534,0.5454574,0.4623828555634353,0.1566425529618052,tumor,nerve,nerve-tumor,tumor_to_nerve,nerve_c6,,0.2036,24.0,0.6567,True,,,,,True
immune_t_cell,nerve_c16,CD99,CD81,1.0539708,0.008,0.98128414,0.1105451902342349,-0.0675702941692335,0.010741629,0.900728,1.0,0.1572231982273446,immune,nerve,immune-nerve,immune_to_nerve,nerve_c16,t_cell,0.2917,16.0,0.4833,True,0.114,24.0,0.7175,True,True
immune_nk_cell,nerve_c16,PSEN1,NCSTN,0.13269858,1.0,0.01722625,-0.1564767637152131,-0.1643802816404664,0.003963995,0.54590183,1.0,0.1574294459255854,immune,nerve,immune-nerve,immune_to_nerve,nerve_c16,nk_cell,0.2917,16.0,0.4833,True,0.1807,21.0,0.6809,True,True
immune_nk_cell,nerve_c18,AGTRAP,RACK1,1.1182823,0.132,0.67994744,0.1858003952286371,0.0288475110676111,0.019375298,0.88307905,1.0,0.1580037182417643,immune,nerve,immune-nerve,immune_to_nerve,nerve_c18,nk_cell,0.5575,4.0,0.2111,False,0.1807,21.0,0.6809,True,False
immune_t_cell,nerve_c12,PSEN1,NCSTN,0.13221085,1.0,0.017245637,-0.1559588920678103,-0.1779187121536983,0.003968456,0.54604125,1.0,0.1580195244065864,immune,nerve,immune-nerve,immune_to_nerve,nerve_c12,t_cell,0.4368,7.0,0.335,True,0.114,24.0,0.7175,True,True
malignant,nerve_c18,FAM3C,LAMP1,1.0520539,0.0,0.9797862,0.9132546830364674,1.1887689063842397,0.03269734,0.9006596,0.0584463858624115,0.1589817847991944,tumor,nerve,nerve-tumor,tumor_to_nerve,nerve_c18,,0.5575,4.0,0.2111,False,,,,,False
immune_tam,nerve_c17,AGTRAP,RACK1,1.0514483,0.495,0.83834434,0.2571827368371926,0.2264621377667139,0.02388886,0.89346397,1.0,0.1593737511123513,immune,nerve,immune-nerve,immune_to_nerve,nerve_c17,tam,0.712,4.0,0.1815,False,0.221,21.0,0.6495,True,False
nerve_neuron,immune_microglia,HLA-C,LILRB2,0.1315771,1.0,0.01730949,-0.5574037361529228,-1.5141396701356296,0.0009200642,0.5464993,1.0,0.1595926408368015,nerve,immune,immune-nerve,nerve_to_immune,nerve_neuron,microglia,0.5032,7.0,0.4667,False,0.0584,28.0,0.8514,True,False
immune_nk_cell,nerve_c18,LGALS1,ITGB1,1.0491539,0.181,1.0649824,0.0933941817102859,0.014671215360212,0.010420884,0.90432787,1.0,0.1609951333023873,immune,nerve,immune-nerve,immune_to_nerve,nerve_c18,nk_cell,0.5575,4.0,0.2111,False,0.1807,21.0,0.6809,True,False
immune_nk_cell,nerve_c18,SPP1,CD44,1.0476506,1.0,0.84779847,-0.3098205665383488,-1.6786198116971591,0.013772474,0.89399654,1.0,0.1621294971067562,immune,nerve,immune-nerve,immune_to_nerve,nerve_c18,nk_cell,0.5575,4.0,0.2111,False,0.1807,21.0,0.6809,True,False
nerve_neuron,immune_microglia,HMGB1,CXCR4,1.046759,1.0,1.0918144,-0.1971983931295217,-0.3515713356656668,0.004264455,0.9053989,1.0,0.1628711409980043,nerve,immune,immune-nerve,nerve_to_immune,nerve_neuron,microglia,0.5032,7.0,0.4667,False,0.0584,28.0,0.8514,True,False
nerve_c12,immune_t_cell,VEGFA,CD44,1.0457106,0.0,0.988796,0.4624188975130205,0.5135330232561998,0.03111254,0.90106845,0.0584463858624115,0.163267337597753,nerve,immune,immune-nerve,nerve_to_immune,nerve_c12,t_cell,0.4368,7.0,0.335,True,0.114,24.0,0.7175,True,True
malignant,nerve_c1,AGRN,DAG1,0.13218758,0.0,0.017470606,0.1476678176166082,0.1656325975514926,0.026988251,0.5476471,0.4517679327734613,0.1647012881588239,tumor,nerve,nerve-tumor,tumor_to_nerve,nerve_c1,,0.1941,18.0,0.5886,True,,,,,True
nerve_c7,immune_microglia,SPP1,ITGAV_ITGB1,1.039304,1.0,0.8899378,-0.2266011012047794,-1.4338524840365747,0.008880642,0.8962732,1.0,0.1681045479435209,nerve,immune,immune-nerve,nerve_to_immune,nerve_c7,microglia,0.17,15.0,0.5776,True,0.0584,28.0,0.8514,True,True
malignant,nerve_c1,APP,CD74,1.037599,1.0,1.0368835,-0.0356017269176551,-1.0254451147661583,0.018496577,0.9031649,1.0,0.1692606140419865,tumor,nerve,nerve-tumor,tumor_to_nerve,nerve_c1,,0.1941,18.0,0.5886,True,,,,,True
nerve_c22,immune_dendritic,TGFB1,CXCR4,1.0707413,0.0,0.65525806,0.362129859670392,0.5768684072782428,0.056307524,0.881156,0.0948115576106461,0.1714819299020531,nerve,immune,immune-nerve,nerve_to_immune,nerve_c22,dendritic,1.0,1.0,-0.0,False,0.1168,23.0,0.7139,True,False
immune_t_cell,nerve_c17,CALM1,GRM3,1.200508,0.0,0.65203494,0.7803224445120617,0.8121743939081487,0.0047730324,0.8808976,0.4970848874510563,0.1732579394688037,immune,nerve,immune-nerve,immune_to_nerve,nerve_c17,t_cell,0.712,4.0,0.1815,False,0.114,24.0,0.7175,True,False
malignant,nerve_c6,CALM1,PTPRA,1.0319488,0.0,0.8544793,0.0951683829160494,0.1937344812162937,0.005551263,0.8943679,1.0,0.1740724857751382,tumor,nerve,nerve-tumor,tumor_to_nerve,nerve_c6,,0.2036,24.0,0.6567,True,,,,,True
malignant,nerve_c17,FN1,MAG,1.2488208,0.0,0.6496894,2.5771468561632784,1.497933433707429,0.012673965,0.88070846,0.0497739003750421,0.1746334860799605,tumor,nerve,nerve-tumor,tumor_to_nerve,nerve_c17,,0.712,4.0,0.1815,False,,,,,False
immune_t_cell,nerve_c12,CKLF,LRP6,1.0312426,0.0,1.0105014,1.4139406497101952,1.2452221991522088,0.02700428,0.902032,0.0584463858624115,0.1747355405154388,immune,nerve,immune-nerve,immune_to_nerve,nerve_c12,t_cell,0.4368,7.0,0.335,True,0.114,24.0,0.7175,True,True
nerve_neuron,immune_t_cell,ADAM10,CD44,1.0311973,0.0,0.94905,0.6032607731920974,0.7150762736425158,0.011964584,0.8992247,0.2773104015297084,0.1748376546342359,nerve,immune,immune-nerve,nerve_to_immune,nerve_neuron,t_cell,0.5032,7.0,0.4667,False,0.114,24.0,0.7175,True,False
immune_t_cell,nerve_c22,HMGB1,HAVCR2,1.1048496,0.241,0.64743286,0.0321042653975513,0.073418503843214,0.033327486,0.8805255,1.0,0.1758601641859353,immune,nerve,immune-nerve,immune_to_nerve,nerve_c22,t_cell,1.0,1.0,-0.0,False,0.114,24.0,0.7175,True,False
immune_nk_cell,nerve_c16,IL16,CD9,1.0288591,0.0,0.70435196,0.8873376643002606,1.0121228106873854,0.017766949,0.88488716,0.064452997217587,0.1772960509526623,immune,nerve,immune-nerve,immune_to_nerve,nerve_c16,nk_cell,0.2917,16.0,0.4833,True,0.1807,21.0,0.6809,True,True
immune_dendritic,nerve_c17,AREG,ERBB3,1.0281252,0.0,0.8010912,1.575596027557468,2.2282415409759166,0.012560282,0.89128125,0.058957097471241,0.1777072707760255,immune,nerve,immune-nerve,immune_to_nerve,nerve_c17,dendritic,0.712,4.0,0.1815,False,0.1168,23.0,0.7139,True,False
malignant,nerve_c18,CALM1,PTPRA,1.0252112,0.023,0.83439195,0.0856223409605275,0.2603003078487571,0.005420763,0.89323884,1.0,0.1798728300854366,tumor,nerve,nerve-tumor,tumor_to_nerve,nerve_c18,,0.5575,4.0,0.2111,False,,,,,False
immune_t_cell,nerve_c16,CALM1,INSR,1.1977662,0.0,0.64058036,0.4100906900692709,0.513904395177532,0.0046751113,0.8799647,0.5320344485074948,0.1802348812336665,immune,nerve,immune-nerve,immune_to_nerve,nerve_c16,t_cell,0.2917,16.0,0.4833,True,0.114,24.0,0.7175,True,True
malignant,nerve_c6,PTDSS1,SCARB1,0.13391006,0.999,0.017920248,-0.0303539552192144,-0.065529282209152,0.005339971,0.55079275,1.0,0.1805774058290154,tumor,nerve,nerve-tumor,tumor_to_nerve,nerve_c6,,0.2036,24.0,0.6567,True,,,,,True
immune_t_cell,nerve_c12,APOE,LRP6,1.0240505,1.0,0.99235725,0.8233852674274094,-0.779757406736602,0.01289862,0.90122855,1.0,0.180597250091017,immune,nerve,immune-nerve,immune_to_nerve,nerve_c12,t_cell,0.4368,7.0,0.335,True,0.114,24.0,0.7175,True,True
immune_dendritic,nerve_c16,LGALS1,ITGB1,1.02402,0.325,0.69964963,-0.0458428788857202,-0.2648286398401164,0.0068460936,0.88454556,1.0,0.1806490283976438,immune,nerve,immune-nerve,immune_to_nerve,nerve_c16,dendritic,0.2917,16.0,0.4833,True,0.1168,23.0,0.7139,True,True
nerve_neuron,immune_nk_cell,PTN,NCL,1.0237148,0.0,0.98426974,0.1680303448910999,-0.3550661961600848,0.0057592103,0.90086377,1.0,0.1807526385163807,nerve,immune,immune-nerve,nerve_to_immune,nerve_neuron,nk_cell,0.5032,7.0,0.4667,False,0.1807,21.0,0.6809,True,False
malignant,nerve_c6,LGALS1,ITGB1,1.0229781,0.118,0.9645715,0.0394348847195121,-0.0751007934246394,0.0071450383,0.8999573,1.0,0.1816862273297937,tumor,nerve,nerve-tumor,tumor_to_nerve,nerve_c6,,0.2036,24.0,0.6567,True,,,,,True
immune_nk_cell,nerve_c16,CD99,CD81,1.0221907,0.1,0.93717253,0.0761245655253998,-0.184980811424653,0.010258761,0.89865255,1.0,0.1824138207770076,immune,nerve,immune-nerve,immune_to_nerve,nerve_c16,nk_cell,0.2917,16.0,0.4833,True,0.1807,21.0,0.6809,True,True
immune_microglia,nerve_c21,TIMP1,CD63,1.0216427,0.971,0.92074585,-0.2459405359739505,-0.3980429864877439,0.004305248,0.89784455,1.0,0.1829342966154082,immune,nerve,immune-nerve,immune_to_nerve,nerve_c21,microglia,1.0,1.0,-0.0,False,0.0584,28.0,0.8514,True,False
immune_t_cell,nerve_c17,CD99,CD81,1.0216064,0.213,0.8897621,0.0810418105327371,0.1359325153561116,0.009739783,0.89626396,1.0,0.1829863660429823,immune,nerve,immune-nerve,immune_to_nerve,nerve_c17,t_cell,0.712,4.0,0.1815,False,0.114,24.0,0.7175,True,False
nerve_c7,immune_dendritic,COL4A5,CD47,1.0208778,0.0,0.84480435,2.0605787288602793,1.4062674035189475,0.019953033,0.8938288,0.0584463858624115,0.1836118743269788,nerve,immune,immune-nerve,nerve_to_immune,nerve_c7,dendritic,0.17,15.0,0.5776,True,0.1168,23.0,0.7139,True,True
immune_t_cell,nerve_c17,CALM1,PTPRA,1.1962676,0.0,0.63431966,0.1767039749084554,0.3842565575402583,0.004313508,0.8794451,1.0,0.1849441440549059,immune,nerve,immune-nerve,immune_to_nerve,nerve_c17,t_cell,0.712,4.0,0.1815,False,0.114,24.0,0.7175,True,False
immune_tam,nerve_c17,AREG,ERBB3,1.0158292,0.0,0.7882491,1.5603888409414464,2.041263599117737,0.012358931,0.89049584,0.0613394154677006,0.1878056085249354,immune,nerve,immune-nerve,immune_to_nerve,nerve_c17,tam,0.712,4.0,0.1815,False,0.221,21.0,0.6495,True,False
malignant,nerve_c16,ADAM15,ITGAV,0.14252281,1.0,0.018147994,-0.2082284663309755,-0.411833211274698,0.0033754138,0.5523546,1.0,0.1880049919910353,tumor,nerve,nerve-tumor,tumor_to_nerve,nerve_c16,,0.2917,16.0,0.4833,True,,,,,True
nerve_neuron,immune_t_cell,NCAM1,PTPRA,1.0658145,0.0,0.62957937,0.6616676397375914,0.6348814406025973,0.008228729,0.8790468,0.4970848874510563,0.1885965164757705,nerve,immune,immune-nerve,nerve_to_immune,nerve_neuron,t_cell,0.5032,7.0,0.4667,False,0.114,24.0,0.7175,True,False
immune_dendritic,nerve_c18,GRN,SORT1,1.0144671,0.0,0.9897856,0.6042388662792706,0.6889201209603009,0.008943159,0.901113,0.4970848874510563,0.188913270088461,immune,nerve,immune-nerve,immune_to_nerve,nerve_c18,dendritic,0.5575,4.0,0.2111,False,0.1168,23.0,0.7139,True,False
nerve_neuron,immune_nk_cell,LAMA4,CD44,1.0123518,0.0,1.0248499,1.5415858368635016,1.3237453364602765,0.079415634,0.9026533,0.0038900617443421,0.1901826621926196,nerve,immune,immune-nerve,nerve_to_immune,nerve_neuron,nk_cell,0.5032,7.0,0.4667,False,0.1807,21.0,0.6809,True,False
immune_dendritic,nerve_c16,TIMP1,FGFR2,1.0121956,0.0,1.0164411,1.2785141580333488,0.9643667829092126,0.0064685955,0.9022907,0.3210300154684221,0.190553599576736,immune,nerve,immune-nerve,immune_to_nerve,nerve_c16,dendritic,0.2917,16.0,0.4833,True,0.1168,23.0,0.7139,True,True
nerve_c21,immune_dendritic,TF,TFRC,1.2524923,0.0,0.6229758,1.8433821325306063,1.7431706093625785,0.0073075285,0.87848514,0.0309173129258428,0.1927857357927202,nerve,immune,immune-nerve,nerve_to_immune,nerve_c21,dendritic,1.0,1.0,-0.0,False,0.1168,23.0,0.7139,True,False
nerve_c7,immune_dendritic,LAMA2,RPSA,1.4144634,0.0,0.6197131,0.5273144340443718,0.6578399526191117,0.013436889,0.8782046,0.1842355259396575,0.1950291675502621,nerve,immune,immune-nerve,nerve_to_immune,nerve_c7,dendritic,0.17,15.0,0.5776,True,0.1168,23.0,0.7139,True,True
immune_t_cell,nerve_c16,IL16,CD9,1.0069467,0.0,0.6331801,0.8324071345306097,1.014090620769562,0.015971672,0.8793497,0.0992448822027452,0.195243427302843,immune,nerve,immune-nerve,immune_to_nerve,nerve_c16,t_cell,0.2917,16.0,0.4833,True,0.114,24.0,0.7175,True,True
immune_nk_cell,nerve_c17,CALM1,GRM3,1.1482217,0.0,0.6193929,0.732689832286831,0.7044332438891858,0.0045340857,0.878177,0.4970848874510563,0.1952969905343592,immune,nerve,immune-nerve,immune_to_nerve,nerve_c17,nk_cell,0.712,4.0,0.1815,False,0.1807,21.0,0.6809,True,False
nerve_neuron,immune_nk_cell,YBX1,NOTCH1,0.13624486,1.0,0.018533455,-0.6321599770603751,-1.3193734526588137,0.0012107188,0.5549514,1.0,0.199900937536491,nerve,immune,immune-nerve,nerve_to_immune,nerve_neuron,nk_cell,0.5032,7.0,0.4667,False,0.1807,21.0,0.6809,True,False
nerve_neuron,immune_nk_cell,VCAN,CD44,1.0018932,0.0,1.003622,0.4720442755272569,0.5763897202428109,0.027880944,0.90172976,0.0584463858624115,0.2001990996315132,nerve,immune,immune-nerve,nerve_to_immune,nerve_neuron,nk_cell,0.5032,7.0,0.4667,False,0.1807,21.0,0.6809,True,False
immune_nk_cell,nerve_c16,CALM1,INSR,1.1454799,0.0,0.6085117,0.3624580778440402,0.406163245158569,0.004441066,0.8772257,0.6804811295812795,0.2020984972279808,immune,nerve,immune-nerve,immune_to_nerve,nerve_c16,nk_cell,0.2917,16.0,0.4833,True,0.1807,21.0,0.6809,True,True
immune_dendritic,nerve_c17,PSAP,GPR37,0.9979956,0.0,0.8737772,0.7496437913571686,0.36502955649585,0.006620463,0.89541817,0.6284349276042682,0.204005625968706,immune,nerve,immune-nerve,immune_to_nerve,nerve_c17,dendritic,0.712,4.0,0.1815,False,0.1168,23.0,0.7139,True,False
immune_t_cell,nerve_c13,CALM3,PDE1C,0.9971199,0.0,0.9236427,1.2823999544218612,1.243024667273888,0.012633557,0.89798844,0.1309976114445097,0.2047706525525436,immune,nerve,immune-nerve,immune_to_nerve,nerve_c13,t_cell,0.3452,18.0,0.5887,True,0.114,24.0,0.7175,True,True
malignant,nerve_c21,CD99,CD81,0.99689305,0.445,0.99042606,0.0178034231040012,0.3419162325236523,0.008886249,0.9011418,1.0,0.2051536282945704,tumor,nerve,nerve-tumor,tumor_to_nerve,nerve_c21,,1.0,1.0,-0.0,False,,,,,False
immune_nk_cell,nerve_c17,CALM1,PTPRA,1.1439813,0.0,0.60256445,0.1290713626832249,0.2765154075212954,0.0040975655,0.8766958,1.0,0.206249521334138,immune,nerve,immune-nerve,immune_to_nerve,nerve_c17,nk_cell,0.712,4.0,0.1815,False,0.1807,21.0,0.6809,True,False
malignant,nerve_c16,PTN,PTPRZ1,1.315675,0.0,0.60167974,0.2770430123921105,0.654882225542484,0.017703509,0.87661636,0.1815830221145164,0.2070181194564213,tumor,nerve,nerve-tumor,tumor_to_nerve,nerve_c16,,0.2917,16.0,0.4833,True,,,,,True
malignant,nerve_c16,PKM,CD44,0.99352,0.0,0.9397498,0.1653241244556998,0.3546013329174491,0.014103498,0.89877754,0.3997948113931917,0.2077329315934833,tumor,nerve,nerve-tumor,tumor_to_nerve,nerve_c16,,0.2917,16.0,0.4833,True,,,,,True
nerve_c21,immune_dendritic,LGALS1,PTPRC,0.99249923,0.876,0.83576053,-0.0733145169558669,-0.4663642288223104,0.0075625074,0.89331704,1.0,0.2087795873196242,nerve,immune,immune-nerve,nerve_to_immune,nerve_c21,dendritic,1.0,1.0,-0.0,False,0.1168,23.0,0.7139,True,False
malignant,nerve_c16,FGF1,EGFR,0.13789858,1.0,0.018900033,-0.0791353543529377,-1.174334382184424,0.03318044,0.5573689,1.0,0.2107922087955517,tumor,nerve,nerve-tumor,tumor_to_nerve,nerve_c16,,0.2917,16.0,0.4833,True,,,,,True
immune_nk_cell,nerve_c17,CD99,CD81,0.9898262,0.416,0.84976465,0.046621185823902,0.0185219981006921,0.00930195,0.8941062,1.0,0.2109904259993189,immune,nerve,immune-nerve,immune_to_nerve,nerve_c17,nk_cell,0.712,4.0,0.1815,False,0.1807,21.0,0.6809,True,False
immune_dendritic,nerve_c18,CALM1,PTPRA,0.98394275,0.232,0.7881929,0.0480248917843609,-0.0745537335669712,0.0053598783,0.8904923,1.0,0.2163371294731971,immune,nerve,immune-nerve,immune_to_nerve,nerve_c18,dendritic,0.5575,4.0,0.2111,False,0.1168,23.0,0.7139,True,False
immune_t_cell,nerve_c16,CALM1,PTPRA,1.1847084,0.0,0.58602834,0.1603267089287538,0.1741635160669443,0.0039851167,0.87518394,1.0,0.2193134727389651,immune,nerve,immune-nerve,immune_to_nerve,nerve_c16,t_cell,0.2917,16.0,0.4833,True,0.114,24.0,0.7175,True,True
immune_dendritic,nerve_c18,SPP1,CD44,0.97669137,1.0,0.7700445,-0.3439653059163168,-1.7169509057031718,0.012509362,0.88935137,1.0,0.22310087619599,immune,nerve,immune-nerve,immune_to_nerve,nerve_c18,dendritic,0.5575,4.0,0.2111,False,0.1168,23.0,0.7139,True,False
nerve_c21,malignant,APOE,LRP6,0.9999297,0.89,0.57969135,0.0281300601331729,-0.5106325131041538,0.051916506,0.8745889,1.0,0.2250903575553404,nerve,tumor,nerve-tumor,nerve_to_tumor,nerve_c21,,1.0,1.0,-0.0,False,,,,,False
nerve_c22,immune_dendritic,B2M,CD1C,0.9934064,1.0,0.57368493,1.0680527645186366,-0.8537047911596337,0.027557062,0.8740165,0.8576351503076735,0.2299532245905304,nerve,immune,immune-nerve,nerve_to_immune,nerve_c22,dendritic,1.0,1.0,-0.0,False,0.1168,23.0,0.7139,True,False
nerve_neuron,immune_t_cell,FGF1,TGFBR3,0.14362264,0.0,0.019615643,0.3171232398904728,0.2890219037308271,0.004594317,0.5619481,0.8546765093056391,0.2336491600200809,nerve,immune,immune-nerve,nerve_to_immune,nerve_neuron,t_cell,0.5032,7.0,0.4667,False,0.114,24.0,0.7175,True,False
immune_nk_cell,nerve_c17,AGTRAP,RACK1,0.9656291,0.953,0.56915283,0.0598656570884192,0.1119038526129966,0.016218172,0.87357926,1.0,0.2337016516787534,immune,nerve,immune-nerve,immune_to_nerve,nerve_c17,nk_cell,0.712,4.0,0.1815,False,0.1807,21.0,0.6809,True,False
immune_t_cell,nerve_c17,CD40LG,CD9,1.5355207,0.0,0.56827277,1.663900160983634,1.8917536226952203,0.09391004,0.87349373,0.0015718271231798,0.2346862182852381,immune,nerve,immune-nerve,immune_to_nerve,nerve_c17,t_cell,0.712,4.0,0.1815,False,0.114,24.0,0.7175,True,False
nerve_c21,immune_nk_cell,APOE,SORL1,0.99583596,0.992,0.5661972,-0.3547191554448324,-1.1908318352679732,0.010231043,0.8732915,1.0,0.2360792380827363,nerve,immune,immune-nerve,nerve_to_immune,nerve_c21,nk_cell,1.0,1.0,-0.0,False,0.1807,21.0,0.6809,True,False
nerve_neuron,immune_t_cell,LPL,CD44,0.95932084,0.0,0.752208,0.668128206868682,0.842150166057567,0.07009344,0.888193,0.0584463858624115,0.2386421157274263,nerve,immune,immune-nerve,nerve_to_immune,nerve_neuron,t_cell,0.5032,7.0,0.4667,False,0.114,24.0,0.7175,True,False
malignant,nerve_c16,COL9A2,ITGAV_ITGB8,0.1467838,1.0,0.019759074,-0.1806063800631966,-0.3781427450495447,0.005836458,0.56284463,1.0,0.2386685935013879,tumor,nerve,nerve-tumor,tumor_to_nerve,nerve_c16,,0.2917,16.0,0.4833,True,,,,,True
nerve_c21,immune_t_cell,APOE,SORL1,0.9950351,0.992,0.5635574,-0.3556374205095306,-1.2245230986592046,0.010183342,0.8730326,1.0,0.2387005225411201,nerve,immune,immune-nerve,nerve_to_immune,nerve_c21,t_cell,1.0,1.0,-0.0,False,0.114,24.0,0.7175,True,False
immune_dendritic,nerve_c17,CLEC11A,ITGB1,0.143198,1.0,0.019766906,-0.2753496894504276,-0.3891943083404445,0.003299742,0.56289345,1.0,0.2388615242334799,immune,nerve,immune-nerve,immune_to_nerve,nerve_c17,dendritic,0.712,4.0,0.1815,False,0.1168,23.0,0.7139,True,False
immune_nk_cell,nerve_c16,CALM1,PTPRA,1.1324221,0.0,0.5566907,0.1126940967035232,0.0664223660479814,0.0037856144,0.87235165,1.0,0.2447463146005351,immune,nerve,immune-nerve,immune_to_nerve,nerve_c16,nk_cell,0.2917,16.0,0.4833,True,0.1807,21.0,0.6809,True,True
immune_t_cell,nerve_c17,CALM1,PDE1C,1.177657,0.0,0.55656946,0.4313912571330728,0.6341608566405709,0.0029054403,0.8723395,0.4970848874510563,0.2448643476277286,immune,nerve,immune-nerve,immune_to_nerve,nerve_c17,t_cell,0.712,4.0,0.1815,False,0.114,24.0,0.7175,True,False
immune_dendritic,nerve_c16,HBEGF,CD9,0.9829907,0.0,0.5553708,0.5344619574670133,0.6942033744899332,0.009535089,0.87221944,0.4970848874510563,0.2458093972658052,immune,nerve,immune-nerve,immune_to_nerve,nerve_c16,dendritic,0.2917,16.0,0.4833,True,0.1168,23.0,0.7139,True,True
immune_tam,nerve_c17,GRN,SORT1,0.95176077,0.0,0.66194534,0.4285199556077725,0.7411908995148079,0.0059809736,0.8816866,0.4970848874510563,0.2468152166095271,immune,nerve,immune-nerve,immune_to_nerve,nerve_c17,tam,0.712,4.0,0.1815,False,0.221,21.0,0.6495,True,False
immune_dendritic,nerve_c17,PLAU,ITGB1,0.14389549,1.0,0.020004582,-0.3551608708958306,-0.5716393117456706,0.0023812861,0.56436324,1.0,0.2483042678572355,immune,nerve,immune-nerve,immune_to_nerve,nerve_c17,dendritic,0.712,4.0,0.1815,False,0.1168,23.0,0.7139,True,False
immune_t_cell,nerve_c18,LGALS1,ITGB1,0.9449903,0.967,0.8858002,0.0177740654844931,-0.1993242702415757,0.008667582,0.89605635,1.0,0.254923753905279,immune,nerve,immune-nerve,immune_to_nerve,nerve_c18,t_cell,0.5575,4.0,0.2111,False,0.114,24.0,0.7175,True,False
immune_dendritic,nerve_c16,PKM,CD44,0.9330664,0.0,0.8459306,0.1032590136929863,0.0923276632880112,0.02493139,0.893892,0.602699467675979,0.2678429848022599,immune,nerve,immune-nerve,immune_to_nerve,nerve_c16,dendritic,0.2917,16.0,0.4833,True,0.1168,23.0,0.7139,True,True
immune_dendritic,nerve_c16,PSAP,SORT1,0.9308093,0.999,0.69269776,0.0424459273340605,-0.2455501619222032,0.0034785967,0.8840347,1.0,0.2708525973805699,immune,nerve,immune-nerve,immune_to_nerve,nerve_c16,dendritic,0.2917,16.0,0.4833,True,0.1168,23.0,0.7139,True,True
immune_nk_cell,nerve_c17,CALM1,PDE1C,1.1253707,0.0,0.52870655,0.3837586449078422,0.526419706621608,0.0027599884,0.86945236,0.6089211182302724,0.2712836944925351,immune,nerve,immune-nerve,immune_to_nerve,nerve_c17,nk_cell,0.712,4.0,0.1815,False,0.1807,21.0,0.6809,True,False
immune_microglia,nerve_c21,CD99,CD81,0.93000174,0.657,0.84929305,-0.0546374899175681,-0.0400280245365789,0.009296788,0.89408,1.0,0.2720850357286426,immune,nerve,immune-nerve,immune_to_nerve,nerve_c21,microglia,1.0,1.0,-0.0,False,0.0584,28.0,0.8514,True,False
immune_nk_cell,nerve_c18,IL16,CD9,0.9189918,0.0,0.6090502,0.76820156776119,0.8766567775365516,0.015363007,0.8772733,0.1148149701950109,0.2844738000401295,immune,nerve,immune-nerve,immune_to_nerve,nerve_c18,nk_cell,0.5575,4.0,0.2111,False,0.1807,21.0,0.6809,True,False
immune_t_cell,nerve_c16,AGTRAP,RACK1,1.3215612,0.0,0.51546824,0.2422948232036334,0.2661543418555776,0.0146884145,0.8680065,0.2352277390157658,0.2860462688608863,immune,nerve,immune-nerve,immune_to_nerve,nerve_c16,t_cell,0.2917,16.0,0.4833,True,0.114,24.0,0.7175,True,True
immune_t_cell,nerve_c16,SPP1,CD44,0.9133135,1.0,0.8152756,-0.3090913710156296,-1.6483052293874711,0.013244141,0.8921287,1.0,0.2903414209605933,immune,nerve,immune-nerve,immune_to_nerve,nerve_c16,t_cell,0.2917,16.0,0.4833,True,0.114,24.0,0.7175,True,True
immune_nk_cell,nerve_c18,SPP1,ITGAV_ITGB1,0.93620217,1.0,0.50288254,-0.3884359857651847,-1.7153535476898765,0.004146045,0.86658406,1.0,0.2999087507417776,immune,nerve,immune-nerve,immune_to_nerve,nerve_c18,nk_cell,0.5575,4.0,0.2111,False,0.1807,21.0,0.6809,True,False
immune_microglia,nerve_c17,GRN,SORT1,0.9038516,0.0,0.6180706,0.3801150158102521,1.3035597425535528,0.005584546,0.87806255,0.6188301060138618,0.3016443600050572,immune,nerve,immune-nerve,immune_to_nerve,nerve_c17,microglia,0.712,4.0,0.1815,False,0.0584,28.0,0.8514,True,False
immune_tam,nerve_c21,AGTRAP,RACK1,0.90017766,0.844,0.6766253,0.1323887144692179,0.2510488382220028,0.019280631,0.8828259,1.0,0.3060983633923526,immune,nerve,immune-nerve,immune_to_nerve,nerve_c21,tam,1.0,1.0,-0.0,False,0.221,21.0,0.6495,True,False
immune_t_cell,nerve_c18,IL16,CD9,0.89707935,0.0,0.5475082,0.713271037991539,0.8786245876187282,0.013810638,0.8714227,0.1683092982367381,0.3104486449157532,immune,nerve,immune-nerve,immune_to_nerve,nerve_c18,t_cell,0.5575,4.0,0.2111,False,0.114,24.0,0.7175,True,False
immune_tam,nerve_c21,THBS1,CD47,0.8916458,0.0,0.6180567,1.0916434321404584,1.917228702023225,0.018531615,0.87806135,0.0584463858624115,0.3175792533724999,immune,nerve,immune-nerve,immune_to_nerve,nerve_c21,tam,1.0,1.0,-0.0,False,0.221,21.0,0.6495,True,False
immune_t_cell,nerve_c21,TIMP1,CD63,0.8913994,0.995,0.5632625,-0.3655854389743333,-0.6318236968293398,0.002633718,0.87300366,1.0,0.3178421485739134,immune,nerve,immune-nerve,immune_to_nerve,nerve_c21,t_cell,1.0,1.0,-0.0,False,0.114,24.0,0.7175,True,False
malignant,nerve_c21,GNAS,ADCY1,0.9538233,0.0,0.485317,0.6020933265458931,1.0513130627276004,0.067355365,0.8645152,0.0584463858624115,0.3196191778727046,tumor,nerve,nerve-tumor,tumor_to_nerve,nerve_c21,,1.0,1.0,-0.0,False,,,,,False
immune_t_cell,nerve_c18,S100A4,ERBB3,1.2221938,0.0,0.4848772,0.8060452295138796,1.138068580661869,0.004156939,0.86446214,0.4970848874510563,0.3201464634798569,immune,nerve,immune-nerve,immune_to_nerve,nerve_c18,t_cell,0.5575,4.0,0.2111,False,0.114,24.0,0.7175,True,False
nerve_c21,immune_t_cell,TF,TFRC,1.2205313,0.0,0.4807499,1.7994385377734932,1.694949264794044,0.005639213,0.8639605,0.0347346367904354,0.3259698404935593,nerve,immune,immune-nerve,nerve_to_immune,nerve_c21,t_cell,1.0,1.0,-0.0,False,0.114,24.0,0.7175,True,False
immune_tam,nerve_c21,COPA,CD74,0.8841543,0.984,0.62015134,-0.2208812829911342,-1.0699297762538509,0.02887831,0.87824243,1.0,0.3278315990669298,immune,nerve,immune-nerve,immune_to_nerve,nerve_c21,tam,1.0,1.0,-0.0,False,0.221,21.0,0.6495,True,False
malignant,nerve_c17,AGRN,ITGB1,0.1504239,1.0,0.022229178,-0.1599666780071997,-0.2818869054386339,0.0077072876,0.57727855,1.0,0.3328876543177512,tumor,nerve,nerve-tumor,tumor_to_nerve,nerve_c17,,0.712,4.0,0.1815,False,,,,,False
immune_nk_cell,nerve_c21,SPP1,PTGER4,0.926524,1.0,0.47292995,-0.223876008379269,-1.13004534980268,0.05625387,0.86299396,1.0,0.3370696104074351,immune,nerve,immune-nerve,immune_to_nerve,nerve_c21,nk_cell,1.0,1.0,-0.0,False,0.1807,21.0,0.6809,True,False
immune_nk_cell,nerve_c21,TIMP1,CD63,0.87552094,0.998,0.51968044,-0.3801718228044296,-0.605930888147587,0.0024299358,0.86847204,1.0,0.339631503064265,immune,nerve,immune-nerve,immune_to_nerve,nerve_c21,nk_cell,1.0,1.0,-0.0,False,0.1807,21.0,0.6809,True,False
malignant,nerve_c17,APP,CD74,0.87434924,1.0,0.6330302,-0.1184269273614895,-1.4883226102938332,0.011292389,0.8793371,1.0,0.3414564472724465,tumor,nerve,nerve-tumor,tumor_to_nerve,nerve_c17,,0.712,4.0,0.1815,False,,,,,False
immune_t_cell,nerve_c18,CALM1,PDE1C,1.1569158,0.0,0.46991825,0.3887031769335267,0.4639972413955426,0.002453098,0.86261576,0.5932262194330751,0.3415917953392284,immune,nerve,immune-nerve,immune_to_nerve,nerve_c18,t_cell,0.5575,4.0,0.2111,False,0.114,24.0,0.7175,True,False
immune_tam,nerve_c21,CD99,CD81,0.873919,0.796,0.7309649,-0.1153696515926813,-0.0785356120966102,0.008001509,0.8867627,1.0,0.3423365704224577,immune,nerve,immune-nerve,immune_to_nerve,nerve_c21,tam,1.0,1.0,-0.0,False,0.221,21.0,0.6495,True,False
malignant,nerve_c17,CALM1,GRM3,0.90141636,0.0,0.46531355,0.5078385941091937,0.5765493944765805,0.0034072653,0.8620313,0.4970848874510563,0.3494097309725029,tumor,nerve,nerve-tumor,tumor_to_nerve,nerve_c17,,0.712,4.0,0.1815,False,,,,,False
malignant,nerve_c21,COPA,CD74,0.867385,0.988,0.5770167,-0.2468191710582505,-1.07880091334962,0.01074819,0.874335,1.0,0.3518030679194124,tumor,nerve,nerve-tumor,tumor_to_nerve,nerve_c21,,1.0,1.0,-0.0,False,,,,,False
immune_microglia,nerve_c17,IL16,CD9,1.5165997,0.0,0.4595426,1.221498526102794,1.6147727110130128,0.0115917465,0.8612875,0.1577320907889101,0.35819396035842,immune,nerve,immune-nerve,immune_to_nerve,nerve_c17,microglia,0.712,4.0,0.1815,False,0.0584,28.0,0.8514,True,False
immune_dendritic,nerve_c21,CD99,CD81,0.8579708,0.829,0.697316,-0.1326402161798575,-0.0849833456713139,0.007633171,0.8843749,1.0,0.3666466034066579,immune,nerve,immune-nerve,immune_to_nerve,nerve_c21,dendritic,1.0,1.0,-0.0,False,0.1168,23.0,0.7139,True,False
malignant,nerve_c17,CALM1,PTPRA,0.89717597,0.973,0.45267138,-0.0957798754944124,0.1486315581086901,0.002940853,0.8603851,1.0,0.3681093820200185,tumor,nerve,nerve-tumor,tumor_to_nerve,nerve_c17,,0.712,4.0,0.1815,False,,,,,False
nerve_c21,immune_dendritic,APOE,SORL1,0.96033067,0.994,0.44916221,-0.3954430755318315,-1.3458247997303652,0.008116249,0.859917,1.0,0.3739834153113567,nerve,immune,immune-nerve,nerve_to_immune,nerve_c21,dendritic,1.0,1.0,-0.0,False,0.1168,23.0,0.7139,True,False
immune_dendritic,nerve_c21,AGTRAP,RACK1,0.69727516,0.993,0.16294916,-0.3341268953919136,-0.1632259346115225,0.004643283,0.7871159,1.0,0.377221755538501,immune,nerve,immune-nerve,immune_to_nerve,nerve_c21,dendritic,1.0,1.0,-0.0,False,0.1168,23.0,0.7139,True,False
malignant,nerve_c17,VEGFA,ITGB1,0.56379503,0.754,0.163088,-0.080531295223295,0.3872747157431893,0.0039813565,0.78718734,1.0,0.3778363150013129,tumor,nerve,nerve-tumor,tumor_to_nerve,nerve_c17,,0.712,4.0,0.1815,False,,,,,False
immune_dendritic,nerve_c21,TOR2A,ATP5F1B,0.63406867,0.006,0.16180655,0.3219559330285026,0.8472830652846461,0.01949436,0.7865258,0.8350435394226735,0.3778875359316178,immune,nerve,immune-nerve,immune_to_nerve,nerve_c21,dendritic,1.0,1.0,-0.0,False,0.1168,23.0,0.7139,True,False
immune_tam,nerve_c21,TOR2A,ATP5F1B,0.6346761,0.006,0.16317225,0.3239103966468437,0.8591900568361825,0.019658899,0.78723055,0.8270517833947749,0.3782462120654241,immune,nerve,immune-nerve,immune_to_nerve,nerve_c21,tam,1.0,1.0,-0.0,False,0.221,21.0,0.6495,True,False
nerve_c21,immune_dendritic,APOE,LRP1,0.8736505,0.996,0.16344129,-0.4870168675394525,-1.3875300533580268,0.0040323935,0.7873685,1.0,0.3796835918839704,nerve,immune,immune-nerve,nerve_to_immune,nerve_c21,dendritic,1.0,1.0,-0.0,False,0.1168,23.0,0.7139,True,False
immune_t_cell,nerve_c18,CALM3,PDE1C,0.47818306,0.0,0.16453867,0.2143590455052244,0.2745643371197772,0.002250555,0.7879281,1.0,0.3849504244001263,immune,nerve,immune-nerve,immune_to_nerve,nerve_c18,t_cell,0.5575,4.0,0.2111,False,0.114,24.0,0.7175,True,False
immune_t_cell,nerve_c21,C3,CD81,0.6057962,1.0,0.16525665,-0.339433460129994,-0.9196498302678068,0.0034568997,0.78829163,1.0,0.388749692736368,immune,nerve,immune-nerve,immune_to_nerve,nerve_c21,t_cell,1.0,1.0,-0.0,False,0.114,24.0,0.7175,True,False
immune_microglia,nerve_c21,COPA,CD74,0.84289664,0.99,0.51402664,-0.2846965806949872,-1.1192852250108982,0.023936449,0.86784595,1.0,0.3911089980101278,immune,nerve,immune-nerve,immune_to_nerve,nerve_c21,microglia,1.0,1.0,-0.0,False,0.0584,28.0,0.8514,True,False
immune_dendritic,nerve_c21,SPP1,PTGER4,0.8555647,1.0,0.42955625,-0.258020747757237,-1.1683764438086928,0.051094674,0.85720724,1.0,0.4051243135285861,immune,nerve,immune-nerve,immune_to_nerve,nerve_c21,dendritic,1.0,1.0,-0.0,False,0.1168,23.0,0.7139,True,False
immune_t_cell,nerve_c17,GNAI2,S1PR3,0.46116436,0.0,0.17418902,0.7993619668998185,0.1492561843668046,0.087465584,0.79265094,0.2951096888891828,0.4269012015434721,immune,nerve,immune-nerve,immune_to_nerve,nerve_c17,t_cell,0.712,4.0,0.1815,False,0.114,24.0,0.7175,True,False
immune_dendritic,nerve_c21,APP,CD74,0.820357,0.999,0.45604926,-0.4229424742401212,-1.427582432335356,0.020337628,0.86083096,1.0,0.4286804655939109,immune,nerve,immune-nerve,immune_to_nerve,nerve_c21,dendritic,1.0,1.0,-0.0,False,0.1168,23.0,0.7139,True,False
immune_nk_cell,nerve_c17,TGFB1,ITGB1,0.52630514,0.27,0.15031308,0.0829421519678736,0.0466575455396666,0.004196201,0.78027487,1.0,0.4303003357158645,immune,nerve,immune-nerve,immune_to_nerve,nerve_c17,nk_cell,0.712,4.0,0.1815,False,0.1807,21.0,0.6809,True,False
immune_t_cell,nerve_c17,LGALS1,ITGB1,0.60012966,1.0,0.17546925,-0.4281075941567716,-0.8561624809484025,0.0017169719,0.793252,1.0,0.4315866070879792,immune,nerve,immune-nerve,immune_to_nerve,nerve_c17,t_cell,0.712,4.0,0.1815,False,0.114,24.0,0.7175,True,False
immune_nk_cell,nerve_c21,AGTRAP,RACK1,0.81435835,0.94,0.45936158,-0.0649283652795554,0.1364905530682855,0.01308964,0.86126393,1.0,0.439676771558712,immune,nerve,immune-nerve,immune_to_nerve,nerve_c21,nk_cell,1.0,1.0,-0.0,False,0.1807,21.0,0.6809,True,False
malignant,nerve_c21,BSG,SLC16A1,0.81104016,0.0,0.6225017,0.6870810726522065,1.3525419528327125,0.037240833,0.87844455,0.0584463858624115,0.4469406669057163,tumor,nerve,nerve-tumor,tumor_to_nerve,nerve_c21,,1.0,1.0,-0.0,False,,,,,False
immune_dendritic,nerve_c21,COPA,CD74,0.80843025,0.995,0.42537063,-0.3380047762904543,-1.2113455688988448,0.019808045,0.8566069,1.0,0.4518332315741594,immune,nerve,immune-nerve,immune_to_nerve,nerve_c21,dendritic,1.0,1.0,-0.0,False,0.1168,23.0,0.7139,True,False
immune_microglia,nerve_c21,TOR2A,ATP5F1B,0.6259885,0.008,0.14363891,0.2959567079627467,0.8856776910480525,0.017305532,0.77635676,0.9423787656880508,0.4641719694024322,immune,nerve,immune-nerve,immune_to_nerve,nerve_c21,microglia,1.0,1.0,-0.0,False,0.0584,28.0,0.8514,True,False
immune_dendritic,nerve_c21,GNAS,ADCY1,0.80407465,0.002,0.39477417,0.462485663431907,0.4861645056199482,0.048691977,0.8519611,0.4022187355163976,0.4670116663713978,immune,nerve,immune-nerve,immune_to_nerve,nerve_c21,dendritic,1.0,1.0,-0.0,False,0.1168,23.0,0.7139,True,False
malignant,nerve_c21,TXLNA,STX3,0.5191363,0.0,0.14175574,1.2907022992595547,1.2006123145756018,0.048912764,0.77520895,0.0144224367395931,0.4753675686737677,tumor,nerve,nerve-tumor,tumor_to_nerve,nerve_c21,,1.0,1.0,-0.0,False,,,,,False
immune_nk_cell,nerve_c21,P4HB,MTTP,0.45803335,0.0,0.18679075,1.243350692343438,0.6984728196172401,0.08722585,0.7983322,0.0584463858624115,0.4806412075902765,immune,nerve,immune-nerve,immune_to_nerve,nerve_c21,nk_cell,1.0,1.0,-0.0,False,0.1807,21.0,0.6809,True,False
immune_t_cell,nerve_c21,COPA,CD74,0.79416573,0.998,0.3886789,-0.3600675948669181,-1.1830846686663228,0.018099437,0.8509771,1.0,0.4809850549258255,immune,nerve,immune-nerve,immune_to_nerve,nerve_c21,t_cell,1.0,1.0,-0.0,False,0.114,24.0,0.7175,True,False
malignant,nerve_c21,C3,CD81,0.616979,1.0,0.18885107,-0.330405673397493,-1.0495124192106258,0.0032379364,0.7992138,1.0,0.4901462913315877,tumor,nerve,nerve-tumor,tumor_to_nerve,nerve_c21,,1.0,1.0,-0.0,False,,,,,False
immune_dendritic,nerve_c21,P4HB,MTTP,0.4385099,0.0,0.17482822,1.218154922241634,0.5933851412467764,0.08163969,0.79295176,0.0584463858624115,0.4952215369421349,immune,nerve,immune-nerve,immune_to_nerve,nerve_c21,dendritic,1.0,1.0,-0.0,False,0.1168,23.0,0.7139,True,False
immune_nk_cell,nerve_c21,ADAM10,CADM1,0.4334832,0.672,0.18627913,-0.039323571615059,0.325057629663091,0.0036183884,0.7981113,1.0,0.5119109606238641,immune,nerve,immune-nerve,immune_to_nerve,nerve_c21,nk_cell,1.0,1.0,-0.0,False,0.1807,21.0,0.6809,True,False
immune_microglia,nerve_c21,P4HB,MTTP,0.4702259,0.0,0.19426145,1.259086003847525,0.7494336185526816,0.09071445,0.80147064,0.0584463858624115,0.5142984024948675,immune,nerve,immune-nerve,immune_to_nerve,nerve_c21,microglia,1.0,1.0,-0.0,False,0.0584,28.0,0.8514,True,False
immune_microglia,nerve_c21,GNAS,ADCY1,0.7736726,0.011,0.37639213,0.434144469506894,0.4446803548166245,0.04642471,0.8489288,0.4657486421987269,0.5165726666586891,immune,nerve,immune-nerve,immune_to_nerve,nerve_c21,microglia,1.0,1.0,-0.0,False,0.0584,28.0,0.8514,True,False
immune_microglia,nerve_c21,S100A8,CD68,0.4780286,0.804,0.1965599,-0.0993175676679416,0.0286568651801244,0.026719147,0.8024047,1.0,0.52366751422283,immune,nerve,immune-nerve,immune_to_nerve,nerve_c21,microglia,1.0,1.0,-0.0,False,0.0584,28.0,0.8514,True,False
immune_t_cell,nerve_c21,GNAI2,ADCY1,0.4798262,0.067,0.19872329,0.3860234887783615,0.5074701686331787,0.032653965,0.80327106,0.6013791032464831,0.5334719690743368,immune,nerve,immune-nerve,immune_to_nerve,nerve_c21,t_cell,1.0,1.0,-0.0,False,0.114,24.0,0.7175,True,False
immune_nk_cell,nerve_c21,COPA,CD74,0.7848284,0.998,0.364661,-0.3745101569786808,-1.192249937239343,0.016981006,0.8468872,1.0,0.5350686805332541,immune,nerve,immune-nerve,immune_to_nerve,nerve_c21,nk_cell,1.0,1.0,-0.0,False,0.1807,21.0,0.6809,True,False
immune_nk_cell,nerve_c21,C3,CD81,0.6268714,1.0,0.20972286,-0.3224197642822798,-0.8313493734907464,0.0043870606,0.8074931,1.0,0.5798916853535256,immune,nerve,immune-nerve,immune_to_nerve,nerve_c21,nk_cell,1.0,1.0,-0.0,False,0.1807,21.0,0.6809,True,False
immune_t_cell,nerve_c21,P4HB,MTTP,0.40155852,0.001,0.15218711,1.170468515027006,0.5827124832921659,0.07106696,0.7813352,0.1829899839224365,0.6271316712823674,immune,nerve,immune-nerve,immune_to_nerve,nerve_c21,t_cell,1.0,1.0,-0.0,False,0.114,24.0,0.7175,True,False
immune_nk_cell,nerve_c21,GNAI2,ADCY1,0.52589905,0.006,0.2265804,0.4394875219140808,0.5894534284028791,0.037231416,0.8134308,0.4533550260744517,0.6536390169968849,immune,nerve,immune-nerve,immune_to_nerve,nerve_c21,nk_cell,1.0,1.0,-0.0,False,0.1807,21.0,0.6809,True,False
immune_t_cell,nerve_c21,ADAM10,CADM1,0.39233705,0.783,0.14728586,-0.102532430673367,0.2119966307215214,0.0028609617,0.7785258,1.0,0.6662705869291906,immune,nerve,immune-nerve,immune_to_nerve,nerve_c21,t_cell,1.0,1.0,-0.0,False,0.114,24.0,0.7175,True,False
immune_t_cell,nerve_c21,SPP1,PTGER4,0.6781454,1.0,0.32110903,-0.343394238736492,-1.4262612003748985,0.03819514,0.83845794,1.0,0.7406180765269017,immune,nerve,immune-nerve,immune_to_nerve,nerve_c21,t_cell,1.0,1.0,-0.0,False,0.114,24.0,0.7175,True,False
immune_t_cell,nerve_c21,SIRPG,CD47,0.37538165,0.027,0.13177593,0.6261128932423702,0.8876924524937824,0.018566351,0.7687844,0.4725156989003007,0.7452900177202846,immune,nerve,immune-nerve,immune_to_nerve,nerve_c21,t_cell,1.0,1.0,-0.0,False,0.114,24.0,0.7175,True,False
