barcode,sub_id,target_cluster,target_cell_type
06820e2c-9eb7-4e71-a1c3-976d561e659d_GTTCGCTTCCCTCAAC-1,1,24,ependymal
08418175-0464-4b33-86e3-416c30189bd2_AGATCCAGTCTGATCA-1,1,24,ependymal
08418175-0464-4b33-86e3-416c30189bd2_ATGAAAGCATCCCACT-1,1,24,ependymal
08418175-0464-4b33-86e3-416c30189bd2_CCCTTAGGTGGTTTGT-1,1,24,ependymal
08418175-0464-4b33-86e3-416c30189bd2_CGAAGTTGTTTGGGTT-1,1,24,ependymal
08418175-0464-4b33-86e3-416c30189bd2_CGCCAGAAGGGAGGCA-1,1,24,ependymal
08418175-0464-4b33-86e3-416c30189bd2_GAGATGGGTACTGCCG-1,1,24,ependymal
08418175-0464-4b33-86e3-416c30189bd2_GCAGTTATCTGCTTAT-1,1,24,ependymal
08418175-0464-4b33-86e3-416c30189bd2_TAGGTACCACCGTGAC-1,1,24,ependymal
08418175-0464-4b33-86e3-416c30189bd2_TTCAGGAAGTCTAACC-1,1,24,ependymal
08418175-0464-4b33-86e3-416c30189bd2_TTCGCTGCACGGTGAA-1,1,24,ependymal
08418175-0464-4b33-86e3-416c30189bd2_TTTGGAGTCGCGTGCA-1,1,24,ependymal
18d92af9-a7d0-47f2-84e2-6f4cc0dee298_AATGACCTCGCCATAA-1,1,24,ependymal
18d92af9-a7d0-47f2-84e2-6f4cc0dee298_TCACATTGTAGTCGTT-1,1,24,ependymal
20e86156-cdd7-4bea-8b17-2e630720df44_AAAGAACAGCGTGCTC-1,1,24,ependymal
20e86156-cdd7-4bea-8b17-2e630720df44_AAAGAACCAAGTAGTA-1,1,24,ependymal
20e86156-cdd7-4bea-8b17-2e630720df44_AAAGAACGTATGGGAC-1,1,24,ependymal
20e86156-cdd7-4bea-8b17-2e630720df44_AAAGGATGTGCGAACA-1,1,24,ependymal
20e86156-cdd7-4bea-8b17-2e630720df44_AAAGGATTCATTGCTT-1,1,24,ependymal
20e86156-cdd7-4bea-8b17-2e630720df44_AAAGGGCAGACGCCCT-1,1,24,ependymal
20e86156-cdd7-4bea-8b17-2e630720df44_AAAGGGCTCACGAACT-1,1,24,ependymal
20e86156-cdd7-4bea-8b17-2e630720df44_AAAGTCCTCAGACCTA-1,1,24,ependymal
20e86156-cdd7-4bea-8b17-2e630720df44_AAAGTCCTCGCCAGTG-1,1,24,ependymal
20e86156-cdd7-4bea-8b17-2e630720df44_AAAGTGATCTAGCAAC-1,1,24,ependymal
20e86156-cdd7-4bea-8b17-2e630720df44_AAATGGAGTCACAATC-1,1,24,ependymal
20e86156-cdd7-4bea-8b17-2e630720df44_AACAGGGCATCTCATT-1,1,24,ependymal
20e86156-cdd7-4bea-8b17-2e630720df44_AACAGGGGTCCGACGT-1,1,24,ependymal
20e86156-cdd7-4bea-8b17-2e630720df44_AACCTGAAGTAGAATC-1,1,24,ependymal
20e86156-cdd7-4bea-8b17-2e630720df44_AACCTGACAGACCGCT-1,1,24,ependymal
20e86156-cdd7-4bea-8b17-2e630720df44_AAGCATCAGCTAGATA-1,1,24,ependymal
20e86156-cdd7-4bea-8b17-2e630720df44_AAGCATCCATTAGGCT-1,1,24,ependymal
20e86156-cdd7-4bea-8b17-2e630720df44_AAGCCATGTCACTAGT-1,1,24,ependymal
20e86156-cdd7-4bea-8b17-2e630720df44_AAGGTAATCCATCAGA-1,1,24,ependymal
20e86156-cdd7-4bea-8b17-2e630720df44_AAGTTCGGTTAGGGAC-1,1,24,ependymal
20e86156-cdd7-4bea-8b17-2e630720df44_AATCACGAGACATAAC-1,1,24,ependymal
20e86156-cdd7-4bea-8b17-2e630720df44_AATCACGTCACCGGTG-1,1,24,ependymal
20e86156-cdd7-4bea-8b17-2e630720df44_AATCGACCATAATGAG-1,1,24,ependymal
20e86156-cdd7-4bea-8b17-2e630720df44_AATCGACCATCCCGTT-1,1,24,ependymal
20e86156-cdd7-4bea-8b17-2e630720df44_AATCGTGAGTTTCAGC-1,1,24,ependymal
20e86156-cdd7-4bea-8b17-2e630720df44_AATGACCTCGATGCTA-1,1,24,ependymal
20e86156-cdd7-4bea-8b17-2e630720df44_AATTTCCGTGACACAG-1,1,24,ependymal
20e86156-cdd7-4bea-8b17-2e630720df44_AATTTCCGTGTCTTAG-1,1,24,ependymal
20e86156-cdd7-4bea-8b17-2e630720df44_AATTTCCTCCACACAA-1,1,24,ependymal
20e86156-cdd7-4bea-8b17-2e630720df44_ACAACCAAGATGACCG-1,1,24,ependymal
20e86156-cdd7-4bea-8b17-2e630720df44_ACAAGCTAGCAACCAG-1,1,24,ependymal
20e86156-cdd7-4bea-8b17-2e630720df44_ACACTGACACAGTCAT-1,1,24,ependymal
20e86156-cdd7-4bea-8b17-2e630720df44_ACATGCACATCCGGTG-1,1,24,ependymal
20e86156-cdd7-4bea-8b17-2e630720df44_ACATTTCAGGTGAGAA-1,1,24,ependymal
20e86156-cdd7-4bea-8b17-2e630720df44_ACATTTCGTTGAATCC-1,1,24,ependymal
20e86156-cdd7-4bea-8b17-2e630720df44_ACCAAACGTACGTAGG-1,1,24,ependymal
20e86156-cdd7-4bea-8b17-2e630720df44_ACCAACAGTAAGATCA-1,1,24,ependymal
20e86156-cdd7-4bea-8b17-2e630720df44_ACCAACATCGTAACCA-1,1,24,ependymal
20e86156-cdd7-4bea-8b17-2e630720df44_ACCACAATCATCTCTA-1,1,24,ependymal
20e86156-cdd7-4bea-8b17-2e630720df44_ACCCAAACACCTGCTT-1,1,24,ependymal
20e86156-cdd7-4bea-8b17-2e630720df44_ACCCAAATCTCGGTAA-1,1,24,ependymal
20e86156-cdd7-4bea-8b17-2e630720df44_ACCCTCACACCTGCAG-1,1,24,ependymal
20e86156-cdd7-4bea-8b17-2e630720df44_ACCTACCGTGTTGATC-1,1,24,ependymal
20e86156-cdd7-4bea-8b17-2e630720df44_ACCTACCTCAAGGCTT-1,1,24,ependymal
20e86156-cdd7-4bea-8b17-2e630720df44_ACCTGAACAAAGCGTG-1,1,24,ependymal
20e86156-cdd7-4bea-8b17-2e630720df44_ACCTGAATCTTACCAT-1,1,24,ependymal
20e86156-cdd7-4bea-8b17-2e630720df44_ACCTGTCTCCAGTACA-1,1,24,ependymal
20e86156-cdd7-4bea-8b17-2e630720df44_ACGCACGGTAAGGAGA-1,1,24,ependymal
20e86156-cdd7-4bea-8b17-2e630720df44_ACGCACGGTCACGCTG-1,1,24,ependymal
20e86156-cdd7-4bea-8b17-2e630720df44_ACGGAAGCACTGGATT-1,1,24,ependymal
20e86156-cdd7-4bea-8b17-2e630720df44_ACGGAAGTCAAACCCA-1,1,24,ependymal
20e86156-cdd7-4bea-8b17-2e630720df44_ACGGTCGGTGCAACGA-1,1,24,ependymal
20e86156-cdd7-4bea-8b17-2e630720df44_ACGGTCGTCCGATCTC-1,1,24,ependymal
20e86156-cdd7-4bea-8b17-2e630720df44_ACGGTTACAACACGAG-1,1,24,ependymal
20e86156-cdd7-4bea-8b17-2e630720df44_ACGTACAGTTAGGGTG-1,1,24,ependymal
20e86156-cdd7-4bea-8b17-2e630720df44_ACGTAGTAGAGAATCT-1,1,24,ependymal
20e86156-cdd7-4bea-8b17-2e630720df44_ACTACGAAGCCGATCC-1,1,24,ependymal
20e86156-cdd7-4bea-8b17-2e630720df44_ACTATCTCAGAACGCA-1,1,24,ependymal
20e86156-cdd7-4bea-8b17-2e630720df44_ACTTATCTCGTCCATC-1,1,24,ependymal
20e86156-cdd7-4bea-8b17-2e630720df44_ACTTCGCAGAACCCGA-1,1,24,ependymal
20e86156-cdd7-4bea-8b17-2e630720df44_AGAAATGGTACAATAG-1,1,24,ependymal
20e86156-cdd7-4bea-8b17-2e630720df44_AGAACCTAGTTGAAGT-1,1,24,ependymal
20e86156-cdd7-4bea-8b17-2e630720df44_AGAACCTGTAGCACAG-1,1,24,ependymal
20e86156-cdd7-4bea-8b17-2e630720df44_AGAACCTTCTACACAG-1,1,24,ependymal
20e86156-cdd7-4bea-8b17-2e630720df44_AGACAAACAGGTCAAG-1,1,24,ependymal
20e86156-cdd7-4bea-8b17-2e630720df44_AGACAAACATCCTTGC-1,1,24,ependymal
20e86156-cdd7-4bea-8b17-2e630720df44_AGACAAATCGAACCTA-1,1,24,ependymal
20e86156-cdd7-4bea-8b17-2e630720df44_AGACAGGTCCATGAGT-1,1,24,ependymal
20e86156-cdd7-4bea-8b17-2e630720df44_AGACCATAGCACCTGC-1,1,24,ependymal
20e86156-cdd7-4bea-8b17-2e630720df44_AGACCCGGTTACCCTC-1,1,24,ependymal
20e86156-cdd7-4bea-8b17-2e630720df44_AGAGCAGAGGCGTTAG-1,1,24,ependymal
20e86156-cdd7-4bea-8b17-2e630720df44_AGAGCCCCACAAGGTG-1,1,24,ependymal
20e86156-cdd7-4bea-8b17-2e630720df44_AGATCCAGTTGCAAGG-1,1,24,ependymal
20e86156-cdd7-4bea-8b17-2e630720df44_AGATCGTTCTTTCCAA-1,1,24,ependymal
20e86156-cdd7-4bea-8b17-2e630720df44_AGATGAAGTGCAATAA-1,1,24,ependymal
20e86156-cdd7-4bea-8b17-2e630720df44_AGATGCTAGGTACTGG-1,1,24,ependymal
20e86156-cdd7-4bea-8b17-2e630720df44_AGATGCTCATCCAACA-1,1,24,ependymal
20e86156-cdd7-4bea-8b17-2e630720df44_AGCCAGCGTGTATACC-1,1,24,ependymal
20e86156-cdd7-4bea-8b17-2e630720df44_AGCCAGCGTTAGAGAT-1,1,24,ependymal
20e86156-cdd7-4bea-8b17-2e630720df44_AGCGATTGTCAACACT-1,1,24,ependymal
20e86156-cdd7-4bea-8b17-2e630720df44_AGCGCTGAGACCGCCT-1,1,24,ependymal
20e86156-cdd7-4bea-8b17-2e630720df44_AGCTTCCGTAGGCTCC-1,1,24,ependymal
20e86156-cdd7-4bea-8b17-2e630720df44_AGCTTCCGTCACTCGG-1,1,24,ependymal
20e86156-cdd7-4bea-8b17-2e630720df44_AGGAAATAGAGGGTAA-1,1,24,ependymal
20e86156-cdd7-4bea-8b17-2e630720df44_AGGAAATGTTGGACCC-1,1,24,ependymal
20e86156-cdd7-4bea-8b17-2e630720df44_AGGAATATCTCCAATT-1,1,24,ependymal
20e86156-cdd7-4bea-8b17-2e630720df44_AGGACGACACGCCAGT-1,1,24,ependymal
20e86156-cdd7-4bea-8b17-2e630720df44_AGGATAAAGGATGGCT-1,1,24,ependymal
20e86156-cdd7-4bea-8b17-2e630720df44_AGGATCTCACCGCTGA-1,1,24,ependymal
20e86156-cdd7-4bea-8b17-2e630720df44_AGGCCACAGAACCGCA-1,1,24,ependymal
20e86156-cdd7-4bea-8b17-2e630720df44_AGGCCACTCTGTCGTC-1,1,24,ependymal
20e86156-cdd7-4bea-8b17-2e630720df44_AGGGCTCCAGGCTTGC-1,1,24,ependymal
20e86156-cdd7-4bea-8b17-2e630720df44_AGGGTGAGTAGGTCAG-1,1,24,ependymal
20e86156-cdd7-4bea-8b17-2e630720df44_AGGTAGGGTTAGCTAC-1,1,24,ependymal
20e86156-cdd7-4bea-8b17-2e630720df44_AGGTTACCAGGGAATC-1,1,24,ependymal
20e86156-cdd7-4bea-8b17-2e630720df44_AGTAACCCACAACCGC-1,1,24,ependymal
20e86156-cdd7-4bea-8b17-2e630720df44_AGTACCACAGATCACT-1,1,24,ependymal
20e86156-cdd7-4bea-8b17-2e630720df44_AGTACTGTCGTCACCT-1,1,24,ependymal
20e86156-cdd7-4bea-8b17-2e630720df44_AGTAGTCAGGGCAATC-1,1,24,ependymal
20e86156-cdd7-4bea-8b17-2e630720df44_AGTCAACCAACTGCCG-1,1,24,ependymal
20e86156-cdd7-4bea-8b17-2e630720df44_AGTCAACGTCATCCGG-1,1,24,ependymal
20e86156-cdd7-4bea-8b17-2e630720df44_AGTCACAGTCTAGATC-1,1,24,ependymal
20e86156-cdd7-4bea-8b17-2e630720df44_AGTCACATCGAACGGA-1,1,24,ependymal
20e86156-cdd7-4bea-8b17-2e630720df44_AGTCACATCTGTCGCT-1,1,24,ependymal
20e86156-cdd7-4bea-8b17-2e630720df44_AGTCTCCAGCAAACAT-1,1,24,ependymal
20e86156-cdd7-4bea-8b17-2e630720df44_AGTGATCGTTAGTTCG-1,1,24,ependymal
20e86156-cdd7-4bea-8b17-2e630720df44_AGTTAGCAGCTGTTAC-1,1,24,ependymal
20e86156-cdd7-4bea-8b17-2e630720df44_AGTTAGCGTTCTCCTG-1,1,24,ependymal
20e86156-cdd7-4bea-8b17-2e630720df44_ATACCGATCAGGACGA-1,1,24,ependymal
20e86156-cdd7-4bea-8b17-2e630720df44_ATACCTTAGGTCGAGT-1,1,24,ependymal
20e86156-cdd7-4bea-8b17-2e630720df44_ATACTTCGTTCCCAAA-1,1,24,ependymal
20e86156-cdd7-4bea-8b17-2e630720df44_ATACTTCGTTGCATCA-1,1,24,ependymal
20e86156-cdd7-4bea-8b17-2e630720df44_ATAGACCAGGAATCGC-1,1,24,ependymal
20e86156-cdd7-4bea-8b17-2e630720df44_ATAGACCGTCGCTTAA-1,1,24,ependymal
20e86156-cdd7-4bea-8b17-2e630720df44_ATCACAGGTGACTGAG-1,1,24,ependymal
20e86156-cdd7-4bea-8b17-2e630720df44_ATCACGAGTAGTGCGA-1,1,24,ependymal
20e86156-cdd7-4bea-8b17-2e630720df44_ATCAGGTCATGTGTCA-1,1,24,ependymal
20e86156-cdd7-4bea-8b17-2e630720df44_ATCATTCAGGATTTCC-1,1,24,ependymal
20e86156-cdd7-4bea-8b17-2e630720df44_ATCATTCTCCCAGGAC-1,1,24,ependymal
20e86156-cdd7-4bea-8b17-2e630720df44_ATCCACCCACTGTGTA-1,1,24,ependymal
20e86156-cdd7-4bea-8b17-2e630720df44_ATCCATTAGAGGACTC-1,1,24,ependymal
20e86156-cdd7-4bea-8b17-2e630720df44_ATCCATTCACTCTAGA-1,1,24,ependymal
20e86156-cdd7-4bea-8b17-2e630720df44_ATCGATGGTGGCCCAT-1,1,24,ependymal
20e86156-cdd7-4bea-8b17-2e630720df44_ATCGATGTCTCCCTAG-1,1,24,ependymal
20e86156-cdd7-4bea-8b17-2e630720df44_ATCGGCGCAAGATGGC-1,1,24,ependymal
20e86156-cdd7-4bea-8b17-2e630720df44_ATCGTCCGTAACTTCG-1,1,24,ependymal
20e86156-cdd7-4bea-8b17-2e630720df44_ATCGTGAGTAAGAACT-1,1,24,ependymal
20e86156-cdd7-4bea-8b17-2e630720df44_ATCGTGAGTATACGGG-1,1,24,ependymal
20e86156-cdd7-4bea-8b17-2e630720df44_ATCTCTAGTATACCTG-1,1,24,ependymal
20e86156-cdd7-4bea-8b17-2e630720df44_ATGAAAGAGCGCCATC-1,1,24,ependymal
20e86156-cdd7-4bea-8b17-2e630720df44_ATGACCAGTCGCGTTG-1,1,24,ependymal
20e86156-cdd7-4bea-8b17-2e630720df44_ATGATCGCAGACCTAT-1,1,24,ependymal
20e86156-cdd7-4bea-8b17-2e630720df44_ATGCATGTCCAGTGTA-1,1,24,ependymal
20e86156-cdd7-4bea-8b17-2e630720df44_ATGGAGGTCTCCTGCA-1,1,24,ependymal
20e86156-cdd7-4bea-8b17-2e630720df44_ATGTCCCCATGAAGCG-1,1,24,ependymal
20e86156-cdd7-4bea-8b17-2e630720df44_ATTACCTAGGCCCGTT-1,1,24,ependymal
20e86156-cdd7-4bea-8b17-2e630720df44_ATTCAGGCACCGCTGA-1,1,24,ependymal
20e86156-cdd7-4bea-8b17-2e630720df44_ATTCCATTCCGAGGCT-1,1,24,ependymal
20e86156-cdd7-4bea-8b17-2e630720df44_ATTCCCGCATTCCTCG-1,1,24,ependymal
20e86156-cdd7-4bea-8b17-2e630720df44_ATTCCCGTCCTGCCAT-1,1,24,ependymal
20e86156-cdd7-4bea-8b17-2e630720df44_ATTCCCGTCTGCGGGT-1,1,24,ependymal
20e86156-cdd7-4bea-8b17-2e630720df44_ATTTACCAGGACTAAT-1,1,24,ependymal
20e86156-cdd7-4bea-8b17-2e630720df44_CAACAACTCACGATAC-1,1,24,ependymal
20e86156-cdd7-4bea-8b17-2e630720df44_CAACAGTGTGCAGATG-1,1,24,ependymal
20e86156-cdd7-4bea-8b17-2e630720df44_CAACAGTTCAACGTGT-1,1,24,ependymal
20e86156-cdd7-4bea-8b17-2e630720df44_CAAGAGGAGCTCTGTA-1,1,24,ependymal
20e86156-cdd7-4bea-8b17-2e630720df44_CAAGGGATCCGGGACT-1,1,24,ependymal
20e86156-cdd7-4bea-8b17-2e630720df44_CAATACGGTGCATACT-1,1,24,ependymal
20e86156-cdd7-4bea-8b17-2e630720df44_CAATGACGTCAGTCTA-1,1,24,ependymal
20e86156-cdd7-4bea-8b17-2e630720df44_CAATTTCTCGTGGAAG-1,1,24,ependymal
20e86156-cdd7-4bea-8b17-2e630720df44_CACAACACATCCGTGG-1,1,24,ependymal
20e86156-cdd7-4bea-8b17-2e630720df44_CACACAAGTCATTGCA-1,1,24,ependymal
20e86156-cdd7-4bea-8b17-2e630720df44_CACAGATAGTAGGTTA-1,1,24,ependymal
20e86156-cdd7-4bea-8b17-2e630720df44_CACGGGTTCATTATCC-1,1,24,ependymal
20e86156-cdd7-4bea-8b17-2e630720df44_CACGTGGCACCAACAT-1,1,24,ependymal
20e86156-cdd7-4bea-8b17-2e630720df44_CACTGAAAGGTCTTTG-1,1,24,ependymal
20e86156-cdd7-4bea-8b17-2e630720df44_CACTGAATCCCATAAG-1,1,24,ependymal
20e86156-cdd7-4bea-8b17-2e630720df44_CACTGTCAGACGCAGT-1,1,24,ependymal
20e86156-cdd7-4bea-8b17-2e630720df44_CACTTCGCAACCCTAA-1,1,24,ependymal
20e86156-cdd7-4bea-8b17-2e630720df44_CACTTCGGTTGACTGT-1,1,24,ependymal
20e86156-cdd7-4bea-8b17-2e630720df44_CAGATTGAGAGTCCGA-1,1,24,ependymal
20e86156-cdd7-4bea-8b17-2e630720df44_CAGATTGAGTACAGAT-1,1,24,ependymal
20e86156-cdd7-4bea-8b17-2e630720df44_CAGCACGCAGAGGCTA-1,1,24,ependymal
20e86156-cdd7-4bea-8b17-2e630720df44_CAGCAGCAGGGCTAAC-1,1,24,ependymal
20e86156-cdd7-4bea-8b17-2e630720df44_CAGCGTGGTCTTGTCC-1,1,24,ependymal
20e86156-cdd7-4bea-8b17-2e630720df44_CAGGGCTTCATGCCGG-1,1,24,ependymal
20e86156-cdd7-4bea-8b17-2e630720df44_CATAAGCTCCACTTCG-1,1,24,ependymal
20e86156-cdd7-4bea-8b17-2e630720df44_CATACAGTCGATACAC-1,1,24,ependymal
20e86156-cdd7-4bea-8b17-2e630720df44_CATACCCGTGTGTCCG-1,1,24,ependymal
20e86156-cdd7-4bea-8b17-2e630720df44_CATCCACAGCTATCTG-1,1,24,ependymal
20e86156-cdd7-4bea-8b17-2e630720df44_CATCCACCAGGCCTGT-1,1,24,ependymal
20e86156-cdd7-4bea-8b17-2e630720df44_CATCGGGCATCGCTAA-1,1,24,ependymal
20e86156-cdd7-4bea-8b17-2e630720df44_CATCGTCGTACTTCCC-1,1,24,ependymal
20e86156-cdd7-4bea-8b17-2e630720df44_CATGCCTGTCCGGTGT-1,1,24,ependymal
20e86156-cdd7-4bea-8b17-2e630720df44_CATGCCTGTCGTCATA-1,1,24,ependymal
20e86156-cdd7-4bea-8b17-2e630720df44_CATTGAGGTCTGCGCA-1,1,24,ependymal
20e86156-cdd7-4bea-8b17-2e630720df44_CATTGAGTCCAACTAG-1,1,24,ependymal
20e86156-cdd7-4bea-8b17-2e630720df44_CATTGAGTCTAGAACC-1,1,24,ependymal
20e86156-cdd7-4bea-8b17-2e630720df44_CATTGTTAGTAGTCCT-1,1,24,ependymal
20e86156-cdd7-4bea-8b17-2e630720df44_CATTGTTCATGGGCAA-1,1,24,ependymal
20e86156-cdd7-4bea-8b17-2e630720df44_CATTTCACATCACGGC-1,1,24,ependymal
20e86156-cdd7-4bea-8b17-2e630720df44_CCAAGCGAGACATATG-1,1,24,ependymal
20e86156-cdd7-4bea-8b17-2e630720df44_CCACACTAGAGCAAGA-1,1,24,ependymal
20e86156-cdd7-4bea-8b17-2e630720df44_CCACGAGCAAACCGGA-1,1,24,ependymal
20e86156-cdd7-4bea-8b17-2e630720df44_CCATCACTCCCAAGCG-1,1,24,ependymal
20e86156-cdd7-4bea-8b17-2e630720df44_CCCAACTCACGCAAAG-1,1,24,ependymal
20e86156-cdd7-4bea-8b17-2e630720df44_CCCAACTCAGACGCTC-1,1,24,ependymal
20e86156-cdd7-4bea-8b17-2e630720df44_CCCATTGTCAACACCA-1,1,24,ependymal
20e86156-cdd7-4bea-8b17-2e630720df44_CCCGAAGCAAATTGGA-1,1,24,ependymal
20e86156-cdd7-4bea-8b17-2e630720df44_CCCGGAAAGAGCTGAC-1,1,24,ependymal
20e86156-cdd7-4bea-8b17-2e630720df44_CCCTGATAGCACTCTA-1,1,24,ependymal
20e86156-cdd7-4bea-8b17-2e630720df44_CCCTGATAGGGAGGTG-1,1,24,ependymal
20e86156-cdd7-4bea-8b17-2e630720df44_CCGCAAGAGCCAACCC-1,1,24,ependymal
20e86156-cdd7-4bea-8b17-2e630720df44_CCGGGTAAGAGGCTGT-1,1,24,ependymal
20e86156-cdd7-4bea-8b17-2e630720df44_CCGGTGACACCTATCC-1,1,24,ependymal
20e86156-cdd7-4bea-8b17-2e630720df44_CCGGTGAGTGTAAACA-1,1,24,ependymal
20e86156-cdd7-4bea-8b17-2e630720df44_CCTAAGAAGAGGACTC-1,1,24,ependymal
20e86156-cdd7-4bea-8b17-2e630720df44_CCTATCGAGCGTCAAG-1,1,24,ependymal
20e86156-cdd7-4bea-8b17-2e630720df44_CCTATCGCACAAGGTG-1,1,24,ependymal
20e86156-cdd7-4bea-8b17-2e630720df44_CCTCACAGTTGGAGGT-1,1,24,ependymal
20e86156-cdd7-4bea-8b17-2e630720df44_CCTCACATCGATACTG-1,1,24,ependymal
20e86156-cdd7-4bea-8b17-2e630720df44_CCTCACATCGTGGCTG-1,1,24,ependymal
20e86156-cdd7-4bea-8b17-2e630720df44_CCTCATGTCAGAGCAG-1,1,24,ependymal
20e86156-cdd7-4bea-8b17-2e630720df44_CCTGCATTCTATACGG-1,1,24,ependymal
20e86156-cdd7-4bea-8b17-2e630720df44_CCTGTTGAGACGGTCA-1,1,24,ependymal
20e86156-cdd7-4bea-8b17-2e630720df44_CCTTCAGTCTGCTGAA-1,1,24,ependymal
20e86156-cdd7-4bea-8b17-2e630720df44_CCTTGTGAGGCAATGC-1,1,24,ependymal
20e86156-cdd7-4bea-8b17-2e630720df44_CGAAGGAGTCGAAGCA-1,1,24,ependymal
20e86156-cdd7-4bea-8b17-2e630720df44_CGAAGTTGTGACACAG-1,1,24,ependymal
20e86156-cdd7-4bea-8b17-2e630720df44_CGAATTGAGATTCGAA-1,1,24,ependymal
20e86156-cdd7-4bea-8b17-2e630720df44_CGAGAAGGTCCTGTTC-1,1,24,ependymal
20e86156-cdd7-4bea-8b17-2e630720df44_CGAGGCTCAATAGTCC-1,1,24,ependymal
20e86156-cdd7-4bea-8b17-2e630720df44_CGAGGCTTCCGTGGGT-1,1,24,ependymal
20e86156-cdd7-4bea-8b17-2e630720df44_CGAGTTATCGCTTACC-1,1,24,ependymal
20e86156-cdd7-4bea-8b17-2e630720df44_CGATCGGAGGTGGCTA-1,1,24,ependymal
20e86156-cdd7-4bea-8b17-2e630720df44_CGATGGCTCCAATGCA-1,1,24,ependymal
20e86156-cdd7-4bea-8b17-2e630720df44_CGCAGGTTCGTAGCCG-1,1,24,ependymal
20e86156-cdd7-4bea-8b17-2e630720df44_CGCATGGCAGGACAGT-1,1,24,ependymal
20e86156-cdd7-4bea-8b17-2e630720df44_CGCGTGATCGCAGAGA-1,1,24,ependymal
20e86156-cdd7-4bea-8b17-2e630720df44_CGGAATTGTTAAGGAT-1,1,24,ependymal
20e86156-cdd7-4bea-8b17-2e630720df44_CGGACACGTAACAAGT-1,1,24,ependymal
20e86156-cdd7-4bea-8b17-2e630720df44_CGGGACTCACGGCGTT-1,1,24,ependymal
20e86156-cdd7-4bea-8b17-2e630720df44_CGGGTCAAGTCATTGC-1,1,24,ependymal
20e86156-cdd7-4bea-8b17-2e630720df44_CGTAAGTCACCCTGAG-1,1,24,ependymal
20e86156-cdd7-4bea-8b17-2e630720df44_CGTAAGTCATCGGCCA-1,1,24,ependymal
20e86156-cdd7-4bea-8b17-2e630720df44_CGTAAGTTCGTTGTAG-1,1,24,ependymal
20e86156-cdd7-4bea-8b17-2e630720df44_CGTAATGTCGATACGT-1,1,24,ependymal
20e86156-cdd7-4bea-8b17-2e630720df44_CGTAGTAAGGAGTACC-1,1,24,ependymal
20e86156-cdd7-4bea-8b17-2e630720df44_CGTCCATCACAACATC-1,1,24,ependymal
20e86156-cdd7-4bea-8b17-2e630720df44_CGTCCATGTTAGGCCC-1,1,24,ependymal
20e86156-cdd7-4bea-8b17-2e630720df44_CGTGATAAGCCAAGGT-1,1,24,ependymal
20e86156-cdd7-4bea-8b17-2e630720df44_CGTGATACAAGACCGA-1,1,24,ependymal
20e86156-cdd7-4bea-8b17-2e630720df44_CGTGATATCGCCTAGG-1,1,24,ependymal
20e86156-cdd7-4bea-8b17-2e630720df44_CGTGCTTAGCTGGTGA-1,1,24,ependymal
20e86156-cdd7-4bea-8b17-2e630720df44_CGTTAGACACCCGTAG-1,1,24,ependymal
20e86156-cdd7-4bea-8b17-2e630720df44_CGTTAGAGTGACTATC-1,1,24,ependymal
20e86156-cdd7-4bea-8b17-2e630720df44_CGTTCTGAGTGATCGG-1,1,24,ependymal
20e86156-cdd7-4bea-8b17-2e630720df44_CGTTGGGTCTGTCTCG-1,1,24,ependymal
20e86156-cdd7-4bea-8b17-2e630720df44_CTAACTTGTTGAGGAC-1,1,24,ependymal
20e86156-cdd7-4bea-8b17-2e630720df44_CTACAGAAGGTGCTTT-1,1,24,ependymal
20e86156-cdd7-4bea-8b17-2e630720df44_CTACCTGAGGATATAC-1,1,24,ependymal
20e86156-cdd7-4bea-8b17-2e630720df44_CTAGACACATTAAAGG-1,1,24,ependymal
20e86156-cdd7-4bea-8b17-2e630720df44_CTATCCGCACTGCTTC-1,1,24,ependymal
20e86156-cdd7-4bea-8b17-2e630720df44_CTCACTGTCTCGGGAC-1,1,24,ependymal
20e86156-cdd7-4bea-8b17-2e630720df44_CTCAGAAGTACACGTT-1,1,24,ependymal
20e86156-cdd7-4bea-8b17-2e630720df44_CTCAGAATCCTATTTG-1,1,24,ependymal
20e86156-cdd7-4bea-8b17-2e630720df44_CTCAGTCTCCACTGAA-1,1,24,ependymal
20e86156-cdd7-4bea-8b17-2e630720df44_CTCAGTCTCCTGGTCT-1,1,24,ependymal
20e86156-cdd7-4bea-8b17-2e630720df44_CTCATGCAGGTCACAG-1,1,24,ependymal
20e86156-cdd7-4bea-8b17-2e630720df44_CTCCAACCAGTTGAAA-1,1,24,ependymal
20e86156-cdd7-4bea-8b17-2e630720df44_CTCCAACGTGGGCTCT-1,1,24,ependymal
20e86156-cdd7-4bea-8b17-2e630720df44_CTCCCAAGTCTACAGT-1,1,24,ependymal
20e86156-cdd7-4bea-8b17-2e630720df44_CTCCTCCCAGACGCTC-1,1,24,ependymal
20e86156-cdd7-4bea-8b17-2e630720df44_CTCGAGGGTACATTGC-1,1,24,ependymal
20e86156-cdd7-4bea-8b17-2e630720df44_CTCTCAGTCTCGTCAC-1,1,24,ependymal
20e86156-cdd7-4bea-8b17-2e630720df44_CTCTGGTGTAAGTAGT-1,1,24,ependymal
20e86156-cdd7-4bea-8b17-2e630720df44_CTGATCCAGCAAGTGC-1,1,24,ependymal
20e86156-cdd7-4bea-8b17-2e630720df44_CTGCCATAGCGTCAAG-1,1,24,ependymal
20e86156-cdd7-4bea-8b17-2e630720df44_CTGCCTACAGTCGTTA-1,1,24,ependymal
20e86156-cdd7-4bea-8b17-2e630720df44_CTGCCTAGTGTTTACG-1,1,24,ependymal
20e86156-cdd7-4bea-8b17-2e630720df44_CTGGCAGTCTGTAACG-1,1,24,ependymal
20e86156-cdd7-4bea-8b17-2e630720df44_CTGTAGAGTCCAGCCA-1,1,24,ependymal
20e86156-cdd7-4bea-8b17-2e630720df44_CTGTCGTCAACTACGT-1,1,24,ependymal
20e86156-cdd7-4bea-8b17-2e630720df44_CTGTCGTCAAGGTACG-1,1,24,ependymal
20e86156-cdd7-4bea-8b17-2e630720df44_CTTACCGAGCCGATTT-1,1,24,ependymal
20e86156-cdd7-4bea-8b17-2e630720df44_CTTACCGTCAGAGTTC-1,1,24,ependymal
20e86156-cdd7-4bea-8b17-2e630720df44_CTTCCGACATGCCGAC-1,1,24,ependymal
20e86156-cdd7-4bea-8b17-2e630720df44_CTTCCTTTCTCGTGAA-1,1,24,ependymal
20e86156-cdd7-4bea-8b17-2e630720df44_CTTCTAAGTGACAACG-1,1,24,ependymal
20e86156-cdd7-4bea-8b17-2e630720df44_CTTGAGACATCGAGCC-1,1,24,ependymal
20e86156-cdd7-4bea-8b17-2e630720df44_CTTGATTTCCTCACCA-1,1,24,ependymal
20e86156-cdd7-4bea-8b17-2e630720df44_CTTTCGGCAATTTCGG-1,1,24,ependymal
20e86156-cdd7-4bea-8b17-2e630720df44_CTTTCGGGTAGCTGAG-1,1,24,ependymal
20e86156-cdd7-4bea-8b17-2e630720df44_CTTTCGGGTCATGCAT-1,1,24,ependymal
20e86156-cdd7-4bea-8b17-2e630720df44_GAACGTTCACCTGATA-1,1,24,ependymal
20e86156-cdd7-4bea-8b17-2e630720df44_GAACGTTGTTAGGACG-1,1,24,ependymal
20e86156-cdd7-4bea-8b17-2e630720df44_GAACGTTTCTGGTTGA-1,1,24,ependymal
20e86156-cdd7-4bea-8b17-2e630720df44_GAAGGACAGCTGAAAT-1,1,24,ependymal
20e86156-cdd7-4bea-8b17-2e630720df44_GAAGGACTCCATTGTT-1,1,24,ependymal
20e86156-cdd7-4bea-8b17-2e630720df44_GAAGGGTAGAGGTTTA-1,1,24,ependymal
20e86156-cdd7-4bea-8b17-2e630720df44_GACATCACACTGCATA-1,1,24,ependymal
20e86156-cdd7-4bea-8b17-2e630720df44_GACATCATCTACGCAA-1,1,24,ependymal
20e86156-cdd7-4bea-8b17-2e630720df44_GACCAATTCATTCACT-1,1,24,ependymal
20e86156-cdd7-4bea-8b17-2e630720df44_GACCCTTAGGCGCTTC-1,1,24,ependymal
20e86156-cdd7-4bea-8b17-2e630720df44_GACCCTTTCCGGTTCT-1,1,24,ependymal
20e86156-cdd7-4bea-8b17-2e630720df44_GACCGTGGTCGTGCCA-1,1,24,ependymal
20e86156-cdd7-4bea-8b17-2e630720df44_GACCGTGTCTGCACCT-1,1,24,ependymal
20e86156-cdd7-4bea-8b17-2e630720df44_GACGTTAGTTAATGAG-1,1,24,ependymal
20e86156-cdd7-4bea-8b17-2e630720df44_GACTCAACAGTCGGTC-1,1,24,ependymal
20e86156-cdd7-4bea-8b17-2e630720df44_GACTCAATCGCCGAGT-1,1,24,ependymal
20e86156-cdd7-4bea-8b17-2e630720df44_GACTCTCAGTGTTCAC-1,1,24,ependymal
20e86156-cdd7-4bea-8b17-2e630720df44_GACTCTCGTCCACAGC-1,1,24,ependymal
20e86156-cdd7-4bea-8b17-2e630720df44_GACTTCCAGTCGCCAC-1,1,24,ependymal
20e86156-cdd7-4bea-8b17-2e630720df44_GAGAAATAGTTCACTG-1,1,24,ependymal
20e86156-cdd7-4bea-8b17-2e630720df44_GAGACCCAGTACGTCT-1,1,24,ependymal
20e86156-cdd7-4bea-8b17-2e630720df44_GAGACTTAGCCTCGTG-1,1,24,ependymal
20e86156-cdd7-4bea-8b17-2e630720df44_GAGAGGTTCCAATCCC-1,1,24,ependymal
20e86156-cdd7-4bea-8b17-2e630720df44_GAGATGGCAGGCAATG-1,1,24,ependymal
20e86156-cdd7-4bea-8b17-2e630720df44_GAGCCTGAGCTTCATG-1,1,24,ependymal
20e86156-cdd7-4bea-8b17-2e630720df44_GAGGCAATCAGAGTGG-1,1,24,ependymal
20e86156-cdd7-4bea-8b17-2e630720df44_GAGGCCTTCTGAGAAA-1,1,24,ependymal
20e86156-cdd7-4bea-8b17-2e630720df44_GAGGGTAAGATGTTGA-1,1,24,ependymal
20e86156-cdd7-4bea-8b17-2e630720df44_GAGTCTACAGTTTCAG-1,1,24,ependymal
20e86156-cdd7-4bea-8b17-2e630720df44_GAGTCTAGTCGAGATG-1,1,24,ependymal
20e86156-cdd7-4bea-8b17-2e630720df44_GAGTGAGAGGAAACGA-1,1,24,ependymal
20e86156-cdd7-4bea-8b17-2e630720df44_GAGTGAGAGGGCGAAG-1,1,24,ependymal
20e86156-cdd7-4bea-8b17-2e630720df44_GAGTTACCAGATTTCG-1,1,24,ependymal
20e86156-cdd7-4bea-8b17-2e630720df44_GAGTTGTGTGCCAAGA-1,1,24,ependymal
20e86156-cdd7-4bea-8b17-2e630720df44_GATAGAAGTAACATAG-1,1,24,ependymal
20e86156-cdd7-4bea-8b17-2e630720df44_GATAGAAGTCTCGGGT-1,1,24,ependymal
20e86156-cdd7-4bea-8b17-2e630720df44_GATCACACAAATCGTC-1,1,24,ependymal
20e86156-cdd7-4bea-8b17-2e630720df44_GATCATGCAAAGACGC-1,1,24,ependymal
20e86156-cdd7-4bea-8b17-2e630720df44_GATCATGCATTCCTAT-1,1,24,ependymal
20e86156-cdd7-4bea-8b17-2e630720df44_GATCCCTGTATGGAGC-1,1,24,ependymal
20e86156-cdd7-4bea-8b17-2e630720df44_GATGAGGGTTGCAAGG-1,1,24,ependymal
20e86156-cdd7-4bea-8b17-2e630720df44_GATGGAGAGCAGGTCA-1,1,24,ependymal
20e86156-cdd7-4bea-8b17-2e630720df44_GATGTTGGTTGGGACA-1,1,24,ependymal
20e86156-cdd7-4bea-8b17-2e630720df44_GATGTTGTCTATGCCC-1,1,24,ependymal
20e86156-cdd7-4bea-8b17-2e630720df44_GATTCGATCGATAACC-1,1,24,ependymal
20e86156-cdd7-4bea-8b17-2e630720df44_GATTGGTAGACGTCCC-1,1,24,ependymal
20e86156-cdd7-4bea-8b17-2e630720df44_GCAACCGGTTTGCAGT-1,1,24,ependymal
20e86156-cdd7-4bea-8b17-2e630720df44_GCACGGTGTTTGACAC-1,1,24,ependymal
20e86156-cdd7-4bea-8b17-2e630720df44_GCAGCCATCCATTGTT-1,1,24,ependymal
20e86156-cdd7-4bea-8b17-2e630720df44_GCAGTTATCGAGCCAC-1,1,24,ependymal
20e86156-cdd7-4bea-8b17-2e630720df44_GCAGTTATCGTAGCCG-1,1,24,ependymal
20e86156-cdd7-4bea-8b17-2e630720df44_GCAGTTATCGTTTACT-1,1,24,ependymal
20e86156-cdd7-4bea-8b17-2e630720df44_GCATCGGGTTTAGACC-1,1,24,ependymal
20e86156-cdd7-4bea-8b17-2e630720df44_GCATCGGTCTTAATCC-1,1,24,ependymal
20e86156-cdd7-4bea-8b17-2e630720df44_GCATGATAGCAATAGT-1,1,24,ependymal
20e86156-cdd7-4bea-8b17-2e630720df44_GCCAGCAAGTTGTACC-1,1,24,ependymal
20e86156-cdd7-4bea-8b17-2e630720df44_GCCAGCATCCATTGCC-1,1,24,ependymal
20e86156-cdd7-4bea-8b17-2e630720df44_GCCAGTGAGTCATTGC-1,1,24,ependymal
20e86156-cdd7-4bea-8b17-2e630720df44_GCCAGTGGTCGCGTCA-1,1,24,ependymal
20e86156-cdd7-4bea-8b17-2e630720df44_GCCCAGAAGTCTCGTA-1,1,24,ependymal
20e86156-cdd7-4bea-8b17-2e630720df44_GCCCAGACACGCTATA-1,1,24,ependymal
20e86156-cdd7-4bea-8b17-2e630720df44_GCCGTGACATCCTATT-1,1,24,ependymal
20e86156-cdd7-4bea-8b17-2e630720df44_GCCGTGAGTCCACACG-1,1,24,ependymal
20e86156-cdd7-4bea-8b17-2e630720df44_GCCTGTTTCCTGGTCT-1,1,24,ependymal
20e86156-cdd7-4bea-8b17-2e630720df44_GCGAGAACAGACAATA-1,1,24,ependymal
20e86156-cdd7-4bea-8b17-2e630720df44_GCGAGAAGTCAACCTA-1,1,24,ependymal
20e86156-cdd7-4bea-8b17-2e630720df44_GCGAGAATCAGAGTTC-1,1,24,ependymal
20e86156-cdd7-4bea-8b17-2e630720df44_GCGGATCAGTGGTTGG-1,1,24,ependymal
20e86156-cdd7-4bea-8b17-2e630720df44_GCTACAACAACTCCCT-1,1,24,ependymal
20e86156-cdd7-4bea-8b17-2e630720df44_GCTACAAGTTGGTAGG-1,1,24,ependymal
20e86156-cdd7-4bea-8b17-2e630720df44_GCTACAATCTCATAGG-1,1,24,ependymal
20e86156-cdd7-4bea-8b17-2e630720df44_GCTACCTGTATGGTAA-1,1,24,ependymal
20e86156-cdd7-4bea-8b17-2e630720df44_GCTCAAATCAGATGCT-1,1,24,ependymal
20e86156-cdd7-4bea-8b17-2e630720df44_GCTGAATCAACACTAC-1,1,24,ependymal
20e86156-cdd7-4bea-8b17-2e630720df44_GCTGAATGTGGCCACT-1,1,24,ependymal
20e86156-cdd7-4bea-8b17-2e630720df44_GCTGGGTGTCTGTCCT-1,1,24,ependymal
20e86156-cdd7-4bea-8b17-2e630720df44_GCTTCACGTTGTACGT-1,1,24,ependymal
20e86156-cdd7-4bea-8b17-2e630720df44_GCTTGGGGTAAGGTCG-1,1,24,ependymal
20e86156-cdd7-4bea-8b17-2e630720df44_GCTTGGGTCTTTGCTA-1,1,24,ependymal
20e86156-cdd7-4bea-8b17-2e630720df44_GGAAGTGAGTTACTCG-1,1,24,ependymal
20e86156-cdd7-4bea-8b17-2e630720df44_GGAGAACAGGCTCTCG-1,1,24,ependymal
20e86156-cdd7-4bea-8b17-2e630720df44_GGAGATGCAAGAGCTG-1,1,24,ependymal
20e86156-cdd7-4bea-8b17-2e630720df44_GGAGGTAGTAGAATGT-1,1,24,ependymal
20e86156-cdd7-4bea-8b17-2e630720df44_GGATCTAAGAGTCAGC-1,1,24,ependymal
20e86156-cdd7-4bea-8b17-2e630720df44_GGATCTAGTCGCACAC-1,1,24,ependymal
20e86156-cdd7-4bea-8b17-2e630720df44_GGCGTCAAGGTACCTT-1,1,24,ependymal
20e86156-cdd7-4bea-8b17-2e630720df44_GGCGTCACATGTCAGT-1,1,24,ependymal
20e86156-cdd7-4bea-8b17-2e630720df44_GGCGTCAGTCGATTAC-1,1,24,ependymal
20e86156-cdd7-4bea-8b17-2e630720df44_GGCTGTGGTAATGCGG-1,1,24,ependymal
20e86156-cdd7-4bea-8b17-2e630720df44_GGCTTGGCATTGACTG-1,1,24,ependymal
20e86156-cdd7-4bea-8b17-2e630720df44_GGCTTTCGTCACGTGC-1,1,24,ependymal
20e86156-cdd7-4bea-8b17-2e630720df44_GGCTTTCGTTCAAGGG-1,1,24,ependymal
20e86156-cdd7-4bea-8b17-2e630720df44_GGGACAATCCGTATAG-1,1,24,ependymal
20e86156-cdd7-4bea-8b17-2e630720df44_GGGACCTTCCAATCCC-1,1,24,ependymal
20e86156-cdd7-4bea-8b17-2e630720df44_GGGATGAGTGCGAACA-1,1,24,ependymal
20e86156-cdd7-4bea-8b17-2e630720df44_GGGATGATCACACCCT-1,1,24,ependymal
20e86156-cdd7-4bea-8b17-2e630720df44_GGGATGATCACCTCAC-1,1,24,ependymal
20e86156-cdd7-4bea-8b17-2e630720df44_GGGCCATCAGATCATC-1,1,24,ependymal
20e86156-cdd7-4bea-8b17-2e630720df44_GGGCGTTCAGCACAGA-1,1,24,ependymal
20e86156-cdd7-4bea-8b17-2e630720df44_GGGCTACCAACCGTAT-1,1,24,ependymal
20e86156-cdd7-4bea-8b17-2e630720df44_GGGCTACTCCCTATTA-1,1,24,ependymal
20e86156-cdd7-4bea-8b17-2e630720df44_GGGTAGATCGATGCTA-1,1,24,ependymal
20e86156-cdd7-4bea-8b17-2e630720df44_GGGTCACTCATCTATC-1,1,24,ependymal
20e86156-cdd7-4bea-8b17-2e630720df44_GGGTGAATCGGTGTTA-1,1,24,ependymal
20e86156-cdd7-4bea-8b17-2e630720df44_GGGTTATAGTATAACG-1,1,24,ependymal
20e86156-cdd7-4bea-8b17-2e630720df44_GGGTTTAAGCGCCTCA-1,1,24,ependymal
20e86156-cdd7-4bea-8b17-2e630720df44_GGTAATCGTACCAATC-1,1,24,ependymal
20e86156-cdd7-4bea-8b17-2e630720df44_GGTCACGCATTGCTGA-1,1,24,ependymal
20e86156-cdd7-4bea-8b17-2e630720df44_GGTGAAGGTGACTCGC-1,1,24,ependymal
20e86156-cdd7-4bea-8b17-2e630720df44_GGTGTCGGTAGTCGTT-1,1,24,ependymal
20e86156-cdd7-4bea-8b17-2e630720df44_GGTGTTACATCCGGTG-1,1,24,ependymal
20e86156-cdd7-4bea-8b17-2e630720df44_GGTTGTATCTACCCAC-1,1,24,ependymal
20e86156-cdd7-4bea-8b17-2e630720df44_GTAACACCAACCGACC-1,1,24,ependymal
20e86156-cdd7-4bea-8b17-2e630720df44_GTAACACCAGTCTACA-1,1,24,ependymal
20e86156-cdd7-4bea-8b17-2e630720df44_GTAACACTCGTAGGGA-1,1,24,ependymal
20e86156-cdd7-4bea-8b17-2e630720df44_GTAACCAGTTTCGTTT-1,1,24,ependymal
20e86156-cdd7-4bea-8b17-2e630720df44_GTAATCGAGCAACAAT-1,1,24,ependymal
20e86156-cdd7-4bea-8b17-2e630720df44_GTAGAAATCACGTAGT-1,1,24,ependymal
20e86156-cdd7-4bea-8b17-2e630720df44_GTAGGAGCACAACCGC-1,1,24,ependymal
20e86156-cdd7-4bea-8b17-2e630720df44_GTAGTACCAAGTGTCT-1,1,24,ependymal
20e86156-cdd7-4bea-8b17-2e630720df44_GTAGTACCACGTACAT-1,1,24,ependymal
20e86156-cdd7-4bea-8b17-2e630720df44_GTATTTCTCCAACTAG-1,1,24,ependymal
20e86156-cdd7-4bea-8b17-2e630720df44_GTCAAACTCCCGAATA-1,1,24,ependymal
20e86156-cdd7-4bea-8b17-2e630720df44_GTCACTCAGATCCTAC-1,1,24,ependymal
20e86156-cdd7-4bea-8b17-2e630720df44_GTCACTCGTGGGCTCT-1,1,24,ependymal
20e86156-cdd7-4bea-8b17-2e630720df44_GTCACTCGTTGCATGT-1,1,24,ependymal
20e86156-cdd7-4bea-8b17-2e630720df44_GTCAGCGTCAGGTAAA-1,1,24,ependymal
20e86156-cdd7-4bea-8b17-2e630720df44_GTCCACTTCAATCTTC-1,1,24,ependymal
20e86156-cdd7-4bea-8b17-2e630720df44_GTCCACTTCGGTGAAG-1,1,24,ependymal
20e86156-cdd7-4bea-8b17-2e630720df44_GTCCCATTCCTCGATC-1,1,24,ependymal
20e86156-cdd7-4bea-8b17-2e630720df44_GTCGAATCACACTGGC-1,1,24,ependymal
20e86156-cdd7-4bea-8b17-2e630720df44_GTCGAATCACCTGCGA-1,1,24,ependymal
20e86156-cdd7-4bea-8b17-2e630720df44_GTCGTTCCATGAGAAT-1,1,24,ependymal
20e86156-cdd7-4bea-8b17-2e630720df44_GTCTACCAGCGTGAGT-1,1,24,ependymal
20e86156-cdd7-4bea-8b17-2e630720df44_GTCTACCGTAGGTTTC-1,1,24,ependymal
20e86156-cdd7-4bea-8b17-2e630720df44_GTCTGTCTCCCGAACG-1,1,24,ependymal
20e86156-cdd7-4bea-8b17-2e630720df44_GTGAGGAAGACCGCCT-1,1,24,ependymal
20e86156-cdd7-4bea-8b17-2e630720df44_GTGAGTTCAACTGAAA-1,1,24,ependymal
20e86156-cdd7-4bea-8b17-2e630720df44_GTGCACGAGAGGGTAA-1,1,24,ependymal
20e86156-cdd7-4bea-8b17-2e630720df44_GTGCACGAGCTTACGT-1,1,24,ependymal
20e86156-cdd7-4bea-8b17-2e630720df44_GTGCAGCCATGTCAGT-1,1,24,ependymal
20e86156-cdd7-4bea-8b17-2e630720df44_GTGCTGGCATGAAGCG-1,1,24,ependymal
20e86156-cdd7-4bea-8b17-2e630720df44_GTGCTTCAGCACTAAA-1,1,24,ependymal
20e86156-cdd7-4bea-8b17-2e630720df44_GTGCTTCCATGTTTGG-1,1,24,ependymal
20e86156-cdd7-4bea-8b17-2e630720df44_GTGCTTCCATTGTGCA-1,1,24,ependymal
20e86156-cdd7-4bea-8b17-2e630720df44_GTGGAAGCAAATTGCC-1,1,24,ependymal
20e86156-cdd7-4bea-8b17-2e630720df44_GTGGAGAGTGGCGTAA-1,1,24,ependymal
20e86156-cdd7-4bea-8b17-2e630720df44_GTGGCGTTCGACGAGA-1,1,24,ependymal
20e86156-cdd7-4bea-8b17-2e630720df44_GTGGTTAAGCACTCTA-1,1,24,ependymal
20e86156-cdd7-4bea-8b17-2e630720df44_GTGTGGCGTCTTCTAT-1,1,24,ependymal
20e86156-cdd7-4bea-8b17-2e630720df44_GTGTTAGTCGTAGGAG-1,1,24,ependymal
20e86156-cdd7-4bea-8b17-2e630720df44_GTGTTCCGTGGATACG-1,1,24,ependymal
20e86156-cdd7-4bea-8b17-2e630720df44_GTTACAGGTTGTCAGT-1,1,24,ependymal
20e86156-cdd7-4bea-8b17-2e630720df44_GTTACAGTCGCCGAAC-1,1,24,ependymal
20e86156-cdd7-4bea-8b17-2e630720df44_GTTACCCGTTCTCGTC-1,1,24,ependymal
20e86156-cdd7-4bea-8b17-2e630720df44_GTTACGAAGGTCTACT-1,1,24,ependymal
20e86156-cdd7-4bea-8b17-2e630720df44_GTTAGTGCACGTTGGC-1,1,24,ependymal
20e86156-cdd7-4bea-8b17-2e630720df44_GTTATGGGTTAATCGC-1,1,24,ependymal
20e86156-cdd7-4bea-8b17-2e630720df44_GTTATGGTCTTCCTAA-1,1,24,ependymal
20e86156-cdd7-4bea-8b17-2e630720df44_GTTCCGTAGGCTCTCG-1,1,24,ependymal
20e86156-cdd7-4bea-8b17-2e630720df44_GTTCCGTCAGGATTCT-1,1,24,ependymal
20e86156-cdd7-4bea-8b17-2e630720df44_GTTCCGTGTCTCACAA-1,1,24,ependymal
20e86156-cdd7-4bea-8b17-2e630720df44_GTTCGCTAGCTCTGTA-1,1,24,ependymal
20e86156-cdd7-4bea-8b17-2e630720df44_GTTCGCTCAGTACTAC-1,1,24,ependymal
20e86156-cdd7-4bea-8b17-2e630720df44_GTTCTATAGTGTTGTC-1,1,24,ependymal
20e86156-cdd7-4bea-8b17-2e630720df44_GTTGTAGTCTTTGCTA-1,1,24,ependymal
20e86156-cdd7-4bea-8b17-2e630720df44_GTTGTCCTCGACATCA-1,1,24,ependymal
20e86156-cdd7-4bea-8b17-2e630720df44_GTTGTCCTCTACACAG-1,1,24,ependymal
20e86156-cdd7-4bea-8b17-2e630720df44_GTTGTGACAAATGGTA-1,1,24,ependymal
20e86156-cdd7-4bea-8b17-2e630720df44_GTTGTGAGTACACTCA-1,1,24,ependymal
20e86156-cdd7-4bea-8b17-2e630720df44_GTTTGGAGTTCTGAGT-1,1,24,ependymal
20e86156-cdd7-4bea-8b17-2e630720df44_GTTTGGATCCCGAATA-1,1,24,ependymal
20e86156-cdd7-4bea-8b17-2e630720df44_TAAGCACTCGTTCGCT-1,1,24,ependymal
20e86156-cdd7-4bea-8b17-2e630720df44_TAAGCGTTCGATAACC-1,1,24,ependymal
20e86156-cdd7-4bea-8b17-2e630720df44_TAAGTCGCAAGGGCAT-1,1,24,ependymal
20e86156-cdd7-4bea-8b17-2e630720df44_TAAGTCGCAGGTTTAC-1,1,24,ependymal
20e86156-cdd7-4bea-8b17-2e630720df44_TAATCTCAGTTGCTGT-1,1,24,ependymal
20e86156-cdd7-4bea-8b17-2e630720df44_TAATCTCGTGCGTGCT-1,1,24,ependymal
20e86156-cdd7-4bea-8b17-2e630720df44_TAATTCCGTCAGTCTA-1,1,24,ependymal
20e86156-cdd7-4bea-8b17-2e630720df44_TACAGGTGTTCGAAGG-1,1,24,ependymal
20e86156-cdd7-4bea-8b17-2e630720df44_TACAGGTTCTGGCCGA-1,1,24,ependymal
20e86156-cdd7-4bea-8b17-2e630720df44_TACATTCCAGCACGAA-1,1,24,ependymal
20e86156-cdd7-4bea-8b17-2e630720df44_TACCCACGTCAGTCGC-1,1,24,ependymal
20e86156-cdd7-4bea-8b17-2e630720df44_TACCCACTCCCTCGTA-1,1,24,ependymal
20e86156-cdd7-4bea-8b17-2e630720df44_TACCGAACACCACATA-1,1,24,ependymal
20e86156-cdd7-4bea-8b17-2e630720df44_TACCGGGTCTTCCCGA-1,1,24,ependymal
20e86156-cdd7-4bea-8b17-2e630720df44_TACCTCGCATCTGCGG-1,1,24,ependymal
20e86156-cdd7-4bea-8b17-2e630720df44_TACGCTCTCATTACCT-1,1,24,ependymal
20e86156-cdd7-4bea-8b17-2e630720df44_TACGGGCGTAGCGTAG-1,1,24,ependymal
20e86156-cdd7-4bea-8b17-2e630720df44_TACGGTAAGCCAAGTG-1,1,24,ependymal
20e86156-cdd7-4bea-8b17-2e630720df44_TACTGCCTCATTTGTC-1,1,24,ependymal
20e86156-cdd7-4bea-8b17-2e630720df44_TACTTACGTTCATCGA-1,1,24,ependymal
20e86156-cdd7-4bea-8b17-2e630720df44_TACTTCAGTGCAATGG-1,1,24,ependymal
20e86156-cdd7-4bea-8b17-2e630720df44_TAGACCAAGTAACGAT-1,1,24,ependymal
20e86156-cdd7-4bea-8b17-2e630720df44_TAGACCACAATAGGAT-1,1,24,ependymal
20e86156-cdd7-4bea-8b17-2e630720df44_TAGAGTCAGAATTGCA-1,1,24,ependymal
20e86156-cdd7-4bea-8b17-2e630720df44_TAGGTACGTGGAAATT-1,1,24,ependymal
20e86156-cdd7-4bea-8b17-2e630720df44_TAGGTTGGTGACACGA-1,1,24,ependymal
20e86156-cdd7-4bea-8b17-2e630720df44_TATACCTTCCTGCCAT-1,1,24,ependymal
20e86156-cdd7-4bea-8b17-2e630720df44_TATCAGGCACACCGCA-1,1,24,ependymal
20e86156-cdd7-4bea-8b17-2e630720df44_TATCAGGTCGGACGTC-1,1,24,ependymal
20e86156-cdd7-4bea-8b17-2e630720df44_TATCTGTCAAGCACAG-1,1,24,ependymal
20e86156-cdd7-4bea-8b17-2e630720df44_TATCTGTCATCCTATT-1,1,24,ependymal
20e86156-cdd7-4bea-8b17-2e630720df44_TATTGCTAGTGAGTGC-1,1,24,ependymal
20e86156-cdd7-4bea-8b17-2e630720df44_TATTGCTCACGACTAT-1,1,24,ependymal
20e86156-cdd7-4bea-8b17-2e630720df44_TATTTCGGTCCGGTCA-1,1,24,ependymal
20e86156-cdd7-4bea-8b17-2e630720df44_TCAAGACGTCAGTTTG-1,1,24,ependymal
20e86156-cdd7-4bea-8b17-2e630720df44_TCAAGCAAGAGACAAG-1,1,24,ependymal
20e86156-cdd7-4bea-8b17-2e630720df44_TCAAGCACAACAGCTT-1,1,24,ependymal
20e86156-cdd7-4bea-8b17-2e630720df44_TCAAGCACACAAGCCC-1,1,24,ependymal
20e86156-cdd7-4bea-8b17-2e630720df44_TCAAGTGAGTAACCTC-1,1,24,ependymal
20e86156-cdd7-4bea-8b17-2e630720df44_TCAATCTCATTGCTGA-1,1,24,ependymal
20e86156-cdd7-4bea-8b17-2e630720df44_TCACGCTTCACCCTTG-1,1,24,ependymal
20e86156-cdd7-4bea-8b17-2e630720df44_TCACGGGGTAGCGCTC-1,1,24,ependymal
20e86156-cdd7-4bea-8b17-2e630720df44_TCACGGGGTTTACTTC-1,1,24,ependymal
20e86156-cdd7-4bea-8b17-2e630720df44_TCAGCAAAGAGATGCC-1,1,24,ependymal
20e86156-cdd7-4bea-8b17-2e630720df44_TCAGTTTGTCCCGCAA-1,1,24,ependymal
20e86156-cdd7-4bea-8b17-2e630720df44_TCATACTAGGCGTTAG-1,1,24,ependymal
20e86156-cdd7-4bea-8b17-2e630720df44_TCATATCAGGGAACAA-1,1,24,ependymal
20e86156-cdd7-4bea-8b17-2e630720df44_TCATATCGTACGACTT-1,1,24,ependymal
20e86156-cdd7-4bea-8b17-2e630720df44_TCATATCTCACCATCC-1,1,24,ependymal
20e86156-cdd7-4bea-8b17-2e630720df44_TCATGAGAGATCGACG-1,1,24,ependymal
20e86156-cdd7-4bea-8b17-2e630720df44_TCATGGAAGGTTACAA-1,1,24,ependymal
20e86156-cdd7-4bea-8b17-2e630720df44_TCATGGAGTATCGCGC-1,1,24,ependymal
20e86156-cdd7-4bea-8b17-2e630720df44_TCATGTTTCTTAGGAC-1,1,24,ependymal
20e86156-cdd7-4bea-8b17-2e630720df44_TCATTCAGTTTCGATG-1,1,24,ependymal
20e86156-cdd7-4bea-8b17-2e630720df44_TCCACCAAGATCGCTT-1,1,24,ependymal
20e86156-cdd7-4bea-8b17-2e630720df44_TCCACCACACCTTCGT-1,1,24,ependymal
20e86156-cdd7-4bea-8b17-2e630720df44_TCCACGTGTTTGGGAG-1,1,24,ependymal
20e86156-cdd7-4bea-8b17-2e630720df44_TCCATGCGTAGTTAGA-1,1,24,ependymal
20e86156-cdd7-4bea-8b17-2e630720df44_TCCCAGTTCTGCGGAC-1,1,24,ependymal
20e86156-cdd7-4bea-8b17-2e630720df44_TCCGAAAAGCCAGTAG-1,1,24,ependymal
20e86156-cdd7-4bea-8b17-2e630720df44_TCCTAATGTTAGGGAC-1,1,24,ependymal
20e86156-cdd7-4bea-8b17-2e630720df44_TCCTAATTCTAGGCCG-1,1,24,ependymal
20e86156-cdd7-4bea-8b17-2e630720df44_TCCTAATTCTGCGGGT-1,1,24,ependymal
20e86156-cdd7-4bea-8b17-2e630720df44_TCCTCCCGTGCCCAGT-1,1,24,ependymal
20e86156-cdd7-4bea-8b17-2e630720df44_TCCTCGACATACACCA-1,1,24,ependymal
20e86156-cdd7-4bea-8b17-2e630720df44_TCCTCTTCAAATCGTC-1,1,24,ependymal
20e86156-cdd7-4bea-8b17-2e630720df44_TCCTCTTCACTATGTG-1,1,24,ependymal
20e86156-cdd7-4bea-8b17-2e630720df44_TCGCACTTCAATCAGC-1,1,24,ependymal
20e86156-cdd7-4bea-8b17-2e630720df44_TCGCACTTCGCGTAGC-1,1,24,ependymal
20e86156-cdd7-4bea-8b17-2e630720df44_TCGCTTGCAATGCTCA-1,1,24,ependymal
20e86156-cdd7-4bea-8b17-2e630720df44_TCGGGCAGTTGTCTAG-1,1,24,ependymal
20e86156-cdd7-4bea-8b17-2e630720df44_TCGTAGACATTACGGT-1,1,24,ependymal
20e86156-cdd7-4bea-8b17-2e630720df44_TCGTAGATCAAGCCCG-1,1,24,ependymal
20e86156-cdd7-4bea-8b17-2e630720df44_TCGTAGATCCCTCTTT-1,1,24,ependymal
20e86156-cdd7-4bea-8b17-2e630720df44_TCTATACAGGATGTTA-1,1,24,ependymal
20e86156-cdd7-4bea-8b17-2e630720df44_TCTCACGAGCTACGTT-1,1,24,ependymal
20e86156-cdd7-4bea-8b17-2e630720df44_TCTCACGCATTGAGGG-1,1,24,ependymal
20e86156-cdd7-4bea-8b17-2e630720df44_TCTCTGGCAATTGCCA-1,1,24,ependymal
20e86156-cdd7-4bea-8b17-2e630720df44_TCTGTCGTCACAACCA-1,1,24,ependymal
20e86156-cdd7-4bea-8b17-2e630720df44_TCTTAGTAGAAGGATG-1,1,24,ependymal
20e86156-cdd7-4bea-8b17-2e630720df44_TCTTGCGAGCATCAGG-1,1,24,ependymal
20e86156-cdd7-4bea-8b17-2e630720df44_TGAATGCCAGAATTCC-1,1,24,ependymal
20e86156-cdd7-4bea-8b17-2e630720df44_TGAATGCCAGCCGGTT-1,1,24,ependymal
20e86156-cdd7-4bea-8b17-2e630720df44_TGACCCTTCTCGGTCT-1,1,24,ependymal
20e86156-cdd7-4bea-8b17-2e630720df44_TGACGCGGTGTCCAAT-1,1,24,ependymal
20e86156-cdd7-4bea-8b17-2e630720df44_TGACTCCAGACGAAGA-1,1,24,ependymal
20e86156-cdd7-4bea-8b17-2e630720df44_TGAGCGCGTTAGCTAC-1,1,24,ependymal
20e86156-cdd7-4bea-8b17-2e630720df44_TGAGGAGGTATAGCTC-1,1,24,ependymal
20e86156-cdd7-4bea-8b17-2e630720df44_TGAGGGATCGGTGTTA-1,1,24,ependymal
20e86156-cdd7-4bea-8b17-2e630720df44_TGATGCATCGACATAC-1,1,24,ependymal
20e86156-cdd7-4bea-8b17-2e630720df44_TGATGGTAGCGAACTG-1,1,24,ependymal
20e86156-cdd7-4bea-8b17-2e630720df44_TGATGGTAGCTGCGAA-1,1,24,ependymal
20e86156-cdd7-4bea-8b17-2e630720df44_TGCAGATTCCGTGGTG-1,1,24,ependymal
20e86156-cdd7-4bea-8b17-2e630720df44_TGCAGGCGTCGGTGTC-1,1,24,ependymal
20e86156-cdd7-4bea-8b17-2e630720df44_TGCAGGCGTGAATTGA-1,1,24,ependymal
20e86156-cdd7-4bea-8b17-2e630720df44_TGCAGGCGTGTCTAAC-1,1,24,ependymal
20e86156-cdd7-4bea-8b17-2e630720df44_TGCATCCGTTTAGACC-1,1,24,ependymal
20e86156-cdd7-4bea-8b17-2e630720df44_TGCATCCTCATCCTGC-1,1,24,ependymal
20e86156-cdd7-4bea-8b17-2e630720df44_TGCATGAGTCGCGTTG-1,1,24,ependymal
20e86156-cdd7-4bea-8b17-2e630720df44_TGCCGAGCAGCTGTGC-1,1,24,ependymal
20e86156-cdd7-4bea-8b17-2e630720df44_TGCCGAGGTCGGCTAC-1,1,24,ependymal
20e86156-cdd7-4bea-8b17-2e630720df44_TGCGATATCTGTGCAA-1,1,24,ependymal
20e86156-cdd7-4bea-8b17-2e630720df44_TGCGGCAAGGCCCGTT-1,1,24,ependymal
20e86156-cdd7-4bea-8b17-2e630720df44_TGCGGCAGTTGAAGTA-1,1,24,ependymal
20e86156-cdd7-4bea-8b17-2e630720df44_TGCGGCATCTGCACCT-1,1,24,ependymal
20e86156-cdd7-4bea-8b17-2e630720df44_TGCTCCACATCCGGTG-1,1,24,ependymal
20e86156-cdd7-4bea-8b17-2e630720df44_TGCTTGCTCACCTCGT-1,1,24,ependymal
20e86156-cdd7-4bea-8b17-2e630720df44_TGGAACTAGAGGGCGA-1,1,24,ependymal
20e86156-cdd7-4bea-8b17-2e630720df44_TGGAGAGTCCATATGG-1,1,24,ependymal
20e86156-cdd7-4bea-8b17-2e630720df44_TGGATCAGTCAGTCTA-1,1,24,ependymal
20e86156-cdd7-4bea-8b17-2e630720df44_TGGCGTGAGGTCGTCC-1,1,24,ependymal
20e86156-cdd7-4bea-8b17-2e630720df44_TGGCGTGCAAGCGCAA-1,1,24,ependymal
20e86156-cdd7-4bea-8b17-2e630720df44_TGGCGTGGTAGCGCTC-1,1,24,ependymal
20e86156-cdd7-4bea-8b17-2e630720df44_TGGGATTAGGTGATAT-1,1,24,ependymal
20e86156-cdd7-4bea-8b17-2e630720df44_TGGGATTAGTGAGGTC-1,1,24,ependymal
20e86156-cdd7-4bea-8b17-2e630720df44_TGGGATTTCCTTGGAA-1,1,24,ependymal
20e86156-cdd7-4bea-8b17-2e630720df44_TGGGCGTAGCTATCCA-1,1,24,ependymal
20e86156-cdd7-4bea-8b17-2e630720df44_TGTAACGGTACGCTTA-1,1,24,ependymal
20e86156-cdd7-4bea-8b17-2e630720df44_TGTACAGCACCGTGGT-1,1,24,ependymal
20e86156-cdd7-4bea-8b17-2e630720df44_TGTAGACGTTCGGCTG-1,1,24,ependymal
20e86156-cdd7-4bea-8b17-2e630720df44_TGTCAGATCGACCATA-1,1,24,ependymal
20e86156-cdd7-4bea-8b17-2e630720df44_TGTCCACCATCCGGCA-1,1,24,ependymal
20e86156-cdd7-4bea-8b17-2e630720df44_TGTGGCGCACTGTCGG-1,1,24,ependymal
20e86156-cdd7-4bea-8b17-2e630720df44_TGTGGCGTCAGACTGT-1,1,24,ependymal
20e86156-cdd7-4bea-8b17-2e630720df44_TGTTCTAAGCCGTCGT-1,1,24,ependymal
20e86156-cdd7-4bea-8b17-2e630720df44_TGTTCTAAGGTCGTGA-1,1,24,ependymal
20e86156-cdd7-4bea-8b17-2e630720df44_TTACCATAGCAACTTC-1,1,24,ependymal
20e86156-cdd7-4bea-8b17-2e630720df44_TTACCGCTCTTCCTAA-1,1,24,ependymal
20e86156-cdd7-4bea-8b17-2e630720df44_TTCAATCTCATTTGTC-1,1,24,ependymal
20e86156-cdd7-4bea-8b17-2e630720df44_TTCACGCTCGTCAGAT-1,1,24,ependymal
20e86156-cdd7-4bea-8b17-2e630720df44_TTCACGCTCGTTCAGA-1,1,24,ependymal
20e86156-cdd7-4bea-8b17-2e630720df44_TTCATTGTCGCGGACT-1,1,24,ependymal
20e86156-cdd7-4bea-8b17-2e630720df44_TTCCAATGTCATGACT-1,1,24,ependymal
20e86156-cdd7-4bea-8b17-2e630720df44_TTCCAATTCGCCGATG-1,1,24,ependymal
20e86156-cdd7-4bea-8b17-2e630720df44_TTCCACGAGTGGAATT-1,1,24,ependymal
20e86156-cdd7-4bea-8b17-2e630720df44_TTCCGGTCAATAGGGC-1,1,24,ependymal
20e86156-cdd7-4bea-8b17-2e630720df44_TTCCTAACAAACGTGG-1,1,24,ependymal
20e86156-cdd7-4bea-8b17-2e630720df44_TTCCTTCGTCTAGGTT-1,1,24,ependymal
20e86156-cdd7-4bea-8b17-2e630720df44_TTCGATTAGGTACCTT-1,1,24,ependymal
20e86156-cdd7-4bea-8b17-2e630720df44_TTCGCTGTCTACAGGT-1,1,24,ependymal
20e86156-cdd7-4bea-8b17-2e630720df44_TTCGGTCAGTAGGAAG-1,1,24,ependymal
20e86156-cdd7-4bea-8b17-2e630720df44_TTCGGTCTCCCTGGTT-1,1,24,ependymal
20e86156-cdd7-4bea-8b17-2e630720df44_TTCTAGTAGTATCTGC-1,1,24,ependymal
20e86156-cdd7-4bea-8b17-2e630720df44_TTCTAGTGTAGATTGA-1,1,24,ependymal
20e86156-cdd7-4bea-8b17-2e630720df44_TTCTAGTGTGAGTAAT-1,1,24,ependymal
20e86156-cdd7-4bea-8b17-2e630720df44_TTCTGTAAGGAAAGTG-1,1,24,ependymal
20e86156-cdd7-4bea-8b17-2e630720df44_TTCTGTACATGGGTTT-1,1,24,ependymal
20e86156-cdd7-4bea-8b17-2e630720df44_TTCTGTATCGCTACGG-1,1,24,ependymal
20e86156-cdd7-4bea-8b17-2e630720df44_TTCTTCCGTATCGGTT-1,1,24,ependymal
20e86156-cdd7-4bea-8b17-2e630720df44_TTGAACGCATAACGGG-1,1,24,ependymal
20e86156-cdd7-4bea-8b17-2e630720df44_TTGACCCGTCCGAAAG-1,1,24,ependymal
20e86156-cdd7-4bea-8b17-2e630720df44_TTGATGGCACCTGTCT-1,1,24,ependymal
20e86156-cdd7-4bea-8b17-2e630720df44_TTGCATTCAATTGCGT-1,1,24,ependymal
20e86156-cdd7-4bea-8b17-2e630720df44_TTGGGTACACGCTGTG-1,1,24,ependymal
20e86156-cdd7-4bea-8b17-2e630720df44_TTGGTTTAGGGATCGT-1,1,24,ependymal
20e86156-cdd7-4bea-8b17-2e630720df44_TTGTGTTCAAATGATG-1,1,24,ependymal
20e86156-cdd7-4bea-8b17-2e630720df44_TTGTTTGGTAATGCTC-1,1,24,ependymal
20e86156-cdd7-4bea-8b17-2e630720df44_TTGTTTGGTGAGTCAG-1,1,24,ependymal
20e86156-cdd7-4bea-8b17-2e630720df44_TTTACTGAGGAGTATT-1,1,24,ependymal
20e86156-cdd7-4bea-8b17-2e630720df44_TTTACTGAGGGAGATA-1,1,24,ependymal
20e86156-cdd7-4bea-8b17-2e630720df44_TTTAGTCCAAGCTACT-1,1,24,ependymal
20e86156-cdd7-4bea-8b17-2e630720df44_TTTCAGTCATAAGCAA-1,1,24,ependymal
20e86156-cdd7-4bea-8b17-2e630720df44_TTTCAGTGTCATCCCT-1,1,24,ependymal
20e86156-cdd7-4bea-8b17-2e630720df44_TTTCAGTTCTAGTGAC-1,1,24,ependymal
20e86156-cdd7-4bea-8b17-2e630720df44_TTTGACTAGCCTATCA-1,1,24,ependymal
20e86156-cdd7-4bea-8b17-2e630720df44_TTTGGAGAGTCGAAAT-1,1,24,ependymal
20e86156-cdd7-4bea-8b17-2e630720df44_TTTGTTGAGTGGAAGA-1,1,24,ependymal
21521784-3a62-4989-bd29-0f920e1eaa2b_ATAGACCCAAACCACT-1,1,24,ependymal
21521784-3a62-4989-bd29-0f920e1eaa2b_GTGTGGCCATGTAACC-1,1,24,ependymal
44dcf3b7-977a-410f-8901-412697377924_AGCCAATGTAGACGGT-1,1,24,ependymal
44dcf3b7-977a-410f-8901-412697377924_ATCCCTGTCAAGAGTA-1,1,24,ependymal
44dcf3b7-977a-410f-8901-412697377924_CAAGACTTCGTTGTTT-1,1,24,ependymal
44dcf3b7-977a-410f-8901-412697377924_CATGGTACAATCTAGC-1,1,24,ependymal
44dcf3b7-977a-410f-8901-412697377924_CCGGTAGAGGCTTAGG-1,1,24,ependymal
44dcf3b7-977a-410f-8901-412697377924_CTCAAGAGTCTCACGG-1,1,24,ependymal
44dcf3b7-977a-410f-8901-412697377924_CTCCATGAGCTTCATG-1,1,24,ependymal
44dcf3b7-977a-410f-8901-412697377924_CTTCTAAAGGTGTGAC-1,1,24,ependymal
44dcf3b7-977a-410f-8901-412697377924_GGAGCAAGTTCGGTAT-1,1,24,ependymal
44dcf3b7-977a-410f-8901-412697377924_GTCGTTCAGCCTATCA-1,1,24,ependymal
44dcf3b7-977a-410f-8901-412697377924_GTGGAAGAGAAACTAC-1,1,24,ependymal
44dcf3b7-977a-410f-8901-412697377924_TCCTTTCAGAAGCGGG-1,1,24,ependymal
44dcf3b7-977a-410f-8901-412697377924_TGAACGTGTCTGTGGC-1,1,24,ependymal
44dcf3b7-977a-410f-8901-412697377924_TGTGATGTCATTCATC-1,1,24,ependymal
4a0d48cd-1c46-4d59-b4b0-ae842bf1323c_ACTTTCAGTTGCTCGG-1,1,24,ependymal
4a0d48cd-1c46-4d59-b4b0-ae842bf1323c_GAGACCCGTTCTTGCC-1,1,24,ependymal
7eac574d-04fa-435d-8b4d-35da0100ecb9_AAGCGTTCATAGCTGT-1,1,24,ependymal
7eac574d-04fa-435d-8b4d-35da0100ecb9_AATGGAATCCTTATCA-1,1,24,ependymal
7eac574d-04fa-435d-8b4d-35da0100ecb9_ACGTACAGTTGTGGCC-1,1,24,ependymal
7eac574d-04fa-435d-8b4d-35da0100ecb9_AGGAATATCGAACCTA-1,1,24,ependymal
7eac574d-04fa-435d-8b4d-35da0100ecb9_AGGATAAAGGAGAATG-1,1,24,ependymal
7eac574d-04fa-435d-8b4d-35da0100ecb9_AGTGCCGAGACATAAC-1,1,24,ependymal
7eac574d-04fa-435d-8b4d-35da0100ecb9_CGGGTGTGTGGACCAA-1,1,24,ependymal
7eac574d-04fa-435d-8b4d-35da0100ecb9_GACCTTCAGTATGGCG-1,1,24,ependymal
7eac574d-04fa-435d-8b4d-35da0100ecb9_GCCCAGACACGTACAT-1,1,24,ependymal
7eac574d-04fa-435d-8b4d-35da0100ecb9_GTCGCGACAAGATTGA-1,1,24,ependymal
7eac574d-04fa-435d-8b4d-35da0100ecb9_GTGGTTATCTCAAAGC-1,1,24,ependymal
7eac574d-04fa-435d-8b4d-35da0100ecb9_TGATTTCCACTTGACA-1,1,24,ependymal
7eac574d-04fa-435d-8b4d-35da0100ecb9_TTCCTAACAGGCACTC-1,1,24,ependymal
8c0685b3-521e-45a6-9677-f8e3f186e09b_AATAGAGTCCCGAGTG-1,1,24,ependymal
8c0685b3-521e-45a6-9677-f8e3f186e09b_ATCGTGAAGTCATAGA-1,1,24,ependymal
8c0685b3-521e-45a6-9677-f8e3f186e09b_ATCTTCAGTATCCTTT-1,1,24,ependymal
8c0685b3-521e-45a6-9677-f8e3f186e09b_TCATACTCAATACCTG-1,1,24,ependymal
903b7af4-a936-4c0e-8cff-87085c3faa31_TTACAGGCAAACTAGA-1,1,24,ependymal
9079231e-6906-4548-9f4f-684a86ed9b16_ACTTCGCTCCCATAAG-1,1,24,ependymal
9079231e-6906-4548-9f4f-684a86ed9b16_AGATGAATCTACGGGC-1,1,24,ependymal
9079231e-6906-4548-9f4f-684a86ed9b16_CAGATCAAGACCAAAT-1,1,24,ependymal
9079231e-6906-4548-9f4f-684a86ed9b16_CAGCAGCGTCCTCATC-1,1,24,ependymal
9079231e-6906-4548-9f4f-684a86ed9b16_GTCGAATTCGCCTTTG-1,1,24,ependymal
9079231e-6906-4548-9f4f-684a86ed9b16_GTGAGCCAGTCACTGT-1,1,24,ependymal
9079231e-6906-4548-9f4f-684a86ed9b16_TAGATCGCATTCACCC-1,1,24,ependymal
9f0f5520-2bc4-47ba-9966-0831f11ae5fd_CATAAGCGTCGGAAAC-1,1,24,ependymal
9f0f5520-2bc4-47ba-9966-0831f11ae5fd_GAACTGTGTGGGTTGA-1,1,24,ependymal
9f0f5520-2bc4-47ba-9966-0831f11ae5fd_TCATGTTCATAGTCGT-1,1,24,ependymal
9f0f5520-2bc4-47ba-9966-0831f11ae5fd_TCGGGTGTCTTCCTAA-1,1,24,ependymal
9f0f5520-2bc4-47ba-9966-0831f11ae5fd_TCGGTCTTCTGTGTGA-1,1,24,ependymal
ae4dc06f-fc6d-4557-9a22-ab81504c2953_CAGATCACAATACGAA-1,1,24,ependymal
ae4dc06f-fc6d-4557-9a22-ab81504c2953_CATCGCTAGAAGTCTA-1,1,24,ependymal
ae4dc06f-fc6d-4557-9a22-ab81504c2953_CTTCAATTCCGAGCTG-1,1,24,ependymal
ae4dc06f-fc6d-4557-9a22-ab81504c2953_GGGCTCATCCTAGCTC-1,1,24,ependymal
ae4dc06f-fc6d-4557-9a22-ab81504c2953_GGTTAACCATAACGGG-1,1,24,ependymal
ae4dc06f-fc6d-4557-9a22-ab81504c2953_TGAGCATCACCTAAAC-1,1,24,ependymal
da98ea54-62c1-4b95-acaa-1dcd98e53c12_CGGGACTGTAAGTCAA-1,1,24,ependymal
f8b54be7-f58e-4881-9147-40df9cef487b_AACTTCTGTCTGTTAG-1,1,24,ependymal
f8b54be7-f58e-4881-9147-40df9cef487b_CGGAACCTCGAGAAGC-1,1,24,ependymal
f8b54be7-f58e-4881-9147-40df9cef487b_GACATCAAGCAGCAGT-1,1,24,ependymal
f8b54be7-f58e-4881-9147-40df9cef487b_GTCAAACCACATTCTT-1,1,24,ependymal
f8b54be7-f58e-4881-9147-40df9cef487b_TAAGCGTTCCAAGCAT-1,1,24,ependymal
f8b54be7-f58e-4881-9147-40df9cef487b_TATCGCCAGTGAACAT-1,1,24,ependymal
f8b54be7-f58e-4881-9147-40df9cef487b_TCGGGTGTCGCTGCGA-1,1,24,ependymal
f8b54be7-f58e-4881-9147-40df9cef487b_TGCCGAGCAAGTGATA-1,1,24,ependymal
f8b54be7-f58e-4881-9147-40df9cef487b_TGCGACGAGGTGCTAG-1,1,24,ependymal
f8b54be7-f58e-4881-9147-40df9cef487b_TTGATGGCACTATGTG-1,1,24,ependymal
06820e2c-9eb7-4e71-a1c3-976d561e659d_CAAAGAAAGGCATGGT-1,0,25,neuron
06820e2c-9eb7-4e71-a1c3-976d561e659d_CCTCCTCCATCCCGTT-1,0,25,neuron
06820e2c-9eb7-4e71-a1c3-976d561e659d_GACCTTCCAGGACAGT-1,0,25,neuron
08418175-0464-4b33-86e3-416c30189bd2_ACGTAGTAGCATGATA-1,0,25,neuron
08418175-0464-4b33-86e3-416c30189bd2_CTCTCAGCAACGTATC-1,0,25,neuron
08418175-0464-4b33-86e3-416c30189bd2_GCAACCGAGTCTCGTA-1,0,25,neuron
08418175-0464-4b33-86e3-416c30189bd2_TACTTACAGTCATTGC-1,0,25,neuron
08418175-0464-4b33-86e3-416c30189bd2_TATGTTCGTGAGGAAA-1,0,25,neuron
08418175-0464-4b33-86e3-416c30189bd2_TATTCCATCACCGGGT-1,0,25,neuron
18d92af9-a7d0-47f2-84e2-6f4cc0dee298_CCAAGCGGTCAGTCGC-1,0,25,neuron
18d92af9-a7d0-47f2-84e2-6f4cc0dee298_GGGTCTGAGCGACAGT-1,0,25,neuron
20e86156-cdd7-4bea-8b17-2e630720df44_AAACGAAAGCAAGCCA-1,0,25,neuron
20e86156-cdd7-4bea-8b17-2e630720df44_AAACGCTAGGTTACAA-1,0,25,neuron
20e86156-cdd7-4bea-8b17-2e630720df44_AAACGCTCAAGCGGAT-1,0,25,neuron
20e86156-cdd7-4bea-8b17-2e630720df44_AAACGCTCATTGGCAT-1,0,25,neuron
20e86156-cdd7-4bea-8b17-2e630720df44_AAAGAACGTCAATCTG-1,0,25,neuron
20e86156-cdd7-4bea-8b17-2e630720df44_AAAGAACGTCCACAGC-1,0,25,neuron
20e86156-cdd7-4bea-8b17-2e630720df44_AAAGGGCAGGGACACT-1,0,25,neuron
20e86156-cdd7-4bea-8b17-2e630720df44_AAAGGTAAGAGCTTTC-1,0,25,neuron
20e86156-cdd7-4bea-8b17-2e630720df44_AAAGGTAAGTCAGCCC-1,0,25,neuron
20e86156-cdd7-4bea-8b17-2e630720df44_AAAGTCCAGTAAGCAT-1,0,25,neuron
20e86156-cdd7-4bea-8b17-2e630720df44_AAAGTGAAGCAGCCTC-1,0,25,neuron
20e86156-cdd7-4bea-8b17-2e630720df44_AAATGGACAATGTTGC-1,0,25,neuron
20e86156-cdd7-4bea-8b17-2e630720df44_AACAAGAAGGCTAGCA-1,0,25,neuron
20e86156-cdd7-4bea-8b17-2e630720df44_AACAAGAAGTAACCTC-1,0,25,neuron
20e86156-cdd7-4bea-8b17-2e630720df44_AACAAGAGTTCTAAGC-1,0,25,neuron
20e86156-cdd7-4bea-8b17-2e630720df44_AACACACTCCGAGTGC-1,0,25,neuron
20e86156-cdd7-4bea-8b17-2e630720df44_AACCATGGTAAGATCA-1,0,25,neuron
20e86156-cdd7-4bea-8b17-2e630720df44_AACCATGGTAAGATTG-1,0,25,neuron
20e86156-cdd7-4bea-8b17-2e630720df44_AACCATGTCGGTGCAC-1,0,25,neuron
20e86156-cdd7-4bea-8b17-2e630720df44_AACCTTTCAACGGTAG-1,0,25,neuron
20e86156-cdd7-4bea-8b17-2e630720df44_AACGAAAGTCTCAGGC-1,0,25,neuron
20e86156-cdd7-4bea-8b17-2e630720df44_AACGGGACAAGTGTCT-1,0,25,neuron
20e86156-cdd7-4bea-8b17-2e630720df44_AAGATAGGTCCGGATC-1,0,25,neuron
20e86156-cdd7-4bea-8b17-2e630720df44_AAGATAGGTGTTCCTC-1,0,25,neuron
20e86156-cdd7-4bea-8b17-2e630720df44_AAGCCATCATTGCAAC-1,0,25,neuron
20e86156-cdd7-4bea-8b17-2e630720df44_AAGCGAGTCTATCCAT-1,0,25,neuron
20e86156-cdd7-4bea-8b17-2e630720df44_AAGCGTTAGCACACCC-1,0,25,neuron
20e86156-cdd7-4bea-8b17-2e630720df44_AAGCGTTGTGCCGGTT-1,0,25,neuron
20e86156-cdd7-4bea-8b17-2e630720df44_AAGTCGTAGAGCCCAA-1,0,25,neuron
20e86156-cdd7-4bea-8b17-2e630720df44_AAGTCGTCAATCCTAG-1,0,25,neuron
20e86156-cdd7-4bea-8b17-2e630720df44_AAGTCGTCATTCCTCG-1,0,25,neuron
20e86156-cdd7-4bea-8b17-2e630720df44_AAGTCGTTCCTTTAGT-1,0,25,neuron
20e86156-cdd7-4bea-8b17-2e630720df44_AAGTTCGAGCAAACAT-1,0,25,neuron
20e86156-cdd7-4bea-8b17-2e630720df44_AATCACGCAGTTCCAA-1,0,25,neuron
20e86156-cdd7-4bea-8b17-2e630720df44_AATCGACCAGGTGTGA-1,0,25,neuron
20e86156-cdd7-4bea-8b17-2e630720df44_AATCGACCATGCCATA-1,0,25,neuron
20e86156-cdd7-4bea-8b17-2e630720df44_AATCGTGAGTTAGAAC-1,0,25,neuron
20e86156-cdd7-4bea-8b17-2e630720df44_AATCGTGTCTGCATGA-1,0,25,neuron
20e86156-cdd7-4bea-8b17-2e630720df44_AATTCCTTCACCGGGT-1,0,25,neuron
20e86156-cdd7-4bea-8b17-2e630720df44_ACACAGTGTCTATGAC-1,0,25,neuron
20e86156-cdd7-4bea-8b17-2e630720df44_ACACTGAAGTCCCGAC-1,0,25,neuron
20e86156-cdd7-4bea-8b17-2e630720df44_ACACTGAGTAAGTAGT-1,0,25,neuron
20e86156-cdd7-4bea-8b17-2e630720df44_ACATCCCCAATCCAGT-1,0,25,neuron
20e86156-cdd7-4bea-8b17-2e630720df44_ACATCCCCACGTCGGT-1,0,25,neuron
20e86156-cdd7-4bea-8b17-2e630720df44_ACATCGACATCAGCTA-1,0,25,neuron
20e86156-cdd7-4bea-8b17-2e630720df44_ACATGCACAGCTGTTA-1,0,25,neuron
20e86156-cdd7-4bea-8b17-2e630720df44_ACCAAACGTGGTAATA-1,0,25,neuron
20e86156-cdd7-4bea-8b17-2e630720df44_ACCACAACAGGGAGAG-1,0,25,neuron
20e86156-cdd7-4bea-8b17-2e630720df44_ACCACAAGTCATAAAG-1,0,25,neuron
20e86156-cdd7-4bea-8b17-2e630720df44_ACCATTTGTCTTCATT-1,0,25,neuron
20e86156-cdd7-4bea-8b17-2e630720df44_ACCCAAACATCTATCT-1,0,25,neuron
20e86156-cdd7-4bea-8b17-2e630720df44_ACCCAAATCATGGCCG-1,0,25,neuron
20e86156-cdd7-4bea-8b17-2e630720df44_ACCCTCAGTCTCTCAC-1,0,25,neuron
20e86156-cdd7-4bea-8b17-2e630720df44_ACCGTTCTCATTGGTG-1,0,25,neuron
20e86156-cdd7-4bea-8b17-2e630720df44_ACGCACGAGACGGTCA-1,0,25,neuron
20e86156-cdd7-4bea-8b17-2e630720df44_ACGCACGAGTTGCGCC-1,0,25,neuron
20e86156-cdd7-4bea-8b17-2e630720df44_ACGGAAGCAAGTGCAG-1,0,25,neuron
20e86156-cdd7-4bea-8b17-2e630720df44_ACGGAAGCAGTTCACA-1,0,25,neuron
20e86156-cdd7-4bea-8b17-2e630720df44_ACGTACAGTGACACAG-1,0,25,neuron
20e86156-cdd7-4bea-8b17-2e630720df44_ACGTAGTGTGCCTTCT-1,0,25,neuron
20e86156-cdd7-4bea-8b17-2e630720df44_ACGTTCCTCGTCAACA-1,0,25,neuron
20e86156-cdd7-4bea-8b17-2e630720df44_ACTACGAAGCCATATC-1,0,25,neuron
20e86156-cdd7-4bea-8b17-2e630720df44_ACTATCTAGCCGATAG-1,0,25,neuron
20e86156-cdd7-4bea-8b17-2e630720df44_ACTATCTGTTAAGAAC-1,0,25,neuron
20e86156-cdd7-4bea-8b17-2e630720df44_ACTATGGAGCAGTACG-1,0,25,neuron
20e86156-cdd7-4bea-8b17-2e630720df44_ACTATTCAGTAGGATT-1,0,25,neuron
20e86156-cdd7-4bea-8b17-2e630720df44_ACTATTCGTTAAGCAA-1,0,25,neuron
20e86156-cdd7-4bea-8b17-2e630720df44_ACTGTGACAATAACGA-1,0,25,neuron
20e86156-cdd7-4bea-8b17-2e630720df44_ACTGTGATCATTGAGC-1,0,25,neuron
20e86156-cdd7-4bea-8b17-2e630720df44_ACTTATCAGGGCTAAC-1,0,25,neuron
20e86156-cdd7-4bea-8b17-2e630720df44_ACTTTGTCAACTTGGT-1,0,25,neuron
20e86156-cdd7-4bea-8b17-2e630720df44_ACTTTGTGTACCGTCG-1,0,25,neuron
20e86156-cdd7-4bea-8b17-2e630720df44_AGAAGTAAGCATGTTC-1,0,25,neuron
20e86156-cdd7-4bea-8b17-2e630720df44_AGACCCGAGGCGTTGA-1,0,25,neuron
20e86156-cdd7-4bea-8b17-2e630720df44_AGAGAATGTACAAAGT-1,0,25,neuron
20e86156-cdd7-4bea-8b17-2e630720df44_AGAGAATGTGGTTTGT-1,0,25,neuron
20e86156-cdd7-4bea-8b17-2e630720df44_AGAGAGCGTACTCGTA-1,0,25,neuron
20e86156-cdd7-4bea-8b17-2e630720df44_AGAGCAGCAGTCGGAA-1,0,25,neuron
20e86156-cdd7-4bea-8b17-2e630720df44_AGATAGAAGGGAGTGG-1,0,25,neuron
20e86156-cdd7-4bea-8b17-2e630720df44_AGATAGATCCATTCGC-1,0,25,neuron
20e86156-cdd7-4bea-8b17-2e630720df44_AGCCAGCTCAAGTTGC-1,0,25,neuron
20e86156-cdd7-4bea-8b17-2e630720df44_AGCCAGCTCGCTAAAC-1,0,25,neuron
20e86156-cdd7-4bea-8b17-2e630720df44_AGCGATTAGAGGCGTT-1,0,25,neuron
20e86156-cdd7-4bea-8b17-2e630720df44_AGCGATTGTTCCAAAC-1,0,25,neuron
20e86156-cdd7-4bea-8b17-2e630720df44_AGCGCTGGTGTTGACT-1,0,25,neuron
20e86156-cdd7-4bea-8b17-2e630720df44_AGCTACAAGGAATTAC-1,0,25,neuron
20e86156-cdd7-4bea-8b17-2e630720df44_AGCTCAACACGCAGTC-1,0,25,neuron
20e86156-cdd7-4bea-8b17-2e630720df44_AGGAATAAGTAGGTTA-1,0,25,neuron
20e86156-cdd7-4bea-8b17-2e630720df44_AGGAATACAGGCGAAT-1,0,25,neuron
20e86156-cdd7-4bea-8b17-2e630720df44_AGGACTTTCAGGAAGC-1,0,25,neuron
20e86156-cdd7-4bea-8b17-2e630720df44_AGGATCTGTTTAGACC-1,0,25,neuron
20e86156-cdd7-4bea-8b17-2e630720df44_AGGCCACCAGACGATG-1,0,25,neuron
20e86156-cdd7-4bea-8b17-2e630720df44_AGGGAGTCAGCACACC-1,0,25,neuron
20e86156-cdd7-4bea-8b17-2e630720df44_AGGGAGTGTCAAAGAT-1,0,25,neuron
20e86156-cdd7-4bea-8b17-2e630720df44_AGGGTCCAGCCGGAAT-1,0,25,neuron
20e86156-cdd7-4bea-8b17-2e630720df44_AGGGTGATCATTGAGC-1,0,25,neuron
20e86156-cdd7-4bea-8b17-2e630720df44_AGGGTTTAGAGCCATG-1,0,25,neuron
20e86156-cdd7-4bea-8b17-2e630720df44_AGGGTTTAGGGTCACA-1,0,25,neuron
20e86156-cdd7-4bea-8b17-2e630720df44_AGGGTTTCAGTGTATC-1,0,25,neuron
20e86156-cdd7-4bea-8b17-2e630720df44_AGGGTTTTCCTACAAG-1,0,25,neuron
20e86156-cdd7-4bea-8b17-2e630720df44_AGGTAGGAGAGTGTTA-1,0,25,neuron
20e86156-cdd7-4bea-8b17-2e630720df44_AGGTCATGTTGCCGAC-1,0,25,neuron
20e86156-cdd7-4bea-8b17-2e630720df44_AGGTGTTCAGTCGAGA-1,0,25,neuron
20e86156-cdd7-4bea-8b17-2e630720df44_AGGTTACAGCGATGAC-1,0,25,neuron
20e86156-cdd7-4bea-8b17-2e630720df44_AGGTTACCAAGCTGTT-1,0,25,neuron
20e86156-cdd7-4bea-8b17-2e630720df44_AGGTTACGTGCATGAG-1,0,25,neuron
20e86156-cdd7-4bea-8b17-2e630720df44_AGTACCATCTCATTGT-1,0,25,neuron
20e86156-cdd7-4bea-8b17-2e630720df44_AGTACTGCATTCTTCA-1,0,25,neuron
20e86156-cdd7-4bea-8b17-2e630720df44_AGTAGCTAGGCCTTGC-1,0,25,neuron
20e86156-cdd7-4bea-8b17-2e630720df44_AGTAGTCAGACCTGGA-1,0,25,neuron
20e86156-cdd7-4bea-8b17-2e630720df44_AGTAGTCGTGCAGTGA-1,0,25,neuron
20e86156-cdd7-4bea-8b17-2e630720df44_AGTCAACAGAGCACTG-1,0,25,neuron
20e86156-cdd7-4bea-8b17-2e630720df44_AGTCAACTCATCGGGC-1,0,25,neuron
20e86156-cdd7-4bea-8b17-2e630720df44_AGTGACTGTAGCCCTG-1,0,25,neuron
20e86156-cdd7-4bea-8b17-2e630720df44_AGTGCCGCATTGACCA-1,0,25,neuron
20e86156-cdd7-4bea-8b17-2e630720df44_AGTTAGCGTTTAGTCG-1,0,25,neuron
20e86156-cdd7-4bea-8b17-2e630720df44_AGTTCCCGTTACGTAC-1,0,25,neuron
20e86156-cdd7-4bea-8b17-2e630720df44_AGTTCGAAGATGGGCT-1,0,25,neuron
20e86156-cdd7-4bea-8b17-2e630720df44_ATACCGAAGGAGCAAA-1,0,25,neuron
20e86156-cdd7-4bea-8b17-2e630720df44_ATACCGAGTTACTCAG-1,0,25,neuron
20e86156-cdd7-4bea-8b17-2e630720df44_ATAGACCGTACAAGCG-1,0,25,neuron
20e86156-cdd7-4bea-8b17-2e630720df44_ATAGAGAGTTCCTTGC-1,0,25,neuron
20e86156-cdd7-4bea-8b17-2e630720df44_ATAGAGATCTTCTTCC-1,0,25,neuron
20e86156-cdd7-4bea-8b17-2e630720df44_ATAGGCTTCCATCTGC-1,0,25,neuron
20e86156-cdd7-4bea-8b17-2e630720df44_ATCACGAGTGATCGTT-1,0,25,neuron
20e86156-cdd7-4bea-8b17-2e630720df44_ATCATTCTCCAACTGA-1,0,25,neuron
20e86156-cdd7-4bea-8b17-2e630720df44_ATCCACCCATCAGCTA-1,0,25,neuron
20e86156-cdd7-4bea-8b17-2e630720df44_ATCCCTGAGTAGACCG-1,0,25,neuron
20e86156-cdd7-4bea-8b17-2e630720df44_ATCGGATTCGTTGTAG-1,0,25,neuron
20e86156-cdd7-4bea-8b17-2e630720df44_ATCGGCGGTCCCTGAG-1,0,25,neuron
20e86156-cdd7-4bea-8b17-2e630720df44_ATCTCTAAGGGAGGCA-1,0,25,neuron
20e86156-cdd7-4bea-8b17-2e630720df44_ATCTCTACAGGAGGAG-1,0,25,neuron
20e86156-cdd7-4bea-8b17-2e630720df44_ATCTTCATCACTGTTT-1,0,25,neuron
20e86156-cdd7-4bea-8b17-2e630720df44_ATGAAAGCAGCACACC-1,0,25,neuron
20e86156-cdd7-4bea-8b17-2e630720df44_ATGAAAGTCCGGCAAC-1,0,25,neuron
20e86156-cdd7-4bea-8b17-2e630720df44_ATGAAAGTCCGTGGTG-1,0,25,neuron
20e86156-cdd7-4bea-8b17-2e630720df44_ATGAGGGAGAAGTATC-1,0,25,neuron
20e86156-cdd7-4bea-8b17-2e630720df44_ATGAGGGAGTAGTGCG-1,0,25,neuron
20e86156-cdd7-4bea-8b17-2e630720df44_ATGCATGGTGCACGCT-1,0,25,neuron
20e86156-cdd7-4bea-8b17-2e630720df44_ATGCCTCAGTGGTTCT-1,0,25,neuron
20e86156-cdd7-4bea-8b17-2e630720df44_ATGCCTCCACCGCTGA-1,0,25,neuron
20e86156-cdd7-4bea-8b17-2e630720df44_ATGGAGGCAGGTTCAT-1,0,25,neuron
20e86156-cdd7-4bea-8b17-2e630720df44_ATGGTTGTCCTCCACA-1,0,25,neuron
20e86156-cdd7-4bea-8b17-2e630720df44_ATGTCCCGTGATTCAC-1,0,25,neuron
20e86156-cdd7-4bea-8b17-2e630720df44_ATGTCCCGTGGCTTAT-1,0,25,neuron
20e86156-cdd7-4bea-8b17-2e630720df44_ATTACCTGTATCCCAA-1,0,25,neuron
20e86156-cdd7-4bea-8b17-2e630720df44_ATTCACTTCCTAGCGG-1,0,25,neuron
20e86156-cdd7-4bea-8b17-2e630720df44_ATTCATCCACCCAAGC-1,0,25,neuron
20e86156-cdd7-4bea-8b17-2e630720df44_ATTCCTAGTGCTTCAA-1,0,25,neuron
20e86156-cdd7-4bea-8b17-2e630720df44_ATTCTACAGAGGCTGT-1,0,25,neuron
20e86156-cdd7-4bea-8b17-2e630720df44_ATTGGGTTCCAGTGTA-1,0,25,neuron
20e86156-cdd7-4bea-8b17-2e630720df44_ATTGTTCAGCCGAACA-1,0,25,neuron
20e86156-cdd7-4bea-8b17-2e630720df44_ATTGTTCAGGTTGACG-1,0,25,neuron
20e86156-cdd7-4bea-8b17-2e630720df44_ATTTACCCACGCACCA-1,0,25,neuron
20e86156-cdd7-4bea-8b17-2e630720df44_CAACCTCTCTGGCTGG-1,0,25,neuron
20e86156-cdd7-4bea-8b17-2e630720df44_CAACGATTCAATCCAG-1,0,25,neuron
20e86156-cdd7-4bea-8b17-2e630720df44_CAAGAGGTCAGCTAGT-1,0,25,neuron
20e86156-cdd7-4bea-8b17-2e630720df44_CAAGCTAGTTAGCGGA-1,0,25,neuron
20e86156-cdd7-4bea-8b17-2e630720df44_CAAGCTAGTTCAAGTC-1,0,25,neuron
20e86156-cdd7-4bea-8b17-2e630720df44_CAAGGGACAATCTCGA-1,0,25,neuron
20e86156-cdd7-4bea-8b17-2e630720df44_CAAGGGAGTGTTCATG-1,0,25,neuron
20e86156-cdd7-4bea-8b17-2e630720df44_CAATGACGTACGGTTT-1,0,25,neuron
20e86156-cdd7-4bea-8b17-2e630720df44_CAATTTCAGATTGGGC-1,0,25,neuron
20e86156-cdd7-4bea-8b17-2e630720df44_CACAGATCAGACAATA-1,0,25,neuron
20e86156-cdd7-4bea-8b17-2e630720df44_CACAGGCCAACGTATC-1,0,25,neuron
20e86156-cdd7-4bea-8b17-2e630720df44_CACAGGCCACCCTAGG-1,0,25,neuron
20e86156-cdd7-4bea-8b17-2e630720df44_CACAGGCGTCTCTCTG-1,0,25,neuron
20e86156-cdd7-4bea-8b17-2e630720df44_CACAGGCTCACTAGCA-1,0,25,neuron
20e86156-cdd7-4bea-8b17-2e630720df44_CACGTTCGTGCCCAGT-1,0,25,neuron
20e86156-cdd7-4bea-8b17-2e630720df44_CACTAAGGTAAGTTAG-1,0,25,neuron
20e86156-cdd7-4bea-8b17-2e630720df44_CACTGAATCTCTCGAC-1,0,25,neuron
20e86156-cdd7-4bea-8b17-2e630720df44_CAGATACAGGCAGGGA-1,0,25,neuron
20e86156-cdd7-4bea-8b17-2e630720df44_CAGATACCACTCCCTA-1,0,25,neuron
20e86156-cdd7-4bea-8b17-2e630720df44_CAGATACGTCTCACAA-1,0,25,neuron
20e86156-cdd7-4bea-8b17-2e630720df44_CAGATACGTGGAACAC-1,0,25,neuron
20e86156-cdd7-4bea-8b17-2e630720df44_CAGATACTCATACGGT-1,0,25,neuron
20e86156-cdd7-4bea-8b17-2e630720df44_CAGCAGCGTATCGTGT-1,0,25,neuron
20e86156-cdd7-4bea-8b17-2e630720df44_CAGCGTGCAGAAACCG-1,0,25,neuron
20e86156-cdd7-4bea-8b17-2e630720df44_CAGGGCTGTTGAATCC-1,0,25,neuron
20e86156-cdd7-4bea-8b17-2e630720df44_CAGTTCCAGTCGGGAT-1,0,25,neuron
20e86156-cdd7-4bea-8b17-2e630720df44_CATACAGAGCTTTGTG-1,0,25,neuron
20e86156-cdd7-4bea-8b17-2e630720df44_CATACTTGTATTTCCT-1,0,25,neuron
20e86156-cdd7-4bea-8b17-2e630720df44_CATAGACAGGTCATAA-1,0,25,neuron
20e86156-cdd7-4bea-8b17-2e630720df44_CATCCACAGTAAGAGG-1,0,25,neuron
20e86156-cdd7-4bea-8b17-2e630720df44_CATCCACGTATGCAAA-1,0,25,neuron
20e86156-cdd7-4bea-8b17-2e630720df44_CATCCCAGTGCGACAA-1,0,25,neuron
20e86156-cdd7-4bea-8b17-2e630720df44_CATCCCAGTTGGACCC-1,0,25,neuron
20e86156-cdd7-4bea-8b17-2e630720df44_CATCGTCAGGTTACAA-1,0,25,neuron
20e86156-cdd7-4bea-8b17-2e630720df44_CATCGTCGTTCTGAGT-1,0,25,neuron
20e86156-cdd7-4bea-8b17-2e630720df44_CATCGTCGTTGCGAAG-1,0,25,neuron
20e86156-cdd7-4bea-8b17-2e630720df44_CATGCAACACTCAAGT-1,0,25,neuron
20e86156-cdd7-4bea-8b17-2e630720df44_CATGCAATCCAAACCA-1,0,25,neuron
20e86156-cdd7-4bea-8b17-2e630720df44_CATGCCTAGAACTTCC-1,0,25,neuron
20e86156-cdd7-4bea-8b17-2e630720df44_CATGCCTCACTTCAAG-1,0,25,neuron
20e86156-cdd7-4bea-8b17-2e630720df44_CATGCCTTCGACCACG-1,0,25,neuron
20e86156-cdd7-4bea-8b17-2e630720df44_CATGCGGTCCCGGTAG-1,0,25,neuron
20e86156-cdd7-4bea-8b17-2e630720df44_CATGCTCCACAATGTC-1,0,25,neuron
20e86156-cdd7-4bea-8b17-2e630720df44_CATGGATAGCGATGGT-1,0,25,neuron
20e86156-cdd7-4bea-8b17-2e630720df44_CATGGATAGCGCCCAT-1,0,25,neuron
20e86156-cdd7-4bea-8b17-2e630720df44_CATGGATGTTATGTGC-1,0,25,neuron
20e86156-cdd7-4bea-8b17-2e630720df44_CATGGTAGTGGCATCC-1,0,25,neuron
20e86156-cdd7-4bea-8b17-2e630720df44_CATTGTTCAGCACAAG-1,0,25,neuron
20e86156-cdd7-4bea-8b17-2e630720df44_CCAATGATCGAGCTGC-1,0,25,neuron
20e86156-cdd7-4bea-8b17-2e630720df44_CCACAAAGTACACTCA-1,0,25,neuron
20e86156-cdd7-4bea-8b17-2e630720df44_CCACTTGCAAGGAGTC-1,0,25,neuron
20e86156-cdd7-4bea-8b17-2e630720df44_CCATAAGTCAACCGAT-1,0,25,neuron
20e86156-cdd7-4bea-8b17-2e630720df44_CCATAAGTCAAGAATG-1,0,25,neuron
20e86156-cdd7-4bea-8b17-2e630720df44_CCCAACTAGATGGCGT-1,0,25,neuron
20e86156-cdd7-4bea-8b17-2e630720df44_CCCATTGAGAGGGTGG-1,0,25,neuron
20e86156-cdd7-4bea-8b17-2e630720df44_CCCGAAGAGGGACAGG-1,0,25,neuron
20e86156-cdd7-4bea-8b17-2e630720df44_CCCTCAATCCCGAGGT-1,0,25,neuron
20e86156-cdd7-4bea-8b17-2e630720df44_CCCTCTCCATCCCACT-1,0,25,neuron
20e86156-cdd7-4bea-8b17-2e630720df44_CCCTTAGAGAGGATGA-1,0,25,neuron
20e86156-cdd7-4bea-8b17-2e630720df44_CCCTTAGGTTCAGCTA-1,0,25,neuron
20e86156-cdd7-4bea-8b17-2e630720df44_CCGAACGGTTAGCTAC-1,0,25,neuron
20e86156-cdd7-4bea-8b17-2e630720df44_CCGATCTTCTGACCCT-1,0,25,neuron
20e86156-cdd7-4bea-8b17-2e630720df44_CCGATGGGTTGGGCCT-1,0,25,neuron
20e86156-cdd7-4bea-8b17-2e630720df44_CCGGGTACATGTGACT-1,0,25,neuron
20e86156-cdd7-4bea-8b17-2e630720df44_CCGGGTAGTTGCAAGG-1,0,25,neuron
20e86156-cdd7-4bea-8b17-2e630720df44_CCGGTAGGTTTCACAG-1,0,25,neuron
20e86156-cdd7-4bea-8b17-2e630720df44_CCGGTAGTCACCTTGC-1,0,25,neuron
20e86156-cdd7-4bea-8b17-2e630720df44_CCGTAGGTCTTGAGCA-1,0,25,neuron
20e86156-cdd7-4bea-8b17-2e630720df44_CCGTTCAAGAGGCGGA-1,0,25,neuron
20e86156-cdd7-4bea-8b17-2e630720df44_CCGTTCATCCTCACTG-1,0,25,neuron
20e86156-cdd7-4bea-8b17-2e630720df44_CCTAAGAAGAGCTGAC-1,0,25,neuron
20e86156-cdd7-4bea-8b17-2e630720df44_CCTACGTCAGTGACCC-1,0,25,neuron
20e86156-cdd7-4bea-8b17-2e630720df44_CCTCACAGTCAATGGG-1,0,25,neuron
20e86156-cdd7-4bea-8b17-2e630720df44_CCTCAGTAGCAACAGC-1,0,25,neuron
20e86156-cdd7-4bea-8b17-2e630720df44_CCTCAGTAGGCTGAAC-1,0,25,neuron
20e86156-cdd7-4bea-8b17-2e630720df44_CCTCCAAAGATTGCGG-1,0,25,neuron
20e86156-cdd7-4bea-8b17-2e630720df44_CCTCTAGGTCGCGTCA-1,0,25,neuron
20e86156-cdd7-4bea-8b17-2e630720df44_CCTCTAGGTGCATTAC-1,0,25,neuron
20e86156-cdd7-4bea-8b17-2e630720df44_CCTGCATGTCCTGAAT-1,0,25,neuron
20e86156-cdd7-4bea-8b17-2e630720df44_CCTGTTGAGCGATGCA-1,0,25,neuron
20e86156-cdd7-4bea-8b17-2e630720df44_CCTTCAGTCTCAACCC-1,0,25,neuron
20e86156-cdd7-4bea-8b17-2e630720df44_CCTTTGGTCGTAGAGG-1,0,25,neuron
20e86156-cdd7-4bea-8b17-2e630720df44_CGAAGGAAGTACCATC-1,0,25,neuron
20e86156-cdd7-4bea-8b17-2e630720df44_CGAAGTTTCGTCGGGT-1,0,25,neuron
20e86156-cdd7-4bea-8b17-2e630720df44_CGACAGCGTTCGGTAT-1,0,25,neuron
20e86156-cdd7-4bea-8b17-2e630720df44_CGACAGCTCAACTGGT-1,0,25,neuron
20e86156-cdd7-4bea-8b17-2e630720df44_CGAGGAAGTACTGTTG-1,0,25,neuron
20e86156-cdd7-4bea-8b17-2e630720df44_CGAGTTAGTCTGGTTA-1,0,25,neuron
20e86156-cdd7-4bea-8b17-2e630720df44_CGATGCGGTGGTACAG-1,0,25,neuron
20e86156-cdd7-4bea-8b17-2e630720df44_CGATGGCCACTTCATT-1,0,25,neuron
20e86156-cdd7-4bea-8b17-2e630720df44_CGCGTGACATACATCG-1,0,25,neuron
20e86156-cdd7-4bea-8b17-2e630720df44_CGCGTGAGTTCCGTTC-1,0,25,neuron
20e86156-cdd7-4bea-8b17-2e630720df44_CGGAACCAGTCGTTAC-1,0,25,neuron
20e86156-cdd7-4bea-8b17-2e630720df44_CGGAATTAGCTGAGTG-1,0,25,neuron
20e86156-cdd7-4bea-8b17-2e630720df44_CGGAATTAGGCCACCT-1,0,25,neuron
20e86156-cdd7-4bea-8b17-2e630720df44_CGGAATTGTCATAGTC-1,0,25,neuron
20e86156-cdd7-4bea-8b17-2e630720df44_CGGAATTTCTTTCCAA-1,0,25,neuron
20e86156-cdd7-4bea-8b17-2e630720df44_CGGACACTCAGATGCT-1,0,25,neuron
20e86156-cdd7-4bea-8b17-2e630720df44_CGGGCATCACACACTA-1,0,25,neuron
20e86156-cdd7-4bea-8b17-2e630720df44_CGGGTGTTCATGCGGC-1,0,25,neuron
20e86156-cdd7-4bea-8b17-2e630720df44_CGGTCAGCAGTCTCTC-1,0,25,neuron
20e86156-cdd7-4bea-8b17-2e630720df44_CGTAAGTGTGGAGGTT-1,0,25,neuron
20e86156-cdd7-4bea-8b17-2e630720df44_CGTAATGTCTACTGCC-1,0,25,neuron
20e86156-cdd7-4bea-8b17-2e630720df44_CGTAGTACAGACACAG-1,0,25,neuron
20e86156-cdd7-4bea-8b17-2e630720df44_CGTAGTAGTCCTGGTG-1,0,25,neuron
20e86156-cdd7-4bea-8b17-2e630720df44_CGTAGTAGTTTAGAGA-1,0,25,neuron
20e86156-cdd7-4bea-8b17-2e630720df44_CGTCAAATCAGCAGAG-1,0,25,neuron
20e86156-cdd7-4bea-8b17-2e630720df44_CGTGAATCACAAGCAG-1,0,25,neuron
20e86156-cdd7-4bea-8b17-2e630720df44_CGTGAATCATGGTACT-1,0,25,neuron
20e86156-cdd7-4bea-8b17-2e630720df44_CGTGATAGTGCCTATA-1,0,25,neuron
20e86156-cdd7-4bea-8b17-2e630720df44_CGTGCTTGTTAAGGGC-1,0,25,neuron
20e86156-cdd7-4bea-8b17-2e630720df44_CGTGTCTAGTCAATCC-1,0,25,neuron
20e86156-cdd7-4bea-8b17-2e630720df44_CGTGTCTAGTTGCGCC-1,0,25,neuron
20e86156-cdd7-4bea-8b17-2e630720df44_CGTTAGACAGGGATAC-1,0,25,neuron
20e86156-cdd7-4bea-8b17-2e630720df44_CGTTCTGTCTCCTGAC-1,0,25,neuron
20e86156-cdd7-4bea-8b17-2e630720df44_CGTTGGGAGCAGTCTT-1,0,25,neuron
20e86156-cdd7-4bea-8b17-2e630720df44_CTAACTTAGAGTACCG-1,0,25,neuron
20e86156-cdd7-4bea-8b17-2e630720df44_CTAACTTCACGTCATA-1,0,25,neuron
20e86156-cdd7-4bea-8b17-2e630720df44_CTAACTTCACTCTAGA-1,0,25,neuron
20e86156-cdd7-4bea-8b17-2e630720df44_CTAAGTGCAGCGCGTT-1,0,25,neuron
20e86156-cdd7-4bea-8b17-2e630720df44_CTAAGTGTCCCAGGCA-1,0,25,neuron
20e86156-cdd7-4bea-8b17-2e630720df44_CTACAGAAGGCTTTCA-1,0,25,neuron
20e86156-cdd7-4bea-8b17-2e630720df44_CTACAGATCTGAGCAT-1,0,25,neuron
20e86156-cdd7-4bea-8b17-2e630720df44_CTACATTAGCACTAAA-1,0,25,neuron
20e86156-cdd7-4bea-8b17-2e630720df44_CTACTATTCGGTGTAT-1,0,25,neuron
20e86156-cdd7-4bea-8b17-2e630720df44_CTAGACATCACATACG-1,0,25,neuron
20e86156-cdd7-4bea-8b17-2e630720df44_CTAGACATCTGCCTGT-1,0,25,neuron
20e86156-cdd7-4bea-8b17-2e630720df44_CTATAGGGTGCCCAGT-1,0,25,neuron
20e86156-cdd7-4bea-8b17-2e630720df44_CTATCCGCAGCTACTA-1,0,25,neuron
20e86156-cdd7-4bea-8b17-2e630720df44_CTCAACCGTCCACAGC-1,0,25,neuron
20e86156-cdd7-4bea-8b17-2e630720df44_CTCAAGAGTCGGTACC-1,0,25,neuron
20e86156-cdd7-4bea-8b17-2e630720df44_CTCAAGAGTTGGGAAC-1,0,25,neuron
20e86156-cdd7-4bea-8b17-2e630720df44_CTCAAGAGTTTCGCTC-1,0,25,neuron
20e86156-cdd7-4bea-8b17-2e630720df44_CTCAATTGTGCCGGTT-1,0,25,neuron
20e86156-cdd7-4bea-8b17-2e630720df44_CTCACTGAGCCAACCC-1,0,25,neuron
20e86156-cdd7-4bea-8b17-2e630720df44_CTCAGGGCATTGTGCA-1,0,25,neuron
20e86156-cdd7-4bea-8b17-2e630720df44_CTCAGGGTCGTTCGCT-1,0,25,neuron
20e86156-cdd7-4bea-8b17-2e630720df44_CTCAGGGTCTGCATGA-1,0,25,neuron
20e86156-cdd7-4bea-8b17-2e630720df44_CTCATCGAGCACCAGA-1,0,25,neuron
20e86156-cdd7-4bea-8b17-2e630720df44_CTCATCGTCCTGTTAT-1,0,25,neuron
20e86156-cdd7-4bea-8b17-2e630720df44_CTCATCGTCTCATGCC-1,0,25,neuron
20e86156-cdd7-4bea-8b17-2e630720df44_CTCATGCGTCCGGCAT-1,0,25,neuron
20e86156-cdd7-4bea-8b17-2e630720df44_CTCCATGAGACCACGA-1,0,25,neuron
20e86156-cdd7-4bea-8b17-2e630720df44_CTCCATGAGCCTTCTC-1,0,25,neuron
20e86156-cdd7-4bea-8b17-2e630720df44_CTCCATGGTTTCGGCG-1,0,25,neuron
20e86156-cdd7-4bea-8b17-2e630720df44_CTCCATGTCCACACCT-1,0,25,neuron
20e86156-cdd7-4bea-8b17-2e630720df44_CTCCCAAAGCTAAACA-1,0,25,neuron
20e86156-cdd7-4bea-8b17-2e630720df44_CTCCTCCCACATTCGA-1,0,25,neuron
20e86156-cdd7-4bea-8b17-2e630720df44_CTCCTTTTCGCCGTGA-1,0,25,neuron
20e86156-cdd7-4bea-8b17-2e630720df44_CTGAATGTCCTGGTCT-1,0,25,neuron
20e86156-cdd7-4bea-8b17-2e630720df44_CTGAGCGCAGAGGTAC-1,0,25,neuron
20e86156-cdd7-4bea-8b17-2e630720df44_CTGAGGCAGACGACTG-1,0,25,neuron
20e86156-cdd7-4bea-8b17-2e630720df44_CTGATCCAGCGACTAG-1,0,25,neuron
20e86156-cdd7-4bea-8b17-2e630720df44_CTGATCCAGGATACCG-1,0,25,neuron
20e86156-cdd7-4bea-8b17-2e630720df44_CTGCAGGGTCCAAAGG-1,0,25,neuron
20e86156-cdd7-4bea-8b17-2e630720df44_CTGCAGGGTTTAGACC-1,0,25,neuron
20e86156-cdd7-4bea-8b17-2e630720df44_CTGCCATGTAATCAGA-1,0,25,neuron
20e86156-cdd7-4bea-8b17-2e630720df44_CTGCCTACATCGAAGG-1,0,25,neuron
20e86156-cdd7-4bea-8b17-2e630720df44_CTGCCTATCTCGAACA-1,0,25,neuron
20e86156-cdd7-4bea-8b17-2e630720df44_CTGCGAGTCCTTCACG-1,0,25,neuron
20e86156-cdd7-4bea-8b17-2e630720df44_CTGCTCAAGATACCAA-1,0,25,neuron
20e86156-cdd7-4bea-8b17-2e630720df44_CTGGACGAGTACGAGC-1,0,25,neuron
20e86156-cdd7-4bea-8b17-2e630720df44_CTGTAGAAGAGTCGAC-1,0,25,neuron
20e86156-cdd7-4bea-8b17-2e630720df44_CTGTATTAGAAGAGCA-1,0,25,neuron
20e86156-cdd7-4bea-8b17-2e630720df44_CTGTATTGTCCACATA-1,0,25,neuron
20e86156-cdd7-4bea-8b17-2e630720df44_CTTACCGGTAGTATAG-1,0,25,neuron
20e86156-cdd7-4bea-8b17-2e630720df44_CTTACCGTCTTGTGCC-1,0,25,neuron
20e86156-cdd7-4bea-8b17-2e630720df44_CTTAGGACAACTTGGT-1,0,25,neuron
20e86156-cdd7-4bea-8b17-2e630720df44_CTTAGGATCGGTCGGT-1,0,25,neuron
20e86156-cdd7-4bea-8b17-2e630720df44_CTTCCGACAGAAACCG-1,0,25,neuron
20e86156-cdd7-4bea-8b17-2e630720df44_CTTCCGATCTATGTGG-1,0,25,neuron
20e86156-cdd7-4bea-8b17-2e630720df44_CTTCGGTAGCGTTCAT-1,0,25,neuron
20e86156-cdd7-4bea-8b17-2e630720df44_CTTCTAAGTTCTCCAC-1,0,25,neuron
20e86156-cdd7-4bea-8b17-2e630720df44_CTTCTCTGTGATGAAT-1,0,25,neuron
20e86156-cdd7-4bea-8b17-2e630720df44_CTTGAGAAGGGCAGTT-1,0,25,neuron
20e86156-cdd7-4bea-8b17-2e630720df44_GAAACCTCATTGACTG-1,0,25,neuron
20e86156-cdd7-4bea-8b17-2e630720df44_GAAATGATCTCCCTAG-1,0,25,neuron
20e86156-cdd7-4bea-8b17-2e630720df44_GAACACTGTGAACCGA-1,0,25,neuron
20e86156-cdd7-4bea-8b17-2e630720df44_GAAGAATAGGTCCAGA-1,0,25,neuron
20e86156-cdd7-4bea-8b17-2e630720df44_GAAGAATGTACCAATC-1,0,25,neuron
20e86156-cdd7-4bea-8b17-2e630720df44_GAAGCCCGTAGTCTTG-1,0,25,neuron
20e86156-cdd7-4bea-8b17-2e630720df44_GAAGCGAAGTCACAGG-1,0,25,neuron
20e86156-cdd7-4bea-8b17-2e630720df44_GAAGCGATCGGCTGGT-1,0,25,neuron
20e86156-cdd7-4bea-8b17-2e630720df44_GAAGGGTTCTTCGGAA-1,0,25,neuron
20e86156-cdd7-4bea-8b17-2e630720df44_GAATAGAAGTGCTCAT-1,0,25,neuron
20e86156-cdd7-4bea-8b17-2e630720df44_GAATAGATCTTGAACG-1,0,25,neuron
20e86156-cdd7-4bea-8b17-2e630720df44_GACAGCCTCAGTGCGC-1,0,25,neuron
20e86156-cdd7-4bea-8b17-2e630720df44_GACGCTGAGATGACCG-1,0,25,neuron
20e86156-cdd7-4bea-8b17-2e630720df44_GACGCTGTCCTCTGCA-1,0,25,neuron
20e86156-cdd7-4bea-8b17-2e630720df44_GACGTTAAGCTTTCTT-1,0,25,neuron
20e86156-cdd7-4bea-8b17-2e630720df44_GACTATGAGCGTACAG-1,0,25,neuron
20e86156-cdd7-4bea-8b17-2e630720df44_GACTCAACAAGCGATG-1,0,25,neuron
20e86156-cdd7-4bea-8b17-2e630720df44_GACTCAATCTCATTGT-1,0,25,neuron
20e86156-cdd7-4bea-8b17-2e630720df44_GACTCTCTCCAAATGC-1,0,25,neuron
20e86156-cdd7-4bea-8b17-2e630720df44_GACTCTCTCTCCGCAT-1,0,25,neuron
20e86156-cdd7-4bea-8b17-2e630720df44_GACTGATTCCATTGGA-1,0,25,neuron
20e86156-cdd7-4bea-8b17-2e630720df44_GACTTCCAGTTCAACC-1,0,25,neuron
20e86156-cdd7-4bea-8b17-2e630720df44_GAGACTTGTTGAGTCT-1,0,25,neuron
20e86156-cdd7-4bea-8b17-2e630720df44_GAGAGGTTCATGCGGC-1,0,25,neuron
20e86156-cdd7-4bea-8b17-2e630720df44_GAGATGGTCCCGAGTG-1,0,25,neuron
20e86156-cdd7-4bea-8b17-2e630720df44_GAGCCTGGTAGATGTA-1,0,25,neuron
20e86156-cdd7-4bea-8b17-2e630720df44_GAGCCTGTCGGTAACT-1,0,25,neuron
20e86156-cdd7-4bea-8b17-2e630720df44_GAGGCAATCAAACGTC-1,0,25,neuron
20e86156-cdd7-4bea-8b17-2e630720df44_GAGGCAATCAGAATAG-1,0,25,neuron
20e86156-cdd7-4bea-8b17-2e630720df44_GAGGGATAGCACCTGC-1,0,25,neuron
20e86156-cdd7-4bea-8b17-2e630720df44_GAGTCATGTAACCAGG-1,0,25,neuron
20e86156-cdd7-4bea-8b17-2e630720df44_GAGTCTATCCAACTGA-1,0,25,neuron
20e86156-cdd7-4bea-8b17-2e630720df44_GAGTCTATCGCAATGT-1,0,25,neuron
20e86156-cdd7-4bea-8b17-2e630720df44_GAGTCTATCGCCATAA-1,0,25,neuron
20e86156-cdd7-4bea-8b17-2e630720df44_GAGTGTTTCAGGACGA-1,0,25,neuron
20e86156-cdd7-4bea-8b17-2e630720df44_GAGTTACAGTTCGCAT-1,0,25,neuron
20e86156-cdd7-4bea-8b17-2e630720df44_GAGTTGTAGGTGTGAC-1,0,25,neuron
20e86156-cdd7-4bea-8b17-2e630720df44_GAGTTGTTCGTGGTAT-1,0,25,neuron
20e86156-cdd7-4bea-8b17-2e630720df44_GAGTTGTTCTTGCAAG-1,0,25,neuron
20e86156-cdd7-4bea-8b17-2e630720df44_GATAGCTGTACGTACT-1,0,25,neuron
20e86156-cdd7-4bea-8b17-2e630720df44_GATCACAAGCCGATAG-1,0,25,neuron
20e86156-cdd7-4bea-8b17-2e630720df44_GATCACACATCATTGG-1,0,25,neuron
20e86156-cdd7-4bea-8b17-2e630720df44_GATCACATCAAGTGTC-1,0,25,neuron
20e86156-cdd7-4bea-8b17-2e630720df44_GATCATGGTACGATGG-1,0,25,neuron
20e86156-cdd7-4bea-8b17-2e630720df44_GATCATGGTGTGTCCG-1,0,25,neuron
20e86156-cdd7-4bea-8b17-2e630720df44_GATCGTAGTCACTTAG-1,0,25,neuron
20e86156-cdd7-4bea-8b17-2e630720df44_GATCGTAGTTCCGCGA-1,0,25,neuron
20e86156-cdd7-4bea-8b17-2e630720df44_GATGAGGCAGCATCTA-1,0,25,neuron
20e86156-cdd7-4bea-8b17-2e630720df44_GATGGAGGTAGTCGGA-1,0,25,neuron
20e86156-cdd7-4bea-8b17-2e630720df44_GATGTTGCAAGTGGGT-1,0,25,neuron
20e86156-cdd7-4bea-8b17-2e630720df44_GATGTTGGTTCCAAAC-1,0,25,neuron
20e86156-cdd7-4bea-8b17-2e630720df44_GATTCTTAGAGAGCAA-1,0,25,neuron
20e86156-cdd7-4bea-8b17-2e630720df44_GCAACATCATCGAAGG-1,0,25,neuron
20e86156-cdd7-4bea-8b17-2e630720df44_GCAACCGCAATCGCGC-1,0,25,neuron
20e86156-cdd7-4bea-8b17-2e630720df44_GCAACCGTCATTGCCC-1,0,25,neuron
20e86156-cdd7-4bea-8b17-2e630720df44_GCACATAAGGGCAACT-1,0,25,neuron
20e86156-cdd7-4bea-8b17-2e630720df44_GCACTAACATGAGTAA-1,0,25,neuron
20e86156-cdd7-4bea-8b17-2e630720df44_GCAGCTGCAGTGTGGA-1,0,25,neuron
20e86156-cdd7-4bea-8b17-2e630720df44_GCAGGCTTCGCAGATT-1,0,25,neuron
20e86156-cdd7-4bea-8b17-2e630720df44_GCATCGGAGACGACTG-1,0,25,neuron
20e86156-cdd7-4bea-8b17-2e630720df44_GCATCGGCAGGCTATT-1,0,25,neuron
20e86156-cdd7-4bea-8b17-2e630720df44_GCATGATAGCCGATTT-1,0,25,neuron
20e86156-cdd7-4bea-8b17-2e630720df44_GCATGATAGTGAATAC-1,0,25,neuron
20e86156-cdd7-4bea-8b17-2e630720df44_GCCAGTGGTAGTGGCA-1,0,25,neuron
20e86156-cdd7-4bea-8b17-2e630720df44_GCCAGTGGTGGTCTGC-1,0,25,neuron
20e86156-cdd7-4bea-8b17-2e630720df44_GCCATGGGTCTAACGT-1,0,25,neuron
20e86156-cdd7-4bea-8b17-2e630720df44_GCCATGGTCGACGACC-1,0,25,neuron
20e86156-cdd7-4bea-8b17-2e630720df44_GCCATTCAGATGAAGG-1,0,25,neuron
20e86156-cdd7-4bea-8b17-2e630720df44_GCCATTCTCCGTATAG-1,0,25,neuron
20e86156-cdd7-4bea-8b17-2e630720df44_GCCCGAACAGATAAAC-1,0,25,neuron
20e86156-cdd7-4bea-8b17-2e630720df44_GCCGTGATCGCGTTTC-1,0,25,neuron
20e86156-cdd7-4bea-8b17-2e630720df44_GCGATCGAGACATCCT-1,0,25,neuron
20e86156-cdd7-4bea-8b17-2e630720df44_GCGATCGGTCCGCAGT-1,0,25,neuron
20e86156-cdd7-4bea-8b17-2e630720df44_GCGGAAATCTGTAAGC-1,0,25,neuron
20e86156-cdd7-4bea-8b17-2e630720df44_GCGTGCAAGGAACGCT-1,0,25,neuron
20e86156-cdd7-4bea-8b17-2e630720df44_GCGTGCACAAGCAGGT-1,0,25,neuron
20e86156-cdd7-4bea-8b17-2e630720df44_GCTACAACAATGACCT-1,0,25,neuron
20e86156-cdd7-4bea-8b17-2e630720df44_GCTCAAAAGCTCCATA-1,0,25,neuron
20e86156-cdd7-4bea-8b17-2e630720df44_GCTCAAACAGTAGTGG-1,0,25,neuron
20e86156-cdd7-4bea-8b17-2e630720df44_GCTGCAGGTCTTACTT-1,0,25,neuron
20e86156-cdd7-4bea-8b17-2e630720df44_GCTGCAGTCATGAAAG-1,0,25,neuron
20e86156-cdd7-4bea-8b17-2e630720df44_GCTTCACAGTGTAGTA-1,0,25,neuron
20e86156-cdd7-4bea-8b17-2e630720df44_GCTTTCGCAGAATTCC-1,0,25,neuron
20e86156-cdd7-4bea-8b17-2e630720df44_GCTTTCGTCTGGGCGT-1,0,25,neuron
20e86156-cdd7-4bea-8b17-2e630720df44_GGAAGTGAGTCACTAC-1,0,25,neuron
20e86156-cdd7-4bea-8b17-2e630720df44_GGAAGTGGTCGGAACA-1,0,25,neuron
20e86156-cdd7-4bea-8b17-2e630720df44_GGAAGTGGTCTGCCTT-1,0,25,neuron
20e86156-cdd7-4bea-8b17-2e630720df44_GGAATCTGTATCGTTG-1,0,25,neuron
20e86156-cdd7-4bea-8b17-2e630720df44_GGAATGGCAGTCGCAC-1,0,25,neuron
20e86156-cdd7-4bea-8b17-2e630720df44_GGAGAACGTTGCATTG-1,0,25,neuron
20e86156-cdd7-4bea-8b17-2e630720df44_GGAGAACTCTCCCAAC-1,0,25,neuron
20e86156-cdd7-4bea-8b17-2e630720df44_GGAGATGGTGAGGCAT-1,0,25,neuron
20e86156-cdd7-4bea-8b17-2e630720df44_GGAGCAAAGCTAGATA-1,0,25,neuron
20e86156-cdd7-4bea-8b17-2e630720df44_GGAGGATGTACCCACG-1,0,25,neuron
20e86156-cdd7-4bea-8b17-2e630720df44_GGAGGATGTAGATCCT-1,0,25,neuron
20e86156-cdd7-4bea-8b17-2e630720df44_GGCGTCAGTTATTCTC-1,0,25,neuron
20e86156-cdd7-4bea-8b17-2e630720df44_GGCGTCATCCACAGCG-1,0,25,neuron
20e86156-cdd7-4bea-8b17-2e630720df44_GGGACAAGTTCGGCCA-1,0,25,neuron
20e86156-cdd7-4bea-8b17-2e630720df44_GGGACCTAGAAACTGT-1,0,25,neuron
20e86156-cdd7-4bea-8b17-2e630720df44_GGGACCTGTCTGCCTT-1,0,25,neuron
20e86156-cdd7-4bea-8b17-2e630720df44_GGGATGAAGTAGATCA-1,0,25,neuron
20e86156-cdd7-4bea-8b17-2e630720df44_GGGCGTTCAACAAGAT-1,0,25,neuron
20e86156-cdd7-4bea-8b17-2e630720df44_GGGCGTTCAGGATGAC-1,0,25,neuron
20e86156-cdd7-4bea-8b17-2e630720df44_GGGCTACCAGCTCTGG-1,0,25,neuron
20e86156-cdd7-4bea-8b17-2e630720df44_GGGCTACCATTCTGTT-1,0,25,neuron
20e86156-cdd7-4bea-8b17-2e630720df44_GGGCTCAGTATTTCCT-1,0,25,neuron
20e86156-cdd7-4bea-8b17-2e630720df44_GGGTAGACAACCGTAT-1,0,25,neuron
20e86156-cdd7-4bea-8b17-2e630720df44_GGGTAGAGTTTGCCGG-1,0,25,neuron
20e86156-cdd7-4bea-8b17-2e630720df44_GGGTATTAGTCACTCA-1,0,25,neuron
20e86156-cdd7-4bea-8b17-2e630720df44_GGGTCACAGGTAAACT-1,0,25,neuron
20e86156-cdd7-4bea-8b17-2e630720df44_GGGTCTGCAGGTCCGT-1,0,25,neuron
20e86156-cdd7-4bea-8b17-2e630720df44_GGGTGAACATCCTTCG-1,0,25,neuron
20e86156-cdd7-4bea-8b17-2e630720df44_GGGTTTACAGCCGGTT-1,0,25,neuron
20e86156-cdd7-4bea-8b17-2e630720df44_GGGTTTAGTCCAAGAG-1,0,25,neuron
20e86156-cdd7-4bea-8b17-2e630720df44_GGGTTTAGTCTAGTGT-1,0,25,neuron
20e86156-cdd7-4bea-8b17-2e630720df44_GGTAACTAGGATGGCT-1,0,25,neuron
20e86156-cdd7-4bea-8b17-2e630720df44_GGTAATCCATTGAGCT-1,0,25,neuron
20e86156-cdd7-4bea-8b17-2e630720df44_GGTAATCTCAAAGGTA-1,0,25,neuron
20e86156-cdd7-4bea-8b17-2e630720df44_GGTCACGTCATTCGTT-1,0,25,neuron
20e86156-cdd7-4bea-8b17-2e630720df44_GGTCTGGGTACCTATG-1,0,25,neuron
20e86156-cdd7-4bea-8b17-2e630720df44_GGTGAAGTCAACGAGG-1,0,25,neuron
20e86156-cdd7-4bea-8b17-2e630720df44_GGTGGCTAGTACTGTC-1,0,25,neuron
20e86156-cdd7-4bea-8b17-2e630720df44_GGTGTCGGTTCAAAGA-1,0,25,neuron
20e86156-cdd7-4bea-8b17-2e630720df44_GGTTAACTCACACCCT-1,0,25,neuron
20e86156-cdd7-4bea-8b17-2e630720df44_GTAATCGAGCCTCACG-1,0,25,neuron
20e86156-cdd7-4bea-8b17-2e630720df44_GTAGAAAAGTCATCGT-1,0,25,neuron
20e86156-cdd7-4bea-8b17-2e630720df44_GTAGAAACACTACCGG-1,0,25,neuron
20e86156-cdd7-4bea-8b17-2e630720df44_GTAGAGGAGATCCGAG-1,0,25,neuron
20e86156-cdd7-4bea-8b17-2e630720df44_GTAGAGGTCGGTAACT-1,0,25,neuron
20e86156-cdd7-4bea-8b17-2e630720df44_GTAGATCTCACCCTCA-1,0,25,neuron
20e86156-cdd7-4bea-8b17-2e630720df44_GTAGATCTCACCGACG-1,0,25,neuron
20e86156-cdd7-4bea-8b17-2e630720df44_GTAGCTAAGCTAAACA-1,0,25,neuron
20e86156-cdd7-4bea-8b17-2e630720df44_GTAGCTAAGTACGTCT-1,0,25,neuron
20e86156-cdd7-4bea-8b17-2e630720df44_GTAGCTACATTCTGTT-1,0,25,neuron
20e86156-cdd7-4bea-8b17-2e630720df44_GTAGCTATCCTACACC-1,0,25,neuron
20e86156-cdd7-4bea-8b17-2e630720df44_GTAGCTATCTACCCAC-1,0,25,neuron
20e86156-cdd7-4bea-8b17-2e630720df44_GTAGGAGGTACGATCT-1,0,25,neuron
20e86156-cdd7-4bea-8b17-2e630720df44_GTAGTACAGGAGTCTG-1,0,25,neuron
20e86156-cdd7-4bea-8b17-2e630720df44_GTATTTCCAGACCGCT-1,0,25,neuron
20e86156-cdd7-4bea-8b17-2e630720df44_GTCAAACTCAGTGCGC-1,0,25,neuron
20e86156-cdd7-4bea-8b17-2e630720df44_GTCACTCAGAAGTCTA-1,0,25,neuron
20e86156-cdd7-4bea-8b17-2e630720df44_GTCATGAGTCGGAAAC-1,0,25,neuron
20e86156-cdd7-4bea-8b17-2e630720df44_GTCATTTGTGGGTATG-1,0,25,neuron
20e86156-cdd7-4bea-8b17-2e630720df44_GTCATTTTCTGCGGAC-1,0,25,neuron
20e86156-cdd7-4bea-8b17-2e630720df44_GTCCACTGTAGGCTGA-1,0,25,neuron
20e86156-cdd7-4bea-8b17-2e630720df44_GTCGAATAGGGTACAC-1,0,25,neuron
20e86156-cdd7-4bea-8b17-2e630720df44_GTCGTAAGTTGTAGCT-1,0,25,neuron
20e86156-cdd7-4bea-8b17-2e630720df44_GTCGTTCAGGGCTTCC-1,0,25,neuron
20e86156-cdd7-4bea-8b17-2e630720df44_GTCGTTCAGGTGCCTC-1,0,25,neuron
20e86156-cdd7-4bea-8b17-2e630720df44_GTCTACCCACTGTGAT-1,0,25,neuron
20e86156-cdd7-4bea-8b17-2e630720df44_GTCTAGAAGCGTCAGA-1,0,25,neuron
20e86156-cdd7-4bea-8b17-2e630720df44_GTCTAGAAGTCGGGAT-1,0,25,neuron
20e86156-cdd7-4bea-8b17-2e630720df44_GTCTAGAGTGAGAACC-1,0,25,neuron
20e86156-cdd7-4bea-8b17-2e630720df44_GTCTAGATCGTTCTGC-1,0,25,neuron
20e86156-cdd7-4bea-8b17-2e630720df44_GTCTCACTCTCAGGCG-1,0,25,neuron
20e86156-cdd7-4bea-8b17-2e630720df44_GTCTTTAGTCCTTAAG-1,0,25,neuron
20e86156-cdd7-4bea-8b17-2e630720df44_GTCTTTAGTGACTCGC-1,0,25,neuron
20e86156-cdd7-4bea-8b17-2e630720df44_GTGACGCGTAACAGGC-1,0,25,neuron
20e86156-cdd7-4bea-8b17-2e630720df44_GTGAGCCAGACCGTTT-1,0,25,neuron
20e86156-cdd7-4bea-8b17-2e630720df44_GTGGAAGCAAAGTGTA-1,0,25,neuron
20e86156-cdd7-4bea-8b17-2e630720df44_GTGGGAAAGCGGGTTA-1,0,25,neuron
20e86156-cdd7-4bea-8b17-2e630720df44_GTGGGAATCGCCTATC-1,0,25,neuron
20e86156-cdd7-4bea-8b17-2e630720df44_GTGGTTATCATGAGGG-1,0,25,neuron
20e86156-cdd7-4bea-8b17-2e630720df44_GTGTAACAGAATCGAT-1,0,25,neuron
20e86156-cdd7-4bea-8b17-2e630720df44_GTGTAACTCGTTGTGA-1,0,25,neuron
20e86156-cdd7-4bea-8b17-2e630720df44_GTGTCCTTCGGCCTTT-1,0,25,neuron
20e86156-cdd7-4bea-8b17-2e630720df44_GTGTTCCCACAGACGA-1,0,25,neuron
20e86156-cdd7-4bea-8b17-2e630720df44_GTGTTCCCAGGCGAAT-1,0,25,neuron
20e86156-cdd7-4bea-8b17-2e630720df44_GTTACCCTCCAATGCA-1,0,25,neuron
20e86156-cdd7-4bea-8b17-2e630720df44_GTTACGAGTGGTCAAG-1,0,25,neuron
20e86156-cdd7-4bea-8b17-2e630720df44_GTTAGACAGGCTGGAT-1,0,25,neuron
20e86156-cdd7-4bea-8b17-2e630720df44_GTTAGTGTCTGAGAGG-1,0,25,neuron
20e86156-cdd7-4bea-8b17-2e630720df44_GTTCATTTCCGACAGC-1,0,25,neuron
20e86156-cdd7-4bea-8b17-2e630720df44_GTTCATTTCTGCGATA-1,0,25,neuron
20e86156-cdd7-4bea-8b17-2e630720df44_GTTCCGTGTATGCGGA-1,0,25,neuron
20e86156-cdd7-4bea-8b17-2e630720df44_GTTGCGGGTCGTGCCA-1,0,25,neuron
20e86156-cdd7-4bea-8b17-2e630720df44_GTTGCTCAGTGTAGAT-1,0,25,neuron
20e86156-cdd7-4bea-8b17-2e630720df44_GTTGCTCCAGCGTGAA-1,0,25,neuron
20e86156-cdd7-4bea-8b17-2e630720df44_GTTGTAGCAGATCCTA-1,0,25,neuron
20e86156-cdd7-4bea-8b17-2e630720df44_GTTTACTTCATGACAC-1,0,25,neuron
20e86156-cdd7-4bea-8b17-2e630720df44_GTTTGGAAGGGATCGT-1,0,25,neuron
20e86156-cdd7-4bea-8b17-2e630720df44_GTTTGGACAAGTGACG-1,0,25,neuron
20e86156-cdd7-4bea-8b17-2e630720df44_GTTTGGATCACATTGG-1,0,25,neuron
20e86156-cdd7-4bea-8b17-2e630720df44_TAACACGAGTTCACTG-1,0,25,neuron
20e86156-cdd7-4bea-8b17-2e630720df44_TAACCAGGTGAGTAGC-1,0,25,neuron
20e86156-cdd7-4bea-8b17-2e630720df44_TAACGACCAAAGCTCT-1,0,25,neuron
20e86156-cdd7-4bea-8b17-2e630720df44_TAAGCCAAGTACCATC-1,0,25,neuron
20e86156-cdd7-4bea-8b17-2e630720df44_TAAGCCATCGTCCTCA-1,0,25,neuron
20e86156-cdd7-4bea-8b17-2e630720df44_TAAGCGTAGTGGTTCT-1,0,25,neuron
20e86156-cdd7-4bea-8b17-2e630720df44_TAAGTCGGTCCTTTGC-1,0,25,neuron
20e86156-cdd7-4bea-8b17-2e630720df44_TAATCTCAGACCAAAT-1,0,25,neuron
20e86156-cdd7-4bea-8b17-2e630720df44_TACAGGTAGTCACTAC-1,0,25,neuron
20e86156-cdd7-4bea-8b17-2e630720df44_TACCCACTCAGCGCGT-1,0,25,neuron
20e86156-cdd7-4bea-8b17-2e630720df44_TACCCGTAGGTAGACC-1,0,25,neuron
20e86156-cdd7-4bea-8b17-2e630720df44_TACCGGGAGTTTGAGA-1,0,25,neuron
20e86156-cdd7-4bea-8b17-2e630720df44_TACCGGGGTGTCTTGA-1,0,25,neuron
20e86156-cdd7-4bea-8b17-2e630720df44_TACCTCGGTCTTGGTA-1,0,25,neuron
20e86156-cdd7-4bea-8b17-2e630720df44_TACGCTCCAAGGCTTT-1,0,25,neuron
20e86156-cdd7-4bea-8b17-2e630720df44_TACGCTCCACGTGAGA-1,0,25,neuron
20e86156-cdd7-4bea-8b17-2e630720df44_TACGGTAAGCTCCACG-1,0,25,neuron
20e86156-cdd7-4bea-8b17-2e630720df44_TACGTCCCATTGGCAT-1,0,25,neuron
20e86156-cdd7-4bea-8b17-2e630720df44_TACTGCCCAGACCGCT-1,0,25,neuron
20e86156-cdd7-4bea-8b17-2e630720df44_TACTGCCGTCGATGCC-1,0,25,neuron
20e86156-cdd7-4bea-8b17-2e630720df44_TACTTGTGTATTTCGG-1,0,25,neuron
20e86156-cdd7-4bea-8b17-2e630720df44_TACTTGTGTCGCTTGG-1,0,25,neuron
20e86156-cdd7-4bea-8b17-2e630720df44_TAGACTGTCTTTCGAT-1,0,25,neuron
20e86156-cdd7-4bea-8b17-2e630720df44_TAGAGTCAGGCATCTT-1,0,25,neuron
20e86156-cdd7-4bea-8b17-2e630720df44_TAGAGTCCACGGTGTC-1,0,25,neuron
20e86156-cdd7-4bea-8b17-2e630720df44_TAGATCGGTATATGGA-1,0,25,neuron
20e86156-cdd7-4bea-8b17-2e630720df44_TAGGGTTCAAACCACT-1,0,25,neuron
20e86156-cdd7-4bea-8b17-2e630720df44_TATATCCAGACCATGG-1,0,25,neuron
20e86156-cdd7-4bea-8b17-2e630720df44_TATATCCAGGAAACGA-1,0,25,neuron
20e86156-cdd7-4bea-8b17-2e630720df44_TATATCCGTGGGCTCT-1,0,25,neuron
20e86156-cdd7-4bea-8b17-2e630720df44_TATATCCGTTATAGCC-1,0,25,neuron
20e86156-cdd7-4bea-8b17-2e630720df44_TATCAGGCAGATCCTA-1,0,25,neuron
20e86156-cdd7-4bea-8b17-2e630720df44_TATCCTAAGCTCTGTA-1,0,25,neuron
20e86156-cdd7-4bea-8b17-2e630720df44_TATGTTCTCACCATCC-1,0,25,neuron
20e86156-cdd7-4bea-8b17-2e630720df44_TATTGCTGTTTACGTG-1,0,25,neuron
20e86156-cdd7-4bea-8b17-2e630720df44_TATTGGGAGTTACGAA-1,0,25,neuron
20e86156-cdd7-4bea-8b17-2e630720df44_TCAAGACTCGAGCCAC-1,0,25,neuron
20e86156-cdd7-4bea-8b17-2e630720df44_TCAATTCAGTCTCCTC-1,0,25,neuron
20e86156-cdd7-4bea-8b17-2e630720df44_TCAATTCCAAAGGAGA-1,0,25,neuron
20e86156-cdd7-4bea-8b17-2e630720df44_TCAATTCGTCTGATCA-1,0,25,neuron
20e86156-cdd7-4bea-8b17-2e630720df44_TCAATTCTCATGACAC-1,0,25,neuron
20e86156-cdd7-4bea-8b17-2e630720df44_TCACAAGGTCTTCTAT-1,0,25,neuron
20e86156-cdd7-4bea-8b17-2e630720df44_TCACACCAGCCATTTG-1,0,25,neuron
20e86156-cdd7-4bea-8b17-2e630720df44_TCACATTAGGCTGGAT-1,0,25,neuron
20e86156-cdd7-4bea-8b17-2e630720df44_TCACGGGGTCTCACGG-1,0,25,neuron
20e86156-cdd7-4bea-8b17-2e630720df44_TCACTCGTCGCTAAAC-1,0,25,neuron
20e86156-cdd7-4bea-8b17-2e630720df44_TCAGCAATCGTACACA-1,0,25,neuron
20e86156-cdd7-4bea-8b17-2e630720df44_TCAGCCTAGAGGTCGT-1,0,25,neuron
20e86156-cdd7-4bea-8b17-2e630720df44_TCAGCCTCATTGAGCT-1,0,25,neuron
20e86156-cdd7-4bea-8b17-2e630720df44_TCAGCCTGTTAGAGAT-1,0,25,neuron
20e86156-cdd7-4bea-8b17-2e630720df44_TCAGTCCGTTGCCTAA-1,0,25,neuron
20e86156-cdd7-4bea-8b17-2e630720df44_TCAGTTTAGCTGGAGT-1,0,25,neuron
20e86156-cdd7-4bea-8b17-2e630720df44_TCATACTAGAAGCTGC-1,0,25,neuron
20e86156-cdd7-4bea-8b17-2e630720df44_TCATACTCAGGAATAT-1,0,25,neuron
20e86156-cdd7-4bea-8b17-2e630720df44_TCATACTTCCGCCTAT-1,0,25,neuron
20e86156-cdd7-4bea-8b17-2e630720df44_TCATATCTCAGTCTTT-1,0,25,neuron
20e86156-cdd7-4bea-8b17-2e630720df44_TCATCATCAAATGGAT-1,0,25,neuron
20e86156-cdd7-4bea-8b17-2e630720df44_TCATCCGAGGGCCAAT-1,0,25,neuron
20e86156-cdd7-4bea-8b17-2e630720df44_TCATCCGCACTTCAGA-1,0,25,neuron
20e86156-cdd7-4bea-8b17-2e630720df44_TCATTACCACCTGTCT-1,0,25,neuron
20e86156-cdd7-4bea-8b17-2e630720df44_TCATTTGAGTGGTTGG-1,0,25,neuron
20e86156-cdd7-4bea-8b17-2e630720df44_TCCACGTTCTTCGCTG-1,0,25,neuron
20e86156-cdd7-4bea-8b17-2e630720df44_TCCATCGAGAGGTGCT-1,0,25,neuron
20e86156-cdd7-4bea-8b17-2e630720df44_TCCATCGTCATGGGAG-1,0,25,neuron
20e86156-cdd7-4bea-8b17-2e630720df44_TCCCACACAAATGCGG-1,0,25,neuron
20e86156-cdd7-4bea-8b17-2e630720df44_TCCCACAGTGGCACTC-1,0,25,neuron
20e86156-cdd7-4bea-8b17-2e630720df44_TCCCAGTGTCTTACAG-1,0,25,neuron
20e86156-cdd7-4bea-8b17-2e630720df44_TCCCAGTTCCTAGAGT-1,0,25,neuron
20e86156-cdd7-4bea-8b17-2e630720df44_TCCTCCCAGTTGCCTA-1,0,25,neuron
20e86156-cdd7-4bea-8b17-2e630720df44_TCCTCGATCAGCTTGA-1,0,25,neuron
20e86156-cdd7-4bea-8b17-2e630720df44_TCCTGCACAGTCGAGA-1,0,25,neuron
20e86156-cdd7-4bea-8b17-2e630720df44_TCCTGCACATCGCCTT-1,0,25,neuron
20e86156-cdd7-4bea-8b17-2e630720df44_TCGAAGTGTTAGGAGC-1,0,25,neuron
20e86156-cdd7-4bea-8b17-2e630720df44_TCGAAGTTCCATCAGA-1,0,25,neuron
20e86156-cdd7-4bea-8b17-2e630720df44_TCGACGGTCGGCCCAA-1,0,25,neuron
20e86156-cdd7-4bea-8b17-2e630720df44_TCGATTTTCTACACTT-1,0,25,neuron
20e86156-cdd7-4bea-8b17-2e630720df44_TCGCAGGTCGTGAGAG-1,0,25,neuron
20e86156-cdd7-4bea-8b17-2e630720df44_TCGCTTGGTCGTCGGT-1,0,25,neuron
20e86156-cdd7-4bea-8b17-2e630720df44_TCGGGACGTCAAAGCG-1,0,25,neuron
20e86156-cdd7-4bea-8b17-2e630720df44_TCGGTCTTCGTGGGAA-1,0,25,neuron
20e86156-cdd7-4bea-8b17-2e630720df44_TCGTAGAAGAAATTGC-1,0,25,neuron
20e86156-cdd7-4bea-8b17-2e630720df44_TCGTAGATCATCACAG-1,0,25,neuron
20e86156-cdd7-4bea-8b17-2e630720df44_TCGTCCAAGGACGGAG-1,0,25,neuron
20e86156-cdd7-4bea-8b17-2e630720df44_TCGTGGGGTTAATGAG-1,0,25,neuron
20e86156-cdd7-4bea-8b17-2e630720df44_TCTACATAGCACACAG-1,0,25,neuron
20e86156-cdd7-4bea-8b17-2e630720df44_TCTACATCAGCTGAAG-1,0,25,neuron
20e86156-cdd7-4bea-8b17-2e630720df44_TCTATACAGGTCATTC-1,0,25,neuron
20e86156-cdd7-4bea-8b17-2e630720df44_TCTATACGTTGTCAGT-1,0,25,neuron
20e86156-cdd7-4bea-8b17-2e630720df44_TCTATCAGTTAGCTAC-1,0,25,neuron
20e86156-cdd7-4bea-8b17-2e630720df44_TCTCTGGCAGGTATGG-1,0,25,neuron
20e86156-cdd7-4bea-8b17-2e630720df44_TCTTAGTAGCTTCATG-1,0,25,neuron
20e86156-cdd7-4bea-8b17-2e630720df44_TCTTCCTAGACTTCCA-1,0,25,neuron
20e86156-cdd7-4bea-8b17-2e630720df44_TCTTGCGAGGCACGAT-1,0,25,neuron
20e86156-cdd7-4bea-8b17-2e630720df44_TGAACGTCAAATAAGC-1,0,25,neuron
20e86156-cdd7-4bea-8b17-2e630720df44_TGAATGCGTGCTTATG-1,0,25,neuron
20e86156-cdd7-4bea-8b17-2e630720df44_TGACAGTTCGTGGAAG-1,0,25,neuron
20e86156-cdd7-4bea-8b17-2e630720df44_TGACCCTTCCGTGTAA-1,0,25,neuron
20e86156-cdd7-4bea-8b17-2e630720df44_TGAGACTAGAACTTCC-1,0,25,neuron
20e86156-cdd7-4bea-8b17-2e630720df44_TGAGGGACAGTTGTTG-1,0,25,neuron
20e86156-cdd7-4bea-8b17-2e630720df44_TGATTCTAGAGTCCGA-1,0,25,neuron
20e86156-cdd7-4bea-8b17-2e630720df44_TGATTCTGTCTTTATC-1,0,25,neuron
20e86156-cdd7-4bea-8b17-2e630720df44_TGATTTCCACCTCGTT-1,0,25,neuron
20e86156-cdd7-4bea-8b17-2e630720df44_TGATTTCTCCAACTAG-1,0,25,neuron
20e86156-cdd7-4bea-8b17-2e630720df44_TGCAGGCGTACTGGGA-1,0,25,neuron
20e86156-cdd7-4bea-8b17-2e630720df44_TGCAGGCGTTTCCAAG-1,0,25,neuron
20e86156-cdd7-4bea-8b17-2e630720df44_TGCATCCGTGAACGGT-1,0,25,neuron
20e86156-cdd7-4bea-8b17-2e630720df44_TGCCGAGAGTTGCCTA-1,0,25,neuron
20e86156-cdd7-4bea-8b17-2e630720df44_TGCCGAGTCGATGGAG-1,0,25,neuron
20e86156-cdd7-4bea-8b17-2e630720df44_TGCGACGAGGACGGAG-1,0,25,neuron
20e86156-cdd7-4bea-8b17-2e630720df44_TGCGATACAACAAAGT-1,0,25,neuron
20e86156-cdd7-4bea-8b17-2e630720df44_TGCGATACATGACGAG-1,0,25,neuron
20e86156-cdd7-4bea-8b17-2e630720df44_TGCTTGCAGTAGTCCT-1,0,25,neuron
20e86156-cdd7-4bea-8b17-2e630720df44_TGGATCAAGAGGTATT-1,0,25,neuron
20e86156-cdd7-4bea-8b17-2e630720df44_TGGATGTGTGAACCGA-1,0,25,neuron
20e86156-cdd7-4bea-8b17-2e630720df44_TGGCGTGAGCGAACTG-1,0,25,neuron
20e86156-cdd7-4bea-8b17-2e630720df44_TGGCGTGCACAGTCCG-1,0,25,neuron
20e86156-cdd7-4bea-8b17-2e630720df44_TGGCGTGTCACGATAC-1,0,25,neuron
20e86156-cdd7-4bea-8b17-2e630720df44_TGGGAAGGTCAAGCCC-1,0,25,neuron
20e86156-cdd7-4bea-8b17-2e630720df44_TGGGAGACACGGTGCT-1,0,25,neuron
20e86156-cdd7-4bea-8b17-2e630720df44_TGGGATTGTTAGAAGT-1,0,25,neuron
20e86156-cdd7-4bea-8b17-2e630720df44_TGGGCGTTCTAGGCCG-1,0,25,neuron
20e86156-cdd7-4bea-8b17-2e630720df44_TGGGCTGAGTGAGCCA-1,0,25,neuron
20e86156-cdd7-4bea-8b17-2e630720df44_TGGGCTGAGTGCGCTC-1,0,25,neuron
20e86156-cdd7-4bea-8b17-2e630720df44_TGGGCTGTCAAGTGGG-1,0,25,neuron
20e86156-cdd7-4bea-8b17-2e630720df44_TGGTACACACACCGCA-1,0,25,neuron
20e86156-cdd7-4bea-8b17-2e630720df44_TGTAACGAGGTAGACC-1,0,25,neuron
20e86156-cdd7-4bea-8b17-2e630720df44_TGTAAGCGTACGATGG-1,0,25,neuron
20e86156-cdd7-4bea-8b17-2e630720df44_TGTAAGCTCGAGTCCG-1,0,25,neuron
20e86156-cdd7-4bea-8b17-2e630720df44_TGTAAGCTCTACTATC-1,0,25,neuron
20e86156-cdd7-4bea-8b17-2e630720df44_TGTCCACAGCTAAACA-1,0,25,neuron
20e86156-cdd7-4bea-8b17-2e630720df44_TGTCCTGTCACAAGGG-1,0,25,neuron
20e86156-cdd7-4bea-8b17-2e630720df44_TGTGATGCAGCTGTTA-1,0,25,neuron
20e86156-cdd7-4bea-8b17-2e630720df44_TGTGATGCATGCCGGT-1,0,25,neuron
20e86156-cdd7-4bea-8b17-2e630720df44_TGTTGAGTCGCGATCG-1,0,25,neuron
20e86156-cdd7-4bea-8b17-2e630720df44_TGTTTGTAGTTTCTTC-1,0,25,neuron
20e86156-cdd7-4bea-8b17-2e630720df44_TGTTTGTTCACTTCTA-1,0,25,neuron
20e86156-cdd7-4bea-8b17-2e630720df44_TTAATCCCAGCACACC-1,0,25,neuron
20e86156-cdd7-4bea-8b17-2e630720df44_TTACAGGAGCCACCGT-1,0,25,neuron
20e86156-cdd7-4bea-8b17-2e630720df44_TTACCATGTACAGAGC-1,0,25,neuron
20e86156-cdd7-4bea-8b17-2e630720df44_TTACCGCCATATGAAG-1,0,25,neuron
20e86156-cdd7-4bea-8b17-2e630720df44_TTACGCCAGACAAGCC-1,0,25,neuron
20e86156-cdd7-4bea-8b17-2e630720df44_TTACGCCAGTCATGGG-1,0,25,neuron
20e86156-cdd7-4bea-8b17-2e630720df44_TTACGCCGTTCGCGTG-1,0,25,neuron
20e86156-cdd7-4bea-8b17-2e630720df44_TTACGTTGTTGGGACA-1,0,25,neuron
20e86156-cdd7-4bea-8b17-2e630720df44_TTACTGTCATAGAAAC-1,0,25,neuron
20e86156-cdd7-4bea-8b17-2e630720df44_TTACTGTGTAAGGCTG-1,0,25,neuron
20e86156-cdd7-4bea-8b17-2e630720df44_TTACTGTGTTCAAGTC-1,0,25,neuron
20e86156-cdd7-4bea-8b17-2e630720df44_TTAGGCAAGACAGCGT-1,0,25,neuron
20e86156-cdd7-4bea-8b17-2e630720df44_TTAGTCTTCAATCCGA-1,0,25,neuron
20e86156-cdd7-4bea-8b17-2e630720df44_TTCAATCGTAGCGTAG-1,0,25,neuron
20e86156-cdd7-4bea-8b17-2e630720df44_TTCACCGCAACCGCCA-1,0,25,neuron
20e86156-cdd7-4bea-8b17-2e630720df44_TTCCAATAGATGTAGT-1,0,25,neuron
20e86156-cdd7-4bea-8b17-2e630720df44_TTCCAATGTGGCCCAT-1,0,25,neuron
20e86156-cdd7-4bea-8b17-2e630720df44_TTCCTCTAGATCACCT-1,0,25,neuron
20e86156-cdd7-4bea-8b17-2e630720df44_TTCCTCTGTTACACTG-1,0,25,neuron
20e86156-cdd7-4bea-8b17-2e630720df44_TTCCTTCTCACTCTTA-1,0,25,neuron
20e86156-cdd7-4bea-8b17-2e630720df44_TTCGATTAGTATGATG-1,0,25,neuron
20e86156-cdd7-4bea-8b17-2e630720df44_TTCTAGTAGATGATTG-1,0,25,neuron
20e86156-cdd7-4bea-8b17-2e630720df44_TTCTTCCAGGAGGGTG-1,0,25,neuron
20e86156-cdd7-4bea-8b17-2e630720df44_TTGAACGGTCGCCACA-1,0,25,neuron
20e86156-cdd7-4bea-8b17-2e630720df44_TTGACCCCAGCTCATA-1,0,25,neuron
20e86156-cdd7-4bea-8b17-2e630720df44_TTGACCCGTATACAGA-1,0,25,neuron
20e86156-cdd7-4bea-8b17-2e630720df44_TTGCCTGTCAGAACCT-1,0,25,neuron
20e86156-cdd7-4bea-8b17-2e630720df44_TTGGATGCATGGACAG-1,0,25,neuron
20e86156-cdd7-4bea-8b17-2e630720df44_TTGGGATTCTCTATAC-1,0,25,neuron
20e86156-cdd7-4bea-8b17-2e630720df44_TTGGGCGTCACTAGCA-1,0,25,neuron
20e86156-cdd7-4bea-8b17-2e630720df44_TTGGTTTCATAATCGC-1,0,25,neuron
20e86156-cdd7-4bea-8b17-2e630720df44_TTGTGGACACGCAGTC-1,0,25,neuron
20e86156-cdd7-4bea-8b17-2e630720df44_TTGTGTTCAGCACGAA-1,0,25,neuron
20e86156-cdd7-4bea-8b17-2e630720df44_TTGTTCACATAATCGC-1,0,25,neuron
20e86156-cdd7-4bea-8b17-2e630720df44_TTGTTCATCAGACTGT-1,0,25,neuron
20e86156-cdd7-4bea-8b17-2e630720df44_TTGTTTGAGCATGTTC-1,0,25,neuron
20e86156-cdd7-4bea-8b17-2e630720df44_TTTACCAGTCATACCA-1,0,25,neuron
20e86156-cdd7-4bea-8b17-2e630720df44_TTTAGTCTCTCGCCTA-1,0,25,neuron
20e86156-cdd7-4bea-8b17-2e630720df44_TTTCAGTAGCGCAATG-1,0,25,neuron
20e86156-cdd7-4bea-8b17-2e630720df44_TTTCAGTCAGATCACT-1,0,25,neuron
20e86156-cdd7-4bea-8b17-2e630720df44_TTTCATGTCGAGTCCG-1,0,25,neuron
20e86156-cdd7-4bea-8b17-2e630720df44_TTTCGATCAAAGCAAT-1,0,25,neuron
20e86156-cdd7-4bea-8b17-2e630720df44_TTTGGAGCACGGGTAA-1,0,25,neuron
21521784-3a62-4989-bd29-0f920e1eaa2b_ATCGTAGAGACGGTCA-1,0,25,neuron
21521784-3a62-4989-bd29-0f920e1eaa2b_ATTCGTTTCACTCACC-1,0,25,neuron
21521784-3a62-4989-bd29-0f920e1eaa2b_CAAGGGATCCGTTGGG-1,0,25,neuron
21521784-3a62-4989-bd29-0f920e1eaa2b_GCTGAATGTTCCTACC-1,0,25,neuron
21521784-3a62-4989-bd29-0f920e1eaa2b_GTTAGTGTCGGTCTAA-1,0,25,neuron
21521784-3a62-4989-bd29-0f920e1eaa2b_TGAGGGAGTCCTTGTC-1,0,25,neuron
21521784-3a62-4989-bd29-0f920e1eaa2b_TTTCAGTTCGAGAGAC-1,0,25,neuron
44dcf3b7-977a-410f-8901-412697377924_ATCGGCGTCTGGCTGG-1,0,25,neuron
44dcf3b7-977a-410f-8901-412697377924_ATGCCTCTCTTAGGAC-1,0,25,neuron
44dcf3b7-977a-410f-8901-412697377924_CAAAGAATCTACTGAG-1,0,25,neuron
44dcf3b7-977a-410f-8901-412697377924_CATCGGGCAGGACAGT-1,0,25,neuron
44dcf3b7-977a-410f-8901-412697377924_CGTCCATCAAATCGTC-1,0,25,neuron
44dcf3b7-977a-410f-8901-412697377924_GCATCGGCATGTAACC-1,0,25,neuron
44dcf3b7-977a-410f-8901-412697377924_GGTGTCGGTCGGATTT-1,0,25,neuron
44dcf3b7-977a-410f-8901-412697377924_TCATTACTCGAGGCAA-1,0,25,neuron
44dcf3b7-977a-410f-8901-412697377924_TGAGGAGAGCCTGCCA-1,0,25,neuron
4a0d48cd-1c46-4d59-b4b0-ae842bf1323c_ACAGGGAGTCACTGAT-1,0,25,neuron
4a0d48cd-1c46-4d59-b4b0-ae842bf1323c_CTGTGAACAGAAGCGT-1,0,25,neuron
4a0d48cd-1c46-4d59-b4b0-ae842bf1323c_GATGTTGAGGGACACT-1,0,25,neuron
4a0d48cd-1c46-4d59-b4b0-ae842bf1323c_GTATTTCGTCGCGGTT-1,0,25,neuron
4a0d48cd-1c46-4d59-b4b0-ae842bf1323c_GTGGGAACAACCTATG-1,0,25,neuron
5212fe36-192c-44a3-88f4-4c6e696b583c_AACAAAGGTACAATAG-1,0,25,neuron
5212fe36-192c-44a3-88f4-4c6e696b583c_CTAACCCTCGGCTTCT-1,0,25,neuron
5212fe36-192c-44a3-88f4-4c6e696b583c_GCTTTCGAGTGCTACT-1,0,25,neuron
5212fe36-192c-44a3-88f4-4c6e696b583c_TGTTCTAGTTGCATGT-1,0,25,neuron
7eac574d-04fa-435d-8b4d-35da0100ecb9_AAGACTCTCCGTTTCG-1,0,25,neuron
7eac574d-04fa-435d-8b4d-35da0100ecb9_ACGGTTATCTCTTAAC-1,0,25,neuron
7eac574d-04fa-435d-8b4d-35da0100ecb9_CACAGATGTAGAGGAA-1,0,25,neuron
7eac574d-04fa-435d-8b4d-35da0100ecb9_CAGCACGTCGGCTCTT-1,0,25,neuron
7eac574d-04fa-435d-8b4d-35da0100ecb9_CGACAGCTCTAAGCGT-1,0,25,neuron
7eac574d-04fa-435d-8b4d-35da0100ecb9_CGGGTGTTCATGAGTC-1,0,25,neuron
7eac574d-04fa-435d-8b4d-35da0100ecb9_CTCAAGATCACTTGTT-1,0,25,neuron
7eac574d-04fa-435d-8b4d-35da0100ecb9_CTTTCAAGTATAGCTC-1,0,25,neuron
7eac574d-04fa-435d-8b4d-35da0100ecb9_GCCAGTGTCACCGCTT-1,0,25,neuron
7eac574d-04fa-435d-8b4d-35da0100ecb9_GTCAAGTTCCATTCGC-1,0,25,neuron
7eac574d-04fa-435d-8b4d-35da0100ecb9_TCAGTGAGTGGTCTTA-1,0,25,neuron
7eac574d-04fa-435d-8b4d-35da0100ecb9_TGCGGCACACAAGCAG-1,0,25,neuron
7eac574d-04fa-435d-8b4d-35da0100ecb9_TTGGGATTCACGTCCT-1,0,25,neuron
7eac574d-04fa-435d-8b4d-35da0100ecb9_TTTCGATGTTAGGCTT-1,0,25,neuron
8c0685b3-521e-45a6-9677-f8e3f186e09b_CACGGGTCAGAGACTG-1,0,25,neuron
9079231e-6906-4548-9f4f-684a86ed9b16_ACTTCCGGTGCAGTGA-1,0,25,neuron
9079231e-6906-4548-9f4f-684a86ed9b16_CACTGAATCTGAGGTT-1,0,25,neuron
9079231e-6906-4548-9f4f-684a86ed9b16_TGAGCATTCACCATAG-1,0,25,neuron
9f0f5520-2bc4-47ba-9966-0831f11ae5fd_AACGAAAAGGCTTAAA-1,0,25,neuron
9f0f5520-2bc4-47ba-9966-0831f11ae5fd_AGTCTCCAGCCGAACA-1,0,25,neuron
9f0f5520-2bc4-47ba-9966-0831f11ae5fd_ATGCATGGTCTGTGTA-1,0,25,neuron
9f0f5520-2bc4-47ba-9966-0831f11ae5fd_CAGATTGTCGCCAATA-1,0,25,neuron
9f0f5520-2bc4-47ba-9966-0831f11ae5fd_CCACACTAGATGCTGG-1,0,25,neuron
9f0f5520-2bc4-47ba-9966-0831f11ae5fd_CTGTACCCATACCAGT-1,0,25,neuron
9f0f5520-2bc4-47ba-9966-0831f11ae5fd_GCCCGAAGTGAGTAGC-1,0,25,neuron
9f0f5520-2bc4-47ba-9966-0831f11ae5fd_GGAAGTGTCTGCTCTG-1,0,25,neuron
9f0f5520-2bc4-47ba-9966-0831f11ae5fd_GTGCTGGGTTCTCAGA-1,0,25,neuron
9f0f5520-2bc4-47ba-9966-0831f11ae5fd_GTTACAGTCTTCACAT-1,0,25,neuron
9f0f5520-2bc4-47ba-9966-0831f11ae5fd_TAGGTTGGTGTTCATG-1,0,25,neuron
9f0f5520-2bc4-47ba-9966-0831f11ae5fd_TCATACTCACGTACAT-1,0,25,neuron
ae4dc06f-fc6d-4557-9a22-ab81504c2953_ACTTCGCAGCGTGAAC-1,0,25,neuron
ae4dc06f-fc6d-4557-9a22-ab81504c2953_CGATGCGGTAACGTTC-1,0,25,neuron
ae4dc06f-fc6d-4557-9a22-ab81504c2953_CGTAATGAGTTTCGGT-1,0,25,neuron
ae4dc06f-fc6d-4557-9a22-ab81504c2953_GGGATCCAGGCTAAAT-1,0,25,neuron
ae4dc06f-fc6d-4557-9a22-ab81504c2953_GTCACGGCAGATGCGA-1,0,25,neuron
ae4dc06f-fc6d-4557-9a22-ab81504c2953_TACATTCGTATCGTGT-1,0,25,neuron
da98ea54-62c1-4b95-acaa-1dcd98e53c12_AGACAAAAGATGTTAG-1,0,25,neuron
da98ea54-62c1-4b95-acaa-1dcd98e53c12_CATACTTAGAGACAAG-1,0,25,neuron
f8b54be7-f58e-4881-9147-40df9cef487b_ATTTACCTCTCTAAGG-1,0,25,neuron
f8b54be7-f58e-4881-9147-40df9cef487b_CATGCTCTCGTGCATA-1,0,25,neuron
f8b54be7-f58e-4881-9147-40df9cef487b_CGCATGGGTCAGTTTG-1,0,25,neuron
f8b54be7-f58e-4881-9147-40df9cef487b_GACCGTGCACTTCAAG-1,0,25,neuron
f8b54be7-f58e-4881-9147-40df9cef487b_GAGACTTCAGCGAACA-1,0,25,neuron
f8b54be7-f58e-4881-9147-40df9cef487b_GGAACCCGTGCTCCGA-1,0,25,neuron
f8b54be7-f58e-4881-9147-40df9cef487b_TCGTGCTCAGCATTGT-1,0,25,neuron
f8b54be7-f58e-4881-9147-40df9cef487b_TGGGCTGAGACTGGGT-1,0,25,neuron
08418175-0464-4b33-86e3-416c30189bd2_CGGCAGTAGTATGAAC-1,3,26,transitional
08418175-0464-4b33-86e3-416c30189bd2_GCAGCTGCAGCATCTA-1,3,26,transitional
20e86156-cdd7-4bea-8b17-2e630720df44_AAACCCAGTTTCCCAC-1,3,26,transitional
20e86156-cdd7-4bea-8b17-2e630720df44_AAAGAACCAGACAATA-1,3,26,transitional
20e86156-cdd7-4bea-8b17-2e630720df44_AAAGGTAGTCTGTAGT-1,3,26,transitional
20e86156-cdd7-4bea-8b17-2e630720df44_AACCAACAGGCTCAAG-1,3,26,transitional
20e86156-cdd7-4bea-8b17-2e630720df44_AACCCAAGTAGTTAGA-1,3,26,transitional
20e86156-cdd7-4bea-8b17-2e630720df44_AACCTGAGTACGCTTA-1,3,26,transitional
20e86156-cdd7-4bea-8b17-2e630720df44_AACCTTTAGGATACGC-1,3,26,transitional
20e86156-cdd7-4bea-8b17-2e630720df44_AACGAAACAATTGAGA-1,3,26,transitional
20e86156-cdd7-4bea-8b17-2e630720df44_AACGAAAGTTGCATAC-1,3,26,transitional
20e86156-cdd7-4bea-8b17-2e630720df44_AACGTCATCATTCTTG-1,3,26,transitional
20e86156-cdd7-4bea-8b17-2e630720df44_AAGACAAGTGTTTCTT-1,3,26,transitional
20e86156-cdd7-4bea-8b17-2e630720df44_AAGGAATGTTCCGGTG-1,3,26,transitional
20e86156-cdd7-4bea-8b17-2e630720df44_AAGGTAAAGTAAGCAT-1,3,26,transitional
20e86156-cdd7-4bea-8b17-2e630720df44_AAGTACCAGGCAGGGA-1,3,26,transitional
20e86156-cdd7-4bea-8b17-2e630720df44_AAGTACCTCATGAGGG-1,3,26,transitional
20e86156-cdd7-4bea-8b17-2e630720df44_AAGTTCGTCGTTAGTG-1,3,26,transitional
20e86156-cdd7-4bea-8b17-2e630720df44_AAGTTCGTCTCCTGCA-1,3,26,transitional
20e86156-cdd7-4bea-8b17-2e630720df44_AATCGACAGAGAGGTA-1,3,26,transitional
20e86156-cdd7-4bea-8b17-2e630720df44_AATGAAGAGCTAAATG-1,3,26,transitional
20e86156-cdd7-4bea-8b17-2e630720df44_AATGCCAAGAACCCGA-1,3,26,transitional
20e86156-cdd7-4bea-8b17-2e630720df44_AATGGAAAGCTGTCCG-1,3,26,transitional
20e86156-cdd7-4bea-8b17-2e630720df44_AATGGAAGTGTCGATT-1,3,26,transitional
20e86156-cdd7-4bea-8b17-2e630720df44_ACAACCATCCGTGGCA-1,3,26,transitional
20e86156-cdd7-4bea-8b17-2e630720df44_ACATCCCCACAAAGTA-1,3,26,transitional
20e86156-cdd7-4bea-8b17-2e630720df44_ACATGCACAGGACATG-1,3,26,transitional
20e86156-cdd7-4bea-8b17-2e630720df44_ACATTTCAGTACTGTC-1,3,26,transitional
20e86156-cdd7-4bea-8b17-2e630720df44_ACCTGAATCGGTCTAA-1,3,26,transitional
20e86156-cdd7-4bea-8b17-2e630720df44_ACGATGTTCCATTCAT-1,3,26,transitional
20e86156-cdd7-4bea-8b17-2e630720df44_ACGCACGAGCATCGAG-1,3,26,transitional
20e86156-cdd7-4bea-8b17-2e630720df44_ACGGGTCTCAGTGTTG-1,3,26,transitional
20e86156-cdd7-4bea-8b17-2e630720df44_ACGGTCGTCGTTCATT-1,3,26,transitional
20e86156-cdd7-4bea-8b17-2e630720df44_ACGTACAGTTCTAACG-1,3,26,transitional
20e86156-cdd7-4bea-8b17-2e630720df44_ACTATCTAGCGAATGC-1,3,26,transitional
20e86156-cdd7-4bea-8b17-2e630720df44_ACTCCCAAGCTACGTT-1,3,26,transitional
20e86156-cdd7-4bea-8b17-2e630720df44_ACTCTCGTCGTGCACG-1,3,26,transitional
20e86156-cdd7-4bea-8b17-2e630720df44_ACTTCGCAGGTCTTTG-1,3,26,transitional
20e86156-cdd7-4bea-8b17-2e630720df44_ACTTCGCCATCATTTC-1,3,26,transitional
20e86156-cdd7-4bea-8b17-2e630720df44_AGAACAAGTGTCTTGA-1,3,26,transitional
20e86156-cdd7-4bea-8b17-2e630720df44_AGAACAATCTGGAGAG-1,3,26,transitional
20e86156-cdd7-4bea-8b17-2e630720df44_AGAACCTTCTTACGGA-1,3,26,transitional
20e86156-cdd7-4bea-8b17-2e630720df44_AGAGCCCAGCTCATAC-1,3,26,transitional
20e86156-cdd7-4bea-8b17-2e630720df44_AGATCCACAAGAATGT-1,3,26,transitional
20e86156-cdd7-4bea-8b17-2e630720df44_AGATCGTGTACATTGC-1,3,26,transitional
20e86156-cdd7-4bea-8b17-2e630720df44_AGATCGTGTTGGAGGT-1,3,26,transitional
20e86156-cdd7-4bea-8b17-2e630720df44_AGATGAACAGCGTATT-1,3,26,transitional
20e86156-cdd7-4bea-8b17-2e630720df44_AGCCACGCAGGCAATG-1,3,26,transitional
20e86156-cdd7-4bea-8b17-2e630720df44_AGCGTATGTCTTGGTA-1,3,26,transitional
20e86156-cdd7-4bea-8b17-2e630720df44_AGCTACATCGCTTACC-1,3,26,transitional
20e86156-cdd7-4bea-8b17-2e630720df44_AGCTTCCGTGGCATCC-1,3,26,transitional
20e86156-cdd7-4bea-8b17-2e630720df44_AGGATAAAGTTGTAGA-1,3,26,transitional
20e86156-cdd7-4bea-8b17-2e630720df44_AGGATAAGTCCGATCG-1,3,26,transitional
20e86156-cdd7-4bea-8b17-2e630720df44_AGGGAGTTCAACGCTA-1,3,26,transitional
20e86156-cdd7-4bea-8b17-2e630720df44_AGGGTGAGTTAGCTAC-1,3,26,transitional
20e86156-cdd7-4bea-8b17-2e630720df44_AGGTCTAGTCAAATCC-1,3,26,transitional
20e86156-cdd7-4bea-8b17-2e630720df44_AGTCTCCTCGGACGTC-1,3,26,transitional
20e86156-cdd7-4bea-8b17-2e630720df44_AGTGTTGAGGGTAATT-1,3,26,transitional
20e86156-cdd7-4bea-8b17-2e630720df44_AGTGTTGCAAGGTACG-1,3,26,transitional
20e86156-cdd7-4bea-8b17-2e630720df44_ATACCGACACTGAGGA-1,3,26,transitional
20e86156-cdd7-4bea-8b17-2e630720df44_ATACCGAGTTGGGACA-1,3,26,transitional
20e86156-cdd7-4bea-8b17-2e630720df44_ATACTTCAGAATTGTG-1,3,26,transitional
20e86156-cdd7-4bea-8b17-2e630720df44_ATCACTTCATCATTGG-1,3,26,transitional
20e86156-cdd7-4bea-8b17-2e630720df44_ATCATTCCACAAGTTC-1,3,26,transitional
20e86156-cdd7-4bea-8b17-2e630720df44_ATCATTCTCTGTCGTC-1,3,26,transitional
20e86156-cdd7-4bea-8b17-2e630720df44_ATCCGTCAGTAACGTA-1,3,26,transitional
20e86156-cdd7-4bea-8b17-2e630720df44_ATCGATGAGTACAGCG-1,3,26,transitional
20e86156-cdd7-4bea-8b17-2e630720df44_ATCGCCTAGCCGATTT-1,3,26,transitional
20e86156-cdd7-4bea-8b17-2e630720df44_ATCTTCACACTAACCA-1,3,26,transitional
20e86156-cdd7-4bea-8b17-2e630720df44_ATCTTCAGTGTTCCAA-1,3,26,transitional
20e86156-cdd7-4bea-8b17-2e630720df44_ATGACCAAGTGTAGAT-1,3,26,transitional
20e86156-cdd7-4bea-8b17-2e630720df44_ATGAGTCCAATTGAGA-1,3,26,transitional
20e86156-cdd7-4bea-8b17-2e630720df44_ATGATCGAGCGACCCT-1,3,26,transitional
20e86156-cdd7-4bea-8b17-2e630720df44_ATGCATGCACATGTTG-1,3,26,transitional
20e86156-cdd7-4bea-8b17-2e630720df44_ATGTCTTGTTCAAGTC-1,3,26,transitional
20e86156-cdd7-4bea-8b17-2e630720df44_ATTACCTAGTTTAGGA-1,3,26,transitional
20e86156-cdd7-4bea-8b17-2e630720df44_ATTACCTTCATTTACC-1,3,26,transitional
20e86156-cdd7-4bea-8b17-2e630720df44_ATTATCCTCTGGTGGC-1,3,26,transitional
20e86156-cdd7-4bea-8b17-2e630720df44_ATTCAGGTCACTGATG-1,3,26,transitional
20e86156-cdd7-4bea-8b17-2e630720df44_ATTCTTGCATGAAGCG-1,3,26,transitional
20e86156-cdd7-4bea-8b17-2e630720df44_ATTGTTCTCGCGTTTC-1,3,26,transitional
20e86156-cdd7-4bea-8b17-2e630720df44_ATTTACCCACTTGAAC-1,3,26,transitional
20e86156-cdd7-4bea-8b17-2e630720df44_ATTTCTGTCACTGCTC-1,3,26,transitional
20e86156-cdd7-4bea-8b17-2e630720df44_CAAAGAAGTAAGGTCG-1,3,26,transitional
20e86156-cdd7-4bea-8b17-2e630720df44_CAACAACCACTCCTGT-1,3,26,transitional
20e86156-cdd7-4bea-8b17-2e630720df44_CAAGACTAGAATTTGG-1,3,26,transitional
20e86156-cdd7-4bea-8b17-2e630720df44_CAAGAGGGTGCGAACA-1,3,26,transitional
20e86156-cdd7-4bea-8b17-2e630720df44_CAAGGGACAATTGCGT-1,3,26,transitional
20e86156-cdd7-4bea-8b17-2e630720df44_CAATCGAGTGGCGCTT-1,3,26,transitional
20e86156-cdd7-4bea-8b17-2e630720df44_CAATGACAGTGTACAA-1,3,26,transitional
20e86156-cdd7-4bea-8b17-2e630720df44_CAATTTCAGGGTTAGC-1,3,26,transitional
20e86156-cdd7-4bea-8b17-2e630720df44_CACAACAAGGTCGTAG-1,3,26,transitional
20e86156-cdd7-4bea-8b17-2e630720df44_CACAACACAATCACGT-1,3,26,transitional
20e86156-cdd7-4bea-8b17-2e630720df44_CACACAAGTTTGTTCT-1,3,26,transitional
20e86156-cdd7-4bea-8b17-2e630720df44_CACACAATCTCCGAGG-1,3,26,transitional
20e86156-cdd7-4bea-8b17-2e630720df44_CACCAAAGTCGCCTAG-1,3,26,transitional
20e86156-cdd7-4bea-8b17-2e630720df44_CACCGTTAGCTCCGAC-1,3,26,transitional
20e86156-cdd7-4bea-8b17-2e630720df44_CACGAATAGGCATCTT-1,3,26,transitional
20e86156-cdd7-4bea-8b17-2e630720df44_CACTGGGTCTCGTTTA-1,3,26,transitional
20e86156-cdd7-4bea-8b17-2e630720df44_CAGAGCCGTCTTCCGT-1,3,26,transitional
20e86156-cdd7-4bea-8b17-2e630720df44_CAGAGCCGTGAGGCAT-1,3,26,transitional
20e86156-cdd7-4bea-8b17-2e630720df44_CAGCACGTCCGTCACT-1,3,26,transitional
20e86156-cdd7-4bea-8b17-2e630720df44_CAGCGTGTCCAACCAA-1,3,26,transitional
20e86156-cdd7-4bea-8b17-2e630720df44_CAGGCCATCAGGAAAT-1,3,26,transitional
20e86156-cdd7-4bea-8b17-2e630720df44_CAGGGCTAGCGGTATG-1,3,26,transitional
20e86156-cdd7-4bea-8b17-2e630720df44_CAGTGCGCACCTCTAC-1,3,26,transitional
20e86156-cdd7-4bea-8b17-2e630720df44_CAGTTAGTCACCCATC-1,3,26,transitional
20e86156-cdd7-4bea-8b17-2e630720df44_CATAAGCAGCATCAGG-1,3,26,transitional
20e86156-cdd7-4bea-8b17-2e630720df44_CATACCCGTCCTCAGG-1,3,26,transitional
20e86156-cdd7-4bea-8b17-2e630720df44_CATCAAGAGGCGTTGA-1,3,26,transitional
20e86156-cdd7-4bea-8b17-2e630720df44_CATCCGTCACCCAAGC-1,3,26,transitional
20e86156-cdd7-4bea-8b17-2e630720df44_CATCGTCTCATTACGG-1,3,26,transitional
20e86156-cdd7-4bea-8b17-2e630720df44_CATTCATTCCGACATA-1,3,26,transitional
20e86156-cdd7-4bea-8b17-2e630720df44_CATTCTAAGGCAGGTT-1,3,26,transitional
20e86156-cdd7-4bea-8b17-2e630720df44_CATTTCAAGGCCGCTT-1,3,26,transitional
20e86156-cdd7-4bea-8b17-2e630720df44_CCAATGAAGAATGTTG-1,3,26,transitional
20e86156-cdd7-4bea-8b17-2e630720df44_CCAATGACAGATAAAC-1,3,26,transitional
20e86156-cdd7-4bea-8b17-2e630720df44_CCACAAAAGTACAACA-1,3,26,transitional
20e86156-cdd7-4bea-8b17-2e630720df44_CCACGTTCAAACTAAG-1,3,26,transitional
20e86156-cdd7-4bea-8b17-2e630720df44_CCATCACGTACACGTT-1,3,26,transitional
20e86156-cdd7-4bea-8b17-2e630720df44_CCCATTGTCTATCCAT-1,3,26,transitional
20e86156-cdd7-4bea-8b17-2e630720df44_CCCATTGTCTGTCCGT-1,3,26,transitional
20e86156-cdd7-4bea-8b17-2e630720df44_CCCTAACGTGTGGACA-1,3,26,transitional
20e86156-cdd7-4bea-8b17-2e630720df44_CCCTCTCAGCCATCCG-1,3,26,transitional
20e86156-cdd7-4bea-8b17-2e630720df44_CCCTGATGTTTGGGTT-1,3,26,transitional
20e86156-cdd7-4bea-8b17-2e630720df44_CCCTTAGTCTGAGCAT-1,3,26,transitional
20e86156-cdd7-4bea-8b17-2e630720df44_CCGATCTAGTTGGCGA-1,3,26,transitional
20e86156-cdd7-4bea-8b17-2e630720df44_CCGGGTAGTCGCATCG-1,3,26,transitional
20e86156-cdd7-4bea-8b17-2e630720df44_CCGGTGAAGCTAAATG-1,3,26,transitional
20e86156-cdd7-4bea-8b17-2e630720df44_CCGGTGACAGAGACTG-1,3,26,transitional
20e86156-cdd7-4bea-8b17-2e630720df44_CCGTTCACAATTCACG-1,3,26,transitional
20e86156-cdd7-4bea-8b17-2e630720df44_CCTCAACGTGATGGCA-1,3,26,transitional
20e86156-cdd7-4bea-8b17-2e630720df44_CCTCACAGTGCTCTTC-1,3,26,transitional
20e86156-cdd7-4bea-8b17-2e630720df44_CCTCCAAGTGATGAAT-1,3,26,transitional
20e86156-cdd7-4bea-8b17-2e630720df44_CCTCTAGAGTCCCTAA-1,3,26,transitional
20e86156-cdd7-4bea-8b17-2e630720df44_CCTGCATCACAGAGCA-1,3,26,transitional
20e86156-cdd7-4bea-8b17-2e630720df44_CCTGCATGTGATTCTG-1,3,26,transitional
20e86156-cdd7-4bea-8b17-2e630720df44_CCTTCAGCAGCTACCG-1,3,26,transitional
20e86156-cdd7-4bea-8b17-2e630720df44_CGAAGGACAACGATTC-1,3,26,transitional
20e86156-cdd7-4bea-8b17-2e630720df44_CGATCGGTCGGCTTCT-1,3,26,transitional
20e86156-cdd7-4bea-8b17-2e630720df44_CGATGGCAGAGGGTAA-1,3,26,transitional
20e86156-cdd7-4bea-8b17-2e630720df44_CGGAGAATCGAAGCCC-1,3,26,transitional
20e86156-cdd7-4bea-8b17-2e630720df44_CGGCAGTTCATATGGC-1,3,26,transitional
20e86156-cdd7-4bea-8b17-2e630720df44_CGGGACTAGTGATAGT-1,3,26,transitional
20e86156-cdd7-4bea-8b17-2e630720df44_CGGGACTCACTCAGAT-1,3,26,transitional
20e86156-cdd7-4bea-8b17-2e630720df44_CGGGTCAAGGAGAGTA-1,3,26,transitional
20e86156-cdd7-4bea-8b17-2e630720df44_CGGGTCACATCGAGCC-1,3,26,transitional
20e86156-cdd7-4bea-8b17-2e630720df44_CGTAAGTCATGGCTGC-1,3,26,transitional
20e86156-cdd7-4bea-8b17-2e630720df44_CGTTGGGGTCGCGTTG-1,3,26,transitional
20e86156-cdd7-4bea-8b17-2e630720df44_CTAACCCGTAAGTAGT-1,3,26,transitional
20e86156-cdd7-4bea-8b17-2e630720df44_CTACAGAAGCTCGCAC-1,3,26,transitional
20e86156-cdd7-4bea-8b17-2e630720df44_CTACGGGCACAAGGTG-1,3,26,transitional
20e86156-cdd7-4bea-8b17-2e630720df44_CTATCTAGTATCAGGG-1,3,26,transitional
20e86156-cdd7-4bea-8b17-2e630720df44_CTCAAGAGTATTCCGA-1,3,26,transitional
20e86156-cdd7-4bea-8b17-2e630720df44_CTCATTATCGCGTGAC-1,3,26,transitional
20e86156-cdd7-4bea-8b17-2e630720df44_CTCCCTCCACCATAAC-1,3,26,transitional
20e86156-cdd7-4bea-8b17-2e630720df44_CTCCGATGTCAACATC-1,3,26,transitional
20e86156-cdd7-4bea-8b17-2e630720df44_CTGCAGGCATGGGTTT-1,3,26,transitional
20e86156-cdd7-4bea-8b17-2e630720df44_CTGCCTAAGCTGCGAA-1,3,26,transitional
20e86156-cdd7-4bea-8b17-2e630720df44_CTGCCTAGTACCTAGT-1,3,26,transitional
20e86156-cdd7-4bea-8b17-2e630720df44_CTGTACCTCACCGACG-1,3,26,transitional
20e86156-cdd7-4bea-8b17-2e630720df44_CTGTACCTCGTTTACT-1,3,26,transitional
20e86156-cdd7-4bea-8b17-2e630720df44_CTGTATTTCTGTAACG-1,3,26,transitional
20e86156-cdd7-4bea-8b17-2e630720df44_CTTACCGAGACATAAC-1,3,26,transitional
20e86156-cdd7-4bea-8b17-2e630720df44_GAAACCTGTACCGCGT-1,3,26,transitional
20e86156-cdd7-4bea-8b17-2e630720df44_GAACGTTCAATCGCCG-1,3,26,transitional
20e86156-cdd7-4bea-8b17-2e630720df44_GAAGCGACACGCTGCA-1,3,26,transitional
20e86156-cdd7-4bea-8b17-2e630720df44_GAAGGACCAGAATCGG-1,3,26,transitional
20e86156-cdd7-4bea-8b17-2e630720df44_GAATAGAGTGTAGGAC-1,3,26,transitional
20e86156-cdd7-4bea-8b17-2e630720df44_GAATAGATCTGGTGGC-1,3,26,transitional
20e86156-cdd7-4bea-8b17-2e630720df44_GACTCTCGTCTGCGCA-1,3,26,transitional
20e86156-cdd7-4bea-8b17-2e630720df44_GACTGATCAAGAAATC-1,3,26,transitional
20e86156-cdd7-4bea-8b17-2e630720df44_GACTGATCACATATGC-1,3,26,transitional
20e86156-cdd7-4bea-8b17-2e630720df44_GAGAAATAGTGCGCTC-1,3,26,transitional
20e86156-cdd7-4bea-8b17-2e630720df44_GAGAGGTGTAATTGGA-1,3,26,transitional
20e86156-cdd7-4bea-8b17-2e630720df44_GAGAGGTGTATATGGA-1,3,26,transitional
20e86156-cdd7-4bea-8b17-2e630720df44_GAGATGGAGACAGTCG-1,3,26,transitional
20e86156-cdd7-4bea-8b17-2e630720df44_GAGATGGTCCATTCAT-1,3,26,transitional
20e86156-cdd7-4bea-8b17-2e630720df44_GAGGCAAGTGGAACCA-1,3,26,transitional
20e86156-cdd7-4bea-8b17-2e630720df44_GAGGGTACACAAGCTT-1,3,26,transitional
20e86156-cdd7-4bea-8b17-2e630720df44_GAGGGTAGTCGCAGTC-1,3,26,transitional
20e86156-cdd7-4bea-8b17-2e630720df44_GAGTGTTCAATTTCGG-1,3,26,transitional
20e86156-cdd7-4bea-8b17-2e630720df44_GAGTTACGTGCGGATA-1,3,26,transitional
20e86156-cdd7-4bea-8b17-2e630720df44_GAGTTTGCAATACCTG-1,3,26,transitional
20e86156-cdd7-4bea-8b17-2e630720df44_GAGTTTGTCCCAGGAC-1,3,26,transitional
20e86156-cdd7-4bea-8b17-2e630720df44_GATAGCTCATCCCGTT-1,3,26,transitional
20e86156-cdd7-4bea-8b17-2e630720df44_GATGAGGGTCTCAGAT-1,3,26,transitional
20e86156-cdd7-4bea-8b17-2e630720df44_GCACGTGAGGGTCACA-1,3,26,transitional
20e86156-cdd7-4bea-8b17-2e630720df44_GCAGCCAAGGAGACCT-1,3,26,transitional
20e86156-cdd7-4bea-8b17-2e630720df44_GCAGGCTGTCTTCTAT-1,3,26,transitional
20e86156-cdd7-4bea-8b17-2e630720df44_GCAGTTACAACGAGGT-1,3,26,transitional
20e86156-cdd7-4bea-8b17-2e630720df44_GCATCGGAGTTGGAGC-1,3,26,transitional
20e86156-cdd7-4bea-8b17-2e630720df44_GCCAGCACATGTTACG-1,3,26,transitional
20e86156-cdd7-4bea-8b17-2e630720df44_GCCGATGTCCAAGAGG-1,3,26,transitional
20e86156-cdd7-4bea-8b17-2e630720df44_GCGGATCCATCAGCAT-1,3,26,transitional
20e86156-cdd7-4bea-8b17-2e630720df44_GCGGATCGTAGACAAT-1,3,26,transitional
20e86156-cdd7-4bea-8b17-2e630720df44_GCGTTTCAGGACCCAA-1,3,26,transitional
20e86156-cdd7-4bea-8b17-2e630720df44_GGAAGTGCAAGAAACT-1,3,26,transitional
20e86156-cdd7-4bea-8b17-2e630720df44_GGAATCTCAAGTCGTT-1,3,26,transitional
20e86156-cdd7-4bea-8b17-2e630720df44_GGCACGTGTACGACAG-1,3,26,transitional
20e86156-cdd7-4bea-8b17-2e630720df44_GGCTGTGTCTGCATGA-1,3,26,transitional
20e86156-cdd7-4bea-8b17-2e630720df44_GGCTTTCGTCCACTTC-1,3,26,transitional
20e86156-cdd7-4bea-8b17-2e630720df44_GGGAAGTAGCGAGTCA-1,3,26,transitional
20e86156-cdd7-4bea-8b17-2e630720df44_GGGAGTATCACTTTGT-1,3,26,transitional
20e86156-cdd7-4bea-8b17-2e630720df44_GGGATGAGTTCGTTCC-1,3,26,transitional
20e86156-cdd7-4bea-8b17-2e630720df44_GGGCTACAGATGACAT-1,3,26,transitional
20e86156-cdd7-4bea-8b17-2e630720df44_GGGTATTGTGCTGTCG-1,3,26,transitional
20e86156-cdd7-4bea-8b17-2e630720df44_GGGTCACTCCACTTCG-1,3,26,transitional
20e86156-cdd7-4bea-8b17-2e630720df44_GGGTTTAAGAAGCCTG-1,3,26,transitional
20e86156-cdd7-4bea-8b17-2e630720df44_GGGTTTAAGGGATCAC-1,3,26,transitional
20e86156-cdd7-4bea-8b17-2e630720df44_GGTGAAGCATAGATCC-1,3,26,transitional
20e86156-cdd7-4bea-8b17-2e630720df44_GGTGGCTTCGCGGACT-1,3,26,transitional
20e86156-cdd7-4bea-8b17-2e630720df44_GGTGTCGAGGGTCTTT-1,3,26,transitional
20e86156-cdd7-4bea-8b17-2e630720df44_GGTGTCGTCTCCAATT-1,3,26,transitional
20e86156-cdd7-4bea-8b17-2e630720df44_GGTTAACTCACTCCGT-1,3,26,transitional
20e86156-cdd7-4bea-8b17-2e630720df44_GTAACCAGTATCTCGA-1,3,26,transitional
20e86156-cdd7-4bea-8b17-2e630720df44_GTAATCGGTATGAGGC-1,3,26,transitional
20e86156-cdd7-4bea-8b17-2e630720df44_GTAATGCCAAGCGCTC-1,3,26,transitional
20e86156-cdd7-4bea-8b17-2e630720df44_GTAATGCCAGATGCGA-1,3,26,transitional
20e86156-cdd7-4bea-8b17-2e630720df44_GTAATGCGTCCCTAAA-1,3,26,transitional
20e86156-cdd7-4bea-8b17-2e630720df44_GTAATGCGTGTATTCG-1,3,26,transitional
20e86156-cdd7-4bea-8b17-2e630720df44_GTAGATCCATGTTCAG-1,3,26,transitional
20e86156-cdd7-4bea-8b17-2e630720df44_GTAGGAGGTACATACC-1,3,26,transitional
20e86156-cdd7-4bea-8b17-2e630720df44_GTAGGTTGTAGCCAGA-1,3,26,transitional
20e86156-cdd7-4bea-8b17-2e630720df44_GTATTGGAGGTCGTCC-1,3,26,transitional
20e86156-cdd7-4bea-8b17-2e630720df44_GTCAAGTGTAATCAAG-1,3,26,transitional
20e86156-cdd7-4bea-8b17-2e630720df44_GTCAGCGCAGTTGCGC-1,3,26,transitional
20e86156-cdd7-4bea-8b17-2e630720df44_GTCCACTGTTATTCCT-1,3,26,transitional
20e86156-cdd7-4bea-8b17-2e630720df44_GTCCCATCACGCAAAG-1,3,26,transitional
20e86156-cdd7-4bea-8b17-2e630720df44_GTCGTAAAGTGGAATT-1,3,26,transitional
20e86156-cdd7-4bea-8b17-2e630720df44_GTCTACCCATCCGGTG-1,3,26,transitional
20e86156-cdd7-4bea-8b17-2e630720df44_GTCTTTACAGGTTACT-1,3,26,transitional
20e86156-cdd7-4bea-8b17-2e630720df44_GTGATGTCAGTCTGGC-1,3,26,transitional
20e86156-cdd7-4bea-8b17-2e630720df44_GTGATGTTCCATGAGT-1,3,26,transitional
20e86156-cdd7-4bea-8b17-2e630720df44_GTGCACGCACAAATGA-1,3,26,transitional
20e86156-cdd7-4bea-8b17-2e630720df44_GTGCACGCAGCAATTC-1,3,26,transitional
20e86156-cdd7-4bea-8b17-2e630720df44_GTGCACGTCAGCTGTA-1,3,26,transitional
20e86156-cdd7-4bea-8b17-2e630720df44_GTGCACGTCTTGGAAC-1,3,26,transitional
20e86156-cdd7-4bea-8b17-2e630720df44_GTGCTGGTCATTGTTC-1,3,26,transitional
20e86156-cdd7-4bea-8b17-2e630720df44_GTGGCGTAGGTGATCG-1,3,26,transitional
20e86156-cdd7-4bea-8b17-2e630720df44_GTGGCGTGTCACTACA-1,3,26,transitional
20e86156-cdd7-4bea-8b17-2e630720df44_GTGGTTACAATGTCTG-1,3,26,transitional
20e86156-cdd7-4bea-8b17-2e630720df44_GTGTGATTCCGTATGA-1,3,26,transitional
20e86156-cdd7-4bea-8b17-2e630720df44_GTGTGGCGTACGATCT-1,3,26,transitional
20e86156-cdd7-4bea-8b17-2e630720df44_GTTACGAAGTTAGAAC-1,3,26,transitional
20e86156-cdd7-4bea-8b17-2e630720df44_GTTAGACCATCAGCTA-1,3,26,transitional
20e86156-cdd7-4bea-8b17-2e630720df44_GTTAGTGTCAGGAAGC-1,3,26,transitional
20e86156-cdd7-4bea-8b17-2e630720df44_GTTCCGTAGATGCTTC-1,3,26,transitional
20e86156-cdd7-4bea-8b17-2e630720df44_GTTCCGTAGGCTATCT-1,3,26,transitional
20e86156-cdd7-4bea-8b17-2e630720df44_GTTCTATGTCTGATAC-1,3,26,transitional
20e86156-cdd7-4bea-8b17-2e630720df44_GTTGCTCCACAAAGCG-1,3,26,transitional
20e86156-cdd7-4bea-8b17-2e630720df44_GTTGTGAAGAAGGTAG-1,3,26,transitional
20e86156-cdd7-4bea-8b17-2e630720df44_TAACCAGCAACTGCTA-1,3,26,transitional
20e86156-cdd7-4bea-8b17-2e630720df44_TACCCGTCACGCAGTC-1,3,26,transitional
20e86156-cdd7-4bea-8b17-2e630720df44_TACCGAAGTATTCTCT-1,3,26,transitional
20e86156-cdd7-4bea-8b17-2e630720df44_TACTGCCAGTGTTGTC-1,3,26,transitional
20e86156-cdd7-4bea-8b17-2e630720df44_TACTTACTCTCCACTG-1,3,26,transitional
20e86156-cdd7-4bea-8b17-2e630720df44_TAGGAGGGTTCTCCAC-1,3,26,transitional
20e86156-cdd7-4bea-8b17-2e630720df44_TAGGGTTGTTATGTCG-1,3,26,transitional
20e86156-cdd7-4bea-8b17-2e630720df44_TAGGTTGAGTGGACTG-1,3,26,transitional
20e86156-cdd7-4bea-8b17-2e630720df44_TAGTGCATCCATTCGC-1,3,26,transitional
20e86156-cdd7-4bea-8b17-2e630720df44_TATACCTCAGAGGTTG-1,3,26,transitional
20e86156-cdd7-4bea-8b17-2e630720df44_TATCGCCTCGATTTCT-1,3,26,transitional
20e86156-cdd7-4bea-8b17-2e630720df44_TATTTCGGTCCTTGTC-1,3,26,transitional
20e86156-cdd7-4bea-8b17-2e630720df44_TCAATCTTCGTGCAGC-1,3,26,transitional
20e86156-cdd7-4bea-8b17-2e630720df44_TCATCATTCTGAGCAT-1,3,26,transitional
20e86156-cdd7-4bea-8b17-2e630720df44_TCCACGTCAATCAAGA-1,3,26,transitional
20e86156-cdd7-4bea-8b17-2e630720df44_TCCAGAACAACCTAAC-1,3,26,transitional
20e86156-cdd7-4bea-8b17-2e630720df44_TCCCACACAAATGAGT-1,3,26,transitional
20e86156-cdd7-4bea-8b17-2e630720df44_TCCCATGTCTTTCTAG-1,3,26,transitional
20e86156-cdd7-4bea-8b17-2e630720df44_TCCGGGAAGGCACGAT-1,3,26,transitional
20e86156-cdd7-4bea-8b17-2e630720df44_TCCGTGTGTCCACACG-1,3,26,transitional
20e86156-cdd7-4bea-8b17-2e630720df44_TCCTGCACATGGACAG-1,3,26,transitional
20e86156-cdd7-4bea-8b17-2e630720df44_TCCTGCAGTGACACAG-1,3,26,transitional
20e86156-cdd7-4bea-8b17-2e630720df44_TCCTTCTAGGCTCTCG-1,3,26,transitional
20e86156-cdd7-4bea-8b17-2e630720df44_TCGAAGTTCTAGGAAA-1,3,26,transitional
20e86156-cdd7-4bea-8b17-2e630720df44_TCGATTTGTACCGGAA-1,3,26,transitional
20e86156-cdd7-4bea-8b17-2e630720df44_TCGCTCAAGAAGCTGC-1,3,26,transitional
20e86156-cdd7-4bea-8b17-2e630720df44_TCGCTCACATATAGCC-1,3,26,transitional
20e86156-cdd7-4bea-8b17-2e630720df44_TCGCTTGTCGGTTAGT-1,3,26,transitional
20e86156-cdd7-4bea-8b17-2e630720df44_TCGGGACAGGAGAGGC-1,3,26,transitional
20e86156-cdd7-4bea-8b17-2e630720df44_TCGTGGGGTTCCGTTC-1,3,26,transitional
20e86156-cdd7-4bea-8b17-2e630720df44_TCTATCACATTGAGGG-1,3,26,transitional
20e86156-cdd7-4bea-8b17-2e630720df44_TCTCACGAGAGTCTGG-1,3,26,transitional
20e86156-cdd7-4bea-8b17-2e630720df44_TCTCCGATCTTCCACG-1,3,26,transitional
20e86156-cdd7-4bea-8b17-2e630720df44_TCTGCCAAGATAACGT-1,3,26,transitional
20e86156-cdd7-4bea-8b17-2e630720df44_TCTTCCTTCAGTGTCA-1,3,26,transitional
20e86156-cdd7-4bea-8b17-2e630720df44_TGACGCGGTGCCGAAA-1,3,26,transitional
20e86156-cdd7-4bea-8b17-2e630720df44_TGAGGGAGTCCACAGC-1,3,26,transitional
20e86156-cdd7-4bea-8b17-2e630720df44_TGATCAGCACATAGCT-1,3,26,transitional
20e86156-cdd7-4bea-8b17-2e630720df44_TGATCAGGTCGTATGT-1,3,26,transitional
20e86156-cdd7-4bea-8b17-2e630720df44_TGCACGGCACACCAGC-1,3,26,transitional
20e86156-cdd7-4bea-8b17-2e630720df44_TGCCGAGGTAATGCTC-1,3,26,transitional
20e86156-cdd7-4bea-8b17-2e630720df44_TGCCGAGGTTATAGCC-1,3,26,transitional
20e86156-cdd7-4bea-8b17-2e630720df44_TGCGGCACATAATGCC-1,3,26,transitional
20e86156-cdd7-4bea-8b17-2e630720df44_TGCTTCGAGTCGAAAT-1,3,26,transitional
20e86156-cdd7-4bea-8b17-2e630720df44_TGGTGATGTATGAGAT-1,3,26,transitional
20e86156-cdd7-4bea-8b17-2e630720df44_TGTAAGCAGCAGCCTC-1,3,26,transitional
20e86156-cdd7-4bea-8b17-2e630720df44_TGTACAGGTACGTAGG-1,3,26,transitional
20e86156-cdd7-4bea-8b17-2e630720df44_TGTACAGGTCAGTTTG-1,3,26,transitional
20e86156-cdd7-4bea-8b17-2e630720df44_TGTAGACAGAATAGTC-1,3,26,transitional
20e86156-cdd7-4bea-8b17-2e630720df44_TGTCAGATCGTTAGAC-1,3,26,transitional
20e86156-cdd7-4bea-8b17-2e630720df44_TGTCCCAGTACCGTGC-1,3,26,transitional
20e86156-cdd7-4bea-8b17-2e630720df44_TGTGCGGCAGCGCGTT-1,3,26,transitional
20e86156-cdd7-4bea-8b17-2e630720df44_TGTGTGATCCACAGGC-1,3,26,transitional
20e86156-cdd7-4bea-8b17-2e630720df44_TGTTACTTCGACGAGA-1,3,26,transitional
20e86156-cdd7-4bea-8b17-2e630720df44_TGTTGAGTCCCATAAG-1,3,26,transitional
20e86156-cdd7-4bea-8b17-2e630720df44_TTACAGGGTACCTAAC-1,3,26,transitional
20e86156-cdd7-4bea-8b17-2e630720df44_TTACAGGTCGCTGTTC-1,3,26,transitional
20e86156-cdd7-4bea-8b17-2e630720df44_TTACCATAGCTCTATG-1,3,26,transitional
20e86156-cdd7-4bea-8b17-2e630720df44_TTACTGTTCATTCGTT-1,3,26,transitional
20e86156-cdd7-4bea-8b17-2e630720df44_TTAGTCTGTCGATTTG-1,3,26,transitional
20e86156-cdd7-4bea-8b17-2e630720df44_TTCCTAACAGCGTGAA-1,3,26,transitional
20e86156-cdd7-4bea-8b17-2e630720df44_TTCTCTCGTTTGAACC-1,3,26,transitional
20e86156-cdd7-4bea-8b17-2e630720df44_TTCTTGAGTTCCGCTT-1,3,26,transitional
20e86156-cdd7-4bea-8b17-2e630720df44_TTGACCCGTACGCGTC-1,3,26,transitional
20e86156-cdd7-4bea-8b17-2e630720df44_TTGACCCGTGTGTTTG-1,3,26,transitional
20e86156-cdd7-4bea-8b17-2e630720df44_TTGAGTGAGACCATGG-1,3,26,transitional
20e86156-cdd7-4bea-8b17-2e630720df44_TTGCGTCCACGACAAG-1,3,26,transitional
20e86156-cdd7-4bea-8b17-2e630720df44_TTGGATGCATGAATCC-1,3,26,transitional
20e86156-cdd7-4bea-8b17-2e630720df44_TTGGGTAGTACTGTTG-1,3,26,transitional
20e86156-cdd7-4bea-8b17-2e630720df44_TTGTGTTGTGTTCCTC-1,3,26,transitional
20e86156-cdd7-4bea-8b17-2e630720df44_TTTCAGTGTTTCGGCG-1,3,26,transitional
20e86156-cdd7-4bea-8b17-2e630720df44_TTTGGTTGTAATGTGA-1,3,26,transitional
20e86156-cdd7-4bea-8b17-2e630720df44_TTTGTTGGTGTTTACG-1,3,26,transitional
21521784-3a62-4989-bd29-0f920e1eaa2b_ATTCCTAGTTACGTAC-1,3,26,transitional
21521784-3a62-4989-bd29-0f920e1eaa2b_TAAGCGTTCCTACGAA-1,3,26,transitional
44dcf3b7-977a-410f-8901-412697377924_AATGAAGGTCGCATTA-1,3,26,transitional
44dcf3b7-977a-410f-8901-412697377924_ATCAGGTCAGCAGTAG-1,3,26,transitional
44dcf3b7-977a-410f-8901-412697377924_TCTTAGTAGAAGAGCA-1,3,26,transitional
44dcf3b7-977a-410f-8901-412697377924_TGTAAGCGTAGATTGA-1,3,26,transitional
44dcf3b7-977a-410f-8901-412697377924_TGTTGAGTCCAGTACA-1,3,26,transitional
44dcf3b7-977a-410f-8901-412697377924_TTGCCTGAGTGTAGTA-1,3,26,transitional
4a0d48cd-1c46-4d59-b4b0-ae842bf1323c_ACCCTCACAGCGATTT-1,3,26,transitional
4a0d48cd-1c46-4d59-b4b0-ae842bf1323c_AGCGCTGAGTAGGATT-1,3,26,transitional
4a0d48cd-1c46-4d59-b4b0-ae842bf1323c_CATTTCACAAGGTTGG-1,3,26,transitional
4a0d48cd-1c46-4d59-b4b0-ae842bf1323c_CTGTCGTTCACCCTCA-1,3,26,transitional
4a0d48cd-1c46-4d59-b4b0-ae842bf1323c_TTACGTTTCTCTCAAT-1,3,26,transitional
4a0d48cd-1c46-4d59-b4b0-ae842bf1323c_TTCTAACAGTCTGGAG-1,3,26,transitional
5212fe36-192c-44a3-88f4-4c6e696b583c_ATTCAGGCACTAGGTT-1,3,26,transitional
5212fe36-192c-44a3-88f4-4c6e696b583c_CACTAAGTCAGGACGA-1,3,26,transitional
7eac574d-04fa-435d-8b4d-35da0100ecb9_ATGGTTGCAATGTTGC-1,3,26,transitional
7eac574d-04fa-435d-8b4d-35da0100ecb9_CATGGATCAGTTTCAG-1,3,26,transitional
7eac574d-04fa-435d-8b4d-35da0100ecb9_CGATGCGAGGGTTAGC-1,3,26,transitional
7eac574d-04fa-435d-8b4d-35da0100ecb9_GCATCTCTCGCTAATG-1,3,26,transitional
7eac574d-04fa-435d-8b4d-35da0100ecb9_GGAATGGGTTGGCTAT-1,3,26,transitional
7eac574d-04fa-435d-8b4d-35da0100ecb9_GGGACTCGTTGTGTAC-1,3,26,transitional
7eac574d-04fa-435d-8b4d-35da0100ecb9_GTTGTGATCTGCGATA-1,3,26,transitional
8c0685b3-521e-45a6-9677-f8e3f186e09b_GTCGTAATCTCACGAA-1,3,26,transitional
9079231e-6906-4548-9f4f-684a86ed9b16_AAGCCATAGGTATAGT-1,3,26,transitional
9079231e-6906-4548-9f4f-684a86ed9b16_ATTTCTGGTCTGCGCA-1,3,26,transitional
9079231e-6906-4548-9f4f-684a86ed9b16_GACGCTGTCCATTCAT-1,3,26,transitional
9079231e-6906-4548-9f4f-684a86ed9b16_GAGACCCCAATGTTGC-1,3,26,transitional
9079231e-6906-4548-9f4f-684a86ed9b16_GCCCGAACAGTCTGGC-1,3,26,transitional
9079231e-6906-4548-9f4f-684a86ed9b16_GGAATCTGTCTAGGTT-1,3,26,transitional
9079231e-6906-4548-9f4f-684a86ed9b16_GTCGTTCAGTGCTAGG-1,3,26,transitional
9079231e-6906-4548-9f4f-684a86ed9b16_TTCGGTCGTTCTCTAT-1,3,26,transitional
9f0f5520-2bc4-47ba-9966-0831f11ae5fd_ACCCTCAGTACCTGTA-1,3,26,transitional
9f0f5520-2bc4-47ba-9966-0831f11ae5fd_ACTTCGCCACGCGTGT-1,3,26,transitional
9f0f5520-2bc4-47ba-9966-0831f11ae5fd_CACACAACACTCTGCT-1,3,26,transitional
9f0f5520-2bc4-47ba-9966-0831f11ae5fd_CAGTGCGTCTCCGCAT-1,3,26,transitional
9f0f5520-2bc4-47ba-9966-0831f11ae5fd_CGAAGGAGTCGTACAT-1,3,26,transitional
9f0f5520-2bc4-47ba-9966-0831f11ae5fd_CGGAACCGTCCGCAGT-1,3,26,transitional
9f0f5520-2bc4-47ba-9966-0831f11ae5fd_TACAGGTTCTGGAGAG-1,3,26,transitional
9f0f5520-2bc4-47ba-9966-0831f11ae5fd_TCATCATAGAAGGCTC-1,3,26,transitional
9f0f5520-2bc4-47ba-9966-0831f11ae5fd_TTACCGCCAGCTGAAG-1,3,26,transitional
ae4dc06f-fc6d-4557-9a22-ab81504c2953_AAGCGAGCATAGACTC-1,3,26,transitional
ae4dc06f-fc6d-4557-9a22-ab81504c2953_AGAAATGAGCAATTAG-1,3,26,transitional
da98ea54-62c1-4b95-acaa-1dcd98e53c12_GGTAACTGTATCTCTT-1,3,26,transitional
da98ea54-62c1-4b95-acaa-1dcd98e53c12_GTCTCACCACCCTTGT-1,3,26,transitional
f8b54be7-f58e-4881-9147-40df9cef487b_ACGGTCGAGTCATCCA-1,3,26,transitional
f8b54be7-f58e-4881-9147-40df9cef487b_AGGCATTGTAGCTGTT-1,3,26,transitional
f8b54be7-f58e-4881-9147-40df9cef487b_CATCCCACACAAAGTA-1,3,26,transitional
f8b54be7-f58e-4881-9147-40df9cef487b_CCATAAGTCCGATAAC-1,3,26,transitional
f8b54be7-f58e-4881-9147-40df9cef487b_CTATCTACATGACCCG-1,3,26,transitional
f8b54be7-f58e-4881-9147-40df9cef487b_GAAGGGTCAAGCCTGC-1,3,26,transitional
f8b54be7-f58e-4881-9147-40df9cef487b_TAGACCACAAGCAATA-1,3,26,transitional
f8b54be7-f58e-4881-9147-40df9cef487b_TCGTCCAAGTGAATAC-1,3,26,transitional
20e86156-cdd7-4bea-8b17-2e630720df44_AGCGATTGTAAGATCA-1,2,27,artifact
20e86156-cdd7-4bea-8b17-2e630720df44_CAACAGTCAGTTTCAG-1,2,27,artifact
20e86156-cdd7-4bea-8b17-2e630720df44_CAAGCTATCAAGGACG-1,2,27,artifact
20e86156-cdd7-4bea-8b17-2e630720df44_CATTCATTCGAGAACG-1,2,27,artifact
20e86156-cdd7-4bea-8b17-2e630720df44_CATTGTTGTCAGGCAA-1,2,27,artifact
20e86156-cdd7-4bea-8b17-2e630720df44_CGTTAGACACACCTGG-1,2,27,artifact
20e86156-cdd7-4bea-8b17-2e630720df44_CTTTCAAGTCTGGTTA-1,2,27,artifact
7eac574d-04fa-435d-8b4d-35da0100ecb9_ACGGTCGTCTTCACGC-1,2,27,artifact
7eac574d-04fa-435d-8b4d-35da0100ecb9_GTTCGCTCACCTTCGT-1,2,27,artifact
7eac574d-04fa-435d-8b4d-35da0100ecb9_GTTGCGGGTTAGTTCG-1,2,27,artifact
9f0f5520-2bc4-47ba-9966-0831f11ae5fd_GTGTGGCAGGTTTGAA-1,2,27,artifact
