pair_key,in_reference,in_dataset,reference_magnitude,dataset_magnitude
immune|nerve|A2M|LRP1,True,True,0.85021454,0.8945464
immune|nerve|ACTR2|LDLR,True,True,0.74804884,0.82328314
immune|nerve|ACTR2|LRP2,True,True,0.85586095,0.9293755
immune|nerve|ADAM10|CADM1,True,True,0.89509314,0.89989346
immune|nerve|ADAM10|EPHA3,True,True,0.8326993,0.74287987
immune|nerve|ADAM10|IL6R,True,True,0.75957865,0.79676694
immune|nerve|ADAM10|MET,True,True,0.7801036,0.827512
immune|nerve|ADAM10|NOTCH1,True,True,0.83855736,0.76763403
immune|nerve|ADAM10|NOTCH2,True,True,0.8007035,0.7427214
immune|nerve|ADAM10|NRCAM,True,True,0.9012451,0.906478
immune|nerve|ADAM10|TSPAN14,True,True,0.7396066,0.7576657
immune|nerve|ADAM10|TSPAN15,True,True,0.7794554,0.85435903
immune|nerve|ADAM10|TSPAN5,True,True,0.87261313,0.8919076
immune|nerve|ADAM17|ERBB4,True,True,0.89231455,0.90627956
immune|nerve|ADAM17|IL6R,True,True,0.7461148,0.79233104
immune|nerve|ADAM17|ITGA5,True,True,0.72336006,0.71612805
immune|nerve|ADAM17|ITGB1,True,True,0.7988229,0.8640725
immune|nerve|ADAM17|MET,True,True,0.7674372,0.82359856
immune|nerve|ADAM17|NOTCH1,True,True,0.828518,0.7627516
immune|nerve|ADAM9|ITGA3,True,True,0.77310544,0.73615676
immune|nerve|ADAM9|ITGA6,True,True,0.77566296,0.63564533
immune|nerve|ADAM9|ITGAV,True,True,0.86453396,0.8464718
immune|nerve|ADAM9|ITGB1,True,True,0.8034847,0.86500514
immune|nerve|ADAM9|ITGB5,True,True,0.7229344,0.6901456
immune|nerve|ADM|CALCRL,True,True,0.71267533,0.77638406
immune|nerve|ADM|RAMP1,True,True,0.7298642,0.8010469
immune|nerve|ALCAM|CHL1,True,True,0.9005219,0.8997416
immune|nerve|ANGPTL4|CDH11,True,True,0.73503536,0.76360244
immune|nerve|ANGPTL4|ITGA5_ITGB1,True,True,0.57025695,0.6391195
immune|nerve|ANGPTL4|SDC2,True,True,0.60200727,0.62312365
immune|nerve|ANGPTL4|SDC3,True,True,0.6970046,0.69608384
immune|nerve|ANOS1|FGFR1,True,True,0.8379365,0.71942306
immune|nerve|ANOS1|SDC2,True,True,0.74229896,0.6128581
immune|nerve|ANXA1|DYSF,True,True,0.7252969,0.8788907
immune|nerve|ANXA1|EGFR,True,True,0.8850226,0.8819289
immune|nerve|ANXA1|GRM7,True,True,0.8731006,0.935319
immune|nerve|APOC1|VLDLR,True,True,0.7026184,0.8976705
immune|nerve|APOE|ABCA1,True,True,0.90293384,0.9570983
immune|nerve|APOE|LDLR,True,True,0.7966844,0.88692963
immune|nerve|APOE|LRP1,True,True,0.8698183,0.93448776
immune|nerve|APOE|LRP2,True,True,0.8868333,0.95681596
immune|nerve|APOE|LRP4,True,True,0.8622789,0.941529
immune|nerve|APOE|LRP5,True,True,0.81038547,0.8872437
immune|nerve|APOE|LRP6,True,True,0.8860219,0.951222
immune|nerve|APOE|LRP8,True,True,0.8565143,0.87022835
immune|nerve|APOE|SCARB1,True,True,0.8519441,0.92643017
immune|nerve|APOE|SDC2,True,True,0.8002326,0.8723217
immune|nerve|APOE|SORL1,True,True,0.8763053,0.94693005
immune|nerve|APOE|VLDLR,True,True,0.781339,0.9110028
immune|nerve|APP|DCC,True,True,0.88378584,0.87404925
immune|nerve|APP|LRP6,True,True,0.8539782,0.85708296
immune|nerve|APP|TSPAN15,True,True,0.768731,0.8358762
immune|nerve|ARF1|CHRM3,True,True,0.8174961,0.9190946
immune|nerve|ARF1|INSR,True,True,0.7887486,0.9166645
immune|nerve|ARF6|PLD1,True,True,0.75103164,0.9155695
immune|nerve|ARF6|SMAP1,True,True,0.6892966,0.86608946
immune|nerve|ARPC5|LDLR,True,True,0.67870146,0.8315629
immune|nerve|ARPC5|LRP2,True,True,0.80859506,0.9330885
immune|nerve|BSG|SLC16A1,True,True,0.6809776,0.80285275
immune|nerve|BSG|SLC16A7,True,True,0.69713724,0.8276074
immune|nerve|C1QB|LRP1,True,True,0.8027368,0.9271253
immune|nerve|C3|CD46,True,True,0.86435074,0.9115452
immune|nerve|C3|CD81,True,True,0.8279407,0.9368448
immune|nerve|C3|GRM7,True,True,0.9126314,0.9378828
immune|nerve|C3|LRP1,True,True,0.8739828,0.9067008
immune|nerve|C3|NRP1,True,True,0.86291414,0.8352219
immune|nerve|CALM1|CACNA1C,True,True,0.90288544,0.9425711
immune|nerve|CALM1|GRM3,True,True,0.87509894,0.94674486
immune|nerve|CALM1|GRM5,True,True,0.8936781,0.9411334
immune|nerve|CALM1|GRM7,True,True,0.8914922,0.9435586
immune|nerve|CALM1|INSR,True,True,0.87217396,0.9429768
immune|nerve|CALM1|KCNQ3,True,True,0.89874756,0.9389895
immune|nerve|CALM1|KCNQ5,True,True,0.8986304,0.94459015
immune|nerve|CALM1|PDE1A,True,True,0.86256295,0.9468159
immune|nerve|CALM1|PDE1C,True,True,0.88851154,0.95347047
immune|nerve|CALM1|PTPRA,True,True,0.88510686,0.94027823
immune|nerve|CALM1|RYR2,True,True,0.90605307,0.93951035
immune|nerve|CALM3|ADCY8,True,True,0.71998537,0.7766729
immune|nerve|CALM3|AR,True,True,0.63517755,0.8040917
immune|nerve|CALM3|CACNA1C,True,True,0.79959756,0.9081682
immune|nerve|CALM3|GRM5,True,True,0.7829517,0.9059552
immune|nerve|CALM3|GRM7,True,True,0.779052,0.9096906
immune|nerve|CALM3|INSR,True,True,0.745432,0.90879333
immune|nerve|CALM3|KCNQ3,True,True,0.7920723,0.90266263
immune|nerve|CALM3|KCNQ5,True,True,0.7918601,0.9112829
immune|nerve|CALM3|PDE1A,True,True,0.7292496,0.91472596
immune|nerve|CALM3|PDE1C,True,True,0.7737667,0.9250779
immune|nerve|CALM3|RYR2,True,True,0.80540806,0.9034617
immune|nerve|CALR|ITGA3,True,True,0.68509907,0.81654143
immune|nerve|CALR|ITGAV,True,True,0.80295146,0.897908
immune|nerve|CALR|LRP1,True,True,0.7657326,0.887724
immune|nerve|CCL5|GRM7,True,True,0.8857715,0.9517275
immune|nerve|CD14|ITGB1,True,True,0.7739767,0.92878354
immune|nerve|CD14|RIPK1,True,True,0.73274446,0.8854022
immune|nerve|CD47|SIRPA,True,True,0.785347,0.8003897
immune|nerve|CD55|ADGRE2,True,True,0.63727844,0.81303823
immune|nerve|CD55|ADGRE5,True,True,0.65291864,0.8415239
immune|nerve|CD96|NECTIN1,True,True,0.7868919,0.85776293
immune|nerve|CD99|CD81,True,True,0.74780625,0.9305819
immune|nerve|CD99|CD99L2,True,True,0.7560319,0.8794066
immune|nerve|CD99|PILRA,True,True,0.6797819,0.81219625
immune|nerve|CXCL16|GRM7,True,True,0.76439506,0.91801316
immune|nerve|CXCL8|GRM7,True,True,0.86852753,0.9383277
immune|nerve|CXCL8|SDC2,True,True,0.72448987,0.82426965
immune|nerve|CXCL8|SDC3,True,True,0.799966,0.86662453
immune|nerve|ENTPD1|ADORA1,True,True,0.7635863,0.8026078
immune|nerve|F13A1|ITGA9,True,True,0.79774225,0.7629664
immune|nerve|F13A1|ITGB1,True,True,0.78945214,0.8537225
immune|nerve|FAM3C|LAMP1,True,True,0.65481734,0.84228307
immune|nerve|FAM3C|LIFR,True,True,0.75187874,0.7973191
immune|nerve|FARP2|PLXNA2,True,True,0.7970226,0.6777697
immune|nerve|FARP2|PLXNA3,True,True,0.7000762,0.63654953
immune|nerve|FARP2|PLXNA4,True,True,0.82971174,0.72024965
immune|nerve|FN1|C5AR1,True,True,0.74959517,0.7669993
immune|nerve|FN1|CD44,True,True,0.83226424,0.8638362
immune|nerve|FN1|ITGA2,True,True,0.79413664,0.8886246
immune|nerve|FN1|ITGA3_ITGB1,True,True,0.71418476,0.78647727
immune|nerve|FN1|ITGA5_ITGB1,True,True,0.67389655,0.7704815
immune|nerve|FN1|ITGA6,True,True,0.7263091,0.69725186
immune|nerve|FN1|ITGA8_ITGB1,True,True,0.7126059,0.7951308
immune|nerve|FN1|ITGA9,True,True,0.76749885,0.8234855
immune|nerve|FN1|ITGAV_ITGB1,True,True,0.75834465,0.8756051
immune|nerve|FN1|ITGAV_ITGB8,True,True,0.82885295,0.8756051
immune|nerve|FN1|MAG,True,True,0.7996982,0.9332131
immune|nerve|FN1|SDC2,True,True,0.70199126,0.75810456
immune|nerve|GAS6|TYRO3,True,True,0.7319511,0.84573835
immune|nerve|GNAI2|ADCY1,True,True,0.76156694,0.8631621
immune|nerve|GNAI2|ADCY8,True,True,0.7967089,0.817623
immune|nerve|GNAI2|ADCY9,True,True,0.79498273,0.88883007
immune|nerve|GNAI2|ADORA1,True,True,0.66397697,0.865509
immune|nerve|GNAI2|C5AR1,True,True,0.73107994,0.8078683
immune|nerve|GNAI2|CAV1,True,True,0.70548093,0.89436543
immune|nerve|GNAI2|CNR1,True,True,0.7654255,0.83569884
immune|nerve|GNAI2|EGFR,True,True,0.85739654,0.8702545
immune|nerve|GNAI2|IGF1R,True,True,0.8282148,0.9342619
immune|nerve|GNAI2|UNC5B,True,True,0.7091337,0.8964629
immune|nerve|GNAS|ADCY1,True,True,0.8265203,0.8572388
immune|nerve|GNAS|ADCY8,True,True,0.8539251,0.810162
immune|nerve|GNAS|ADCY9,True,True,0.852595,0.8838684
immune|nerve|GNAS|ADORA1,True,True,0.7466722,0.85967076
immune|nerve|GPI|AMFR,True,True,0.7150198,0.8028722
immune|nerve|GRN|EGFR,True,True,0.8698888,0.8846358
immune|nerve|GRN|SORT1,True,True,0.8493597,0.94288415
immune|nerve|GRN|TNFRSF1A,True,True,0.70101535,0.8757666
immune|nerve|GSTO1|RYR1,True,True,0.581456,0.84204894
immune|nerve|GSTP1|EGFR,True,True,0.82245046,0.87993103
immune|nerve|HBEGF|CD44,True,True,0.7637174,0.86710346
immune|nerve|HBEGF|CD82,True,True,0.6350985,0.8796668
immune|nerve|HBEGF|CD9,True,True,0.6436645,0.9332369
immune|nerve|HLA-A|APLP2,True,True,0.87051564,0.93588424
immune|nerve|HSPA8|LDLR,True,True,0.68657565,0.8466674
immune|nerve|HSPA8|LRP2,True,True,0.8141576,0.9397484
immune|nerve|ICAM1|CAV1,True,True,0.68516046,0.84367794
immune|nerve|ICAM1|EGFR,True,True,0.8452585,0.81044966
immune|nerve|IGF1|IGF1R,True,True,0.800775,0.8510845
immune|nerve|IGF1|IGF2R,True,True,0.7071798,0.7406616
immune|nerve|IGF1|INSR,True,True,0.78817743,0.83780515
immune|nerve|IGF1|ITGA6_ITGB4,True,True,0.63648,0.5419196
immune|nerve|IL16|CD9,True,True,0.6483907,0.90372056
immune|nerve|IL16|GRIN2A,True,True,0.8098125,0.86107427
immune|nerve|IL16|GRIN2B,True,True,0.8031481,0.8508455
immune|nerve|IL16|KCND2,True,True,0.80512226,0.872534
immune|nerve|IL16|KCNJ10,True,True,0.63766664,0.8478507
immune|nerve|IL18|IL1RAPL1,True,True,0.9021352,0.9464689
immune|nerve|ITGAV|THY1,True,True,0.8205032,0.79938185
immune|nerve|ITGB2|THY1,True,True,0.7288419,0.8600171
immune|nerve|JAM2|ITGA3_ITGB1,True,True,0.5893271,0.5639606
immune|nerve|JAM2|ITGAV_ITGB1,True,True,0.6461301,0.7119525
immune|nerve|JAML|CXADR,True,True,0.71173567,0.8651406
immune|nerve|LGALS1|ITGB1,True,True,0.7225459,0.9396279
immune|nerve|LGALS3|MCAM,True,True,0.6666982,0.88563824
immune|nerve|LGALS8|ITGA3,True,True,0.65092796,0.6868706
immune|nerve|LGALS9|CD44,True,True,0.7896378,0.8544503
immune|nerve|LGALS9|CD47,True,True,0.7514524,0.90671754
immune|nerve|LGALS9|HAVCR2,True,True,0.6089048,0.814881
immune|nerve|LGALS9|LRP1,True,True,0.74826604,0.85825217
immune|nerve|LGALS9|MET,True,True,0.66363865,0.85183084
immune|nerve|LGALS9|MRC2,True,True,0.75869083,0.7804524
immune|nerve|LGALS9|PTPRK,True,True,0.8368749,0.9320668
immune|nerve|LPL|LRP1,True,True,0.7325683,0.77923185
immune|nerve|LPL|LRP2,True,True,0.76262677,0.8457402
immune|nerve|LPL|VLDLR,True,True,0.5943135,0.7169485
immune|nerve|NAMPT|INSR,True,True,0.8852198,0.94084257
immune|nerve|NAMPT|ITGA5_ITGB1,True,True,0.7643138,0.8415019
immune|nerve|NCAM1|CACNA1C,True,True,0.89940274,0.8707874
immune|nerve|NCAM1|FGFR1,True,True,0.84951717,0.77414626
immune|nerve|NCAM1|FGFR2,True,True,0.8800359,0.8931833
immune|nerve|NCAM1|NCAM2,True,True,0.9007949,0.9115357
immune|nerve|NCAM1|PTPRA,True,True,0.88107055,0.8660359
immune|nerve|NCAM1|PTPRZ1,True,True,0.9074746,0.89273363
immune|nerve|NCAM1|ROBO1,True,True,0.8825108,0.886445
immune|nerve|NELL2|ROBO3,True,True,0.6443418,0.5457001
immune|nerve|NUCB2|ERAP1,True,True,0.55805737,0.774137
immune|nerve|PDGFB|ADGRV1,True,True,0.7512057,0.8066668
immune|nerve|PDGFB|ITGAV,True,True,0.76962215,0.8198811
immune|nerve|PDGFB|LRP1,True,True,0.7282387,0.80361587
immune|nerve|PDGFC|PDGFRA,True,True,0.81410193,0.6976495
immune|nerve|PKM|CD44,True,True,0.85989606,0.8973771
immune|nerve|PLAU|IGF2R,True,True,0.73593533,0.76479393
immune|nerve|PLAU|ITGA3,True,True,0.69557875,0.6829543
immune|nerve|PLAU|ITGA5,True,True,0.6435615,0.662531
immune|nerve|PLAU|ITGB1,True,True,0.7327498,0.83184963
immune|nerve|PLAU|ITGB5,True,True,0.63632894,0.63229954
immune|nerve|PLAU|LRP1,True,True,0.77441245,0.79281765
immune|nerve|PLAU|LRP2,True,True,0.80104506,0.8559896
immune|nerve|PLAU|VLDLR,True,True,0.64737713,0.7330541
immune|nerve|PLTP|ABCA1,True,True,0.82359564,0.9122062
immune|nerve|PROS1|TYRO3,True,True,0.6932098,0.7389858
immune|nerve|PSAP|AR,True,True,0.8311033,0.8808284
immune|nerve|PSAP|GPR37,True,True,0.84481394,0.9500351
immune|nerve|PSAP|LRP1,True,True,0.8687064,0.9211077
immune|nerve|PSAP|SORT1,True,True,0.90386766,0.952767
immune|nerve|PSEN1|NOTCH1,True,True,0.8234778,0.7218532
immune|nerve|PSEN1|NOTCH2,True,True,0.78300315,0.6939889
immune|nerve|PTDSS1|JMJD6,True,True,0.54375464,0.6483028
immune|nerve|PTDSS1|SCARB1,True,True,0.67834896,0.7406392
immune|nerve|PTPN6|EGFR,True,True,0.8037445,0.81090117
immune|nerve|RPS19|C5AR1,True,True,0.83804506,0.8743961
immune|nerve|RTN4|CNTNAP1,True,True,0.8076085,0.7947284
immune|nerve|RTN4|LINGO1,True,True,0.85361505,0.8767716
immune|nerve|RTN4|RTN4RL1,True,True,0.8546645,0.8100104
immune|nerve|RTN4|TNFRSF19,True,True,0.83547735,0.85407734
immune|nerve|S100A10|CFTR,True,True,0.66110116,0.89415777
immune|nerve|S100A4|EGFR,True,True,0.8955844,0.9071942
immune|nerve|S100A4|ERBB3,True,True,0.83866894,0.9370347
immune|nerve|SDC2|PTPRJ,True,True,0.8293525,0.8622977
immune|nerve|SEMA3C|NRP2_PLXNA3,True,True,0.6519477,0.53480804
immune|nerve|SEMA4D|MET,True,True,0.7761056,0.83243775
immune|nerve|SEMA4D|PLXNB1,True,True,0.79264593,0.8335776
immune|nerve|SEMA4D|PLXNB2,True,True,0.7428926,0.7516659
immune|nerve|SERPINA1|LRP1,True,True,0.73512983,0.90278184
immune|nerve|SERPINE1|ITGB5,True,True,0.61820966,0.6921984
immune|nerve|SERPINE1|LRP1,True,True,0.7605845,0.8334553
immune|nerve|SERPINE1|LRP2,True,True,0.7884035,0.88601786
immune|nerve|SERPING1|LRP1,True,True,0.68165207,0.7819595
immune|nerve|SIRPA|CD47,True,True,0.7988941,0.8911561
immune|nerve|SIRPB2|CD47,True,True,0.7341649,0.789558
immune|nerve|SPON2|ITGA5,True,True,0.59188014,0.75638413
immune|nerve|SPON2|ITGB1,True,True,0.68772537,0.88666874
immune|nerve|SPP1|CD44,True,True,0.90541667,0.9338711
immune|nerve|SPP1|ITGA5_ITGB1,True,True,0.79947495,0.8819722
immune|nerve|SPP1|ITGA8_ITGB1,True,True,0.8271023,0.89625996
immune|nerve|SPP1|ITGA9_ITGB1,True,True,0.8371663,0.91216415
immune|nerve|SPP1|ITGAV_ITGB1,True,True,0.85824376,0.94000715
immune|nerve|SPP1|ITGAV_ITGB5,True,True,0.7943954,0.86746645
immune|nerve|SPTAN1|PTPRA,True,True,0.8448941,0.876062
immune|nerve|ST6GAL1|CD22,True,True,0.8899149,0.8883582
immune|nerve|ST6GAL1|EGFR,True,True,0.9262786,0.8306632
immune|nerve|TGFB1|ACVR1_TGFBR1_TGFBR2,True,True,0.67133003,0.7559684
immune|nerve|TGFB1|ACVR1_TGFBR2,True,True,0.67208964,0.7559684
immune|nerve|TGFB1|CAV1,True,True,0.7287629,0.88624364
immune|nerve|TGFB1|EGFR,True,True,0.8708676,0.8605679
immune|nerve|TGFB1|ITGB1,True,True,0.7617139,0.90861243
immune|nerve|TGFB1|ITGB5,True,True,0.67105174,0.77558327
immune|nerve|TGFB1|ITGB8,True,True,0.8418179,0.9002815
immune|nerve|TGFB1|LPP,True,True,0.8647257,0.9153399
immune|nerve|TGFB1|SDC2,True,True,0.7058415,0.7864895
immune|nerve|TGFB1|TGFBR1_TGFBR2,True,True,0.67133003,0.8251799
immune|nerve|TGFB1|TGFBR3,True,True,0.7126764,0.8257891
immune|nerve|TGS1|RXRA,True,True,0.6105186,0.5895506
immune|nerve|TIMP1|CD63,True,True,0.8154828,0.9616973
immune|nerve|TIMP1|FGFR2,True,True,0.8338048,0.95546097
immune|nerve|TIMP2|CD44,True,True,0.8558946,0.85809505
immune|nerve|TIMP2|ITGA3,True,True,0.7578962,0.77831143
immune|nerve|TIMP2|ITGB1,True,True,0.789758,0.88965917
immune|nerve|TLN1|ITGB5,True,True,0.6263498,0.743166
immune|nerve|TNFSF10|RIPK1,True,True,0.63225865,0.75905776
immune|nerve|TNFSF13B|TFRC,True,True,0.7423334,0.77439326
immune|nerve|VCAN|CD44,True,True,0.8771395,0.9116604
immune|nerve|VCAN|EGFR,True,True,0.904998,0.8951998
immune|nerve|VCAN|ITGB1,True,True,0.8186877,0.93225056
immune|nerve|VCL|ALK,True,True,0.73179686,0.7110713
immune|nerve|VEGFA|CD44,True,True,0.8811122,0.869526
immune|nerve|VEGFA|EGFR,True,True,0.90816426,0.84653604
immune|nerve|VEGFA|EPHB2,True,True,0.86150664,0.8892093
immune|nerve|VEGFA|GPC1,True,True,0.79249847,0.85308415
immune|nerve|VEGFA|GRIN2B,True,True,0.9016111,0.89666235
immune|nerve|VEGFA|ITGA9,True,True,0.8313866,0.8305306
immune|nerve|VEGFA|ITGAV,True,True,0.87975603,0.8843388
immune|nerve|VEGFA|ITGB1,True,True,0.82417154,0.8988472
immune|nerve|VEGFA|NRP1,True,True,0.8419372,0.7819009
immune|nerve|VEGFA|NRP2,True,True,0.85861784,0.86968005
immune|nerve|VEGFA|SIRPA,True,True,0.81536764,0.82363105
immune|nerve|VEGFA|TYRO3,True,True,0.8267141,0.89353937
immune|nerve|VIM|CD44,True,True,0.87755,0.92621386
immune|nerve|WNT5A|ANTXR1,True,True,0.7450411,0.7461352
immune|nerve|WNT5A|EPHA7,True,True,0.72501886,0.6405393
immune|nerve|WNT5A|FZD3,True,True,0.75414866,0.73186547
immune|nerve|WNT5A|FZD6,True,True,0.70428437,0.66751605
immune|nerve|WNT5A|LDLR,True,True,0.62578607,0.6402399
immune|nerve|WNT5A|LRP2,True,True,0.7698168,0.8340754
immune|nerve|WNT5A|LRP5,True,True,0.64588475,0.6409618
immune|nerve|WNT5A|LRP6,True,True,0.76838547,0.81564546
immune|nerve|WNT5A|MCAM,True,True,0.60119873,0.74896044
immune|nerve|WNT5A|PTK7,True,True,0.6242842,0.605914
immune|nerve|WNT5A|PTPRK,True,True,0.8311228,0.88000137
immune|nerve|WNT5A|ROR1,True,True,0.6802371,0.7272301
immune|nerve|WNT5A|RYK,True,True,0.702641,0.7398253
immune|nerve|YBX1|NOTCH1,True,True,0.7536971,0.8704822
immune|tumor|A2M|LRP1,True,True,0.8484006,0.8936467
immune|tumor|ADAM10|CADM1,True,True,0.8764299,0.859237
immune|tumor|ADAM10|CD44,True,True,0.8193032,0.8311633
immune|tumor|ADAM10|NOTCH1,True,True,0.7413589,0.76499236
immune|tumor|ADAM10|NOTCH2,True,True,0.76931244,0.75437075
immune|tumor|ADAM10|NRCAM,True,True,0.89149565,0.8774003
immune|tumor|ADAM10|TSPAN5,True,True,0.8374821,0.81723994
immune|tumor|ADAM17|ERBB4,True,True,0.85238796,0.82091504
immune|tumor|ADAM17|NOTCH1,True,True,0.72724104,0.76007175
immune|tumor|ADAM9|ITGA3,True,True,0.7339049,0.69479334
immune|tumor|ADAM9|ITGA6,True,True,0.6660604,0.6905243
immune|tumor|ADAM9|ITGAV,True,True,0.83335716,0.82533264
immune|tumor|ADM|CALCRL,True,True,0.6753889,0.73022723
immune|tumor|ADM|RAMP1,True,True,0.68774974,0.85008806
immune|tumor|ALCAM|CHL1,True,True,0.87674075,0.8514448
immune|tumor|ANGPTL4|CDH11,True,True,0.66540396,0.70975906
immune|tumor|ANGPTL4|SDC2,True,True,0.5359523,0.6499564
immune|tumor|ANGPTL4|SDC3,True,True,0.6003414,0.72203547
immune|tumor|ANOS1|FGFR1,True,True,0.7687734,0.71445674
immune|tumor|ANOS1|SDC2,True,True,0.6874392,0.63999945
immune|tumor|ANXA1|EGFR,True,True,0.8689606,0.9369821
immune|tumor|APOE|ABCA1,True,True,0.8588417,0.9268258
immune|tumor|APOE|LRP1,True,True,0.8682049,0.9339037
immune|tumor|APOE|LRP4,True,True,0.7909784,0.9137054
immune|tumor|APOE|LRP6,True,True,0.8499048,0.9136327
immune|tumor|APOE|SCARB1,True,True,0.7567351,0.8766676
immune|tumor|APOE|SDC2,True,True,0.7536121,0.88469523
immune|tumor|APOE|SORL1,True,True,0.83951914,0.90202606
immune|tumor|ARF1|INSR,True,True,0.6817625,0.82729065
immune|tumor|ARF6|SMAP1,True,True,0.6127862,0.841377
immune|tumor|BSG|SLC16A1,True,True,0.53712034,0.81242305
immune|tumor|C1QB|LRP1,True,True,0.80048275,0.92648077
immune|tumor|C3|CD46,True,True,0.80868775,0.8656255
immune|tumor|C3|CD81,True,True,0.796777,0.9152245
immune|tumor|C3|LRP1,True,True,0.87241346,0.905894
immune|tumor|C3|NRP1,True,True,0.8225935,0.8459363
immune|tumor|CALM1|CACNA1C,True,True,0.8349913,0.862692
immune|tumor|CALM1|INSR,True,True,0.79653937,0.8780682
immune|tumor|CALM1|KCNQ5,True,True,0.79985213,0.8539146
immune|tumor|CALM1|PDE1C,True,True,0.825686,0.8629605
immune|tumor|CALM1|PTPRA,True,True,0.8437977,0.9221716
immune|tumor|CALM3|AR,True,True,0.6033425,0.7567932
immune|tumor|CALM3|CACNA1C,True,True,0.68470937,0.79104537
immune|tumor|CALM3|EGFR,True,True,0.77264285,0.9119506
immune|tumor|CALM3|INSR,True,True,0.62688595,0.8127029
immune|tumor|CALM3|KCNQ5,True,True,0.63168377,0.77886206
immune|tumor|CALM3|PDE1C,True,True,0.67027575,0.79142016
immune|tumor|CALR|ITGA3,True,True,0.6378168,0.7840839
immune|tumor|CALR|ITGAV,True,True,0.7615116,0.8828711
immune|tumor|CALR|LRP1,True,True,0.76318043,0.8867736
immune|tumor|CD14|ITGB1,True,True,0.7330704,0.8864964
immune|tumor|CD14|RIPK1,True,True,0.69638205,0.81324136
immune|tumor|CD47|SIRPA,True,True,0.6724674,0.7323508
immune|tumor|CD55|ADGRE5,True,True,0.5504829,0.7489673
immune|tumor|CD99|CD81,True,True,0.70726025,0.90703034
immune|tumor|CD99|CD99L2,True,True,0.7098086,0.8062368
immune|tumor|CXCL8|SDC2,True,True,0.66753685,0.84044826
immune|tumor|CXCL8|SDC3,True,True,0.7231007,0.8805133
immune|tumor|ENTPD1|ADORA1,True,True,0.7185127,0.6921452
immune|tumor|FAM3C|LIFR,True,True,0.70211655,0.7500239
immune|tumor|FN1|CD44,True,True,0.7692236,0.86441046
immune|tumor|FN1|ITGA3_ITGB1,True,True,0.67916423,0.7503272
immune|tumor|FN1|ITGA6,True,True,0.60487694,0.7465515
immune|tumor|FN1|ITGAV_ITGB1,True,True,0.7156486,0.8351428
immune|tumor|FN1|ITGAV_ITGB8,True,True,0.79331386,0.86183745
immune|tumor|FN1|NT5E,True,True,0.58436793,0.7369577
immune|tumor|FN1|SDC2,True,True,0.64268124,0.77873945
immune|tumor|GAS6|TYRO3,True,True,0.55083764,0.6696305
immune|tumor|GNAI2|ADCY1,True,True,0.67070484,0.7931706
immune|tumor|GNAI2|ADCY9,True,True,0.7265589,0.8166415
immune|tumor|GNAI2|ADORA1,True,True,0.60962135,0.7806254
immune|tumor|GNAI2|CAV1,True,True,0.5459954,0.8505969
immune|tumor|GNAI2|CNR1,True,True,0.71052855,0.8376914
immune|tumor|GNAI2|EDNRB,True,True,0.6091086,0.8338874
immune|tumor|GNAI2|EGFR,True,True,0.83818096,0.93032104
immune|tumor|GNAI2|F2R,True,True,0.5630823,0.79546624
immune|tumor|GNAI2|IGF1R,True,True,0.77222633,0.8571355
immune|tumor|GNAS|ADCY1,True,True,0.75236183,0.7849724
immune|tumor|GNAS|ADCY9,True,True,0.7985261,0.80914974
immune|tumor|GPI|AMFR,True,True,0.6719924,0.735576
immune|tumor|GRN|EGFR,True,True,0.85206604,0.93851477
immune|tumor|GRN|SORT1,True,True,0.7705282,0.87733525
immune|tumor|GRN|TNFRSF1A,True,True,0.6562489,0.8698063
immune|tumor|GSTP1|EGFR,True,True,0.7996264,0.935848
immune|tumor|HBEGF|CD44,True,True,0.68467516,0.86766607
immune|tumor|HBEGF|CD82,True,True,0.52633065,0.82564104
immune|tumor|HBEGF|CD9,True,True,0.52477175,0.8908333
immune|tumor|HLA-A|APLP2,True,True,0.8458263,0.9348524
immune|tumor|ICAM1|CAV1,True,True,0.5221247,0.78398025
immune|tumor|ICAM1|EGFR,True,True,0.82474166,0.8948581
immune|tumor|IGF1|IGF1R,True,True,0.7386653,0.70697814
immune|tumor|IGF1|IGF2R,True,True,0.6381915,0.63797456
immune|tumor|IGF1|INSR,True,True,0.6810191,0.69225156
immune|tumor|IL16|CD9,True,True,0.52992326,0.8456702
immune|tumor|IL16|KCNJ10,True,True,0.49446395,0.6473211
immune|tumor|IL18|IL1RAPL1,True,True,0.8473547,0.8541053
immune|tumor|ITGAV|THY1,True,True,0.7419176,0.8128689
immune|tumor|ITGB2|THY1,True,True,0.62830544,0.87009025
immune|tumor|JAM2|ITGA3_ITGB1,True,True,0.5519071,0.5134442
immune|tumor|JAML|CXADR,True,True,0.61254996,0.8042126
immune|tumor|LGALS1|ITGB1,True,True,0.67622536,0.9031083
immune|tumor|LGALS8|ITGA3,True,True,0.6014993,0.6415429
immune|tumor|LGALS9|CD44,True,True,0.7160426,0.8550575
immune|tumor|LGALS9|CD47,True,True,0.65241563,0.83404905
immune|tumor|LGALS9|LRP1,True,True,0.7455868,0.85709244
immune|tumor|LGALS9|MRC2,True,True,0.7031513,0.8134012
immune|tumor|LGALS9|PTPRK,True,True,0.7287644,0.8196324
immune|tumor|LMAN1|MCFD2,True,True,0.52682173,0.73107505
immune|tumor|LPL|LRP1,True,True,0.7297824,0.7775932
immune|tumor|NAMPT|INSR,True,True,0.815673,0.8738297
immune|tumor|NCAM1|PTPRZ1,True,True,0.90228087,0.8976825
immune|tumor|NELL2|ROBO3,True,True,0.5617343,0.5588379
immune|tumor|PDGFB|ADGRV1,True,True,0.6884551,0.75524294
immune|tumor|PDGFB|ITGAV,True,True,0.7235859,0.79596317
immune|tumor|PDGFB|LRP1,True,True,0.7254245,0.8021123
immune|tumor|PKM|CD44,True,True,0.80480474,0.8978267
immune|tumor|PLAU|IGF2R,True,True,0.6705658,0.66737103
immune|tumor|PLAU|ITGA3,True,True,0.64906394,0.637359
immune|tumor|PLAU|LRP1,True,True,0.7719267,0.7912528
immune|tumor|PROS1|TYRO3,True,True,0.5036699,0.5114127
immune|tumor|PSAP|AR,True,True,0.8112855,0.8485675
immune|tumor|PSAP|GPR37,True,True,0.73784804,0.8273464
immune|tumor|PSAP|LRP1,True,True,0.8670813,0.92041457
immune|tumor|PSAP|SORT1,True,True,0.8484719,0.89732516
immune|tumor|PSEN1|NCSTN,True,True,0.590114,0.6750378
immune|tumor|PSEN1|NOTCH1,True,True,0.7202294,0.71888167
immune|tumor|PSEN1|NOTCH2,True,True,0.7496956,0.7069742
immune|tumor|PTPN6|EGFR,True,True,0.77916145,0.8951346
immune|tumor|RTN4|LINGO1,True,True,0.67431575,0.83274275
immune|tumor|RTN4|TNFRSF19,True,True,0.78987426,0.81113195
immune|tumor|S100A4|EGFR,True,True,0.8807991,0.9511198
immune|tumor|SEMA3C|NRP1_PLXNA1,True,True,0.589044,0.50467235
immune|tumor|SEMA3C|NRP1_PLXNA2,True,True,0.6644278,0.5884798
immune|tumor|SEMA3C|NRP1_PLXNA3,True,True,0.57641554,0.5570915
immune|tumor|SEMA3C|NRP1_PLXNA4,True,True,0.6686599,0.594213
immune|tumor|SEMA3C|NRP2_PLXNA1,True,True,0.589044,0.50467235
immune|tumor|SEMA3C|NRP2_PLXNA2,True,True,0.6644278,0.5884798
immune|tumor|SEMA3C|NRP2_PLXNA3,True,True,0.57641554,0.5570915
immune|tumor|SEMA3C|NRP2_PLXNA4,True,True,0.6874242,0.6141454
immune|tumor|SEMA4D|PLXNB1,True,True,0.6733468,0.7239844
immune|tumor|SEMA4D|PLXNB2,True,True,0.6730199,0.7253417
immune|tumor|SERPINA1|LRP1,True,True,0.7323608,0.9019449
immune|tumor|SERPINE1|LRP1,True,True,0.75799394,0.83213246
immune|tumor|SERPING1|LRP1,True,True,0.6785685,0.78033537
immune|tumor|SIRPA|CD47,True,True,0.71150357,0.80891955
immune|tumor|SIRPB2|CD47,True,True,0.63161665,0.6598586
immune|tumor|SPON2|ITGB1,True,True,0.63850003,0.8241104
immune|tumor|SPP1|CD44,True,True,0.86542344,0.9341725
immune|tumor|SPP1|ITGAV_ITGB1,True,True,0.8292233,0.9185443
immune|tumor|ST6GAL1|EGFR,True,True,0.9154293,0.9071022
immune|tumor|TGFB1|CAV1,True,True,0.57427686,0.83971304
immune|tumor|TGFB1|EGFR,True,True,0.8531564,0.9247311
immune|tumor|TGFB1|ITGB1,True,True,0.71939296,0.8562025
immune|tumor|TGFB1|ITGB8,True,True,0.8200553,0.8999979
immune|tumor|TGFB1|LPP,True,True,0.8328966,0.8947642
immune|tumor|TGFB1|SDC2,True,True,0.6469123,0.8053248
immune|tumor|TIMP1|CD63,True,True,0.7595063,0.950821
immune|tumor|TIMP2|CD44,True,True,0.7995965,0.85868955
immune|tumor|TIMP2|ITGA3,True,True,0.71702975,0.7412337
immune|tumor|TIMP2|ITGB1,True,True,0.7507882,0.8284321
immune|tumor|TNFSF10|RIPK1,True,True,0.5898766,0.6397128
immune|tumor|TNFSF10|TNFRSF10B,True,True,0.56218684,0.6502835
immune|tumor|TNFSF13B|TFRC,True,True,0.65490764,0.78520525
immune|tumor|VCAN|CD44,True,True,0.8274681,0.91205347
immune|tumor|VCAN|EGFR,True,True,0.8913841,0.94445485
immune|tumor|VCAN|ITGB1,True,True,0.78361094,0.89178234
immune|tumor|VEGFA|CD44,True,True,0.83274066,0.8700799
immune|tumor|VEGFA|EGFR,True,True,0.8949514,0.91652995
immune|tumor|VEGFA|EPHB2,True,True,0.7561815,0.78110105
immune|tumor|VEGFA|GPC1,True,True,0.7268272,0.8446327
immune|tumor|VEGFA|ITGAV,True,True,0.8514807,0.867598
immune|tumor|VEGFA|ITGB1,True,True,0.7898835,0.841812
immune|tumor|VEGFA|NRP1,True,True,0.79689884,0.79523236
immune|tumor|VEGFA|NRP2,True,True,0.8104594,0.80847335
immune|tumor|VEGFA|SIRPA,True,True,0.7124957,0.7611501
immune|tumor|VEGFA|TYRO3,True,True,0.6817938,0.7562761
immune|tumor|VIM|CD44,True,True,0.8280121,0.9265474
immune|tumor|WNT5A|ANTXR1,True,True,0.66979426,0.6822646
immune|tumor|WNT5A|FZD3,True,True,0.71801776,0.73490566
immune|tumor|WNT5A|LRP6,True,True,0.70730615,0.70588255
immune|tumor|WNT5A|PTK7,True,True,0.5521265,0.58430946
immune|tumor|WNT5A|PTPRK,True,True,0.7204735,0.70835805
immune|tumor|WNT5A|RYK,True,True,0.68155485,0.6703842
immune|tumor|YBX1|NOTCH1,True,True,0.6280682,0.86880994
nerve|immune|ADAM10|AXL,True,True,0.8464976,0.8914802
nerve|immune|ADAM10|CADM1,True,True,0.8757336,0.8640269
nerve|immune|ADAM10|CD44,True,True,0.8889707,0.9330615
nerve|immune|ADAM10|GPNMB,True,True,0.8536974,0.9083338
nerve|immune|ADAM10|IL6R,True,True,0.84254664,0.8715028
nerve|immune|ADAM10|NOTCH1,True,True,0.7545765,0.77535677
nerve|immune|ADAM10|NOTCH2,True,True,0.8300524,0.8506662
nerve|immune|ADAM10|TREM2,True,True,0.7503758,0.92952293
nerve|immune|ADAM10|TSPAN14,True,True,0.84334576,0.8708157
nerve|immune|ADAM10|TSPAN5,True,True,0.8602958,0.85422474
nerve|immune|ADAM11|ITGA4,True,True,0.80481803,0.7206951
nerve|immune|ADAM12|ITGB1,True,True,0.8296499,0.87010163
nerve|immune|ADAM15|ITGA5,True,True,0.6382113,0.7871768
nerve|immune|ADAM15|ITGAV,True,True,0.75350845,0.82272524
nerve|immune|ADAM15|ITGB1,True,True,0.700445,0.8533323
nerve|immune|ADAM17|IL6R,True,True,0.80761176,0.79961133
nerve|immune|ADAM17|ITGA5,True,True,0.7697509,0.79644775
nerve|immune|ADAM17|ITGB1,True,True,0.8158851,0.86023307
nerve|immune|ADAM17|NOTCH1,True,True,0.7069129,0.6700398
nerve|immune|ADAM17|RHBDF2,True,True,0.82770574,0.835172
nerve|immune|ADAM23|ITGA4,True,True,0.882201,0.889311
nerve|immune|ADAM23|ITGA5,True,True,0.8257734,0.86461216
nerve|immune|ADAM9|ITGA6,True,True,0.725887,0.7156166
nerve|immune|ADAM9|ITGAV,True,True,0.8607307,0.8418546
nerve|immune|ADAM9|ITGB1,True,True,0.82540107,0.869682
nerve|immune|ADAM9|ITGB5,True,True,0.78758186,0.7420913
nerve|immune|AGRN|ITGB1,True,True,0.68751395,0.8084818
nerve|immune|AGRN|LRP1,True,True,0.6938513,0.7772306
nerve|immune|ALCAM|CD6,True,True,0.8825826,0.91367936
nerve|immune|ALCAM|NRP1,True,True,0.89688706,0.8867934
nerve|immune|ANGPT2|ITGA5_ITGB1,True,True,0.6251967,0.7605421
nerve|immune|ANGPTL2|ITGA5_ITGB1,True,True,0.6804394,0.7832654
nerve|immune|ANGPTL2|LILRB3,True,True,0.6193581,0.80237824
nerve|immune|ANGPTL2|TLR4,True,True,0.6117018,0.7768074
nerve|immune|ANGPTL4|ITGA5_ITGB1,True,True,0.67133987,0.7087649
nerve|immune|ANGPTL4|SDC2,True,True,0.64620227,0.6975445
nerve|immune|ANXA1|FPR1,True,True,0.64448905,0.8813762
nerve|immune|ANXA2|TLR2,True,True,0.8422189,0.8931977
nerve|immune|APOE|SORL1,True,True,0.90085787,0.931893
nerve|immune|APOE|TREM2,True,True,0.77383333,0.9465228
nerve|immune|APP|CD74,True,True,0.91332424,0.96641684
nerve|immune|APP|LRP1,True,True,0.88663965,0.9169034
nerve|immune|APP|NOTCH2,True,True,0.86781234,0.8790791
nerve|immune|APP|TNFRSF21,True,True,0.7833739,0.8329004
nerve|immune|ARF1|INSR,True,True,0.67266756,0.7865213
nerve|immune|B2M|KLRD1,True,True,0.8389568,0.9644208
nerve|immune|BMP7|ACTR2,True,True,0.8058648,0.8500092
nerve|immune|BMP7|ACVR1B,True,True,0.6797115,0.62031984
nerve|immune|BMP7|ENG,True,True,0.75473815,0.7681729
nerve|immune|BSG|SLC16A7,True,True,0.7710747,0.823987
nerve|immune|CALM1|FAS,True,True,0.7164498,0.879616
nerve|immune|CALM1|INSR,True,True,0.77489376,0.8588879
nerve|immune|CALM1|KCNQ1,True,True,0.78831834,0.86430484
nerve|immune|CALM1|KCNQ3,True,True,0.88682353,0.91210884
nerve|immune|CALM1|PTPRA,True,True,0.84276044,0.91230583
nerve|immune|CALM3|INSR,True,True,0.65468895,0.80205417
nerve|immune|CALM3|KCNQ1,True,True,0.67225015,0.80916804
nerve|immune|CALM3|KCNQ3,True,True,0.81187797,0.87355447
nerve|immune|CALR|ITGAV,True,True,0.8157315,0.8937173
nerve|immune|CALR|LRP1,True,True,0.77718925,0.89704096
nerve|immune|CD22|PTPRC,True,True,0.8985101,0.9336174
nerve|immune|CD47|SIRPA,True,True,0.7988941,0.8911561
nerve|immune|CD55|ADGRE2,True,True,0.75714046,0.8155106
nerve|immune|CD55|ADGRE5,True,True,0.77025175,0.86721796
nerve|immune|CD55|CR1,True,True,0.7091233,0.7375019
nerve|immune|CD58|CD2,True,True,0.73239595,0.84949416
nerve|immune|CD59|CD2,True,True,0.73683226,0.93181723
nerve|immune|CD59|STAB1,True,True,0.7262637,0.8889429
nerve|immune|CD99|CD81,True,True,0.74585277,0.9095825
nerve|immune|CD99|PILRA,True,True,0.73863983,0.86290705
nerve|immune|CDH1|KLRG1,True,True,0.6335665,0.72993594
nerve|immune|CLEC11A|ITGB1,True,True,0.70228696,0.7951359
nerve|immune|CLEC2D|KLRB1,True,True,0.6562144,0.88347065
nerve|immune|CNTN1|NOTCH1,True,True,0.79301226,0.7970681
nerve|immune|CNTN1|NOTCH2,True,True,0.8588785,0.8663537
nerve|immune|CNTN2|NRP1,True,True,0.88160485,0.8781068
nerve|immune|COL11A1|ITGA1_ITGB1,True,True,0.802903,0.83593917
nerve|immune|COL12A1|ITGA1_ITGB1,True,True,0.78158134,0.6551044
nerve|immune|COL16A1|ITGA1_ITGB1,True,True,0.77554595,0.78959316
nerve|immune|COL18A1|ITGA1_ITGB1,True,True,0.8170917,0.8395238
nerve|immune|COL18A1|ITGA5,True,True,0.7815083,0.85815483
nerve|immune|COL18A1|ITGB5,True,True,0.788068,0.8040423
nerve|immune|COL19A1|ITGA1_ITGB1,True,True,0.7803563,0.67401433
nerve|immune|COL1A2|CD44,True,True,0.83926195,0.8715561
nerve|immune|COL1A2|CD93,True,True,0.65124893,0.8247247
nerve|immune|COL1A2|ITGA1_ITGB1,True,True,0.7763298,0.7368026
nerve|immune|COL20A1|ITGA1_ITGB1,True,True,0.82311285,0.7945014
nerve|immune|COL22A1|ITGA1_ITGB1,True,True,0.81330997,0.6720012
nerve|immune|COL26A1|ITGA1_ITGB1,True,True,0.79955816,0.6691632
nerve|immune|COL28A1|ITGA1_ITGB1,True,True,0.7397097,0.6358221
nerve|immune|COL4A2|CD44,True,True,0.85981417,0.847044
nerve|immune|COL4A2|CD93,True,True,0.68687147,0.7933939
nerve|immune|COL4A2|ITGA1_ITGB1,True,True,0.8030401,0.6955572
nerve|immune|COL4A2|ITGB5,True,True,0.7724078,0.641825
nerve|immune|COL4A5|CD44,True,True,0.9015376,0.94423324
nerve|immune|COL4A5|CD47,True,True,0.8656205,0.91347283
nerve|immune|COL4A5|CD93,True,True,0.7660632,0.92151403
nerve|immune|COL4A5|ITGA1_ITGB1,True,True,0.858888,0.8747715
nerve|immune|COL5A1|ITGA1_ITGB1,True,True,0.75547206,0.68119884
nerve|immune|COL5A1|SDC3,True,True,0.6764357,0.59922856
nerve|immune|COL5A3|ITGA1_ITGB1,True,True,0.7607367,0.6922759
nerve|immune|COL5A3|SDC3,True,True,0.6826873,0.6115295
nerve|immune|COL6A1|CD44,True,True,0.82802945,0.8911134
nerve|immune|COL6A1|ITGA1_ITGB1,True,True,0.7619469,0.77149856
nerve|immune|COL6A1|ITGA6,True,True,0.6555169,0.6984253
nerve|immune|COL6A2|CD44,True,True,0.8362283,0.883674
nerve|immune|COL6A2|ITGA1_ITGB1,True,True,0.77243054,0.7581053
nerve|immune|COL9A1|CD44,True,True,0.8142798,0.90946174
nerve|immune|COL9A1|ITGA1_ITGB1,True,True,0.7445438,0.805606
nerve|immune|COL9A2|CD44,True,True,0.7821767,0.89155453
nerve|immune|COL9A2|ITGA1_ITGB1,True,True,0.7047569,0.77230036
nerve|immune|COL9A3|CD44,True,True,0.81381464,0.9008742
nerve|immune|COL9A3|ITGA1_ITGB1,True,True,0.7439589,0.78944826
nerve|immune|COPA|CD74,True,True,0.886329,0.9576548
nerve|immune|CP|SLC40A1,True,True,0.7180184,0.58969784
nerve|immune|CSF1|CSF2RA,True,True,0.7517058,0.8332234
nerve|immune|CSF1|CSF3R,True,True,0.7132201,0.83065724
nerve|immune|CSF1|SIRPA,True,True,0.6600561,0.7965245
nerve|immune|CXADR|JAML,True,True,0.71173567,0.8651406
nerve|immune|CXCL2|DPP4,True,True,0.578517,0.6544367
nerve|immune|DLL1|NOTCH1,True,True,0.66015583,0.57776374
nerve|immune|DLL1|NOTCH2,True,True,0.7552507,0.6930945
nerve|immune|DLL3|NOTCH1,True,True,0.6500722,0.63577235
nerve|immune|DLL3|NOTCH2,True,True,0.74690694,0.742325
nerve|immune|EDIL3|ITGAV,True,True,0.9138029,0.92527044
nerve|immune|EDIL3|ITGB5,True,True,0.8641291,0.870003
nerve|immune|EFNA1|EPHA4,True,True,0.59801376,0.77963597
nerve|immune|EFNA5|EPHA4,True,True,0.8159028,0.77614045
nerve|immune|EFNB2|EPHA4,True,True,0.5973271,0.63600904
nerve|immune|EFNB2|PECAM1,True,True,0.70574254,0.7406409
nerve|immune|F13A1|ITGA4,True,True,0.7932552,0.7732137
nerve|immune|F13A1|ITGB1,True,True,0.7629626,0.8099907
nerve|immune|FABP5|RXRA,True,True,0.6122345,0.8629374
nerve|immune|FAM3C|CLEC2D,True,True,0.84308517,0.8093877
nerve|immune|FAM3C|LAMP1,True,True,0.7627421,0.80600065
nerve|immune|FBN1|ITGA5,True,True,0.7964935,0.8550823
nerve|immune|FBN1|ITGB1,True,True,0.83839434,0.9027376
nerve|immune|FGF1|CD44,True,True,0.86246467,0.90920144
nerve|immune|FGF1|NRP1,True,True,0.84574497,0.8197817
nerve|immune|FGF1|TGFBR3,True,True,0.761569,0.79872376
nerve|immune|FGF2|CD44,True,True,0.84481716,0.8112667
nerve|immune|FGF2|NRP1,True,True,0.82638407,0.66132575
nerve|immune|FGF2|SDC2,True,True,0.7215216,0.66026783
nerve|immune|FGF2|SDC3,True,True,0.7100446,0.5537551
nerve|immune|FN1|C5AR1,True,True,0.7636146,0.9059474
nerve|immune|FN1|CD44,True,True,0.8565579,0.91761166
nerve|immune|FN1|DPP4,True,True,0.7026076,0.7742368
nerve|immune|FN1|ITGA4_ITGB1,True,True,0.8081709,0.86988044
nerve|immune|FN1|ITGA5_ITGB1,True,True,0.7606707,0.84161806
nerve|immune|FN1|ITGA6,True,True,0.70237744,0.759141
nerve|immune|FN1|ITGAV_ITGB1,True,True,0.80496,0.8695796
nerve|immune|FN1|PLAUR,True,True,0.8156617,0.92063427
nerve|immune|FN1|SDC2,True,True,0.7397166,0.83431965
nerve|immune|FSTL5|IL6R,True,True,0.85146713,0.77068883
nerve|immune|GAS6|AXL,True,True,0.6815207,0.7035801
nerve|immune|GAS6|MERTK,True,True,0.7646148,0.7028373
nerve|immune|GDF11|ACTR2,True,True,0.7155902,0.8078508
nerve|immune|GNAI2|ADCY7,True,True,0.7390893,0.82750326
nerve|immune|GNAI2|C5AR1,True,True,0.71752125,0.9150996
nerve|immune|GNAI2|F2R,True,True,0.6249346,0.8266007
nerve|immune|GNAI2|FPR1,True,True,0.6661307,0.9079988
nerve|immune|GNAI2|P2RY12,True,True,0.7717476,0.83619887
nerve|immune|GNAI2|UNC5B,True,True,0.68328655,0.79227805
nerve|immune|GNAS|ADCY7,True,True,0.8287656,0.8575677
nerve|immune|GPI|AMFR,True,True,0.73547095,0.6893202
nerve|immune|GRN|TNFRSF1B,True,True,0.71044964,0.884854
nerve|immune|GSTO1|RYR1,True,True,0.6974585,0.8091557
nerve|immune|HAS2|CD44,True,True,0.85741395,0.89462024
nerve|immune|HLA-A|APLP2,True,True,0.83680636,0.94903827
nerve|immune|HLA-A|CD8A,True,True,0.7709617,0.9396015
nerve|immune|HLA-A|LILRB1,True,True,0.7919765,0.9027474
nerve|immune|HLA-C|CD8A,True,True,0.6930663,0.9379348
nerve|immune|HLA-C|LILRB1,True,True,0.71861976,0.9001719
nerve|immune|HLA-E|CD8A,True,True,0.6287799,0.9133644
nerve|immune|HMGB1|CXCR4,True,True,0.846487,0.952422
nerve|immune|HMGB1|HAVCR2,True,True,0.8554964,0.92474127
nerve|immune|HMGB1|TLR2,True,True,0.87706864,0.9185044
nerve|immune|HMGB1|TLR4,True,True,0.76349753,0.8887483
nerve|immune|HSPA1A|TLR4,True,True,0.7117447,0.9020804
nerve|immune|HSPA4|TLR4,True,True,0.7014911,0.76707125
nerve|immune|ICAM1|IL2RG,True,True,0.6979161,0.8335685
nerve|immune|ICAM1|ITGAL_ITGB2,True,True,0.7245375,0.7733349
nerve|immune|ICAM1|ITGAM_ITGB2,True,True,0.7286129,0.7794075
nerve|immune|ICAM1|ITGAX_ITGB2,True,True,0.7286129,0.811616
nerve|immune|ICAM1|SPN,True,True,0.71615386,0.77684975
nerve|immune|IGSF11|VSIR,True,True,0.8205345,0.92086184
nerve|immune|INHBA|ACTR2,True,True,0.7208702,0.83362305
nerve|immune|INHBA|ENG,True,True,0.6568899,0.74552304
nerve|immune|INHBA|TGFBR3,True,True,0.64231116,0.68930024
nerve|immune|IRAK4|TLR4,True,True,0.548745,0.7096953
nerve|immune|IRAK4|TLR6,True,True,0.48702568,0.5732334
nerve|immune|IRAK4|TLR7,True,True,0.5101476,0.6438202
nerve|immune|ITGB3BP|ITGB5,True,True,0.75609094,0.63921964
nerve|immune|JAG1|CD46,True,True,0.75418186,0.67679894
nerve|immune|JAG1|NOTCH2,True,True,0.7851031,0.65410507
nerve|immune|JAM2|ITGA4_ITGB1,True,True,0.7828357,0.7405425
nerve|immune|JAM2|ITGAV_ITGB1,True,True,0.77931654,0.740032
nerve|immune|JAM3|ITGAM_ITGB2,True,True,0.81625766,0.8783733
nerve|immune|JAM3|ITGB1,True,True,0.85248256,0.9087883
nerve|immune|LAMA2|CD44,True,True,0.89272624,0.9168566
nerve|immune|LAMA2|ITGA1,True,True,0.84690803,0.8198027
nerve|immune|LAMA2|ITGA6_ITGB1,True,True,0.7668393,0.7573178
nerve|immune|LAMA2|RPSA,True,True,0.8717498,0.93093795
nerve|immune|LAMA4|CD44,True,True,0.8604715,0.91047186
nerve|immune|LAMA4|ITGA6_ITGB1,True,True,0.7090688,0.7421275
nerve|immune|LAMB1|CD44,True,True,0.8242029,0.8411825
nerve|immune|LAMB1|ITGA1,True,True,0.75708133,0.6860422
nerve|immune|LAMB1|ITGA6_ITGB1,True,True,0.64947677,0.59981596
nerve|immune|LAMC1|CD44,True,True,0.8833882,0.8785758
nerve|immune|LAMC1|ITGA1,True,True,0.8343219,0.7490665
nerve|immune|LAMC1|ITGA6_ITGB1,True,True,0.74961656,0.6718707
nerve|immune|LGALS1|CD69,True,True,0.7677581,0.9465339
nerve|immune|LGALS1|ITGB1,True,True,0.7594595,0.9283356
nerve|immune|LGALS1|PTPRC,True,True,0.8409653,0.9516917
nerve|immune|LGALS3BP|ITGB1,True,True,0.7622297,0.926407
nerve|immune|LGALS3|ENG,True,True,0.72901344,0.8684383
nerve|immune|LGI3|FLOT1,True,True,0.66312605,0.87262493
nerve|immune|LPL|CD44,True,True,0.81814975,0.8764421
nerve|immune|LPL|LRP1,True,True,0.76579255,0.8148081
nerve|immune|LRP1B|PLAUR,True,True,0.90202516,0.9565077
nerve|immune|LRPAP1|LRP1,True,True,0.69860756,0.8545541
nerve|immune|LRPAP1|SORL1,True,True,0.7607673,0.8738748
nerve|immune|LRPAP1|SORT1,True,True,0.642298,0.7881473
nerve|immune|LTBP1|ITGB5,True,True,0.8154661,0.73896277
nerve|immune|LTBP3|ITGB5,True,True,0.7893799,0.69347644
nerve|immune|MAML2|NOTCH1,True,True,0.827659,0.8282355
nerve|immune|MAML2|NOTCH2,True,True,0.88411134,0.8883701
nerve|immune|MDK|ITGA4_ITGB1,True,True,0.75792843,0.87054884
nerve|immune|MDK|ITGA6_ITGB1,True,True,0.6368762,0.7602214
nerve|immune|MDK|LRP1,True,True,0.7633293,0.8742035
nerve|immune|MDK|NOTCH2,True,True,0.7302529,0.82074267
nerve|immune|MDK|SDC2,True,True,0.6786736,0.83513606
nerve|immune|MDK|SDC3,True,True,0.6662476,0.7638386
nerve|immune|MDK|SORL1,True,True,0.81566286,0.89124614
nerve|immune|MEGF10|ABCA1,True,True,0.90333796,0.8923749
nerve|immune|MFGE8|ITGAV,True,True,0.7406346,0.8261047
nerve|immune|MFGE8|ITGB5,True,True,0.63141865,0.7197139
nerve|immune|NCAM1|PTPRA,True,True,0.89387906,0.9073011
nerve|immune|NCAN|SDC3,True,True,0.74180174,0.6547171
nerve|immune|NECTIN1|CD96,True,True,0.7868919,0.85776293
nerve|immune|NECTIN2|CD226,True,True,0.66380525,0.629373
nerve|immune|NECTIN2|CD96,True,True,0.78016204,0.79253465
nerve|immune|NECTIN3|CADM1,True,True,0.87244946,0.8007393
nerve|immune|NECTIN3|NECTIN2,True,True,0.7759923,0.76450837
nerve|immune|NRG1|MS4A4A,True,True,0.8463018,0.8699446
nerve|immune|NRG2|NRP2,True,True,0.798942,0.8214038
nerve|immune|NTN1|UNC5B,True,True,0.7699546,0.77379435
nerve|immune|NUCB2|ERAP1,True,True,0.61182773,0.62662923
nerve|immune|OMG|TNFRSF1B,True,True,0.7090056,0.8918966
nerve|immune|PAM|DPP4,True,True,0.78549397,0.7990732
nerve|immune|PCSK1N|GPR171,True,True,0.60332555,0.8480044
nerve|immune|PDGFC|FLT1,True,True,0.7368548,0.7410696
nerve|immune|PI16|TNFRSF21,True,True,0.58958083,0.7029752
nerve|immune|PIGF|FLT1,True,True,0.595153,0.6682595
nerve|immune|PKM|CD44,True,True,0.8762606,0.93190676
nerve|immune|PLAT|ITGAM,True,True,0.7477907,0.7771417
nerve|immune|PLAT|LRP1,True,True,0.7917909,0.7990431
nerve|immune|POSTN|ITGAV_ITGB5,True,True,0.697417,0.6585418
nerve|immune|PROS1|AXL,True,True,0.80007744,0.81586653
nerve|immune|PROS1|MERTK,True,True,0.8586544,0.8153312
nerve|immune|PSAP|LRP1,True,True,0.8480257,0.924309
nerve|immune|PSAP|SORT1,True,True,0.81212467,0.8854825
nerve|immune|PSEN1|CD44,True,True,0.90701663,0.9433141
nerve|immune|PSEN1|NOTCH1,True,True,0.78928846,0.8047085
nerve|immune|PSEN1|NOTCH2,True,True,0.85612464,0.871805
nerve|immune|PTDSS1|SCARB1,True,True,0.77054554,0.63893586
nerve|immune|PTN|PLXNB2,True,True,0.82883996,0.85505104
nerve|immune|PTN|SDC2,True,True,0.83868736,0.8828877
nerve|immune|PTN|SDC3,True,True,0.83090746,0.8279876
nerve|immune|QDPR|DYSF,True,True,0.76240265,0.85046446
nerve|immune|RGMB|BMPR2,True,True,0.7707171,0.75311697
nerve|immune|RIMS2|ABCA1,True,True,0.9265109,0.91275126
nerve|immune|RPS19|C5AR1,True,True,0.7944098,0.9420105
nerve|immune|SDC2|PTPRJ,True,True,0.8252078,0.7100435
nerve|immune|SEMA3A|NRP2,True,True,0.8180135,0.64240855
nerve|immune|SEMA3C|NRP1_NRP2_PLXND1,True,True,0.81236345,0.8402892
nerve|immune|SEMA3E|NRP1,True,True,0.806335,0.77303123
nerve|immune|SEMA3E|NRP2,True,True,0.7471289,0.7809635
nerve|immune|SEMA3E|PLXND1,True,True,0.75231445,0.74523264
nerve|immune|SEMA4C|PLXNB2,True,True,0.6347616,0.72246176
nerve|immune|SEMA4D|PLXNB2,True,True,0.775176,0.8315708
nerve|immune|SERPINE1|ITGB5,True,True,0.7544004,0.7605331
nerve|immune|SERPINE1|LRP1,True,True,0.8013658,0.85891557
nerve|immune|SERPINE1|PLAUR,True,True,0.8044349,0.9108923
nerve|immune|SERPINE2|LRP1,True,True,0.81499755,0.8613252
nerve|immune|SERPING1|LRP1,True,True,0.79586554,0.73021394
nerve|immune|SIRPA|CD47,True,True,0.785347,0.8003897
nerve|immune|SLIT2|APP,True,True,0.84890866,0.7850265
nerve|immune|SORBS1|ITGA1,True,True,0.87110054,0.85322297
nerve|immune|SORBS1|ITGB5,True,True,0.84906375,0.82012135
nerve|immune|SPARC|ENG,True,True,0.806263,0.8927117
nerve|immune|SPON2|ITGA4,True,True,0.7389825,0.77402985
nerve|immune|SPON2|ITGA5,True,True,0.6418056,0.7313774
nerve|immune|SPON2|ITGAM,True,True,0.65606153,0.7563547
nerve|immune|SPON2|ITGB1,True,True,0.703708,0.8107069
nerve|immune|SPON2|ITGB2,True,True,0.6461155,0.8404458
nerve|immune|SPP1|CD44,True,True,0.9045226,0.9597885
nerve|immune|SPP1|ITGA4_ITGB1,True,True,0.86985713,0.93475485
nerve|immune|SPP1|ITGA5_ITGB1,True,True,0.83450353,0.91927576
nerve|immune|SPP1|ITGAV_ITGB1,True,True,0.8675095,0.9345927
nerve|immune|SPP1|ITGAV_ITGB5,True,True,0.8397984,0.88536555
nerve|immune|SPP1|PTGER4,True,True,0.7973215,0.93179154
nerve|immune|SPTAN1|PTPRA,True,True,0.8678769,0.8482633
nerve|immune|SPTBN2|PTPRA,True,True,0.7938334,0.70345056
nerve|immune|TAFA4|FPR1,True,True,0.6393758,0.8337515
nerve|immune|TFPI|LRP1,True,True,0.7125498,0.73407775
nerve|immune|TF|TFRC,True,True,0.85318685,0.9289881
nerve|immune|TGFB1|CXCR4,True,True,0.6851269,0.8831858
nerve|immune|TGFB1|ENG,True,True,0.6372553,0.7745918
nerve|immune|TGFB1|ITGB1,True,True,0.6953401,0.8313128
nerve|immune|TGFB1|SDC2,True,True,0.60623956,0.74804467
nerve|immune|TGFB1|TGFBR3,True,True,0.62232196,0.7224
nerve|immune|TGS1|RXRA,True,True,0.6635594,0.7412416
nerve|immune|THBS2|CD47,True,True,0.709622,0.85418725
nerve|immune|THBS2|ITGA4,True,True,0.7449855,0.8493867
nerve|immune|THBS2|ITGA6,True,True,0.57855684,0.7266858
nerve|immune|THBS4|CD47,True,True,0.76604354,0.8136735
nerve|immune|THY1|ITGAM_ITGB2,True,True,0.7288419,0.7835847
nerve|immune|THY1|ITGAX_ITGB2,True,True,0.7288419,0.8153278
nerve|immune|TIMP1|CD63,True,True,0.8272225,0.9427016
nerve|immune|TIMP2|CD44,True,True,0.8590441,0.9330735
nerve|immune|TIMP2|ITGB1,True,True,0.81131095,0.9127644
nerve|immune|TIMP3|CD44,True,True,0.84852153,0.8661838
nerve|immune|TLN1|ITGB5,True,True,0.67799175,0.7370403
nerve|immune|TNC|ITGA5,True,True,0.8346181,0.75135005
nerve|immune|TXLNA|STX3,True,True,0.59338,0.62770826
nerve|immune|TXLNA|STX4,True,True,0.56855273,0.73097605
nerve|immune|VCAN|CD44,True,True,0.90612936,0.9426879
nerve|immune|VCAN|ITGA4,True,True,0.89032936,0.9080284
nerve|immune|VCAN|ITGB1,True,True,0.87196463,0.92506194
nerve|immune|VCAN|TLR1,True,True,0.84360886,0.86949384
nerve|immune|VCAN|TLR2,True,True,0.8936254,0.91425633
nerve|immune|VCL|ITGB5,True,True,0.78289396,0.6994984
nerve|immune|VEGFA|CD44,True,True,0.9253948,0.9168369
nerve|immune|VEGFA|ITGAV,True,True,0.9196191,0.868418
nerve|immune|VEGFA|ITGB1,True,True,0.8974483,0.89217
nerve|immune|VEGFA|NRP1,True,True,0.91557646,0.83356017
nerve|immune|VEGFA|NRP2,True,True,0.8850041,0.8398153
nerve|immune|VEGFA|SIRPA,True,True,0.8751512,0.855908
nerve|immune|VIM|CD44,True,True,0.8905159,0.9492864
nerve|tumor|ADAM10|CADM1,True,True,0.8794182,0.9099385
nerve|tumor|ADAM10|CD44,True,True,0.8233947,0.89069027
nerve|tumor|ADAM10|NOTCH1,True,True,0.74666953,0.84345526
nerve|tumor|ADAM10|NOTCH2,True,True,0.7742239,0.83561784
nerve|tumor|ADAM10|NRCAM,True,True,0.8941636,0.9221523
nerve|tumor|ADAM10|TSPAN14,True,True,0.69830203,0.76536876
nerve|tumor|ADAM10|TSPAN5,True,True,0.8412418,0.8809729
nerve|tumor|ADAM12|ITGB1,True,True,0.75217867,0.80566806
nerve|tumor|ADAM15|ITGAV,True,True,0.6896694,0.81597906
nerve|tumor|ADAM15|ITGB1,True,True,0.5930372,0.78265846
nerve|tumor|ADAM17|ERBB4,True,True,0.8335473,0.82101023
nerve|tumor|ADAM17|NOTCH1,True,True,0.6980848,0.7601898
nerve|tumor|ADAM9|ITGA3,True,True,0.71247816,0.7101747
nerve|tumor|ADAM9|ITGA6,True,True,0.64183664,0.70602965
nerve|tumor|ADAM9|ITGAV,True,True,0.81795216,0.835691
nerve|tumor|ADM|CALCRL,True,True,0.69478446,0.74293286
nerve|tumor|ADM|RAMP1,True,True,0.70672756,0.8582444
nerve|tumor|AFDN|EPHB2,True,True,0.77561325,0.789401
nerve|tumor|AGRN|DAG1,True,True,0.53240544,0.6899079
nerve|tumor|AGRN|LRP1,True,True,0.67850065,0.76973784
nerve|tumor|AGRN|LRP4,True,True,0.54798776,0.7146981
nerve|tumor|ALCAM|CHL1,True,True,0.8870464,0.9179573
nerve|tumor|ALCAM|NRP1,True,True,0.8203179,0.85391706
nerve|tumor|AMH|EGFR,True,True,0.78416073,0.81881833
nerve|tumor|ANGPTL4|CDH11,True,True,0.6749438,0.6843439
nerve|tumor|ANGPTL4|SDC2,True,True,0.5466685,0.6220927
nerve|tumor|ANGPTL4|SDC3,True,True,0.6106508,0.69723666
nerve|tumor|ANXA1|EGFR,True,True,0.8095631,0.8999258
nerve|tumor|APP|DCC,True,True,0.89606297,0.883261
nerve|tumor|APP|GPC1,True,True,0.7700654,0.89408433
nerve|tumor|APP|LRP1,True,True,0.8792737,0.91358614
nerve|tumor|APP|LRP10,True,True,0.72589797,0.8510225
nerve|tumor|APP|LRP6,True,True,0.86226666,0.8878323
nerve|tumor|APP|NCSTN,True,True,0.68901527,0.8481554
nerve|tumor|APP|NOTCH2,True,True,0.8217241,0.86644435
nerve|tumor|APP|TNFRSF21,True,True,0.7921756,0.86662054
nerve|tumor|ARF1|INSR,True,True,0.674316,0.830828
nerve|tumor|BCAN|EGFR,True,True,0.8943287,0.9396854
nerve|tumor|BCAN|NRCAM,True,True,0.8996234,0.9324957
nerve|tumor|BMP1|BMPR1A,True,True,0.70664483,0.6720961
nerve|tumor|BMP1|BMPR1B,True,True,0.7048848,0.6665489
nerve|tumor|BMP1|BMPR2,True,True,0.7504866,0.75072205
nerve|tumor|BMP7|ACVR2A_BMPR1A,True,True,0.70309585,0.65250766
nerve|tumor|BMP7|ACVR2A_BMPR1B,True,True,0.70309585,0.65250766
nerve|tumor|BMP7|BMPR1A_BMPR2,True,True,0.7647028,0.7096432
nerve|tumor|BMP7|BMPR1B_BMPR2,True,True,0.7631744,0.7044519
nerve|tumor|BMP7|PTPRK,True,True,0.77856034,0.7403381
nerve|tumor|BSG|SLC16A1,True,True,0.6225103,0.85861766
nerve|tumor|CALM1|CACNA1C,True,True,0.81761456,0.87621623
nerve|tumor|CALM1|INSR,True,True,0.7761986,0.8902706
nerve|tumor|CALM1|KCNQ5,True,True,0.779751,0.8681713
nerve|tumor|CALM1|PDE1C,True,True,0.80755514,0.8764621
nerve|tumor|CALM1|PTPRA,True,True,0.8271563,0.9303106
nerve|tumor|CALM3|AR,True,True,0.63361156,0.7948016
nerve|tumor|CALM3|CACNA1C,True,True,0.7117359,0.8249391
nerve|tumor|CALM3|EGFR,True,True,0.79439515,0.9280173
nerve|tumor|CALM3|INSR,True,True,0.65638167,0.8437774
nerve|tumor|CALM3|KCNQ5,True,True,0.6610053,0.81426793
nerve|tumor|CALM3|PDE1C,True,True,0.6979939,0.82526654
nerve|tumor|CALR|ITGA3,True,True,0.6396324,0.7946895
nerve|tumor|CALR|ITGAV,True,True,0.7629376,0.88930935
nerve|tumor|CALR|LRP1,True,True,0.76459956,0.89302325
nerve|tumor|CD47|SIRPA,True,True,0.67078155,0.8086813
nerve|tumor|CD55|ADGRE5,True,True,0.5488886,0.6809361
nerve|tumor|CDH1|CDH2,True,True,0.7720161,0.8194463
nerve|tumor|CDH1|EGFR,True,True,0.80139196,0.8614004
nerve|tumor|CDH1|IGF1R,True,True,0.725356,0.73634136
nerve|tumor|CDH1|PTPRF,True,True,0.5759707,0.70189035
nerve|tumor|CNTN1|NOTCH1,True,True,0.78599244,0.8597753
nerve|tumor|CNTN1|NOTCH2,True,True,0.810356,0.85261226
nerve|tumor|CNTN1|NRCAM,True,True,0.9132519,0.9309398
nerve|tumor|CNTN1|PTPRZ1,True,True,0.92339563,0.9497455
nerve|tumor|CNTN2|CNTN1,True,True,0.79818076,0.8748346
nerve|tumor|CNTN2|NRCAM,True,True,0.8998667,0.9309218
nerve|tumor|CNTN2|NRP1,True,True,0.7962654,0.843154
nerve|tumor|CNTN3|PTPRG,True,True,0.865572,0.8302089
nerve|tumor|CNTN4|APLP1,True,True,0.73312426,0.8191129
nerve|tumor|CNTN4|PTPRG,True,True,0.8960346,0.8658866
nerve|tumor|COL18A1|GPC1,True,True,0.6765068,0.8574928
nerve|tumor|COL18A1|ITGA3,True,True,0.71307355,0.7774934
nerve|tumor|COL18A1|PTPRS,True,True,0.8063639,0.8759516
nerve|tumor|COL1A2|CD44,True,True,0.752501,0.7986539
nerve|tumor|COL1A2|ITGA3_ITGB1,True,True,0.6588103,0.65154684
nerve|tumor|COL1A2|ITGAV_ITGB8,True,True,0.77783275,0.7951288
nerve|tumor|COL4A2|CD44,True,True,0.7812551,0.7639966
nerve|tumor|COL4A2|ITGA3_ITGB1,True,True,0.6940234,0.60411954
nerve|tumor|COL4A2|ITGAV_ITGB8,True,True,0.80440885,0.760047
nerve|tumor|COL4A5|CD44,True,True,0.84206533,0.9082381
nerve|tumor|COL4A5|CD47,True,True,0.7987395,0.8939821
nerve|tumor|COL4A5|ITGA3_ITGB1,True,True,0.77200675,0.82350135
nerve|tumor|COL4A5|ITGAV_ITGB8,True,True,0.8599363,0.9064067
nerve|tumor|COL5A1|SDC3,True,True,0.6550975,0.7004468
nerve|tumor|COL5A3|SDC3,True,True,0.661555,0.71113867
nerve|tumor|COL6A1|CD44,True,True,0.7371047,0.82710963
nerve|tumor|COL6A1|ITGA3_ITGB1,True,True,0.6403712,0.6927957
nerve|tumor|COL6A1|ITGA6,True,True,0.5628827,0.6885112
nerve|tumor|COL6A1|ITGAV_ITGB8,True,True,0.7635171,0.8239729
nerve|tumor|COL6A2|CD44,True,True,0.748321,0.8161993
nerve|tumor|COL6A2|ITGA3_ITGB1,True,True,0.65377605,0.67672235
nerve|tumor|COL6A2|ITGAV_ITGB8,True,True,0.77395207,0.8129095
nerve|tumor|COL9A1|CD44,True,True,0.7185563,0.8544819
nerve|tumor|COL9A1|ITGA3_ITGB1,True,True,0.61852986,0.7346097
nerve|tumor|COL9A1|ITGAV_ITGB8,True,True,0.7461905,0.8517528
nerve|tumor|COL9A2|CD44,True,True,0.6764807,0.82775986
nerve|tumor|COL9A2|ITGA3_ITGB1,True,True,0.57043993,0.6937641
nerve|tumor|COL9A2|ITGAV_ITGB8,True,True,0.70655906,0.82463247
nerve|tumor|COL9A3|CD44,True,True,0.7179344,0.84158784
nerve|tumor|COL9A3|ITGA3_ITGB1,True,True,0.6178045,0.7146411
nerve|tumor|COL9A3|ITGAV_ITGB8,True,True,0.74560803,0.83866256
nerve|tumor|CSF1|SIRPA,True,True,0.49896726,0.6689793
nerve|tumor|CSPG4|ITGA3_ITGB1,True,True,0.61830777,0.5616889
nerve|tumor|CTHRC1|FZD3,True,True,0.68633324,0.76066166
nerve|tumor|DLL1|NOTCH1,True,True,0.6506154,0.6811269
nerve|tumor|DLL1|NOTCH2,True,True,0.6841987,0.668358
nerve|tumor|DLL3|NOTCH1,True,True,0.64040285,0.73153347
nerve|tumor|DLL3|NOTCH2,True,True,0.6744766,0.7199532
nerve|tumor|DSCAM|DCC,True,True,0.9007761,0.90169376
nerve|tumor|EDIL3|ITGAV,True,True,0.885151,0.9220569
nerve|tumor|EFNA1|EPHA4,True,True,0.644767,0.80086887
nerve|tumor|EFNA1|EPHB1,True,True,0.6183699,0.7977911
nerve|tumor|EFNA5|EPHA4,True,True,0.84392816,0.7976228
nerve|tumor|EFNA5|EPHB1,True,True,0.82839155,0.7945077
nerve|tumor|EFNA5|EPHB2,True,True,0.7954627,0.7644078
nerve|tumor|EFNB2|EPHA4,True,True,0.6441127,0.665137
nerve|tumor|EFNB2|EPHB1,True,True,0.61769575,0.6608497
nerve|tumor|EFNB2|EPHB2,True,True,0.5655413,0.6205228
nerve|tumor|FABP5|RXRA,True,True,0.45739195,0.7845218
nerve|tumor|FAM3C|LIFR,True,True,0.7953574,0.76969635
nerve|tumor|FARP2|PLXNA1,True,True,0.69116116,0.7377993
nerve|tumor|FARP2|PLXNA2,True,True,0.7555856,0.7979541
nerve|tumor|FARP2|PLXNA3,True,True,0.67996585,0.77647436
nerve|tumor|FARP2|PLXNA4,True,True,0.7811601,0.83168906
nerve|tumor|FBN1|ITGB1,True,True,0.7637675,0.85173404
nerve|tumor|FGF12|FGFR1,True,True,0.84425575,0.898183
nerve|tumor|FGF13|EGFR,True,True,0.88184774,0.8510921
nerve|tumor|FGF13|FGFR1,True,True,0.7806038,0.7303575
nerve|tumor|FGF13|SCN8A,True,True,0.79706174,0.6596876
nerve|tumor|FGF14|FGFR1,True,True,0.85265875,0.90550804
nerve|tumor|FGF1|CD44,True,True,0.7850196,0.85408896
nerve|tumor|FGF1|EGFR,True,True,0.8620392,0.9056362
nerve|tumor|FGF1|FGFR1,True,True,0.74865913,0.8197604
nerve|tumor|FGF1|NRP1,True,True,0.7421185,0.7724385
nerve|tumor|FGF2|FGFR1,True,True,0.7211307,0.66129345
nerve|tumor|FGF2|NRP1,True,True,0.71414727,0.59302145
nerve|tumor|FGF2|SDC2,True,True,0.6310802,0.58110136
nerve|tumor|FGF2|SDC3,True,True,0.6899067,0.65994054
nerve|tumor|FN1|CD44,True,True,0.7766483,0.86685634
nerve|tumor|FN1|ITGA3_ITGB1,True,True,0.68831235,0.75424594
nerve|tumor|FN1|ITGA6,True,True,0.6149423,0.75050986
nerve|tumor|FN1|ITGAV_ITGB1,True,True,0.7241789,0.8380177
nerve|tumor|FN1|ITGAV_ITGB8,True,True,0.8001649,0.8643225
nerve|tumor|FN1|NT5E,True,True,0.5946056,0.7410139
nerve|tumor|FN1|SDC2,True,True,0.6523371,0.78234154
nerve|tumor|FSTL5|CHL1,True,True,0.8713152,0.81758183
nerve|tumor|GDF11|ANTXR1,True,True,0.62646234,0.65156716
nerve|tumor|GDF11|BMPR1A,True,True,0.6632851,0.6445307
nerve|tumor|GDF11|BMPR1B,True,True,0.6613896,0.6387679
nerve|tumor|GNAI2|ADCY1,True,True,0.6478558,0.77431303
nerve|tumor|GNAI2|ADCY9,True,True,0.70588607,0.79938257
nerve|tumor|GNAI2|ADORA1,True,True,0.5851555,0.7609686
nerve|tumor|GNAI2|CAV1,True,True,0.5206772,0.83589184
nerve|tumor|GNAI2|CNR1,True,True,0.6891622,0.82198197
nerve|tumor|GNAI2|EDNRB,True,True,0.5846326,0.81788975
nerve|tumor|GNAI2|EGFR,True,True,0.82390165,0.9227502
nerve|tumor|GNAI2|F2R,True,True,0.5379106,0.776759
nerve|tumor|GNAI2|IGF1R,True,True,0.7538363,0.8429552
nerve|tumor|GNAS|ADCY1,True,True,0.7586496,0.8115366
nerve|tumor|GNAS|ADCY9,True,True,0.80394715,0.8333612
nerve|tumor|GNAS|ADORA1,True,True,0.7067469,0.79982424
nerve|tumor|GPI|AMFR,True,True,0.6891473,0.73259115
nerve|tumor|GRN|EGFR,True,True,0.7720623,0.90785444
nerve|tumor|GSTP1|EGFR,True,True,0.80858177,0.93806636
nerve|tumor|HAS2|CD44,True,True,0.77785736,0.8322898
nerve|tumor|HLA-A|APLP2,True,True,0.79296154,0.9259349
nerve|tumor|ICAM1|CAV1,True,True,0.53384686,0.7263677
nerve|tumor|ICAM1|EGFR,True,True,0.8314372,0.86159635
nerve|tumor|IL1RAPL1|PTPRD,True,True,0.8941428,0.93295294
nerve|tumor|IL1RAPL1|PTPRF,True,True,0.81388986,0.90101403
nerve|tumor|IL1RAPL1|PTPRS,True,True,0.88985664,0.93315655
nerve|tumor|ITGAV|THY1,True,True,0.7273027,0.8288456
nerve|tumor|JAG1|NOTCH1,True,True,0.6879572,0.64140373
nerve|tumor|JAG1|NOTCH2,True,True,0.71949863,0.6279131
nerve|tumor|JAM2|ITGA3_ITGB1,True,True,0.6539259,0.5671604
nerve|tumor|JAM3|ITGB1,True,True,0.782675,0.86046726
nerve|tumor|LAMA2|CD44,True,True,0.8289416,0.86570424
nerve|tumor|LAMA2|DAG1,True,True,0.7523816,0.81349355
nerve|tumor|LAMA2|ITGA3_ITGB1,True,True,0.7547569,0.7523977
nerve|tumor|LAMA2|ITGA6_ITGB1,True,True,0.689983,0.7486429
nerve|tumor|LAMA2|ITGA7_ITGB1,True,True,0.7853618,0.82028365
nerve|tumor|LAMA2|ITGAV_ITGB8,True,True,0.84802955,0.8631519
nerve|tumor|LAMA2|RPSA,True,True,0.7470046,0.9118577
nerve|tumor|LAMA4|CD44,True,True,0.78218764,0.8560083
nerve|tumor|LAMA4|DAG1,True,True,0.6924655,0.8008951
nerve|tumor|LAMA4|ITGA3_ITGB1,True,True,0.6951827,0.7370065
nerve|tumor|LAMA4|ITGA6_ITGB1,True,True,0.62254304,0.733101
nerve|tumor|LAMA4|ITGA7_ITGB1,True,True,0.7305682,0.8080356
nerve|tumor|LAMA4|ITGAV_ITGB8,True,True,0.8052673,0.8533029
nerve|tumor|LAMB1|CD44,True,True,0.73191005,0.7558698
nerve|tumor|LAMB1|DAG1,True,True,0.63124126,0.6768955
nerve|tumor|LAMB1|ITGA3_ITGB1,True,True,0.6342136,0.5934172
nerve|tumor|LAMB1|ITGA6_ITGB1,True,True,0.5563177,0.5885699
nerve|tumor|LAMB1|ITGA7_ITGB1,True,True,0.6733512,0.6867436
nerve|tumor|LAMB1|ITGAV_ITGB8,True,True,0.7586734,0.7518284
nerve|tumor|LAMC1|CD44,True,True,0.8152006,0.8087837
nerve|tumor|LAMC1|DAG1,True,True,0.73446065,0.74106294
nerve|tumor|LAMC1|ITGA3_ITGB1,True,True,0.73694783,0.66598237
nerve|tumor|LAMC1|ITGA6_ITGB1,True,True,0.66952974,0.66150665
nerve|tumor|LAMC1|ITGA7_ITGB1,True,True,0.7690953,0.7496785
nerve|tumor|LAMC1|ITGAV_ITGB8,True,True,0.8355177,0.8053928
nerve|tumor|LGALS1|ITGB1,True,True,0.6630322,0.88910645
nerve|tumor|LGALS3BP|ITGB1,True,True,0.66642517,0.88625145
nerve|tumor|LGALS8|ITGA3,True,True,0.5823533,0.5935118
nerve|tumor|LGI3|ADAM22,True,True,0.68002445,0.8051745
nerve|tumor|LGI3|ADAM23,True,True,0.67536217,0.81448495
nerve|tumor|LGI3|FLOT1,True,True,0.6075776,0.8524275
nerve|tumor|LGI4|ADAM22,True,True,0.7009542,0.78693795
nerve|tumor|LGI4|ADAM23,True,True,0.6964607,0.79690003
nerve|tumor|LMAN1|MCFD2,True,True,0.55647576,0.76340556
nerve|tumor|LPL|CD44,True,True,0.7237443,0.80569476
nerve|tumor|LPL|LRP1,True,True,0.7527638,0.8082674
nerve|tumor|LRIG1|EGFR,True,True,0.89002293,0.9047293
nerve|tumor|LRIG2|EGFR,True,True,0.84229565,0.8928872
nerve|tumor|LRPAP1|LRP1,True,True,0.68338656,0.84915733
nerve|tumor|LRPAP1|SORT1,True,True,0.6494562,0.8096696
nerve|tumor|LRRC4B|PTPRF,True,True,0.64474833,0.74006003
nerve|tumor|LRRC4B|PTPRS,True,True,0.7702679,0.813658
nerve|tumor|MAML2|NOTCH1,True,True,0.8215498,0.88272876
nerve|tumor|MAML2|NOTCH2,True,True,0.8426757,0.87656987
nerve|tumor|MDK|ITGA6_ITGB1,True,True,0.5427261,0.75161636
nerve|tumor|MDK|LRP1,True,True,0.75020826,0.8694244
nerve|tumor|MDK|NOTCH2,True,True,0.6552564,0.8033759
nerve|tumor|MDK|PTPRZ1,True,True,0.84281236,0.93030506
nerve|tumor|MDK|SDC2,True,True,0.5823712,0.7833476
nerve|tumor|MDK|SDC3,True,True,0.6445905,0.8349351
nerve|tumor|MDK|SORL1,True,True,0.7045789,0.8126864
nerve|tumor|MEGF10|ABCA1,True,True,0.844546,0.8773818
nerve|tumor|NCAM1|CACNA1C,True,True,0.8757023,0.86944664
nerve|tumor|NCAM1|FGFR1,True,True,0.8401421,0.8962066
nerve|tumor|NCAM1|NCAM2,True,True,0.89481074,0.91873175
nerve|tumor|NCAM1|PTPRA,True,True,0.88264143,0.9262504
nerve|tumor|NCAM1|PTPRZ1,True,True,0.9304,0.95771444
nerve|tumor|NCAM1|ROBO1,True,True,0.87016153,0.90572184
nerve|tumor|NCAM1|ROBO3,True,True,0.72701323,0.8302955
nerve|tumor|NCAN|CDH2,True,True,0.84229463,0.82133716
nerve|tumor|NCAN|SDC3,True,True,0.723009,0.74781895
nerve|tumor|NECTIN3|CADM1,True,True,0.87621754,0.86467314
nerve|tumor|NECTIN3|NECTIN2,True,True,0.68048954,0.7199998
nerve|tumor|NELL2|ROBO3,True,True,0.7130244,0.7346856
nerve|tumor|NLGN1|NRXN1,True,True,0.9233237,0.94615144
nerve|tumor|NLGN1|NRXN2,True,True,0.8265863,0.8927664
nerve|tumor|NLGN1|NRXN3,True,True,0.90545404,0.91648227
nerve|tumor|NLGN2|NRXN1,True,True,0.79177016,0.8393163
nerve|tumor|NLGN2|NRXN2,True,True,0.60081583,0.71223
nerve|tumor|NLGN2|NRXN3,True,True,0.7514931,0.7653804
nerve|tumor|NLGN3|NRXN1,True,True,0.8076366,0.83834344
nerve|tumor|NLGN3|NRXN2,True,True,0.62432873,0.71075284
nerve|tumor|NLGN3|NRXN3,True,True,0.7695352,0.7640857
nerve|tumor|NLGN4X|NRXN1,True,True,0.8997347,0.92128986
nerve|tumor|NRG1|ADGRL1,True,True,0.7660243,0.75886524
nerve|tumor|NRG1|EGFR,True,True,0.89748263,0.90199125
nerve|tumor|NRG1|GPC1,True,True,0.7321974,0.82002985
nerve|tumor|NRG1|LGR4,True,True,0.8133303,0.7569222
nerve|tumor|NRG1|NETO2,True,True,0.79242176,0.79266834
nerve|tumor|NRG2|LRRTM2,True,True,0.60000616,0.72689545
nerve|tumor|NRG2|NRP2,True,True,0.7620731,0.78086746
nerve|tumor|NRG3|EGFR,True,True,0.9270511,0.9402666
nerve|tumor|NRXN1|NLGN1,True,True,0.9371049,0.94234735
nerve|tumor|NRXN1|NLGN2,True,True,0.7581652,0.8412605
nerve|tumor|NRXN1|NLGN3,True,True,0.8048871,0.8519877
nerve|tumor|NRXN2|NLGN1,True,True,0.8890746,0.8765441
nerve|tumor|NRXN2|NLGN2,True,True,0.6277657,0.69715846
nerve|tumor|NRXN2|NLGN3,True,True,0.68935835,0.7143167
nerve|tumor|NRXN3|NLGN1,True,True,0.94059664,0.9413878
nerve|tumor|NRXN3|NLGN2,True,True,0.7691439,0.83890605
nerve|tumor|NRXN3|NLGN3,True,True,0.81426436,0.849764
nerve|tumor|NTN1|DCC,True,True,0.85370123,0.82620823
nerve|tumor|NTN1|DSCAM,True,True,0.8231411,0.84948206
nerve|tumor|NTN1|NEO1,True,True,0.8099509,0.8112586
nerve|tumor|NTN4|DCC,True,True,0.74697304,0.6840822
nerve|tumor|NTNG1|LRRC4C,True,True,0.8371592,0.82287717
nerve|tumor|NTNG2|LRRC4C,True,True,0.728996,0.79840565
nerve|tumor|NTRK3|PTPRD,True,True,0.8700744,0.8948133
nerve|tumor|NTRK3|PTPRF,True,True,0.7761428,0.8476727
nerve|tumor|NTRK3|PTPRS,True,True,0.8649608,0.8951198
nerve|tumor|NXPH1|NRXN1,True,True,0.8946469,0.9124775
nerve|tumor|NXPH1|NRXN2,True,True,0.7707141,0.83164865
nerve|tumor|NXPH1|NRXN3,True,True,0.87102747,0.86686563
nerve|tumor|OLFM2|ROBO2,True,True,0.84406054,0.84271
nerve|tumor|OMG|LINGO1,True,True,0.43110067,0.810046
nerve|tumor|PI16|TNFRSF21,True,True,0.6022587,0.7552081
nerve|tumor|PKM|CD44,True,True,0.804826,0.8888916
nerve|tumor|PLAT|LRP1,True,True,0.77979255,0.79208773
nerve|tumor|POSTN|PTK7,True,True,0.5527945,0.6083354
nerve|tumor|PROS1|TYRO3,True,True,0.59284925,0.6706564
nerve|tumor|PSAP|AR,True,True,0.77397466,0.85005534
nerve|tumor|PSAP|GPR37,True,True,0.69153833,0.8290007
nerve|tumor|PSAP|LRP1,True,True,0.8386073,0.921262
nerve|tumor|PSAP|SORT1,True,True,0.8168534,0.8983913
nerve|tumor|PSEN1|CD44,True,True,0.8503041,0.9067843
nerve|tumor|PSEN1|NCSTN,True,True,0.6675745,0.839361
nerve|tumor|PSEN1|NOTCH1,True,True,0.78217703,0.8654533
nerve|tumor|PSEN1|NOTCH2,True,True,0.80686826,0.85853255
nerve|tumor|PTDSS1|SCARB1,True,True,0.62068135,0.6173915
nerve|tumor|PTN|CDH10,True,True,0.8601205,0.85938334
nerve|tumor|PTN|PLXNB2,True,True,0.74718124,0.834694
nerve|tumor|PTN|PTPRS,True,True,0.8712923,0.9027725
nerve|tumor|PTN|PTPRZ1,True,True,0.92957073,0.9520736
nerve|tumor|PTN|SDC2,True,True,0.7744,0.84328467
nerve|tumor|PTN|SDC3,True,True,0.81700027,0.88273686
nerve|tumor|RGMB|BMPR1B,True,True,0.70355725,0.74149024
nerve|tumor|RGMB|NEO1,True,True,0.709446,0.7455517
nerve|tumor|RIMS1|CACNA1C,True,True,0.86271745,0.8018777
nerve|tumor|RIMS2|ABCA1,True,True,0.87994,0.90027964
nerve|tumor|RSPO2|LGR4,True,True,0.74226743,0.6424686
nerve|tumor|RSPO2|ZNRF3,True,True,0.72546005,0.6627097
nerve|tumor|RTN4|LINGO1,True,True,0.71521115,0.88563424
nerve|tumor|RTN4|TNFRSF19,True,True,0.8201298,0.8697888
nerve|tumor|SEMA3A|NRP1_PLXNA1,True,True,0.702502,0.47118032
nerve|tumor|SEMA3A|NRP1_PLXNA2,True,True,0.76536375,0.5556654
nerve|tumor|SEMA3A|NRP1_PLXNA3,True,True,0.6915343,0.5237994
nerve|tumor|SEMA3B|NRP1_PLXNA1,True,True,0.65275306,0.7496961
nerve|tumor|SEMA3B|NRP1_PLXNA2,True,True,0.7219665,0.80783236
nerve|tumor|SEMA3B|NRP1_PLXNA3,True,True,0.64088887,0.7871227
nerve|tumor|SEMA3B|NRP1_PLXNA4,True,True,0.72577244,0.8114885
nerve|tumor|SEMA3B|NRP2_PLXNA1,True,True,0.65275306,0.7496961
nerve|tumor|SEMA3B|NRP2_PLXNA2,True,True,0.7219665,0.80783236
nerve|tumor|SEMA3B|NRP2_PLXNA3,True,True,0.64088887,0.7871227
nerve|tumor|SEMA3B|NRP2_PLXNA4,True,True,0.7425477,0.823911
nerve|tumor|SEMA3C|NRP1_PLXNA1,True,True,0.6946045,0.76142645
nerve|tumor|SEMA3C|NRP1_PLXNA2,True,True,0.75856155,0.8175015
nerve|tumor|SEMA3C|NRP1_PLXNA3,True,True,0.6834768,0.7975727
nerve|tumor|SEMA3C|NRP1_PLXNA4,True,True,0.7620317,0.8210144
nerve|tumor|SEMA3C|NRP2_PLXNA1,True,True,0.6946045,0.76142645
nerve|tumor|SEMA3C|NRP2_PLXNA2,True,True,0.75856155,0.8175015
nerve|tumor|SEMA3C|NRP2_PLXNA3,True,True,0.6834768,0.7975727
nerve|tumor|SEMA3C|NRP2_PLXNA4,True,True,0.7772695,0.83293843
nerve|tumor|SEMA3E|NRP1,True,True,0.68606097,0.71763676
nerve|tumor|SEMA3E|NRP2,True,True,0.70427555,0.73421836
nerve|tumor|SEMA4B|DCBLD2,True,True,0.68736935,0.7940206
nerve|tumor|SEMA4C|PLXNB2,True,True,0.5147222,0.6902297
nerve|tumor|SEMA4D|PLXNB1,True,True,0.6781897,0.80759937
nerve|tumor|SEMA4D|PLXNB2,True,True,0.6778653,0.80865407
nerve|tumor|SEMA5A|PLXNA1,True,True,0.77297914,0.7928626
nerve|tumor|SEMA5A|PLXNA3,True,True,0.7637359,0.82533854
nerve|tumor|SEMA5B|PLXNA1,True,True,0.6910397,0.7545057
nerve|tumor|SEMA5B|PLXNA3,True,True,0.67984205,0.79141325
nerve|tumor|SEMA6A|PLXNA2,True,True,0.77426815,0.8098372
nerve|tumor|SEMA6A|PLXNA4,True,True,0.79840934,0.841981
nerve|tumor|SEMA6B|PLXNA2,True,True,0.7042258,0.60392046
nerve|tumor|SEMA6B|PLXNA4,True,True,0.7332773,0.6560897
nerve|tumor|SERPINE1|LRP1,True,True,0.7897727,0.85365295
nerve|tumor|SERPINE2|LRP1,True,True,0.80400544,0.85613734
nerve|tumor|SERPING1|LRP1,True,True,0.78403795,0.7217059
nerve|tumor|SHANK1|ADGRL1,True,True,0.70000094,0.58827966
nerve|tumor|SIRPA|CD47,True,True,0.6926973,0.76206136
nerve|tumor|SLC6A8|LIFR,True,True,0.70154905,0.8466184
nerve|tumor|SLIT1|GPC1,True,True,0.6737084,0.8613415
nerve|tumor|SLIT1|ROBO1,True,True,0.80075395,0.8686909
nerve|tumor|SLIT1|ROBO2,True,True,0.84684527,0.89243054
nerve|tumor|SLIT2|APP,True,True,0.86512774,0.86961913
nerve|tumor|SLIT2|DCC,True,True,0.86088103,0.77019095
nerve|tumor|SLIT2|GPC1,True,True,0.70621705,0.7889932
nerve|tumor|SLIT2|PLXNA1,True,True,0.7157355,0.6501723
nerve|tumor|SLIT2|ROBO1,True,True,0.82391334,0.7992837
nerve|tumor|SLIT2|ROBO2,True,True,0.86554676,0.8331616
nerve|tumor|SLIT3|ROBO1,True,True,0.8258839,0.76397
nerve|tumor|SLIT3|ROBO2,True,True,0.8671266,0.80233425
nerve|tumor|SLITRK5|PTPRD,True,True,0.75940657,0.733418
nerve|tumor|SPARC|FGFR1,True,True,0.78448987,0.8783725
nerve|tumor|SPP1|CD44,True,True,0.8465464,0.9331226
nerve|tumor|SPP1|ITGAV_ITGB1,True,True,0.8064043,0.9172672
nerve|tumor|SPTAN1|PTPRA,True,True,0.8543344,0.87765354
nerve|tumor|SPTBN2|PTPRA,True,True,0.7746721,0.752713
nerve|tumor|ST6GAL1|EGFR,True,True,0.86715746,0.8789672
nerve|tumor|TCTN1|TMEM67,True,True,0.6569162,0.61545444
nerve|tumor|TFPI|F3,True,True,0.5731666,0.6881184
nerve|tumor|TFPI|LRP1,True,True,0.69772834,0.7256459
nerve|tumor|TF|TFRC,True,True,0.77281356,0.88871056
nerve|tumor|TGFA|ERBB4,True,True,0.7092072,0.74779725
nerve|tumor|TGFB1|EGFR,True,True,0.7632255,0.8628944
nerve|tumor|TGFB1|ITGB8,True,True,0.71658665,0.8217585
nerve|tumor|TGS1|RXRA,True,True,0.512906,0.62357306
nerve|tumor|THBS2|CD47,True,True,0.60089743,0.8239163
nerve|tumor|THBS2|ITGA3_ITGB1,True,True,0.5622868,0.72137326
nerve|tumor|THBS2|ITGA6,True,True,0.48159394,0.7173247
nerve|tumor|THBS4|CD47,True,True,0.6685781,0.7771858
nerve|tumor|THBS4|ITGA3_ITGB1,True,True,0.6325108,0.65870196
nerve|tumor|TIMP1|CD63,True,True,0.81604433,0.9374295
nerve|tumor|TIMP2|CD44,True,True,0.78016394,0.89070904
nerve|tumor|TIMP2|ITGA3,True,True,0.6926682,0.7934662
nerve|tumor|TIMP2|ITGB1,True,True,0.7282315,0.86623967
nerve|tumor|TIMP3|CD44,True,True,0.7653613,0.7909638
nerve|tumor|TNC|CNTN1,True,True,0.8149184,0.7362485
nerve|tumor|TNC|EGFR,True,True,0.9042846,0.8585617
nerve|tumor|TNC|ITGA7,True,True,0.8238517,0.72386694
nerve|tumor|TNC|PTPRZ1,True,True,0.91971445,0.88298184
nerve|tumor|VCAN|CD44,True,True,0.8489658,0.90579486
nerve|tumor|VCAN|EGFR,True,True,0.9058242,0.94035125
nerve|tumor|VCAN|ITGB1,True,True,0.8093141,0.88426423
nerve|tumor|VEGFA|CD44,True,True,0.87838864,0.8656742
nerve|tumor|VEGFA|EGFR,True,True,0.9251471,0.9135429
nerve|tumor|VEGFA|EPHB2,True,True,0.8181613,0.77446014
nerve|tumor|VEGFA|GPC1,True,True,0.79423857,0.8395232
nerve|tumor|VEGFA|ITGAV,True,True,0.89267343,0.8631214
nerve|tumor|VEGFA|ITGB1,True,True,0.84505165,0.8366278
nerve|tumor|VEGFA|NRP1,True,True,0.8505734,0.7889044
nerve|tumor|VEGFA|NRP2,True,True,0.8611745,0.8024528
nerve|tumor|VEGFA|SIRPA,True,True,0.78238475,0.7540946
nerve|tumor|VEGFA|TYRO3,True,True,0.75659657,0.74912393
nerve|tumor|VIM|CD44,True,True,0.82567364,0.91626364
nerve|tumor|YBX1|NOTCH1,True,True,0.6536485,0.8516519
tumor|immune|ADAM10|AXL,True,True,0.78665465,0.7991157
tumor|immune|ADAM10|CD44,True,True,0.84260714,0.8709655
tumor|immune|ADAM10|GPNMB,True,True,0.79598486,0.82753885
tumor|immune|ADAM10|IL6R,True,True,0.7815609,0.7665868
tumor|immune|ADAM10|NOTCH2,True,True,0.7655737,0.7339315
tumor|immune|ADAM10|TREM2,True,True,0.66776717,0.8646206
tumor|immune|ADAM10|TSPAN14,True,True,0.7825897,0.76548964
tumor|immune|ADAM12|ITGB1,True,True,0.76905394,0.7855287
tumor|immune|ADAM15|ITGA5,True,True,0.5450752,0.6390135
tumor|immune|ADAM15|ITGAV,True,True,0.6749359,0.6895497
tumor|immune|ADAM15|ITGB1,True,True,0.61363083,0.7357652
tumor|immune|ADAM17|IL6R,True,True,0.7601289,0.7684599
tumor|immune|ADAM17|ITGA5,True,True,0.7162074,0.7649491
tumor|immune|ADAM17|ITGB1,True,True,0.76986235,0.83657956
tumor|immune|ADAM17|RHBDF2,True,True,0.78385496,0.8082228
tumor|immune|ADAM23|ITGA4,True,True,0.8172559,0.79328513
tumor|immune|ADAM23|ITGA5,True,True,0.7389249,0.7531078
tumor|immune|ADAM9|ITGA6,True,True,0.6628083,0.67784375
tumor|immune|ADAM9|ITGAV,True,True,0.8210317,0.8165508
tumor|immune|ADAM9|ITGB1,True,True,0.778226,0.848027
tumor|immune|ADAM9|ITGB5,True,True,0.7334877,0.7063923
tumor|immune|AGRN|ITGB1,True,True,0.62145114,0.7606151
tumor|immune|AGRN|LRP1,True,True,0.6284041,0.7242175
tumor|immune|ALCAM|CD6,True,True,0.81509805,0.832093
tumor|immune|ALCAM|NRP1,True,True,0.836097,0.78575414
tumor|immune|ANGPTL2|ITGA5_ITGB1,True,True,0.5970452,0.67765605
tumor|immune|ANGPTL2|LILRB3,True,True,0.5310105,0.7025453
tumor|immune|ANGPTL2|TLR4,True,True,0.52294576,0.6693795
tumor|immune|ANXA1|FPR1,True,True,0.6136589,0.87924206
tumor|immune|ANXA2|TLR2,True,True,0.7878936,0.87168336
tumor|immune|APP|CD74,True,True,0.8911385,0.95575655
tumor|immune|APP|LRP1,True,True,0.85868037,0.892278
tumor|immune|APP|NOTCH2,True,True,0.8360681,0.84513783
tumor|immune|B2M|KLRD1,True,True,0.78980553,0.9492796
tumor|immune|BMP7|ACTR2,True,True,0.68411624,0.85710907
tumor|immune|BMP7|ACVR1B,True,True,0.5254377,0.63360566
tumor|immune|BMP7|ENG,True,True,0.6161968,0.7781354
tumor|immune|BSG|SLC16A7,True,True,0.72045165,0.80639905
tumor|immune|CALM1|FAS,True,True,0.66940266,0.8416784
tumor|immune|CALM1|KCNQ1,True,True,0.7490184,0.8225156
tumor|immune|CALM1|KCNQ3,True,True,0.86262476,0.8830495
tumor|immune|CALM1|PTPRA,True,True,0.8111465,0.8833033
tumor|immune|CALM3|KCNQ1,True,True,0.59887654,0.7413826
tumor|immune|CALM3|KCNQ3,True,True,0.7585352,0.8236554
tumor|immune|CALR|ITGAV,True,True,0.795929,0.87354225
tumor|immune|CALR|LRP1,True,True,0.7544913,0.8774102
tumor|immune|CD47|SIRPA,True,True,0.71150357,0.80891955
tumor|immune|CD58|CD2,True,True,0.710343,0.8158869
tumor|immune|CD59|CD2,True,True,0.7131159,0.88929814
tumor|immune|CD59|STAB1,True,True,0.7019802,0.82471657
tumor|immune|CD99|CD81,True,True,0.66708446,0.9109537
tumor|immune|CD99|PILRA,True,True,0.6586591,0.8648809
tumor|immune|CLEC2D|KLRB1,True,True,0.59159565,0.81316775
tumor|immune|CNTN1|NOTCH2,True,True,0.740406,0.7396978
tumor|immune|COL11A1|ITGA1_ITGB1,True,True,0.71116173,0.6683784
tumor|immune|COL16A1|ITGA1_ITGB1,True,True,0.7252839,0.68911344
tumor|immune|COL1A2|CD44,True,True,0.78535086,0.82292944
tumor|immune|COL1A2|CD93,True,True,0.56682587,0.7631858
tumor|immune|COL1A2|ITGA1_ITGB1,True,True,0.7086391,0.6572245
tumor|immune|COL27A1|ITGA1_ITGB1,True,True,0.6676738,0.64238864
tumor|immune|COL4A1|CD44,True,True,0.74253714,0.83302915
tumor|immune|COL4A1|CD47,True,True,0.66985923,0.7567328
tumor|immune|COL4A1|CD93,True,True,0.5077454,0.7757646
tumor|immune|COL4A1|ITGA1_ITGB1,True,True,0.6572032,0.6730202
tumor|immune|COL4A2|CD44,True,True,0.78885007,0.85294676
tumor|immune|COL4A2|CD93,True,True,0.5719458,0.8008803
tumor|immune|COL4A2|ITGA1_ITGB1,True,True,0.7129317,0.70527184
tumor|immune|COL4A2|ITGB5,True,True,0.6739749,0.65239745
tumor|immune|COL5A2|ITGA1_ITGB1,True,True,0.76369816,0.6923304
tumor|immune|COL6A1|CD44,True,True,0.7597571,0.88171774
tumor|immune|COL6A1|ITGA1_ITGB1,True,True,0.67765284,0.75462353
tumor|immune|COL6A1|ITGA6,True,True,0.5555206,0.6784034
tumor|immune|COL6A2|CD44,True,True,0.7007537,0.84109396
tumor|immune|COL6A2|ITGA1_ITGB1,True,True,0.6088658,0.68589944
tumor|immune|COL9A3|CD44,True,True,0.74772763,0.869598
tumor|immune|COL9A3|ITGA1_ITGB1,True,True,0.663334,0.73341846
tumor|immune|COPA|CD74,True,True,0.8309774,0.9283221
tumor|immune|CSF1|CSF2RA,True,True,0.6714728,0.72764874
tumor|immune|CSF1|CSF3R,True,True,0.6267263,0.72399616
tumor|immune|CSF1|SIRPA,True,True,0.5672567,0.6767315
tumor|immune|CXADR|JAML,True,True,0.61254996,0.8042126
tumor|immune|EFNB2|PECAM1,True,True,0.6558436,0.6856841
tumor|immune|FABP5|RXRA,True,True,0.6023347,0.8324917
tumor|immune|FAM3C|CLEC2D,True,True,0.80113465,0.8702891
tumor|immune|FAM3C|LAMP1,True,True,0.7067825,0.8678074
tumor|immune|FBN1|ITGA5,True,True,0.7203838,0.68464625
tumor|immune|FBN1|ITGB1,True,True,0.773499,0.7735025
tumor|immune|FGF1|CD44,True,True,0.8222049,0.8085027
tumor|immune|FGF1|NRP1,True,True,0.8017162,0.65729356
tumor|immune|FGF1|TGFBR3,True,True,0.7019803,0.6259132
tumor|immune|FGF2|CD44,True,True,0.79149765,0.82419276
tumor|immune|FGF2|NRP1,True,True,0.76846683,0.6804764
tumor|immune|FGF2|SDC2,True,True,0.64370507,0.6794494
tumor|immune|FGF2|SDC3,True,True,0.6306627,0.5750802
tumor|immune|FN1|C5AR1,True,True,0.6592555,0.8534704
tumor|immune|FN1|CD44,True,True,0.7814898,0.870714
tumor|immune|FN1|DPP4,True,True,0.5859201,0.6746621
tumor|immune|FN1|ITGA4_ITGB1,True,True,0.716171,0.801685
tumor|immune|FN1|ITGA5_ITGB1,True,True,0.6555981,0.7626518
tumor|immune|FN1|ITGA6,True,True,0.5856529,0.6558676
tumor|immune|FN1|ITGAV_ITGB1,True,True,0.711969,0.80126244
tumor|immune|FN1|PLAUR,True,True,0.72603655,0.8752232
tumor|immune|FN1|SDC2,True,True,0.62992024,0.7527834
tumor|immune|FSTL1|DIP2A,True,True,0.6833281,0.7291013
tumor|immune|GDF11|ACTR2,True,True,0.65321183,0.78491855
tumor|immune|GNAI2|C5AR1,True,True,0.65273976,0.87821376
tumor|immune|GNAI2|FPR1,True,True,0.5961963,0.8684713
tumor|immune|GNAS|ADCY7,True,True,0.7991004,0.852676
tumor|immune|GPI|AMFR,True,True,0.6681866,0.6850163
tumor|immune|GRN|TNFRSF1B,True,True,0.6722918,0.82839817
tumor|immune|HAS2|CD44,True,True,0.7595213,0.8183768
tumor|immune|HLA-A|APLP2,True,True,0.7992249,0.93434775
tumor|immune|HLA-A|CD8A,True,True,0.7232321,0.922413
tumor|immune|HLA-C|CD8A,True,True,0.67021596,0.907776
tumor|immune|HLA-E|CD8A,True,True,0.59019095,0.8562024
tumor|immune|HMGB1|CXCR4,True,True,0.8193275,0.94819456
tumor|immune|HMGB1|HAVCR2,True,True,0.82961,0.9182654
tumor|immune|HMGB1|TLR2,True,True,0.8543888,0.9115432
tumor|immune|HMGB1|TLR4,True,True,0.7264011,0.87957853
tumor|immune|HSPA4|TLR4,True,True,0.6142619,0.75144255
tumor|immune|IGSF11|VSIR,True,True,0.7414273,0.8283752
tumor|immune|ITGB3BP|ITGB5,True,True,0.70117044,0.6808429
tumor|immune|JAG1|CD46,True,True,0.6910048,0.7444831
tumor|immune|JAG1|NOTCH1,True,True,0.6263546,0.6145333
tumor|immune|JAG1|NOTCH2,True,True,0.72699624,0.7246079
tumor|immune|JAM2|ITGA4_ITGB1,True,True,0.7471749,0.7997061
tumor|immune|JAM2|ITGAV_ITGB1,True,True,0.7432674,0.7992805
tumor|immune|JAM3|ITGAM_ITGB2,True,True,0.7336588,0.7885403
tumor|immune|JAM3|ITGB1,True,True,0.7818153,0.8372575
tumor|immune|LAMA2|CD44,True,True,0.8838362,0.86055
tumor|immune|LAMA2|ITGA1,True,True,0.8349232,0.7179859
tumor|immune|LAMA2|ITGA6_ITGB1,True,True,0.7504333,0.63587654
tumor|immune|LAMA2|RPSA,True,True,0.8613914,0.8829501
tumor|immune|LAMA4|CD44,True,True,0.8184955,0.84025985
tumor|immune|LAMA4|ITGA6_ITGB1,True,True,0.6405706,0.598161
tumor|immune|LAMA5|CD44,True,True,0.7985907,0.83206546
tumor|immune|LAMA5|ITGA6_ITGB1,True,True,0.61044025,0.5837004
tumor|immune|LAMB1|CD44,True,True,0.787323,0.8191413
tumor|immune|LAMB1|ITGA1,True,True,0.71105677,0.65139306
tumor|immune|LAMB1|ITGA6_ITGB1,True,True,0.593998,0.5617301
tumor|immune|LAMB2|CD44,True,True,0.73167,0.8230732
tumor|immune|LAMB2|ITGA6_ITGB1,True,True,0.51868284,0.5683089
tumor|immune|LAMB2|RPSA,True,True,0.69013196,0.8504471
tumor|immune|LAMC1|CD44,True,True,0.82364243,0.859403
tumor|immune|LAMC1|ITGA1,True,True,0.7563701,0.71605325
tumor|immune|LAMC1|ITGA6_ITGB1,True,True,0.6485967,0.63366824
tumor|immune|LGALS1|CD69,True,True,0.69929326,0.9328688
tumor|immune|LGALS1|ITGB1,True,True,0.68953747,0.9104592
tumor|immune|LGALS1|PTPRC,True,True,0.78812605,0.93926024
tumor|immune|LGALS3BP|ITGB1,True,True,0.71630585,0.85423374
tumor|immune|LGALS3|ENG,True,True,0.67871505,0.847077
tumor|immune|LIN7C|ABCA1,True,True,0.7001832,0.72062033
tumor|immune|LPL|CD44,True,True,0.7672662,0.8588894
tumor|immune|LPL|LRP1,True,True,0.7055318,0.7905918
tumor|immune|LRP1B|PLAUR,True,True,0.88975424,0.9267051
tumor|immune|LRPAP1|LRP1,True,True,0.66726124,0.8381078
tumor|immune|LRPAP1|SORL1,True,True,0.733419,0.85925335
tumor|immune|LTBP1|ITGB5,True,True,0.7219081,0.64445585
tumor|immune|LTBP3|ITGB5,True,True,0.71787953,0.69880867
tumor|immune|MAML2|NOTCH2,True,True,0.87087363,0.8398636
tumor|immune|MDK|ITGA4_ITGB1,True,True,0.64444125,0.862873
tumor|immune|MDK|ITGA6_ITGB1,True,True,0.5037922,0.74789816
tumor|immune|MDK|LRP1,True,True,0.65120894,0.8667112
tumor|immune|MDK|NOTCH2,True,True,0.61045945,0.81075567
tumor|immune|MDK|SDC2,True,True,0.55008656,0.8257807
tumor|immune|MDK|SDC3,True,True,0.536087,0.7516405
tumor|immune|MDK|SORL1,True,True,0.71921533,0.8846349
tumor|immune|MFGE8|ITGAV,True,True,0.67891353,0.7654621
tumor|immune|MFGE8|ITGB5,True,True,0.5591766,0.63821775
tumor|immune|MIF|CD44_CD74,True,True,0.6243311,0.921499
tumor|immune|MIF|CD74_CXCR4,True,True,0.5386128,0.9239952
tumor|immune|MIF|TNFRSF10D,True,True,0.43891698,0.74313164
tumor|immune|MIF|TNFRSF14,True,True,0.56806916,0.85475373
tumor|immune|MMP2|PECAM1,True,True,0.6174071,0.726433
tumor|immune|NAMPT|ITGA5_ITGB1,True,True,0.7393154,0.827645
tumor|immune|NCAM1|PTPRA,True,True,0.8724751,0.8677011
tumor|immune|NCAN|SDC3,True,True,0.62178105,0.6555194
tumor|immune|NECTIN2|CD226,True,True,0.59642965,0.60533625
tumor|immune|NECTIN2|CD96,True,True,0.7264973,0.7753018
tumor|immune|NECTIN3|NECTIN2,True,True,0.7347547,0.6444571
tumor|immune|NRG2|NRP2,True,True,0.76325023,0.70897615
tumor|immune|NTN1|UNC5B,True,True,0.6819351,0.63977563
tumor|immune|NUCB2|ERAP1,True,True,0.5855236,0.68259877
tumor|immune|PAM|DPP4,True,True,0.7547255,0.72213626
tumor|immune|PCSK1N|GPR171,True,True,0.48983362,0.83211476
tumor|immune|PDGFC|FLT1,True,True,0.7063906,0.6903978
tumor|immune|PIGF|FLT1,True,True,0.56042373,0.67626137
tumor|immune|PKM|CD44,True,True,0.84467274,0.93005335
tumor|immune|PLAT|ITGAM,True,True,0.6310606,0.7626747
tumor|immune|PLAT|LRP1,True,True,0.68689877,0.7856056
tumor|immune|POSTN|ITGAV_ITGB5,True,True,0.6034047,0.6550849
tumor|immune|PROS1|AXL,True,True,0.74899364,0.72889423
tumor|immune|PROS1|MERTK,True,True,0.81915486,0.72819036
tumor|immune|PSEN1|CD44,True,True,0.81951565,0.8545048
tumor|immune|PSEN1|NOTCH2,True,True,0.73473835,0.70589274
tumor|immune|PTDSS1|SCARB1,True,True,0.64004016,0.59202105
tumor|immune|PTN|PLXNB2,True,True,0.7930372,0.8661313
tumor|immune|PTN|SDC2,True,True,0.8044584,0.8921086
tumor|immune|PTN|SDC3,True,True,0.7954303,0.8407514
tumor|immune|QDPR|DYSF,True,True,0.52857363,0.6459973
tumor|immune|RGMA|BMPR2,True,True,0.78641486,0.74413896
tumor|immune|RPS19|C5AR1,True,True,0.7351535,0.9402554
tumor|immune|SDC2|PTPRJ,True,True,0.78283423,0.733336
tumor|immune|SEMA3A|NRP2,True,True,0.75684935,0.6905807
tumor|immune|SERPINE1|ITGB5,True,True,0.6289763,0.66595924
tumor|immune|SERPINE1|LRP1,True,True,0.69007266,0.79260063
tumor|immune|SERPINE1|PLAUR,True,True,0.6942052,0.86517334
tumor|immune|SERPINE2|LRP1,True,True,0.75088686,0.8466021
tumor|immune|SERPING1|LRP1,True,True,0.68719536,0.7432251
tumor|immune|SIRPA|CD47,True,True,0.6724674,0.7323508
tumor|immune|SORBS1|ITGA1,True,True,0.84453326,0.78143984
tumor|immune|SORBS1|ITGB5,True,True,0.81889886,0.737137
tumor|immune|SPARC|ENG,True,True,0.7621471,0.8546759
tumor|immune|SPTAN1|PTPRA,True,True,0.80540425,0.813718
tumor|immune|TFPI|LRP1,True,True,0.6558658,0.7568147
tumor|immune|TGFB2|ACVR1B_TGFBR2,True,True,0.6105855,0.5691706
tumor|immune|TGFB2|ENG,True,True,0.69452745,0.728215
tumor|immune|TGFB2|TGFBR1_TGFBR2,True,True,0.7753921,0.7332999
tumor|immune|TGFB2|TGFBR3,True,True,0.68077075,0.6698616
tumor|immune|TGS1|RXRA,True,True,0.61695117,0.7251542
tumor|immune|THBS4|CD47,True,True,0.71725297,0.7223837
tumor|immune|THY1|ITGAM_ITGB2,True,True,0.62830544,0.79786515
tumor|immune|THY1|ITGAX_ITGB2,True,True,0.62830544,0.82797354
tumor|immune|TIMP1|CD63,True,True,0.7459825,0.9332831
tumor|immune|TIMP2|CD44,True,True,0.822999,0.8908113
tumor|immune|TIMP2|ITGB1,True,True,0.7663791,0.8596071
tumor|immune|TIMP3|CD44,True,True,0.78608036,0.8809403
tumor|immune|TNC|ITGA5,True,True,0.77177626,0.82721204
tumor|immune|TXLNA|STX3,True,True,0.5299206,0.5797149
tumor|immune|TXLNA|STX4,True,True,0.50445455,0.6897148
tumor|immune|VCAN|CD44,True,True,0.85621166,0.914895
tumor|immune|VCAN|ITGA4,True,True,0.83355325,0.86582017
tumor|immune|VCAN|ITGB1,True,True,0.8077341,0.88972145
tumor|immune|VCAN|TLR1,True,True,0.7689231,0.81323826
tumor|immune|VCAN|TLR2,True,True,0.8382456,0.87451124
tumor|immune|VCL|ITGB5,True,True,0.7141014,0.6340423
tumor|immune|VEGFA|CD44,True,True,0.865467,0.9219193
tumor|immune|VEGFA|ITGAV,True,True,0.85577494,0.8760594
tumor|immune|VEGFA|ITGB1,True,True,0.8194518,0.89859307
tumor|immune|VEGFA|NRP1,True,True,0.84904855,0.84285957
tumor|immune|VEGFA|NRP2,True,True,0.7996561,0.8488286
tumor|immune|VEGFA|SIRPA,True,True,0.78427297,0.86416227
tumor|immune|VEGFB|NRP1,True,True,0.66419894,0.7229107
tumor|immune|VIM|CD44,True,True,0.8747328,0.9447697
tumor|nerve|ACTR2|LRP2,True,True,0.79410493,0.8822076
tumor|nerve|ADAM10|CADM1,True,True,0.85436124,0.87812406
tumor|nerve|ADAM10|EPHA3,True,True,0.7738625,0.698409
tumor|nerve|ADAM10|MET,True,True,0.7092287,0.7936123
tumor|nerve|ADAM10|NOTCH1,True,True,0.7812395,0.72586477
tumor|nerve|ADAM10|NRCAM,True,True,0.8625351,0.88595897
tumor|nerve|ADAM10|TSPAN15,True,True,0.70844966,0.82461745
tumor|nerve|ADAM10|TSPAN5,True,True,0.8248609,0.8686551
tumor|nerve|ADAM12|ITGA9,True,True,0.73132545,0.67613107
tumor|nerve|ADAM12|ITGB1,True,True,0.7212642,0.7910286
tumor|nerve|ADAM15|ITGA9,True,True,0.5648774,0.6134743
tumor|nerve|ADAM15|ITGAV,True,True,0.6582749,0.71232903
tumor|nerve|ADAM15|ITGB1,True,True,0.552398,0.7421223
tumor|nerve|ADAM17|ERBB4,True,True,0.84434897,0.88948065
tumor|nerve|ADAM17|MET,True,True,0.6835732,0.7953264
tumor|nerve|ADAM17|NOTCH1,True,True,0.7597857,0.7279488
tumor|nerve|ADAM23|ITGA5,True,True,0.6575056,0.66306907
tumor|nerve|ADAM9|ITGA3,True,True,0.6944135,0.7151957
tumor|nerve|ADAM9|ITGAV,True,True,0.80974805,0.832278
tumor|nerve|ADGRB1|RTN4RL1,True,True,0.6604132,0.6090524
tumor|nerve|AFDN|EPHA7,True,True,0.80875957,0.7314732
tumor|nerve|AFDN|EPHB2,True,True,0.82899535,0.8524344
tumor|nerve|AFDN|EPHB6,True,True,0.79305154,0.75075245
tumor|nerve|AGRN|ATP1A3,True,True,0.5338207,0.61528283
tumor|nerve|AGRN|DAG1,True,True,0.5133661,0.62776965
tumor|nerve|AGRN|ITGB1,True,True,0.5605702,0.76656395
tumor|nerve|AGRN|LRP1,True,True,0.61497027,0.7175236
tumor|nerve|AGRN|LRP2,True,True,0.65196687,0.7977982
tumor|nerve|AGRN|LRP4,True,True,0.5994678,0.7414317
tumor|nerve|AGT|GRM7,True,True,0.7236066,0.88193345
tumor|nerve|AGT|LRP2,True,True,0.6709116,0.8819103
tumor|nerve|ALCAM|CHL1,True,True,0.85425854,0.8913314
tumor|nerve|ANGPTL2|ITGA5_ITGB1,True,True,0.5012444,0.57560706
tumor|nerve|ANXA1|DYSF,True,True,0.5972646,0.81135935
tumor|nerve|ANXA1|GRM7,True,True,0.7944313,0.89551175
tumor|nerve|APOE|LRP2,True,True,0.8227907,0.92187583
tumor|nerve|APOO|IL1RAPL2,True,True,0.58103424,0.66048265
tumor|nerve|APP|DCC,True,True,0.89671654,0.92687434
tumor|nerve|APP|GPC1,True,True,0.78879124,0.87127423
tumor|nerve|APP|LRP1,True,True,0.85160553,0.8890384
tumor|nerve|APP|LRP6,True,True,0.8697367,0.9163428
tumor|nerve|APP|NOTCH2,True,True,0.8118144,0.8207161
tumor|nerve|APP|TNFRSF21,True,True,0.8138821,0.9000945
tumor|nerve|APP|TSPAN15,True,True,0.79144233,0.9029335
tumor|nerve|ARF1|CHRM3,True,True,0.7518051,0.8982005
tumor|nerve|ARF1|INSR,True,True,0.7163011,0.8952143
tumor|nerve|ARPC5|LRP2,True,True,0.7166115,0.8969626
tumor|nerve|BCAN|EGFR,True,True,0.83657557,0.85998726
tumor|nerve|BCAN|NRCAM,True,True,0.8383798,0.9362335
tumor|nerve|BMP1|BMPR1A,True,True,0.6696421,0.71689916
tumor|nerve|BMP1|BMPR2,True,True,0.73601854,0.7447441
tumor|nerve|BMP7|ACTR2,True,True,0.6402232,0.8262098
tumor|nerve|BMP7|ACVR1B,True,True,0.55489564,0.68153536
tumor|nerve|BMP7|ACVR1_ACVR2A,True,True,0.5902543,0.7189597
tumor|nerve|BMP7|ACVR1_ACVR2B,True,True,0.5134481,0.6424404
tumor|nerve|BMP7|ACVR1_BMPR2,True,True,0.61181134,0.72773504
tumor|nerve|BMP7|ACVR2A_BMPR1A,True,True,0.61499965,0.7667161
tumor|nerve|BMP7|ACVR2B_BMPR1A,True,True,0.5171247,0.67220104
tumor|nerve|BMP7|BMPR1A_BMPR2,True,True,0.6875048,0.80832916
tumor|nerve|BMP7|PTPRK,True,True,0.77790225,0.9011045
tumor|nerve|BSG|SLC16A1,True,True,0.6988954,0.8355422
tumor|nerve|BSG|SLC16A7,True,True,0.7145279,0.8569237
tumor|nerve|C3|GRM7,True,True,0.7645283,0.8238085
tumor|nerve|CALM1|CACNA1C,True,True,0.86842626,0.93081516
tumor|nerve|CALM1|GRM3,True,True,0.8326082,0.9357851
tumor|nerve|CALM1|GRM5,True,True,0.8564712,0.92910534
tumor|nerve|CALM1|GRM7,True,True,0.8536455,0.93199027
tumor|nerve|CALM1|INSR,True,True,0.8288828,0.93129784
tumor|nerve|CALM1|KCNQ3,True,True,0.86304283,0.92655754
tumor|nerve|CALM1|KCNQ5,True,True,0.8628906,0.93321824
tumor|nerve|CALM1|PDE1A,True,True,0.81670076,0.93586993
tumor|nerve|CALM1|PDE1C,True,True,0.8498005,0.9438127
tumor|nerve|CALM1|PTPRA,True,True,0.8454193,0.9280888
tumor|nerve|CALM1|RYR2,True,True,0.87255913,0.9271763
tumor|nerve|CALM3|ADCY8,True,True,0.6802946,0.74533266
tumor|nerve|CALM3|AR,True,True,0.590306,0.7754869
tumor|nerve|CALM3|CACNA1C,True,True,0.767548,0.8927325
tumor|nerve|CALM3|GRM5,True,True,0.7490755,0.89019257
tumor|nerve|CALM3|GRM7,True,True,0.7447655,0.89448106
tumor|nerve|CALM3|INSR,True,True,0.7078846,0.8934504
tumor|nerve|CALM3|KCNQ3,True,True,0.75918174,0.88641727
tumor|nerve|CALM3|KCNQ5,True,True,0.75894624,0.89631104
tumor|nerve|CALM3|PDE1A,True,True,0.690307,0.9002715
tumor|nerve|CALM3|PDE1C,True,True,0.7389349,0.91220975
tumor|nerve|CALM3|RYR2,True,True,0.77402514,0.8873331
tumor|nerve|CALR|ITGA3,True,True,0.65892875,0.79580045
tumor|nerve|CALR|ITGAV,True,True,0.78348005,0.8850712
tumor|nerve|CALR|LRP1,True,True,0.74375707,0.8737866
tumor|nerve|CD47|SIRPA,True,True,0.6926973,0.76206136
tumor|nerve|CD99|CD81,True,True,0.64262575,0.9143281
tumor|nerve|CD99|CD99L2,True,True,0.6526886,0.85306233
tumor|nerve|CNTN1|NOTCH1,True,True,0.75722027,0.7317421
tumor|nerve|CNTN1|NOTCH2,True,True,0.70695966,0.70446295
tumor|nerve|CNTN1|NRCAM,True,True,0.8456786,0.8889292
tumor|nerve|CNTN1|PTPRZ1,True,True,0.8571517,0.8871179
tumor|nerve|COL11A1|ITGA2_ITGB1,True,True,0.6700293,0.64906275
tumor|nerve|COL16A1|ITGA2_ITGB1,True,True,0.6852725,0.67040986
tumor|nerve|COL1A2|ITGA2_ITGB1,True,True,0.66731536,0.6376113
tumor|nerve|COL1A2|ITGA3_ITGB1,True,True,0.61187035,0.6108393
tumor|nerve|COL1A2|ITGA9_ITGB1,True,True,0.6300852,0.6653357
tumor|nerve|COL1A2|ITGAV_ITGB8,True,True,0.75583184,0.7499743
tumor|nerve|COL27A1|ITGA2_ITGB1,True,True,0.6236259,0.62241435
tumor|nerve|COL4A1|CD47,True,True,0.6681666,0.8277453
tumor|nerve|COL4A1|ITGA2_ITGB1,True,True,0.6125728,0.65383476
tumor|nerve|COL4A1|ITGA3_ITGB1,True,True,0.5541006,0.6275613
tumor|nerve|COL4A1|ITGAV_ITGB8,True,True,0.70930964,0.76303697
tumor|nerve|COL4A2|CD44,True,True,0.7640629,0.77138114
tumor|nerve|COL4A2|ITGA2_ITGB1,True,True,0.671935,0.68709904
tumor|nerve|COL4A2|ITGA3_ITGB1,True,True,0.6168178,0.66204524
tumor|nerve|COL4A2|ITGAV_ITGB8,True,True,0.759665,0.7891909
tumor|nerve|COL5A2|ITGA2_ITGB1,True,True,0.727177,0.67372876
tumor|nerve|COL6A1|CD44,True,True,0.73271185,0.8126043
tumor|nerve|COL6A1|ITGA2_ITGB1,True,True,0.63420296,0.78446513
tumor|nerve|COL6A1|ITGA3_ITGB1,True,True,0.57673967,0.71571755
tumor|nerve|COL6A1|ITGA6,True,True,0.59451,0.6115287
tumor|nerve|COL6A1|ITGAV_ITGB8,True,True,0.7279377,0.8279192
tumor|nerve|COL6A2|CD44,True,True,0.6699516,0.75484353
tumor|nerve|COL6A2|ITGA2_ITGB1,True,True,0.56213504,0.6670959
tumor|nerve|COL6A2|ITGA3_ITGB1,True,True,0.5022361,0.6412767
tumor|nerve|COL6A2|ITGAV_ITGB8,True,True,0.6645697,0.7735635
tumor|nerve|COL9A3|CD44,True,True,0.7198276,0.79504895
tumor|nerve|COL9A3|ITGA2_ITGB1,True,True,0.6190391,0.716283
tumor|nerve|COL9A3|ITGA3_ITGB1,True,True,0.56084317,0.6925202
tumor|nerve|COL9A3|ITGA9_ITGB1,True,True,0.4900137,0.7404388
tumor|nerve|COL9A3|ITGAV_ITGB8,True,True,0.71491283,0.8114657
tumor|nerve|COL9A3|MAG,True,True,0.673983,0.8952226
tumor|nerve|CSF1|SIRPA,True,True,0.5450596,0.6129668
tumor|nerve|DKK3|KREMEN1,True,True,0.58833903,0.62812424
tumor|nerve|DNAJB11|PRTG,True,True,0.54064006,0.7367047
tumor|nerve|DSCAM|DCC,True,True,0.86979926,0.8831897
tumor|nerve|EFNB2|EPHA3,True,True,0.64572024,0.57911754
tumor|nerve|EFNB2|EPHA4,True,True,0.7201992,0.6889645
tumor|nerve|EFNB2|EPHA6,True,True,0.7373292,0.6824387
tumor|nerve|EFNB2|EPHB1,True,True,0.699814,0.8038651
tumor|nerve|EFNB2|EPHB2,True,True,0.6747431,0.73751247
tumor|nerve|EFNB2|EPHB6,True,True,0.6211922,0.59432775
tumor|nerve|EFNB2|GRM1,True,True,0.63547677,0.60231996
tumor|nerve|EFNB2|GRM5,True,True,0.7509824,0.78143156
tumor|nerve|EFNB2|RHBDL2,True,True,0.58065706,0.69325566
tumor|nerve|FABP5|RXRA,True,True,0.5901562,0.73381454
tumor|nerve|FAM3C|CLEC2D,True,True,0.68516636,0.8229648
tumor|nerve|FAM3C|LAMP1,True,True,0.7010805,0.90384114
tumor|nerve|FAM3C|LIFR,True,True,0.7893186,0.8737974
tumor|nerve|FARP2|PLXNA2,True,True,0.78908384,0.72569263
tumor|nerve|FARP2|PLXNA3,True,True,0.6898214,0.6877787
tumor|nerve|FARP2|PLXNA4,True,True,0.82276714,0.7640541
tumor|nerve|FBN1|ITGA5,True,True,0.6360304,0.5834499
tumor|nerve|FBN1|ITGB1,True,True,0.7263017,0.7792242
tumor|nerve|FGF12|FGFR1,True,True,0.8020969,0.7587083
tumor|nerve|FGF12|FGFR2,True,True,0.8404262,0.88466984
tumor|nerve|FGF14|FGFR1,True,True,0.8402634,0.7963829
tumor|nerve|FGF14|FGFR2,True,True,0.8723769,0.90513617
tumor|nerve|FGF1|CSPG4,True,True,0.66798204,0.5544668
tumor|nerve|FGF1|FGFR1,True,True,0.7735515,0.6627526
tumor|nerve|FGF1|FGFR2,True,True,0.8161422,0.8274111
tumor|nerve|FGF1|TGFBR3,True,True,0.6629837,0.6095698
tumor|nerve|FGF2|FGFR1,True,True,0.7371279,0.6857428
tumor|nerve|FGF2|FGFR2,True,True,0.7846621,0.84185493
tumor|nerve|FGF2|SDC2,True,True,0.60970956,0.5739611
tumor|nerve|FGF2|SDC3,True,True,0.7037731,0.6511099
tumor|nerve|FN1|ITGA2,True,True,0.706766,0.8312839
tumor|nerve|FN1|ITGA3_ITGB1,True,True,0.6064525,0.69461954
tumor|nerve|FN1|ITGA8_ITGB1,True,True,0.6077252,0.7056023
tumor|nerve|FN1|ITGA9,True,True,0.67347145,0.74233264
tumor|nerve|FN1|ITGAV_ITGB1,True,True,0.66224426,0.8129722
tumor|nerve|FN1|ITGAV_ITGB8,True,True,0.7516078,0.8129722
tumor|nerve|FN1|MAG,True,True,0.7138374,0.8961455
tumor|nerve|FN1|SDC2,True,True,0.5954361,0.65932804
tumor|nerve|FSTL1|DIP2A,True,True,0.6874303,0.7892136
tumor|nerve|GDF11|ACTR2,True,True,0.6074884,0.74308777
tumor|nerve|GDF11|ACVR1B_ACVR2A,True,True,0.5049041,0.5655988
tumor|nerve|GDF11|ACVR1B_ACVR2B,True,True,0.47857296,0.51891166
tumor|nerve|GDF11|ACVR1C,True,True,0.5361475,0.5626711
tumor|nerve|GDF11|ACVR2A_TGFBR1,True,True,0.57072294,0.64653486
tumor|nerve|GDF11|ACVR2B_TGFBR1,True,True,0.48224735,0.5550847
tumor|nerve|GDF11|ANTXR1,True,True,0.64397246,0.6896105
tumor|nerve|GDF11|BMPR1A,True,True,0.65676564,0.73177624
tumor|nerve|GDF11|BMPR2,True,True,0.7246655,0.7586506
tumor|nerve|GNAI2|ADCY1,True,True,0.68101656,0.79060185
tumor|nerve|GNAI2|ADCY9,True,True,0.7215943,0.8271551
tumor|nerve|GNAI2|ADORA1,True,True,0.5691111,0.79389596
tumor|nerve|GNAI2|CAV1,True,True,0.61554796,0.83519197
tumor|nerve|GNAI2|IGF1R,True,True,0.7631785,0.8948087
tumor|nerve|GNAI2|UNC5B,True,True,0.61971486,0.83825195
tumor|nerve|GNAS|ADCY1,True,True,0.80202246,0.87193745
tumor|nerve|GNAS|ADCY8,True,True,0.8325131,0.8287393
tumor|nerve|GNAS|ADCY9,True,True,0.83102643,0.8961573
tumor|nerve|GNAS|ADORA1,True,True,0.7147896,0.87415576
tumor|nerve|GPI|AMFR,True,True,0.6629014,0.79722345
tumor|nerve|GRN|SORT1,True,True,0.73491067,0.8700238
tumor|nerve|HSPA8|LRP2,True,True,0.7682647,0.92286223
tumor|nerve|IL1RAPL1|PTPRD,True,True,0.90688145,0.91982025
tumor|nerve|IL1RAPL1|PTPRF,True,True,0.8003091,0.83237284
tumor|nerve|IL1RAPL1|PTPRS,True,True,0.89793897,0.87013876
tumor|nerve|ITGAV|THY1,True,True,0.76868874,0.791972
tumor|nerve|ITGB3BP|ITGB5,True,True,0.59735495,0.63995945
tumor|nerve|JAG1|CD46,True,True,0.73354644,0.80377793
tumor|nerve|JAG1|NOTCH1,True,True,0.74437934,0.7163678
tumor|nerve|JAG1|NOTCH2,True,True,0.69253975,0.68819135
tumor|nerve|JAM2|ITGA3_ITGB1,True,True,0.64347506,0.6919829
tumor|nerve|JAM2|ITGAV_ITGB1,True,True,0.69664365,0.8110795
tumor|nerve|JAM3|ITGB1,True,True,0.73575896,0.8416982
tumor|nerve|LAMA2|CD44,True,True,0.8683385,0.78212434
tumor|nerve|LAMA2|DAG1,True,True,0.775253,0.7108357
tumor|nerve|LAMA2|ITGA2_ITGB1,True,True,0.80662274,0.7002639
tumor|nerve|LAMA2|ITGA3_ITGB1,True,True,0.7685931,0.67576677
tumor|nerve|LAMA2|ITGA6_ITGB1,True,True,0.7791232,0.56581837
tumor|nerve|LAMA2|ITGA6_ITGB4,True,True,0.7545326,0.56581837
tumor|nerve|LAMA2|ITGA7_ITGB1,True,True,0.80662274,0.6518727
tumor|nerve|LAMA2|ITGA9_ITGB1,True,True,0.77983886,0.7252605
tumor|nerve|LAMA2|ITGAV_ITGB8,True,True,0.8655423,0.79931504
tumor|nerve|LAMA2|RPSA,True,True,0.7793768,0.86171216
tumor|nerve|LAMA4|CD44,True,True,0.7962898,0.7536893
tumor|nerve|LAMA4|DAG1,True,True,0.6715338,0.6769398
tumor|nerve|LAMA4|ITGA2_ITGB1,True,True,0.7120025,0.6657116
tumor|nerve|LAMA4|ITGA3_ITGB1,True,True,0.6602128,0.63984287
tumor|nerve|LAMA4|ITGA6_ITGB1,True,True,0.6764447,0.5262527
tumor|nerve|LAMA4|ITGA6_ITGB4,True,True,0.6456222,0.5262527
tumor|nerve|LAMA4|ITGA7_ITGB1,True,True,0.7120025,0.6148104
tumor|nerve|LAMA4|ITGA9_ITGB1,True,True,0.5938026,0.6923235
tumor|nerve|LAMA4|ITGAV_ITGB8,True,True,0.7923293,0.7724709
tumor|nerve|LAMA5|DAG1,True,True,0.64255077,0.6637203
tumor|nerve|LAMA5|ITGA2_ITGB1,True,True,0.6849148,0.6522686
tumor|nerve|LAMA5|ITGA3_ITGB1,True,True,0.63078004,0.62594426
tumor|nerve|LAMA5|ITGA6_ITGB1,True,True,0.6476676,0.51131845
tumor|nerve|LAMA5|ITGA6_ITGB4,True,True,0.6156613,0.51131845
tumor|nerve|LAMA5|ITGA7_ITGB1,True,True,0.6849148,0.6005488
tumor|nerve|LAMA5|ITGA9_ITGB1,True,True,0.5624299,0.6794355
tumor|nerve|LAMA5|ITGAV_ITGB8,True,True,0.77036005,0.7617849
tumor|nerve|LAMB1|DAG1,True,True,0.62663484,0.643393
tumor|nerve|LAMB1|ITGA2_ITGB1,True,True,0.6699162,0.6316333
tumor|nerve|LAMB1|ITGA3_ITGB1,True,True,0.61465436,0.6046935
tumor|nerve|LAMB1|ITGA6_ITGB1,True,True,0.631849,0.48887318
tumor|nerve|LAMB1|ITGA6_ITGB4,True,True,0.5992947,0.48887318
tumor|nerve|LAMB1|ITGA7_ITGB1,True,True,0.6699162,0.57882607
tumor|nerve|LAMB1|ITGA9_ITGB1,True,True,0.54547006,0.6595709
tumor|nerve|LAMB1|ITGAV_ITGB8,True,True,0.7579917,0.74510884
tumor|nerve|LAMB2|DAG1,True,True,0.552816,0.64951086
tumor|nerve|LAMB2|ITGA2_ITGB1,True,True,0.5991811,0.6378394
tumor|nerve|LAMB2|ITGA3_ITGB1,True,True,0.5402049,0.6110739
tumor|nerve|LAMB2|ITGA6_ITGB1,True,True,0.5583344,0.49556357
tumor|nerve|LAMB2|ITGA6_ITGB4,True,True,0.524175,0.49556357
tumor|nerve|LAMB2|ITGA7_ITGB1,True,True,0.5991811,0.58533776
tumor|nerve|LAMB2|ITGA9_ITGB1,True,True,0.46919706,0.6655555
tumor|nerve|LAMB2|ITGAV_ITGB8,True,True,0.69761115,0.7501593
tumor|nerve|LAMB2|RPSA,True,True,0.558698,0.82448405
tumor|nerve|LAMC1|CD44,True,True,0.8019139,0.7804969
tumor|nerve|LAMC1|DAG1,True,True,0.6792148,0.70887387
tumor|nerve|LAMC1|ITGA2_ITGB1,True,True,0.719133,0.69826084
tumor|nerve|LAMC1|ITGA3_ITGB1,True,True,0.66802764,0.67367625
tumor|nerve|LAMC1|ITGA6_ITGB1,True,True,0.68406487,0.56347686
tumor|nerve|LAMC1|ITGA6_ITGB4,True,True,0.6535965,0.56347686
tumor|nerve|LAMC1|ITGA7_ITGB1,True,True,0.719133,0.649708
tumor|nerve|LAMC1|ITGA9_ITGB1,True,True,0.6022245,0.72335845
tumor|nerve|LAMC1|ITGAV_ITGB8,True,True,0.79803514,0.79778266
tumor|nerve|LGALS1|ITGB1,True,True,0.63314253,0.9131098
tumor|nerve|LGALS3BP|ITGB1,True,True,0.6623926,0.85828966
tumor|nerve|LGALS3|MCAM,True,True,0.5853502,0.8541108
tumor|nerve|LGALS8|ITGA3,True,True,0.506768,0.56001633
tumor|nerve|LIN7C|ABCA1,True,True,0.6748705,0.79677325
tumor|nerve|LMAN1|MCFD2,True,True,0.54772663,0.7600362
tumor|nerve|LPL|LRP1,True,True,0.6935264,0.78503066
tumor|nerve|LPL|LRP2,True,True,0.72633374,0.8501281
tumor|nerve|LPL|VLDLR,True,True,0.54755366,0.7238036
tumor|nerve|LRIG1|MET,True,True,0.7087928,0.8081196
tumor|nerve|LRPAP1|LDLR,True,True,0.52623767,0.7335955
tumor|nerve|LRPAP1|LRP1,True,True,0.6544598,0.833543
tumor|nerve|LRPAP1|LRP2,True,True,0.6895773,0.8860816
tumor|nerve|LRPAP1|LRP8,True,True,0.62854576,0.70185906
tumor|nerve|LRPAP1|SORL1,True,True,0.667577,0.86233264
tumor|nerve|LRPAP1|SORT1,True,True,0.7291056,0.8963892
tumor|nerve|LRPAP1|VLDLR,True,True,0.5032086,0.78230125
tumor|nerve|LRRC4B|PTPRD,True,True,0.82774234,0.88764614
tumor|nerve|LRRC4B|PTPRF,True,True,0.6641403,0.77374
tumor|nerve|LRRC4B|PTPRS,True,True,0.81276894,0.82188916
tumor|nerve|LTBP1|ITGB5,True,True,0.62140703,0.60163856
tumor|nerve|MAML2|NOTCH1,True,True,0.88060004,0.8342834
tumor|nerve|MAML2|NOTCH2,True,True,0.8508507,0.8147924
tumor|nerve|MDK|ALK,True,True,0.6329724,0.8407991
tumor|nerve|MDK|ITGA6_ITGB1,True,True,0.5435912,0.6888466
tumor|nerve|MDK|LRP1,True,True,0.6381248,0.86282086
tumor|nerve|MDK|LRP2,True,True,0.67407566,0.90714794
tumor|nerve|MDK|NOTCH2,True,True,0.5699943,0.78230846
tumor|nerve|MDK|PTPRZ1,True,True,0.76727635,0.9221672
tumor|nerve|MDK|SDC2,True,True,0.513904,0.7507848
tumor|nerve|MDK|SDC3,True,True,0.61653554,0.8066976
tumor|nerve|MDK|SORL1,True,True,0.651532,0.8872318
tumor|nerve|MFGE8|ITGAV,True,True,0.66235447,0.78441274
tumor|nerve|MFGE8|ITGB5,True,True,0.44507247,0.5951212
tumor|nerve|MMP2|FGFR1,True,True,0.6407526,0.69440526
tumor|nerve|NAMPT|INSR,True,True,0.82062143,0.9027271
tumor|nerve|NCAM1|CACNA1C,True,True,0.9131454,0.92099714
tumor|nerve|NCAM1|FGFR1,True,True,0.86908275,0.8556855
tumor|nerve|NCAM1|FGFR2,True,True,0.89611876,0.93533665
tumor|nerve|NCAM1|GFRA1,True,True,0.762362,0.79320586
tumor|nerve|NCAM1|NCAM2,True,True,0.9143654,0.94687736
tumor|nerve|NCAM1|PTPRA,True,True,0.89703083,0.91791797
tumor|nerve|NCAM1|PTPRZ1,True,True,0.9202123,0.9350516
tumor|nerve|NCAM1|ROBO1,True,True,0.8983001,0.93105227
tumor|nerve|NCAM1|ROBO3,True,True,0.75354487,0.756623
tumor|nerve|NCAN|CDH2,True,True,0.7865011,0.84323525
tumor|nerve|NCAN|SDC3,True,True,0.69580156,0.72406226
tumor|nerve|NECTIN3|CADM1,True,True,0.8719504,0.84009534
tumor|nerve|NECTIN3|NECTIN1,True,True,0.70303863,0.7150428
tumor|nerve|NECTIN3|NECTIN2,True,True,0.6946882,0.6138307
tumor|nerve|NELL2|ROBO3,True,True,0.6293757,0.5828704
tumor|nerve|NFASC|CNTN1_CNTNAP1,True,True,0.6879299,0.66560775
tumor|nerve|NLGN1|NRXN1,True,True,0.9371049,0.94234735
tumor|nerve|NLGN1|NRXN2,True,True,0.8890746,0.8765441
tumor|nerve|NLGN1|NRXN3,True,True,0.94059664,0.9413878
tumor|nerve|NLGN2|NRXN1,True,True,0.7581652,0.8412605
tumor|nerve|NLGN2|NRXN2,True,True,0.6277657,0.69715846
tumor|nerve|NLGN2|NRXN3,True,True,0.7691439,0.83890605
tumor|nerve|NLGN3|NRXN1,True,True,0.8048871,0.8519877
tumor|nerve|NLGN3|NRXN2,True,True,0.68935835,0.7143167
tumor|nerve|NLGN3|NRXN3,True,True,0.81426436,0.849764
tumor|nerve|NLGN4X|NRXN1,True,True,0.90755224,0.91669595
tumor|nerve|NRG2|LRRTM2,True,True,0.6145712,0.6553129
tumor|nerve|NRG2|NRP2,True,True,0.78681386,0.74899703
tumor|nerve|NRXN1|NLGN1,True,True,0.9233237,0.94615144
tumor|nerve|NRXN1|NLGN2,True,True,0.79177016,0.8393163
tumor|nerve|NRXN1|NLGN3,True,True,0.8076366,0.83834344
tumor|nerve|NRXN2|NLGN1,True,True,0.8265863,0.8927664
tumor|nerve|NRXN2|NLGN2,True,True,0.60081583,0.71223
tumor|nerve|NRXN2|NLGN3,True,True,0.62432873,0.71075284
tumor|nerve|NRXN3|NLGN1,True,True,0.90545404,0.91648227
tumor|nerve|NRXN3|NLGN2,True,True,0.7514931,0.7653804
tumor|nerve|NRXN3|NLGN3,True,True,0.7695352,0.7640857
tumor|nerve|NTN1|DCC,True,True,0.828933,0.8463493
tumor|nerve|NTN1|DSCAM,True,True,0.84005296,0.88805294
tumor|nerve|NTN1|MCAM,True,True,0.6287131,0.76246315
tumor|nerve|NTN1|NEO1,True,True,0.80942494,0.8457857
tumor|nerve|NTN1|UNC5A,True,True,0.72964126,0.6450947
tumor|nerve|NTN1|UNC5B,True,True,0.68636847,0.78294116
tumor|nerve|NTN1|UNC5C,True,True,0.8445479,0.8874257
tumor|nerve|NTN1|UNC5D,True,True,0.8221598,0.82432944
tumor|nerve|NTNG1|LRRC4C,True,True,0.7929101,0.85097545
tumor|nerve|NTRK3|PTPRD,True,True,0.88186276,0.91588783
tumor|nerve|NTRK3|PTPRF,True,True,0.7544111,0.82496774
tumor|nerve|NTRK3|PTPRS,True,True,0.8708598,0.8641297
tumor|nerve|NUCB2|ERAP1,True,True,0.55218095,0.7633358
tumor|nerve|NXPH1|NRXN1,True,True,0.86530185,0.901118
tumor|nerve|NXPH1|NRXN2,True,True,0.77557087,0.7983277
tumor|nerve|NXPH1|NRXN3,True,True,0.8722364,0.8995453
tumor|nerve|OLFM2|ROBO2,True,True,0.8413192,0.8490343
tumor|nerve|PDGFA|PDGFRA,True,True,0.6983417,0.76986486
tumor|nerve|PDGFC|PDGFRA,True,True,0.77044624,0.7712408
tumor|nerve|PKM|CD44,True,True,0.8249848,0.88551575
tumor|nerve|PLAT|LRP1,True,True,0.6744842,0.77994907
tumor|nerve|PLTP|ABCA1,True,True,0.7217611,0.868034
tumor|nerve|POSTN|ITGAV_ITGB5,True,True,0.49031377,0.6127786
tumor|nerve|POSTN|PTK7,True,True,0.5237617,0.62589914
tumor|nerve|PROS1|TYRO3,True,True,0.7073853,0.7697022
tumor|nerve|PSAP|GPR37,True,True,0.75123477,0.91718715
tumor|nerve|PSAP|SORT1,True,True,0.83911717,0.92156684
tumor|nerve|PSEN1|NOTCH1,True,True,0.7517967,0.6973266
tumor|nerve|PTDSS1|SCARB1,True,True,0.61577517,0.70097154
tumor|nerve|PTN|ALK,True,True,0.8530048,0.9020872
tumor|nerve|PTN|CDH10,True,True,0.8634309,0.89649767
tumor|nerve|PTN|PLXNB2,True,True,0.76651204,0.86389995
tumor|nerve|PTN|PTPRB,True,True,0.80733526,0.83644456
tumor|nerve|PTN|PTPRS,True,True,0.9064267,0.9365581
tumor|nerve|PTN|PTPRZ1,True,True,0.9173118,0.9538501
tumor|nerve|PTN|SDC2,True,True,0.7805725,0.8401375
tumor|nerve|PTN|SDC3,True,True,0.8439931,0.87922823
tumor|nerve|QDPR|DYSF,True,True,0.5446402,0.7590065
tumor|nerve|RGMA|BMPR2,True,True,0.823917,0.8484934
tumor|nerve|RGMA|NEO1,True,True,0.80623704,0.87286127
tumor|nerve|RGMB|BMPR2,True,True,0.7700872,0.78797275
tumor|nerve|RGMB|NEO1,True,True,0.7486512,0.82000977
tumor|nerve|RIMS1|CACNA1C,True,True,0.82881486,0.81127566
tumor|nerve|RTN4|CNTNAP1,True,True,0.78441733,0.8116983
tumor|nerve|RTN4|LINGO1,True,True,0.8348354,0.8879155
tumor|nerve|RTN4|RTN4RL1,True,True,0.83599365,0.8259935
tumor|nerve|RTN4|TNFRSF19,True,True,0.8148754,0.8669621
tumor|nerve|S100A10|CFTR,True,True,0.46851987,0.83679175
tumor|nerve|SDC2|PTPRJ,True,True,0.762399,0.81717366
tumor|nerve|SEMA3A|NRP2,True,True,0.7808671,0.7321757
tumor|nerve|SEMA5A|MET,True,True,0.78915405,0.85182256
tumor|nerve|SEMA5A|PLXNA3,True,True,0.80192727,0.8116449
tumor|nerve|SEMA5B|PLXNA3,True,True,0.65396106,0.6717639
tumor|nerve|SEMA6A|PLXNA2,True,True,0.822697,0.79991955
tumor|nerve|SEMA6A|PLXNA4,True,True,0.852019,0.83032763
tumor|nerve|SERPINE1|LRP1,True,True,0.67772496,0.7870786
tumor|nerve|SERPINE1|LRP2,True,True,0.71152025,0.85167307
tumor|nerve|SERPINE2|LRP1,True,True,0.7400493,0.84223163
tumor|nerve|SERPING1|LRP1,True,True,0.674787,0.736825
tumor|nerve|SIRPA|CD47,True,True,0.67078155,0.8086813
tumor|nerve|SLC6A8|LIFR,True,True,0.6758815,0.7889853
tumor|nerve|SLIT1|GPC1,True,True,0.61694807,0.69260377
tumor|nerve|SLIT1|ROBO1,True,True,0.77992207,0.8249435
tumor|nerve|SLIT1|ROBO2,True,True,0.81617284,0.7680244
tumor|nerve|SORBS1|ITGB5,True,True,0.7408677,0.7002904
tumor|nerve|SPARC|FGFR1,True,True,0.81338555,0.8395106
tumor|nerve|SPTAN1|PTPRA,True,True,0.8405142,0.88163006
tumor|nerve|ST6GAL1|CD22,True,True,0.7616406,0.78173375
tumor|nerve|TCTN1|TMEM67,True,True,0.6952715,0.7039616
tumor|nerve|TFPI|LRP1,True,True,0.64286053,0.7506397
tumor|nerve|TFPI|VLDLR,True,True,0.4904849,0.68356556
tumor|nerve|TGFB2|TGFBR3,True,True,0.6404205,0.6543781
tumor|nerve|TGS1|RXRA,True,True,0.60492676,0.59407735
tumor|nerve|THBS4|CD47,True,True,0.71570015,0.80078346
tumor|nerve|THBS4|ITGA3_ITGB1,True,True,0.60839725,0.5849762
tumor|nerve|TIMP1|CD63,True,True,0.79200715,0.942996
tumor|nerve|TIMP1|FGFR2,True,True,0.8121232,0.9339241
tumor|nerve|TIMP2|ITGA3,True,True,0.67993087,0.7337191
tumor|nerve|TIMP2|ITGB1,True,True,0.71823865,0.8635373
tumor|nerve|TIMP3|CD44,True,True,0.76106656,0.8114698
tumor|nerve|TIMP3|MET,True,True,0.6260584,0.8082504
tumor|nerve|TNC|CNTN1,True,True,0.8629332,0.9098191
tumor|nerve|TNC|EGFR,True,True,0.88021773,0.8285158
tumor|nerve|TNC|ITGA2,True,True,0.8106683,0.88011044
tumor|nerve|TNC|ITGA5,True,True,0.69639254,0.7554215
tumor|nerve|TNC|ITGA7,True,True,0.8241763,0.7527669
tumor|nerve|TNC|ITGA8_ITGB1,True,True,0.73348755,0.7812289
tumor|nerve|TNC|ITGA9_ITGB1,True,True,0.67316145,0.8110505
tumor|nerve|TNC|PTPRB,True,True,0.75489575,0.73726094
tumor|nerve|TNC|PTPRZ1,True,True,0.8907553,0.9189663
tumor|nerve|TNR|ITGA8_ITGB1,True,True,0.6724172,0.7373155
tumor|nerve|TXLNA|STX1A,True,True,0.55413663,0.62278223
tumor|nerve|TXLNA|STX3,True,True,0.55074954,0.6428519
tumor|nerve|TXLNA|STX4,True,True,0.49320793,0.7771489
tumor|nerve|VCAN|CD44,True,True,0.83770525,0.86213624
tumor|nerve|VCAN|EGFR,True,True,0.87321293,0.83808666
tumor|nerve|VCL|ALK,True,True,0.75187767,0.7295428
tumor|nerve|VCL|ITGB5,True,True,0.6122942,0.5907674
tumor|nerve|VEGFA|CD44,True,True,0.84794027,0.87291014
tumor|nerve|VEGFA|EGFR,True,True,0.88152546,0.8504139
tumor|nerve|VEGFA|EPHB2,True,True,0.82395744,0.8921461
tumor|nerve|VEGFA|GRIN2B,True,True,0.8733365,0.8994241
tumor|nerve|VEGFA|ITGA9,True,True,0.7876836,0.83473396
tumor|nerve|VEGFA|ITGAV,True,True,0.8462717,0.88738847
tumor|nerve|VEGFA|NRP2,True,True,0.82044864,0.8730608
tumor|nerve|VEGFA|TYRO3,True,True,0.7821174,0.8963749
tumor|nerve|VIM|CD44,True,True,0.8582154,0.90868247
tumor|nerve|YBX1|NOTCH1,True,True,0.6924936,0.85270405
immune|nerve|ADAM10|AXL,True,False,0.71173435,
immune|nerve|ADAM10|CD44,True,False,0.87095875,
immune|nerve|ADAM10|TSPAN12,True,False,0.74590206,
immune|nerve|ADAM23|ITGA5,True,False,0.62731135,
immune|nerve|ADM|ADCYAP1R1,True,False,0.72055966,
immune|nerve|ADM|VIPR1,True,False,0.6530653,
immune|nerve|AFDN|EPHA7,True,False,0.7575749,
immune|nerve|AFDN|EPHB2,True,False,0.7817652,
immune|nerve|AFDN|EPHB6,True,False,0.73901933,
immune|nerve|ALCAM|NRP1,True,False,0.8487966,
immune|nerve|B2M|KLRD1,True,False,0.8157368,
immune|nerve|CALM1|ADCYAP1R1,True,False,0.8049671,
immune|nerve|CALM1|FAS,True,False,0.76815104,
immune|nerve|CALM1|GRM4,True,False,0.727289,
immune|nerve|CALM1|HMMR,True,False,0.7973332,
immune|nerve|CALM1|HTR2C,True,False,0.7407573,
immune|nerve|CALM1|PDE1B,True,False,0.7235571,
immune|nerve|CALM1|PTH2R,True,False,0.7715059,
immune|nerve|CALM1|TRPC3,True,False,0.78543705,
immune|nerve|CALM1|TRPC5,True,False,0.76700884,
immune|nerve|CALM1|VIPR1,True,False,0.75080955,
immune|nerve|CALM3|EGFR,True,False,0.7977631,
immune|nerve|CALM3|PDE1B,True,False,0.52903026,
immune|nerve|CALM3|TRPC5,True,False,0.585544,
immune|nerve|CCL5|DPP4,True,False,0.74136037,
immune|nerve|CD200R1|CD200,True,False,0.62485754,
immune|nerve|CD59|STAB1,True,False,0.5613893,
immune|nerve|CD96|PVR,True,False,0.74378234,
immune|nerve|COL27A1|ITGA1_ITGB1,True,False,0.6234212,
immune|nerve|COL27A1|ITGA2_ITGB1,True,False,0.73096555,
immune|nerve|COL8A1|ITGA1_ITGB1,True,False,0.611339,
immune|nerve|COL8A1|ITGA2_ITGB1,True,False,0.72078836,
immune|nerve|COPA|CD74,True,False,0.78097373,
immune|nerve|DSCAM|DCC,True,False,0.88437885,
immune|nerve|EFNA5|EPHA10,True,False,0.62824583,
immune|nerve|EFNA5|EPHA3,True,False,0.7386988,
immune|nerve|EFNA5|EPHA4,True,False,0.79969466,
immune|nerve|EFNA5|EPHA5,True,False,0.7375476,
immune|nerve|EFNA5|EPHA6,True,False,0.81321996,
immune|nerve|EFNA5|EPHA7,True,False,0.7373229,
immune|nerve|EFNA5|EPHB1,True,False,0.78335893,
immune|nerve|EFNA5|EPHB2,True,False,0.7629016,
immune|nerve|EFNA5|EPHB6,True,False,0.71779466,
immune|nerve|FAM3C|GLRA2,True,False,0.64077413,
immune|nerve|FARP2|PLXNA1,True,False,0.6822217,
immune|nerve|FGF12|FGFR1,True,False,0.71276546,
immune|nerve|FGF12|FGFR2,True,False,0.76329035,
immune|nerve|FGF14|FGFR1,True,False,0.79463726,
immune|nerve|FGF14|FGFR2,True,False,0.8341125,
immune|nerve|FN1|DPP4,True,False,0.6862724,
immune|nerve|FN1|IL17RC,True,False,0.67539376,
immune|nerve|FN1|NT5E,True,False,0.67273206,
immune|nerve|FN1|TNFRSF11B,True,False,0.63678366,
immune|nerve|GAS6|AXL,True,False,0.60811436,
immune|nerve|GAS6|MERTK,True,False,0.6444429,
immune|nerve|GNAI2|EDNRB,True,False,0.6843157,
immune|nerve|GNAI2|OPRD1,True,False,0.6830412,
immune|nerve|GNAS|VIPR1,True,False,0.74618095,
immune|nerve|GSTP1|TRAF2,True,False,0.5629254,
immune|nerve|HGF|CD44,True,False,0.80209535,
immune|nerve|HGF|ITGB1,True,False,0.7193637,
immune|nerve|HGF|MET,True,False,0.6805391,
immune|nerve|HGF|NRP1,True,False,0.7444352,
immune|nerve|HGF|SDC2,True,False,0.6580193,
immune|nerve|HLA-B|KLRD1,True,False,0.7887482,
immune|nerve|HSPA1A|GRIN2D,True,False,0.78530616,
immune|nerve|IL15RA|AXL,True,False,0.49955517,
immune|nerve|IL16|GRIN2D,True,False,0.69103795,
immune|nerve|IL1B|IL1R1_IL1RAP,True,False,0.6625125,
immune|nerve|IL1RAPL1|PTPRD,True,False,0.88993424,
immune|nerve|IL1RAPL1|PTPRS,True,False,0.87958044,
immune|nerve|LAMA2|CD44,True,False,0.8105033,
immune|nerve|LAMA2|DAG1,True,False,0.69107497,
immune|nerve|LAMA2|ITGA1,True,False,0.6223929,
immune|nerve|LAMA2|ITGA2_ITGB1,True,False,0.73010373,
immune|nerve|LAMA2|ITGA3_ITGB1,True,False,0.6801067,
immune|nerve|LAMA2|ITGA6_ITGB1,True,False,0.695826,
immune|nerve|LAMA2|ITGA6_ITGB4,True,False,0.6659381,
immune|nerve|LAMA2|ITGA7_ITGB1,True,False,0.73010373,
immune|nerve|LAMA2|ITGAV_ITGB8,True,False,0.80675215,
immune|nerve|LAMA2|RPSA,True,False,0.696138,
immune|nerve|LGALS9|COLEC12,True,False,0.662545,
immune|nerve|LMAN1|MCFD2,True,False,0.56905174,
immune|nerve|LPL|CD44,True,False,0.7757468,
immune|nerve|LRIG1|EGFR,True,False,0.8581127,
immune|nerve|LRIG1|MET,True,False,0.70434856,
immune|nerve|LRIG2|EGFR,True,False,0.837856,
immune|nerve|LTB|TNFRSF1A,True,False,0.70900667,
immune|nerve|MAML2|NOTCH1,True,False,0.88989,
immune|nerve|MAML2|NOTCH2,True,False,0.86209273,
immune|nerve|MRC1|PTPRC,True,False,0.69901365,
immune|nerve|NECTIN3|CADM1,True,False,0.8513704,
immune|nerve|NECTIN3|NECTIN1,True,False,0.66571873,
immune|nerve|NECTIN3|NECTIN2,True,False,0.65683115,
immune|nerve|NECTIN3|PVR,True,False,0.61023843,
immune|nerve|NLGN1|NRXN1,True,False,0.93214566,
immune|nerve|NLGN1|NRXN2,True,False,0.88081,
immune|nerve|NLGN1|NRXN3,True,False,0.93589395,
immune|nerve|NLGN4X|NRXN1,True,False,0.8653378,
immune|nerve|NRG3|EGFR,True,False,0.8014395,
immune|nerve|NRG3|ERBB3,True,False,0.70983356,
immune|nerve|NRXN1|NLGN1,True,False,0.9171182,
immune|nerve|NRXN3|NLGN1,True,False,0.8912648,
immune|nerve|PAM|DPP4,True,False,0.7729789,
immune|nerve|PAM|FAP,True,False,0.76304346,
immune|nerve|PSAP|CELSR1,True,False,0.75344235,
immune|nerve|PSEN1|CD44,True,False,0.85839444,
immune|nerve|PTN|CDH10,True,False,0.8204838,
immune|nerve|PTN|PTPRS,True,False,0.87504375,
immune|nerve|PTN|PTPRZ1,True,False,0.8891331,
immune|nerve|RIMS2|ABCA1,True,False,0.828171,
immune|nerve|SEMA3A|NRP1_PLXNA1,True,False,0.5794587,
immune|nerve|SEMA3A|NRP1_PLXNA2,True,False,0.71874714,
immune|nerve|SEMA3A|NRP1_PLXNA3,True,False,0.6757074,
immune|nerve|SEMA3A|NRP1_PLXNA4,True,False,0.72481316,
immune|nerve|SEMA3A|NRP2,True,False,0.75018674,
immune|nerve|SEMA3C|NRP1_NRP2_PLXND1,True,False,0.5777743,
immune|nerve|SEMA3C|NRP1_PLXNA1,True,False,0.589018,
immune|nerve|SEMA3C|NRP1_PLXNA2,True,False,0.7266339,
immune|nerve|SEMA3C|NRP1_PLXNA3,True,False,0.684271,
immune|nerve|SEMA3C|NRP1_PLXNA4,True,False,0.7325931,
immune|nerve|SEMA3C|NRP2_PLXNA1,True,False,0.66592455,
immune|nerve|SEMA3C|NRP2_PLXNA2,True,False,0.6805851,
immune|nerve|SEMA3C|NRP2_PLXNA4,True,False,0.7574894,
immune|nerve|SEMA4B|DCBLD2,True,False,0.72878754,
immune|nerve|SPARC|FGFR1,True,False,0.7936996,
immune|nerve|SPON1|APP,True,False,0.8370728,
immune|nerve|SPON1|LRP8,True,False,0.7466816,
immune|nerve|TGFA|ERBB3,True,False,0.7007047,
immune|nerve|TGFA|ERBB4,True,False,0.79257095,
immune|nerve|TGFA|PTPRD,True,False,0.8055549,
immune|nerve|TGFB2|TGFBR3,True,False,0.579113,
immune|nerve|TNC|CNTN1,True,False,0.8571556,
immune|nerve|TNC|EGFR,True,False,0.8750632,
immune|nerve|TNC|ITGA2,True,False,0.80319,
immune|nerve|TNC|ITGA5,True,False,0.68614805,
immune|nerve|TNC|ITGA7,True,False,0.8171112,
immune|nerve|TNC|ITGA8_ITGB1,True,False,0.7239987,
immune|nerve|TNC|PTPRB,True,False,0.74590504,
immune|nerve|TNC|PTPRZ1,True,False,0.8859954,
immune|nerve|TNFSF10|TNFRSF10B,True,False,0.6549311,
immune|nerve|TNFSF10|TNFRSF11B,True,False,0.5453839,
immune|nerve|WNT2B|FZD3_LRP5,True,False,0.68347514,
immune|nerve|WNT2B|FZD3_LRP6,True,False,0.7602053,
immune|nerve|WNT2B|FZD6_LRP5,True,False,0.62332004,
immune|nerve|WNT2B|FZD6_LRP6,True,False,0.7381883,
immune|nerve|WNT2B|FZD7_LRP6,True,False,0.72094995,
immune|nerve|WNT5A|FZD7,True,False,0.68576396,
immune|nerve|WNT5A|VANGL2,True,False,0.57653815,
immune|tumor|ACTR2|LDLR,True,False,0.6363292,
immune|tumor|ADAM10|AXL,True,False,0.68971246,
immune|tumor|ADAM10|EPHA3,True,False,0.7783108,
immune|tumor|ADAM10|TSPAN14,True,False,0.6923951,
immune|tumor|ADAM17|ITGB1,True,False,0.7610249,
immune|tumor|ADAM9|ITGB1,True,False,0.76630634,
immune|tumor|ADAM9|ITGB5,True,False,0.6618776,
immune|tumor|ADM|ADCYAP1R1,True,False,0.55215126,
immune|tumor|ALCAM|NRP1,True,False,0.80526084,
immune|tumor|ANXA1|GRM7,True,False,0.74157315,
immune|tumor|APOE|LDLR,True,False,0.6978188,
immune|tumor|APOE|LRP5,True,False,0.7451994,
immune|tumor|APOE|LRP8,True,False,0.75429,
immune|tumor|APP|DCC,True,False,0.8543644,
immune|tumor|ARPC5|LDLR,True,False,0.55454314,
immune|tumor|B2M|KLRD1,True,False,0.7651234,
immune|tumor|C3|GRM7,True,False,0.81331587,
immune|tumor|CALM1|ADCYAP1R1,True,False,0.66368526,
immune|tumor|CALM1|FAS,True,False,0.6766723,
immune|tumor|CALM1|GRM5,True,False,0.7214677,
immune|tumor|CALM1|GRM7,True,False,0.77409476,
immune|tumor|CALM1|KCNQ3,True,False,0.7634669,
immune|tumor|CALM1|PDE1A,True,False,0.70550513,
immune|tumor|CALM1|RYR2,True,False,0.6899183,
immune|tumor|CALM3|ESR1,True,False,0.49196628,
immune|tumor|CALM3|GRM5,True,False,0.5264328,
immune|tumor|CALM3|GRM7,True,False,0.59523636,
immune|tumor|CALM3|PDE1A,True,False,0.50693184,
immune|tumor|CALM3|RYR2,True,False,0.48845544,
immune|tumor|CALR|ITGA2B,True,False,0.51674443,
immune|tumor|CCL5|DPP4,True,False,0.6982403,
immune|tumor|CCL5|GRM7,True,False,0.7638246,
immune|tumor|CD200R1|CD200,True,False,0.45189944,
immune|tumor|CD99|PILRA,True,False,0.59284896,
immune|tumor|COL27A1|ITGA2_ITGB1,True,False,0.6854387,
immune|tumor|COL8A1|ITGA2_ITGB1,True,False,0.6743067,
immune|tumor|CP|SLC40A1,True,False,0.49794316,
immune|tumor|CXCL16|GRM7,True,False,0.5750371,
immune|tumor|CXCL8|GRM7,True,False,0.7337058,
immune|tumor|DSCAM|DCC,True,False,0.855083,
immune|tumor|EFNA5|EPHA3,True,False,0.6660082,
immune|tumor|EFNA5|EPHA4,True,False,0.6904508,
immune|tumor|EFNA5|EPHA5,True,False,0.6014392,
immune|tumor|EFNA5|EPHA6,True,False,0.6555747,
immune|tumor|EFNA5|EPHB1,True,False,0.66568816,
immune|tumor|F13A1|ITGA9,True,False,0.6486273,
immune|tumor|F13A1|ITGB1,True,False,0.7504436,
immune|tumor|FAM3C|GLRA2,True,False,0.557013,
immune|tumor|FARP2|PLXNA1,True,False,0.60687757,
immune|tumor|FN1|C5AR1,True,False,0.6214862,
immune|tumor|FN1|DPP4,True,False,0.63844717,
immune|tumor|FN1|ITGA2,True,False,0.7403683,
immune|tumor|FN1|ITGA9,True,False,0.6070694,
immune|tumor|FN1|TNFRSF11B,True,False,0.56474245,
immune|tumor|GAS6|AXL,True,False,0.5828164,
immune|tumor|GAS6|MERTK,True,False,0.61725813,
immune|tumor|GNAI2|C5AR1,True,False,0.5985712,
immune|tumor|GNAS|ADORA1,True,False,0.6996423,
immune|tumor|HGF|CD44,True,False,0.7313758,
immune|tumor|HGF|ITGB1,True,False,0.67275244,
immune|tumor|HGF|NRP1,True,False,0.68210465,
immune|tumor|HGF|SDC2,True,False,0.59500676,
immune|tumor|HLA-B|KLRD1,True,False,0.7331468,
immune|tumor|HSPA8|LDLR,True,False,0.56350327,
immune|tumor|IGF1|ITGA6_ITGB4,True,False,0.5368331,
immune|tumor|IL15RA|AXL,True,False,0.47331885,
immune|tumor|IL16|GRIN2A,True,False,0.58351827,
immune|tumor|IL16|GRIN2B,True,False,0.5980652,
immune|tumor|LAMA2|ITGA3_ITGB1,True,False,0.6459896,
immune|tumor|LGALS9|COLEC12,True,False,0.59682,
immune|tumor|LGALS9|HAVCR2,True,False,0.5456475,
immune|tumor|LPL|CD44,True,False,0.6991434,
immune|tumor|LRIG1|EGFR,True,False,0.8389754,
immune|tumor|LRIG2|EGFR,True,False,0.8165707,
immune|tumor|LTB|TNFRSF1A,True,False,0.66486466,
immune|tumor|MAML2|NOTCH1,True,False,0.8168466,
immune|tumor|MAML2|NOTCH2,True,False,0.83841974,
immune|tumor|MAML2|NOTCH3,True,False,0.72578096,
immune|tumor|NECTIN3|CADM1,True,False,0.82643706,
immune|tumor|NECTIN3|NECTIN2,True,False,0.58892345,
immune|tumor|NRG3|EGFR,True,False,0.77664804,
immune|tumor|NRXN1|NLGN1,True,False,0.9106371,
immune|tumor|NRXN3|NLGN1,True,False,0.88302,
immune|tumor|NUCB2|ERAP1,True,False,0.48095623,
immune|tumor|PAM|DPP4,True,False,0.7332334,
immune|tumor|PDGFC|PDGFRB,True,False,0.63283736,
immune|tumor|PLAU|ITGB1,True,False,0.68739575,
immune|tumor|PLAU|ITGB5,True,False,0.5676021,
immune|tumor|PSEN1|CD44,True,False,0.802848,
immune|tumor|PSEN1|NOTCH3,True,False,0.6043906,
immune|tumor|RPS19|C5AR1,True,False,0.73945934,
immune|tumor|SEMA3A|NRP1_PLXNA1,True,False,0.5794849,
immune|tumor|SEMA3A|NRP1_PLXNA2,True,False,0.6555969,
immune|tumor|SEMA3A|NRP1_PLXNA3,True,False,0.5667787,
immune|tumor|SEMA3A|NRP2,True,False,0.67890596,
immune|tumor|SEMA3C|NRP1_NRP2_PLXND1,True,False,0.506251,
immune|tumor|SEMA4B|DCBLD2,True,False,0.6755877,
immune|tumor|SERPINE1|ITGB5,True,False,0.54848826,
immune|tumor|SPARC|FGFR1,True,False,0.7121432,
immune|tumor|SPON1|APP,True,False,0.79965085,
immune|tumor|SPON1|LRP8,True,False,0.60252124,
immune|tumor|SPP1|ITGA9_ITGB1,True,False,0.74878895,
immune|tumor|SPP1|ITGAV_ITGB5,True,False,0.743499,
immune|tumor|TGFA|ERBB4,True,False,0.7269778,
immune|tumor|TGFB1|ACVR1B_TGFBR2,True,False,0.6238561,
immune|tumor|TGFB1|ACVR1_TGFBR1_TGFBR2,True,False,0.64988214,
immune|tumor|TGFB1|ACVR1_TGFBR2,True,False,0.64988214,
immune|tumor|TGFB1|ITGB5,True,False,0.6048116,
immune|tumor|TGFB1|TGFBR1_TGFBR2,True,False,0.64988214,
immune|tumor|TGFB1|TGFBR3,True,False,0.58591735,
immune|tumor|TIMP1|FGFR2,True,False,0.65563065,
immune|tumor|TLN1|ITGB5,True,False,0.5570499,
immune|tumor|TNC|EGFR,True,False,0.85783356,
immune|tumor|TNC|ITGA2,True,False,0.75104505,
immune|tumor|TNC|ITGA7,True,False,0.7491925,
immune|tumor|TNC|PTPRZ1,True,False,0.8797558,
immune|tumor|TNFSF10|TNFRSF11B,True,False,0.4702943,
immune|tumor|VCL|ALK,True,False,0.69172794,
immune|tumor|VEGFA|GRIN2B,True,False,0.7696928,
immune|tumor|VEGFA|ITGA9,True,False,0.69767576,
immune|tumor|WNT2B|FZD3_LRP5,True,False,0.5963891,
immune|tumor|WNT2B|FZD3_LRP6,True,False,0.74099106,
immune|tumor|WNT2B|FZD6_LRP5,True,False,0.5963891,
immune|tumor|WNT2B|FZD6_LRP6,True,False,0.6652458,
immune|tumor|WNT2B|FZD7_LRP5,True,False,0.5963891,
immune|tumor|WNT2B|FZD7_LRP6,True,False,0.6187994,
immune|tumor|WNT5A|FZD6,True,False,0.626673,
immune|tumor|WNT5A|FZD7,True,False,0.5782676,
immune|tumor|WNT5A|LDLR,True,False,0.49635372,
immune|tumor|WNT5A|LRP5,True,False,0.55518734,
immune|tumor|WNT5A|ROR1,True,False,0.63987887,
immune|tumor|WNT5A|VANGL2,True,False,0.4692685,
nerve|immune|A2M|LRP1,True,False,0.8446819,
nerve|immune|ADAM10|EPHA3,True,False,0.7376666,
nerve|immune|ADAM10|NRCAM,True,False,0.8869303,
nerve|immune|ADAM12|ITGA9,True,False,0.7876014,
nerve|immune|ADAM15|ITGA9,True,False,0.64033,
nerve|immune|AFDN|EPHB2,True,False,0.8033331,
nerve|immune|ALCAM|CHL1,True,False,0.8649822,
nerve|immune|AMH|EGFR,True,False,0.7708133,
nerve|immune|ANGPT1|ITGA5,True,False,0.7258008,
nerve|immune|ANGPT1|ITGB1,True,False,0.7782038,
nerve|immune|ANGPTL4|CDH11,True,False,0.63989836,
nerve|immune|ANGPTL4|SDC3,True,False,0.63319916,
nerve|immune|ANOS1|SDC2,True,False,0.683994,
nerve|immune|ANXA1|DYSF,True,False,0.61340445,
nerve|immune|ANXA1|EGFR,True,False,0.7973807,
nerve|immune|APOD|LEPR,True,False,0.6190388,
nerve|immune|APOE|ABCA1,True,False,0.9073947,
nerve|immune|APOE|LRP1,True,False,0.8688215,
nerve|immune|APOE|SCARB1,True,False,0.85667175,
nerve|immune|APOE|SDC2,True,False,0.81263775,
nerve|immune|APP|DCC,True,False,0.8143689,
nerve|immune|ARF1|PLD2,True,False,0.5983691,
nerve|immune|BCAN|EGFR,True,False,0.88681066,
nerve|immune|BCAN|NRCAM,True,False,0.8927184,
nerve|immune|BMP1|BMPR1A,True,False,0.6905631,
nerve|immune|BMP1|BMPR2,True,False,0.7718414,
nerve|immune|BMP6|ACVR1_ACVR2A,True,False,0.58780193,
nerve|immune|BMP6|ACVR1_BMPR2,True,False,0.64847547,
nerve|immune|BMP6|ACVR2A_BMPR1A,True,False,0.6089565,
nerve|immune|BMP6|BMPR1A_BMPR2,True,False,0.64081365,
nerve|immune|BMP7|ACVR1_ACVR2A,True,False,0.70645654,
nerve|immune|BMP7|ACVR1_BMPR2,True,False,0.7568883,
nerve|immune|BMP7|ACVR2A_BMPR1A,True,False,0.724377,
nerve|immune|BMP7|BMPR1A_BMPR2,True,False,0.75068086,
nerve|immune|BMP7|PTPRK,True,False,0.74123865,
nerve|immune|C3|C3AR1,True,False,0.7199339,
nerve|immune|C3|CD46,True,False,0.7306296,
nerve|immune|C3|CD81,True,False,0.737523,
nerve|immune|C3|CR1,True,False,0.7270898,
nerve|immune|C3|ITGAM,True,False,0.7500084,
nerve|immune|C3|ITGAX,True,False,0.8161198,
nerve|immune|C3|LRP1,True,False,0.7937285,
nerve|immune|C3|NRP1,True,False,0.8223577,
nerve|immune|C5|C5AR1,True,False,0.65243876,
nerve|immune|CALM1|CACNA1C,True,False,0.78809077,
nerve|immune|CALM1|KCNQ5,True,False,0.8075456,
nerve|immune|CALM1|PDE1C,True,False,0.7419604,
nerve|immune|CALM3|CACNA1C,True,False,0.6719496,
nerve|immune|CALM3|EGFR,True,False,0.7815043,
nerve|immune|CALM3|ESR1,True,False,0.6946901,
nerve|immune|CALM3|KCNQ5,True,False,0.697981,
nerve|immune|CCN1|ITGA5,True,False,0.67492974,
nerve|immune|CCN1|ITGAM,True,False,0.6885072,
nerve|immune|CCN1|ITGAV,True,False,0.78251284,
nerve|immune|CCN1|ITGB2,True,False,0.6790403,
nerve|immune|CCN1|ITGB5,True,False,0.6833929,
nerve|immune|CCN1|TLR2,True,False,0.77246,
nerve|immune|CCN1|TLR4,True,False,0.60569376,
nerve|immune|CD200|CD200R1,True,False,0.62485754,
nerve|immune|CD24|SIGLEC10,True,False,0.5624632,
nerve|immune|CD38|PECAM1,True,False,0.7515163,
nerve|immune|CD99|CD99L2,True,False,0.66960585,
nerve|immune|CDH1|EGFR,True,False,0.7888232,
nerve|immune|CDH1|ITGA2_ITGB1,True,False,0.607072,
nerve|immune|CDH1|PTPRM,True,False,0.7302384,
nerve|immune|CNTN1|NRCAM,True,False,0.90718764,
nerve|immune|CNTN1|PTPRZ1,True,False,0.9177582,
nerve|immune|CNTN2|NRCAM,True,False,0.89297634,
nerve|immune|CNTN3|PTPRG,True,False,0.82159156,
nerve|immune|CNTN4|PTPRG,True,False,0.86041313,
nerve|immune|CNTN6|NOTCH1,True,False,0.6491222,
nerve|immune|COL11A1|ITGA2_ITGB1,True,False,0.70042074,
nerve|immune|COL12A1|ITGA2_ITGB1,True,False,0.6725343,
nerve|immune|COL16A1|ITGA2_ITGB1,True,False,0.6647781,
nerve|immune|COL18A1|ITGA2_ITGB1,True,False,0.71940863,
nerve|immune|COL19A1|ITGA2_ITGB1,True,False,0.6709551,
nerve|immune|COL1A2|ITGA2_ITGB1,True,False,0.665782,
nerve|immune|COL1A2|ITGA9_ITGB1,True,False,0.7371686,
nerve|immune|COL1A2|ITGAV_ITGB8,True,False,0.75113195,
nerve|immune|COL20A1|ITGA2_ITGB1,True,False,0.72757345,
nerve|immune|COL21A1|ITGA1_ITGB1,True,False,0.76881427,
nerve|immune|COL21A1|ITGA2_ITGB1,True,False,0.656197,
nerve|immune|COL22A1|ITGA2_ITGB1,True,False,0.71431345,
nerve|immune|COL24A1|ITGA1_ITGB1,True,False,0.67975825,
nerve|immune|COL24A1|ITGA2_ITGB1,True,False,0.5491966,
nerve|immune|COL26A1|ITGA2_ITGB1,True,False,0.6959953,
nerve|immune|COL27A1|ITGA1_ITGB1,True,False,0.79617494,
nerve|immune|COL27A1|ITGA2_ITGB1,True,False,0.6915384,
nerve|immune|COL28A1|ITGA2_ITGB1,True,False,0.61992365,
nerve|immune|COL4A1|CD44,True,False,0.8393061,
nerve|immune|COL4A1|CD47,True,False,0.78607476,
nerve|immune|COL4A1|CD93,True,False,0.65132326,
nerve|immune|COL4A1|ITGA1_ITGB1,True,False,0.7763866,
nerve|immune|COL4A1|ITGA2_ITGB1,True,False,0.6658549,
nerve|immune|COL4A1|ITGA9_ITGB1,True,False,0.737232,
nerve|immune|COL4A2|ITGA2_ITGB1,True,False,0.70060253,
nerve|immune|COL4A2|ITGA9_ITGB1,True,False,0.76715285,
nerve|immune|COL4A2|ITGAV_ITGB8,True,False,0.7799986,
nerve|immune|COL4A5|ITGA2_ITGB1,True,False,0.7774468,
nerve|immune|COL4A5|ITGA9_ITGB1,True,False,0.83103544,
nerve|immune|COL4A5|ITGAV_ITGB8,True,False,0.841087,
nerve|immune|COL4A6|CD44,True,False,0.8036569,
nerve|immune|COL4A6|CD47,True,False,0.742243,
nerve|immune|COL4A6|CD93,True,False,0.5941372,
nerve|immune|COL4A6|ITGA1_ITGB1,True,False,0.7312485,
nerve|immune|COL4A6|ITGA2_ITGB1,True,False,0.6096237,
nerve|immune|COL4A6|ITGA9_ITGB1,True,False,0.68737274,
nerve|immune|COL5A1|ITGA2_ITGB1,True,False,0.6394038,
nerve|immune|COL5A2|ITGA1_ITGB1,True,False,0.772014,
nerve|immune|COL5A2|ITGA2_ITGB1,True,False,0.66026664,
nerve|immune|COL5A3|ITGA2_ITGB1,True,False,0.64599645,
nerve|immune|COL6A1|ITGA2_ITGB1,True,False,0.6475181,
nerve|immune|COL6A1|ITGA9_ITGB1,True,False,0.7211719,
nerve|immune|COL6A2|ITGA2_ITGB1,True,False,0.6607977,
nerve|immune|COL6A2|ITGA9_ITGB1,True,False,0.7328216,
nerve|immune|COL6A2|ITGAV_ITGB8,True,False,0.7469366,
nerve|immune|COL7A1|ITGA1_ITGB1,True,False,0.7086444,
nerve|immune|COL7A1|ITGA2_ITGB1,True,False,0.58262855,
nerve|immune|COL8A1|ITGA1_ITGB1,True,False,0.83957,
nerve|immune|COL8A1|ITGA2_ITGB1,True,False,0.7502219,
nerve|immune|COL9A1|ITGA2_ITGB1,True,False,0.62585723,
nerve|immune|COL9A1|ITGA9_ITGB1,True,False,0.7019539,
nerve|immune|COL9A2|ITGA2_ITGB1,True,False,0.5780609,
nerve|immune|COL9A2|ITGA9_ITGB1,True,False,0.6585756,
nerve|immune|COL9A3|ITGA2_ITGB1,True,False,0.6251374,
nerve|immune|COL9A3|ITGA9_ITGB1,True,False,0.7013106,
nerve|immune|CTHRC1|ROR2,True,False,0.5975438,
nerve|immune|CX3CL1|CX3CR1,True,False,0.6371913,
nerve|immune|CX3CL1|ITGAV,True,False,0.7512534,
nerve|immune|CXCL14|CXCR4,True,False,0.75332516,
nerve|immune|CXCL8|SDC2,True,False,0.69789445,
nerve|immune|CXCL8|SDC3,True,False,0.6858676,
nerve|immune|DSCAM|DCC,True,False,0.8220508,
nerve|immune|EFEMP1|EGFR,True,False,0.8445085,
nerve|immune|EFNA1|EPHA3,True,False,0.5582875,
nerve|immune|EFNA5|EPHA3,True,False,0.79015344,
nerve|immune|EFNA5|EPHB2,True,False,0.82129544,
nerve|immune|EFNB2|EPHA3,True,False,0.5575832,
nerve|immune|EFNB2|EPHB2,True,False,0.6060307,
nerve|immune|EGF|AXL,True,False,0.69009435,
nerve|immune|EGF|NRP1,True,False,0.7386834,
nerve|immune|EGF|PLD2,True,False,0.5340337,
nerve|immune|ENTPD1|TMIGD3,True,False,0.5395053,
nerve|immune|F13A1|ITGA9,True,False,0.710203,
nerve|immune|FAM3C|ADGRG5,True,False,0.7145808,
nerve|immune|FAM3C|LIFR,True,False,0.69253576,
nerve|immune|FARP2|PLXNA3,True,False,0.7065865,
nerve|immune|FARP2|PLXNA4,True,False,0.76925135,
nerve|immune|FGF13|EGFR,True,False,0.8735672,
nerve|immune|FGF1|EGFR,True,False,0.8526024,
nerve|immune|FGFR3|EPHA4,True,False,0.6454441,
nerve|immune|FN1|ITGA2,True,False,0.69496036,
nerve|immune|FN1|ITGA9,True,False,0.7623393,
nerve|immune|FN1|ITGAV_ITGB8,True,False,0.77537286,
nerve|immune|FSTL1|DIP2A,True,False,0.76233375,
nerve|immune|FSTL5|CHL1,True,False,0.8467091,
nerve|immune|GDF11|ACVR1B_ACVR2A,True,False,0.5626138,
nerve|immune|GDF11|ACVR2A_TGFBR1,True,False,0.6143437,
nerve|immune|GDF11|BMPR1A,True,False,0.646017,
nerve|immune|GDF11|BMPR2,True,False,0.7344975,
nerve|immune|GNAI2|EGFR,True,False,0.81242394,
nerve|immune|GNAS|ADCY9,True,False,0.7312466,
nerve|immune|GRN|EGFR,True,False,0.7581974,
nerve|immune|GRN|TNFRSF1A,True,False,0.61522436,
nerve|immune|GSTP1|EGFR,True,False,0.7963523,
nerve|immune|HLA-B|CD8A,True,False,0.73862,
nerve|immune|HLA-B|KLRD1,True,False,0.7906364,
nerve|immune|HLA-B|LILRB1,True,False,0.7616849,
nerve|immune|HLA-DRA|CD4,True,False,0.6835899,
nerve|immune|HLA-DRB1|CD4,True,False,0.6742407,
nerve|immune|HSPG2|ITGA2,True,False,0.5385398,
nerve|immune|HSPG2|ITGB1,True,False,0.6833524,
nerve|immune|HSPG2|LRP1,True,False,0.68973607,
nerve|immune|ICAM1|EGFR,True,False,0.8203435,
nerve|immune|ICAM1|IL2RA,True,False,0.6684153,
nerve|immune|IGF1|IGF1R,True,False,0.74615735,
nerve|immune|IGF1|IGF2R,True,False,0.8012594,
nerve|immune|IGF1|INSR,True,False,0.7311583,
nerve|immune|IL1RAPL1|PTPRD,True,False,0.8767408,
nerve|immune|IL34|PTPRZ1,True,False,0.78695315,
nerve|immune|IL6|HRH1,True,False,0.5846581,
nerve|immune|IL6|IL6R_IL6ST,True,False,0.726169,
nerve|immune|IL7|IL2RG_IL7R,True,False,0.6054153,
nerve|immune|JAG1|NOTCH1,True,False,0.696953,
nerve|immune|LAMA1|CD44,True,False,0.8387399,
nerve|immune|LAMA1|ITGA1,True,False,0.77565795,
nerve|immune|LAMA1|ITGA2_ITGB1,True,False,0.6649215,
nerve|immune|LAMA1|ITGA6_ITGB1,True,False,0.67272496,
nerve|immune|LAMA1|ITGA9_ITGB1,True,False,0.736419,
nerve|immune|LAMA1|RPSA,True,False,0.80946016,
nerve|immune|LAMA1|SDC2,True,False,0.7122603,
nerve|immune|LAMA2|ITGA2_ITGB1,True,False,0.7604809,
nerve|immune|LAMA2|ITGA9_ITGB1,True,False,0.8171942,
nerve|immune|LAMA2|ITGAV_ITGB8,True,False,0.8278986,
nerve|immune|LAMA3|CD44,True,False,0.8121317,
nerve|immune|LAMA3|ITGA2_ITGB1,True,False,0.62254,
nerve|immune|LAMA3|ITGA6_ITGB1,True,False,0.6307825,
nerve|immune|LAMA3|ITGA9_ITGB1,True,False,0.6989869,
nerve|immune|LAMA3|ITGAV_ITGB8,True,False,0.7141922,
nerve|immune|LAMA3|SDC2,True,False,0.67292106,
nerve|immune|LAMA4|ITGA2_ITGB1,True,False,0.7017476,
nerve|immune|LAMA4|ITGA9_ITGB1,True,False,0.7681276,
nerve|immune|LAMA4|ITGAV_ITGB8,True,False,0.780935,
nerve|immune|LAMA5|CD44,True,False,0.8247591,
nerve|immune|LAMA5|ITGA2_ITGB1,True,False,0.6422979,
nerve|immune|LAMA5|ITGA6_ITGB1,True,False,0.6503513,
nerve|immune|LAMA5|ITGA9_ITGB1,True,False,0.71656513,
nerve|immune|LAMB1|ITGA2_ITGB1,True,False,0.6414144,
nerve|immune|LAMB1|ITGA9_ITGB1,True,False,0.7157839,
nerve|immune|LAMB2|CD44,True,False,0.77362764,
nerve|immune|LAMB2|ITGA2_ITGB1,True,False,0.5659465,
nerve|immune|LAMB2|ITGA6_ITGB1,True,False,0.57458025,
nerve|immune|LAMB2|ITGA9_ITGB1,True,False,0.64736265,
nerve|immune|LAMB2|RPSA,True,False,0.7362433,
nerve|immune|LAMC1|ITGA2_ITGB1,True,False,0.74294585,
nerve|immune|LAMC1|ITGA9_ITGB1,True,False,0.8027342,
nerve|immune|LAMC1|ITGAV_ITGB8,True,False,0.8140927,
nerve|immune|LGI2|ADAM23,True,False,0.6230981,
nerve|immune|LGI3|ADAM23,True,False,0.64589447,
nerve|immune|LGI4|ADAM23,True,False,0.66796654,
nerve|immune|LRIG1|EGFR,True,False,0.88223886,
nerve|immune|LRIG2|EGFR,True,False,0.8317719,
nerve|immune|MDK|PTPRZ1,True,False,0.8323215,
nerve|immune|NAMPT|INSR,True,False,0.8169579,
nerve|immune|NAMPT|ITGA5_ITGB1,True,False,0.8293083,
nerve|immune|NCAM1|CACNA1C,True,False,0.8539014,
nerve|immune|NCAM1|NCAM2,True,False,0.87648535,
nerve|immune|NCAM1|PTPRZ1,True,False,0.92523634,
nerve|immune|NCAM1|ROBO1,True,False,0.85236526,
nerve|immune|NCAN|CDH2,True,False,0.78467214,
nerve|immune|NID1|ITGAV,True,False,0.76419944,
nerve|immune|NID1|ITGB1,True,False,0.7125595,
nerve|immune|NLGN1|NRXN1,True,False,0.9171182,
nerve|immune|NLGN1|NRXN3,True,False,0.8912648,
nerve|immune|NLGN4X|NRXN1,True,False,0.89184356,
nerve|immune|NRG1|EGFR,True,False,0.89016145,
nerve|immune|NRG1|HLA-DPB1,True,False,0.8537022,
nerve|immune|NRG3|EGFR,True,False,0.92165715,
nerve|immune|NRXN1|NLGN1,True,False,0.93214566,
nerve|immune|NRXN2|NLGN1,True,False,0.88081,
nerve|immune|NRXN3|NLGN1,True,False,0.93589395,
nerve|immune|NTN1|DCC,True,False,0.7480721,
nerve|immune|NTN1|DSCAM,True,False,0.8419964,
nerve|immune|NTN1|NEO1,True,False,0.7318907,
nerve|immune|NTN1|UNC5C,True,False,0.7811237,
nerve|immune|NTNG1|LRRC4C,True,False,0.7895687,
nerve|immune|NTRK3|PTPRD,True,False,0.84938216,
nerve|immune|NXPH1|NRXN1,True,False,0.88640594,
nerve|immune|NXPH1|NRXN3,True,False,0.8525132,
nerve|immune|OLFM2|ROBO2,True,False,0.815956,
nerve|immune|PLTP|ABCA1,True,False,0.8065068,
nerve|immune|PRSS3|F2R,True,False,0.53514165,
nerve|immune|PSAP|CELSR1,True,False,0.7518593,
nerve|immune|PTGS2|ALOX5,True,False,0.71477604,
nerve|immune|PTN|PTPRZ1,True,False,0.9243505,
nerve|immune|RARRES1|NRP2,True,False,0.6607942,
nerve|immune|RGMA|BMPR2,True,False,0.86056715,
nerve|immune|RGMA|NEO1,True,False,0.7417117,
nerve|immune|RIMS1|CACNA1C,True,False,0.8390577,
nerve|immune|SEMA3A|NRP1_PLXNA3,True,False,0.71759224,
nerve|immune|SEMA3A|NRP1_PLXNA4,True,False,0.71346176,
nerve|immune|SEMA3B|NRP1_PLXNA3,True,False,0.6691785,
nerve|immune|SEMA3B|NRP1_PLXNA4,True,False,0.6646708,
nerve|immune|SEMA3B|NRP2_PLXNA3,True,False,0.6691785,
nerve|immune|SEMA3B|NRP2_PLXNA4,True,False,0.68820536,
nerve|immune|SEMA3C|NRP1_PLXNA3,True,False,0.70993,
nerve|immune|SEMA3C|NRP1_PLXNA4,True,False,0.70573336,
nerve|immune|SEMA3C|NRP2_PLXNA3,True,False,0.70993,
nerve|immune|SEMA3C|NRP2_PLXNA4,True,False,0.72756726,
nerve|immune|SEMA4A|NRP1_PLXNA3,True,False,0.54888904,
nerve|immune|SEMA4A|PLXNB2,True,False,0.6059534,
nerve|immune|SEMA4A|PLXND1,True,False,0.6887359,
nerve|immune|SEMA4F|NRP2,True,False,0.7131234,
nerve|immune|SEMA5A|PLXNA3,True,False,0.7855857,
nerve|immune|SEMA5B|PLXNA3,True,False,0.70646846,
nerve|immune|SEMA6A|PLXNA4,True,False,0.7871835,
nerve|immune|SEMA6B|PLXNA4,True,False,0.719698,
nerve|immune|SLIT1|ROBO1,True,False,0.77589446,
nerve|immune|SLIT1|ROBO2,True,False,0.819135,
nerve|immune|SLIT2|DCC,True,False,0.7589722,
nerve|immune|SLIT2|ROBO1,True,False,0.8012261,
nerve|immune|SLIT2|ROBO2,True,False,0.84058326,
nerve|immune|SLIT3|ROBO1,True,False,0.80338997,
nerve|immune|SLIT3|ROBO2,True,False,0.84240294,
nerve|immune|SPON1|APP,True,False,0.84742993,
nerve|immune|SPP1|ITGA9_ITGB1,True,False,0.8357685,
nerve|immune|ST6GAL1|EGFR,True,False,0.85801315,
nerve|immune|TGFB1|ACVR1B_TGFBR2,True,False,0.54782176,
nerve|immune|TGFB1|ACVR1_TGFBR1_TGFBR2,True,False,0.6399441,
nerve|immune|TGFB1|ACVR1_TGFBR2,True,False,0.6399441,
nerve|immune|TGFB1|EGFR,True,False,0.7489978,
nerve|immune|TGFB1|ITGB5,True,False,0.64158213,
nerve|immune|TGFB1|LPP,True,False,0.77618814,
nerve|immune|TGFB1|TGFBR1_TGFBR2,True,False,0.7273288,
nerve|immune|TGFB2|ACVR1B_TGFBR2,True,False,0.6542228,
nerve|immune|TGFB2|ACVR1_TGFBR1_TGFBR2,True,False,0.73514813,
nerve|immune|TGFB2|ACVR1_TGFBR2,True,False,0.73514813,
nerve|immune|TGFB2|ENG,True,False,0.7328735,
nerve|immune|TGFB2|TGFBR1_TGFBR2,True,False,0.8064166,
nerve|immune|TGFB2|TGFBR3,True,False,0.7201479,
nerve|immune|TGM2|ADGRG1,True,False,0.54914176,
nerve|immune|TGM2|ITGA4,True,False,0.73232853,
nerve|immune|TGM2|ITGA9,True,False,0.6360311,
nerve|immune|TGM2|ITGB1,True,False,0.6965241,
nerve|immune|TNC|EGFR,True,False,0.89739364,
nerve|immune|TNC|ITGA2,True,False,0.7834302,
nerve|immune|TNC|ITGA9_ITGB1,True,False,0.83588225,
nerve|immune|TNC|PTPRZ1,True,False,0.9138314,
nerve|immune|TNFSF10|RIPK1,True,False,0.59319913,
nerve|immune|TNFSF10|TNFRSF10A,True,False,0.5207191,
nerve|immune|TNFSF10|TNFRSF10B,True,False,0.6086469,
nerve|immune|TNFSF10|TNFRSF10D,True,False,0.53925294,
nerve|immune|TNR|ITGA9_ITGB1,True,False,0.84224397,
nerve|immune|VCAM1|ITGA4_ITGB1,True,False,0.7254834,
nerve|immune|VCAM1|ITGA9_ITGB1,True,False,0.6680116,
nerve|immune|VCAM1|ITGAD_ITGB2,True,False,0.5424043,
nerve|immune|VCAN|EGFR,True,False,0.8990317,
nerve|immune|VEGFA|EGFR,True,False,0.91962457,
nerve|immune|VEGFA|EPHB2,True,False,0.84169775,
nerve|immune|VEGFA|ITGA9,True,False,0.8695024,
nerve|immune|YBX1|NOTCH1,True,False,0.663149,
nerve|tumor|A2M|LRP1,True,False,0.8350967,
nerve|tumor|ACTR2|LDLR,True,False,0.5897777,
nerve|tumor|ADAM10|AXL,True,False,0.69564825,
nerve|tumor|ADAM10|EPHA3,True,False,0.7830847,
nerve|tumor|ADAM12|ITGA9,True,False,0.6507408,
nerve|tumor|ADAM15|ITGA9,True,False,0.47217038,
nerve|tumor|ADAM17|ITGB1,True,False,0.7341598,
nerve|tumor|ADAM9|ITGB1,True,False,0.74658775,
nerve|tumor|ADAM9|ITGB5,True,False,0.63751566,
nerve|tumor|ADM|ADCYAP1R1,True,False,0.5742688,
nerve|tumor|ANGPT1|ITGB1,True,False,0.6861857,
nerve|tumor|ANOS1|FGFR1,True,False,0.6835736,
nerve|tumor|ANOS1|SDC2,True,False,0.5883189,
nerve|tumor|ANXA1|GRM7,True,False,0.6478346,
nerve|tumor|APOD|LEPR,True,False,0.5593934,
nerve|tumor|APOE|ABCA1,True,False,0.85066223,
nerve|tumor|APOE|LDLR,True,False,0.6837448,
nerve|tumor|APOE|LRP1,True,False,0.86047995,
nerve|tumor|APOE|LRP4,True,False,0.7798745,
nerve|tumor|APOE|LRP5,True,False,0.7324861,
nerve|tumor|APOE|LRP6,True,False,0.8413033,
nerve|tumor|APOE|LRP8,True,False,0.7418732,
nerve|tumor|APOE|SCARB1,True,False,0.7444001,
nerve|tumor|APOE|SDC2,True,False,0.74117285,
nerve|tumor|APOE|SORL1,True,False,0.8304412,
nerve|tumor|APP|CD74,True,False,0.79527164,
nerve|tumor|ARPC5|LDLR,True,False,0.507795,
nerve|tumor|B2M|KLRD1,True,False,0.678572,
nerve|tumor|BMP6|ACVR1_ACVR2A,True,False,0.5259625,
nerve|tumor|BMP6|ACVR1_ACVR2B,True,False,0.44749957,
nerve|tumor|BMP6|ACVR1_BMPR2,True,False,0.5259625,
nerve|tumor|BMP6|ACVR2A_BMPR1A,True,False,0.5838829,
nerve|tumor|BMP6|ACVR2A_BMPR1B,True,False,0.5838829,
nerve|tumor|BMP6|ACVR2B_BMPR1A,True,False,0.44749957,
nerve|tumor|BMP6|ACVR2B_BMPR1B,True,False,0.44749957,
nerve|tumor|BMP6|BMPR1A_BMPR2,True,False,0.65820116,
nerve|tumor|BMP6|BMPR1B_BMPR2,True,False,0.6562919,
nerve|tumor|BMP7|ACTR2,True,False,0.72945917,
nerve|tumor|BMP7|ACVR1B,True,False,0.6171317,
nerve|tumor|BMP7|ACVR1_ACVR2A,True,False,0.65187544,
nerve|tumor|BMP7|ACVR1_ACVR2B,True,False,0.57751274,
nerve|tumor|BMP7|ACVR1_BMPR2,True,False,0.65187544,
nerve|tumor|BMP7|ACVR2B_BMPR1A,True,False,0.57751274,
nerve|tumor|BMP7|ACVR2B_BMPR1B,True,False,0.57751274,
nerve|tumor|BSG|SLC16A7,True,False,0.6033582,
nerve|tumor|C3|CD81,True,False,0.6726189,
nerve|tumor|C3|GRM7,True,False,0.69539934,
nerve|tumor|C3|LRP1,True,False,0.781811,
nerve|tumor|C5|C5AR1,True,False,0.4988363,
nerve|tumor|C5|GRM7,True,False,0.5993953,
nerve|tumor|CALM1|ADCYAP1R1,True,False,0.6361299,
nerve|tumor|CALM1|FAS,True,False,0.6496193,
nerve|tumor|CALM1|GRM5,True,False,0.6964815,
nerve|tumor|CALM1|GRM7,True,False,0.7522082,
nerve|tumor|CALM1|PDE1A,True,False,0.6797227,
nerve|tumor|CALM1|RYR2,True,False,0.6634223,
nerve|tumor|CALM3|ESR1,True,False,0.5240296,
nerve|tumor|CALM3|GRM5,True,False,0.5582741,
nerve|tumor|CALM3|GRM7,True,False,0.6257403,
nerve|tumor|CALM3|PDE1A,True,False,0.53893584,
nerve|tumor|CALM3|RYR2,True,False,0.52052444,
nerve|tumor|CALR|ITGA2B,True,False,0.51870894,
nerve|tumor|CCN1|CAV1,True,False,0.4743634,
nerve|tumor|CCN1|ITGAV,True,False,0.7234285,
nerve|tumor|CCN1|ITGB5,True,False,0.50589854,
nerve|tumor|CD99|CD81,True,False,0.68212056,
nerve|tumor|CD99|CD99L2,True,False,0.68479013,
nerve|tumor|CD99|PILRA,True,False,0.56394166,
nerve|tumor|CDH1|ITGA2_ITGB1,True,False,0.6403525,
nerve|tumor|CDH1|LRP5,True,False,0.54887736,
nerve|tumor|CDH1|PTPRM,True,False,0.6436745,
nerve|tumor|CLEC11A|ITGB1,True,False,0.5951579,
nerve|tumor|CNTN6|NOTCH1,True,False,0.6394412,
nerve|tumor|CNTN6|PTPRG,True,False,0.79281497,
nerve|tumor|COL11A1|DDR1,True,False,0.7137071,
nerve|tumor|COL11A1|ITGA2_ITGB1,True,False,0.72932005,
nerve|tumor|COL12A1|ITGA2_ITGB1,True,False,0.70298296,
nerve|tumor|COL16A1|ITGA2_ITGB1,True,False,0.6956215,
nerve|tumor|COL18A1|GPC4,True,False,0.6411827,
nerve|tumor|COL18A1|ITGA2_ITGB1,True,False,0.74713755,
nerve|tumor|COL18A1|ITGB5,True,False,0.63818747,
nerve|tumor|COL19A1|ITGA2_ITGB1,True,False,0.7014854,
nerve|tumor|COL1A2|ITGA2B,True,False,0.5396911,
nerve|tumor|COL1A2|ITGA2_ITGB1,True,False,0.6965753,
nerve|tumor|COL1A2|ITGA9_ITGB1,True,False,0.5849369,
nerve|tumor|COL20A1|ITGA2_ITGB1,True,False,0.75477046,
nerve|tumor|COL21A1|ITGA2_ITGB1,True,False,0.68745875,
nerve|tumor|COL22A1|ITGA2_ITGB1,True,False,0.74236554,
nerve|tumor|COL24A1|ITGA2_ITGB1,True,False,0.58402014,
nerve|tumor|COL26A1|ITGA2_ITGB1,True,False,0.7251539,
nerve|tumor|COL27A1|ITGA2_ITGB1,True,False,0.7209531,
nerve|tumor|COL28A1|ITGA2_ITGB1,True,False,0.6527383,
nerve|tumor|COL4A1|CD44,True,False,0.752562,
nerve|tumor|COL4A1|CD47,True,False,0.69361657,
nerve|tumor|COL4A1|ITGA2_ITGB1,True,False,0.6966444,
nerve|tumor|COL4A1|ITGA3_ITGB1,True,False,0.65888387,
nerve|tumor|COL4A1|ITGA9_ITGB1,True,False,0.5850164,
nerve|tumor|COL4A1|ITGAV_ITGB8,True,False,0.7778893,
nerve|tumor|COL4A2|ITGA2_ITGB1,True,False,0.7294911,
nerve|tumor|COL4A2|ITGA9_ITGB1,True,False,0.6234161,
nerve|tumor|COL4A2|ITGB5,True,False,0.61683697,
nerve|tumor|COL4A5|ITGA2_ITGB1,True,False,0.8010265,
nerve|tumor|COL4A5|ITGA9_ITGB1,True,False,0.71192545,
nerve|tumor|COL4A6|CD44,True,False,0.7044454,
nerve|tumor|COL4A6|CD47,True,False,0.63952804,
nerve|tumor|COL4A6|ITGA2_ITGB1,True,False,0.6428152,
nerve|tumor|COL4A6|ITGA3_ITGB1,True,False,0.6021805,
nerve|tumor|COL4A6|ITGA9_ITGB1,True,False,0.5248882,
nerve|tumor|COL4A6|ITGAV_ITGB8,True,False,0.7329502,
nerve|tumor|COL5A1|ITGA2_ITGB1,True,False,0.67142797,
nerve|tumor|COL5A2|DDR1,True,False,0.67450637,
nerve|tumor|COL5A2|ITGA2_ITGB1,True,False,0.69133246,
nerve|tumor|COL5A3|ITGA2_ITGB1,True,False,0.6777302,
nerve|tumor|COL6A1|ITGA2_ITGB1,True,False,0.6791832,
nerve|tumor|COL6A1|ITGA9_ITGB1,True,False,0.56514066,
nerve|tumor|COL6A2|ITGA2_ITGB1,True,False,0.6918376,
nerve|tumor|COL6A2|ITGA9_ITGB1,True,False,0.5795083,
nerve|tumor|COL7A1|ITGA2_ITGB1,True,False,0.61667204,
nerve|tumor|COL8A1|ITGA2_ITGB1,True,False,0.7758545,
nerve|tumor|COL9A1|ITGA2_ITGB1,True,False,0.6584418,
nerve|tumor|COL9A1|ITGA9_ITGB1,True,False,0.54199815,
nerve|tumor|COL9A2|ITGA2_ITGB1,True,False,0.612229,
nerve|tumor|COL9A2|ITGA9_ITGB1,True,False,0.49218136,
nerve|tumor|COL9A3|ITGA2_ITGB1,True,False,0.65775037,
nerve|tumor|COL9A3|ITGA9_ITGB1,True,False,0.5412352,
nerve|tumor|COPA|CD74,True,False,0.741899,
nerve|tumor|CP|SLC40A1,True,False,0.6092992,
nerve|tumor|CTHRC1|FZD6,True,False,0.5905773,
nerve|tumor|CX3CL1|ITGAV,True,False,0.6870729,
nerve|tumor|CXCL2|DPP4,True,False,0.5169638,
nerve|tumor|CXCL2|GRM7,True,False,0.5993391,
nerve|tumor|CXCL8|GRM7,True,False,0.67668194,
nerve|tumor|CXCL8|SDC2,True,False,0.6039912,
nerve|tumor|CXCL8|SDC3,True,False,0.6648432,
nerve|tumor|DKK3|KREMEN1,True,False,0.5564647,
nerve|tumor|DLL1|NOTCH3,True,False,0.5249639,
nerve|tumor|DLL3|NOTCH3,True,False,0.51382315,
nerve|tumor|DNAJB11|PRTG,True,False,0.51970637,
nerve|tumor|DRAXIN|DCC,True,False,0.7888223,
nerve|tumor|EDIL3|ITGB5,True,False,0.75104696,
nerve|tumor|EFEMP1|EGFR,True,False,0.85437495,
nerve|tumor|EFEMP2|PLSCR4,True,False,0.5532516,
nerve|tumor|EFNA1|EPHA3,True,False,0.6187092,
nerve|tumor|EFNA1|EPHA5,True,False,0.55115855,
nerve|tumor|EFNA1|EPHA6,True,False,0.6076685,
nerve|tumor|EFNA5|EPHA3,True,False,0.8285959,
nerve|tumor|EFNA5|EPHA5,True,False,0.78532773,
nerve|tumor|EFNA5|EPHA6,True,False,0.8218831,
nerve|tumor|EFNB2|EPHA3,True,False,0.6180353,
nerve|tumor|EFNB2|EPHA6,True,False,0.6069875,
nerve|tumor|EFNB2|GRM5,True,False,0.5390966,
nerve|tumor|EFNB2|RHBDL2,True,False,0.43556526,
nerve|tumor|EGF|AXL,True,False,0.4799681,
nerve|tumor|EGF|CAV1,True,False,0.42790705,
nerve|tumor|EGF|ERBB4,True,False,0.72048765,
nerve|tumor|EGF|LDLR,True,False,0.43407068,
nerve|tumor|EGF|RHBDL2,True,False,0.41011402,
nerve|tumor|EGF|TNFRSF11B,True,False,0.42291647,
nerve|tumor|F13A1|ITGA9,True,False,0.55184793,
nerve|tumor|F13A1|ITGB1,True,False,0.6673244,
nerve|tumor|FAM3C|CLEC2D,True,False,0.68776196,
nerve|tumor|FAM3C|GLRA2,True,False,0.67462474,
nerve|tumor|FAM3C|LAMP1,True,False,0.6885485,
nerve|tumor|FAT4|DCHS1,True,False,0.48616138,
nerve|tumor|FGF12|FGFR2,True,False,0.80608886,
nerve|tumor|FGF13|FGFR2,True,False,0.7317937,
nerve|tumor|FGF14|FGFR2,True,False,0.8161025,
nerve|tumor|FGF1|FGFR2,True,False,0.6955143,
nerve|tumor|FGF1|TGFBR3,True,False,0.6034519,
nerve|tumor|FGF2|CD44,True,False,0.76019806,
nerve|tumor|FGF2|FGFR2,True,False,0.66477156,
nerve|tumor|FGF2|GPC4,True,False,0.59143704,
nerve|tumor|FGFR3|EPHA4,True,False,0.6895447,
nerve|tumor|FN1|C5AR1,True,False,0.6313863,
nerve|tumor|FN1|DPP4,True,False,0.6481548,
nerve|tumor|FN1|ITGA2,True,False,0.74841774,
nerve|tumor|FN1|ITGA9,True,False,0.61711425,
nerve|tumor|FN1|TNFRSF11B,True,False,0.575112,
nerve|tumor|FSTL1|DIP2A,True,False,0.702963,
nerve|tumor|FSTL5|SDK2,True,False,0.66350496,
nerve|tumor|GAS6|TYRO3,True,False,0.4377613,
nerve|tumor|GDF11|ACVR1B_ACVR2A,True,False,0.49418065,
nerve|tumor|GDF11|ACVR1B_ACVR2B,True,False,0.4531135,
nerve|tumor|GDF11|ACVR2B_TGFBR1,True,False,0.4531135,
nerve|tumor|GNAI2|C5AR1,True,False,0.5738969,
nerve|tumor|HLA-B|KLRD1,True,False,0.60479784,
nerve|tumor|HMGB1|HAVCR2,True,False,0.6945198,
nerve|tumor|HSPA8|LDLR,True,False,0.5289417,
nerve|tumor|HSPG2|DAG1,True,False,0.52759767,
nerve|tumor|HSPG2|FGFR1,True,False,0.5923297,
nerve|tumor|HSPG2|ITGA2,True,False,0.6037809,
nerve|tumor|HSPG2|ITGB1,True,False,0.5735473,
nerve|tumor|HSPG2|LRP1,True,False,0.674276,
nerve|tumor|IGF1|IGF1R,True,False,0.78390795,
nerve|tumor|IGF1|IGF2R,True,False,0.6936136,
nerve|tumor|IGF1|INSR,True,False,0.73262924,
nerve|tumor|IGF1|ITGA6_ITGB4,True,False,0.5980013,
nerve|tumor|IL34|PTPRZ1,True,False,0.79959905,
nerve|tumor|IL6|F3,True,False,0.61473864,
nerve|tumor|IL6|HRH1,True,False,0.62427306,
nerve|tumor|INHBA|ACTR2,True,False,0.6265165,
nerve|tumor|INHBA|TGFBR3,True,False,0.46107337,
nerve|tumor|ITGB3BP|ITGB5,True,False,0.59521174,
nerve|tumor|JAG1|CD46,True,False,0.71473867,
nerve|tumor|JAG1|NOTCH3,True,False,0.56679344,
nerve|tumor|JAM2|ITGAV_ITGB1,True,False,0.69197875,
nerve|tumor|KITLG|LRRN3,True,False,0.65340745,
nerve|tumor|LAMA1|CD44,True,False,0.75178045,
nerve|tumor|LAMA1|DAG1,True,False,0.65505654,
nerve|tumor|LAMA1|GPC1,True,False,0.618111,
nerve|tumor|LAMA1|ITGA2_ITGB1,True,False,0.69575775,
nerve|tumor|LAMA1|ITGA3_ITGB1,True,False,0.65794104,
nerve|tumor|LAMA1|ITGA6_ITGB1,True,False,0.5817658,
nerve|tumor|LAMA1|ITGA6_ITGB4,True,False,0.5817658,
nerve|tumor|LAMA1|ITGA7_ITGB1,True,False,0.69575775,
nerve|tumor|LAMA1|ITGA9_ITGB1,True,False,0.5839982,
nerve|tumor|LAMA1|ITGAV_ITGB8,True,False,0.77716416,
nerve|tumor|LAMA1|NT5E,True,False,0.560928,
nerve|tumor|LAMA1|RPSA,True,False,0.6485534,
nerve|tumor|LAMA1|SDC2,True,False,0.6203936,
nerve|tumor|LAMA2|ITGA2_ITGB1,True,False,0.7853618,
nerve|tumor|LAMA2|ITGA6_ITGB4,True,False,0.689983,
nerve|tumor|LAMA2|ITGA9_ITGB1,True,False,0.6919437,
nerve|tumor|LAMA3|CD44,True,False,0.71568763,
nerve|tumor|LAMA3|DAG1,True,False,0.61215514,
nerve|tumor|LAMA3|ITGA2_ITGB1,True,False,0.65525436,
nerve|tumor|LAMA3|ITGA3_ITGB1,True,False,0.61518764,
nerve|tumor|LAMA3|ITGA6_ITGB1,True,False,0.53620297,
nerve|tumor|LAMA3|ITGA6_ITGB4,True,False,0.53620297,
nerve|tumor|LAMA3|ITGA7_ITGB1,True,False,0.65525436,
nerve|tumor|LAMA3|ITGA9_ITGB1,True,False,0.53848565,
nerve|tumor|LAMA3|ITGAV_ITGB8,True,False,0.743503,
nerve|tumor|LAMA3|SDC2,True,False,0.5759717,
nerve|tumor|LAMA4|ITGA2_ITGB1,True,False,0.7305682,
nerve|tumor|LAMA4|ITGA6_ITGB4,True,False,0.62254304,
nerve|tumor|LAMA4|ITGA9_ITGB1,True,False,0.6246983,
nerve|tumor|LAMA5|CD44,True,False,0.7326636,
nerve|tumor|LAMA5|DAG1,True,False,0.63213545,
nerve|tumor|LAMA5|ITGA2_ITGB1,True,False,0.67419606,
nerve|tumor|LAMA5|ITGA3_ITGB1,True,False,0.63510484,
nerve|tumor|LAMA5|ITGA6_ITGB1,True,False,0.5572662,
nerve|tumor|LAMA5|ITGA6_ITGB4,True,False,0.5572662,
nerve|tumor|LAMA5|ITGA7_ITGB1,True,False,0.67419606,
nerve|tumor|LAMA5|ITGA9_ITGB1,True,False,0.5595304,
nerve|tumor|LAMA5|ITGAV_ITGB8,True,False,0.75937647,
nerve|tumor|LAMB1|ITGA2_ITGB1,True,False,0.6733512,
nerve|tumor|LAMB1|ITGA6_ITGB4,True,False,0.5563177,
nerve|tumor|LAMB1|ITGA9_ITGB1,True,False,0.5585829,
nerve|tumor|LAMB2|CD44,True,False,0.66555715,
nerve|tumor|LAMB2|DAG1,True,False,0.5551173,
nerve|tumor|LAMB2|ITGA2_ITGB1,True,False,0.6004175,
nerve|tumor|LAMB2|ITGA3_ITGB1,True,False,0.5582739,
nerve|tumor|LAMB2|ITGA6_ITGB1,True,False,0.47752863,
nerve|tumor|LAMB2|ITGA6_ITGB4,True,False,0.47752863,
nerve|tumor|LAMB2|ITGA7_ITGB1,True,False,0.6004175,
nerve|tumor|LAMB2|ITGA9_ITGB1,True,False,0.47982,
nerve|tumor|LAMB2|ITGAV_ITGB8,True,False,0.696195,
nerve|tumor|LAMB2|RPSA,True,False,0.54802996,
nerve|tumor|LAMC1|ITGA2_ITGB1,True,False,0.7690953,
nerve|tumor|LAMC1|ITGA6_ITGB4,True,False,0.66952974,
nerve|tumor|LAMC1|ITGA9_ITGB1,True,False,0.67155814,
nerve|tumor|LGI2|ADAM22,True,False,0.6582628,
nerve|tumor|LGI2|ADAM23,True,False,0.65344507,
nerve|tumor|LIF|IL6ST_LIFR,True,False,0.69742507,
nerve|tumor|LRPAP1|LDLR,True,False,0.43073153,
nerve|tumor|LRPAP1|LRP8,True,False,0.50145626,
nerve|tumor|LTBP1|ITGB5,True,False,0.67702067,
nerve|tumor|LTBP3|ITGB5,True,False,0.6400033,
nerve|tumor|MAML2|NOTCH3,True,False,0.7320555,
nerve|tumor|MDK|ALK,True,False,0.7101482,
nerve|tumor|MFGE8|PDGFRB,True,False,0.401092,
nerve|tumor|NAMPT|INSR,True,False,0.8180762,
nerve|tumor|NCAM1|FGFR2,True,False,0.80120444,
nerve|tumor|NID1|ITGA3,True,False,0.5651082,
nerve|tumor|NID1|ITGAV,True,False,0.7020343,
nerve|tumor|NID1|ITGB1,True,False,0.60705864,
nerve|tumor|NID1|PTPRF,True,False,0.540989,
nerve|tumor|NMU|GRM7,True,False,0.62130094,
nerve|tumor|NPTX1|NPTXR,True,False,0.6310535,
nerve|tumor|NPTX2|NPTXR,True,False,0.5610137,
nerve|tumor|NTN1|UNC5C,True,False,0.8127538,
nerve|tumor|NTN1|UNC5D,True,False,0.7542086,
nerve|tumor|NUCB2|ERAP1,True,False,0.50237596,
nerve|tumor|PAM|DPP4,True,False,0.74061495,
nerve|tumor|PDAP1|PDGFRB,True,False,0.42172006,
nerve|tumor|PDCD1LG2|PDCD2,True,False,0.4373692,
nerve|tumor|PDCD1LG2|RGMB,True,False,0.52465725,
nerve|tumor|PDGFA|PDGFRB,True,False,0.50039953,
nerve|tumor|PDGFC|PDGFRB,True,False,0.6059025,
nerve|tumor|PI16|MFAP3L,True,False,0.5977983,
nerve|tumor|PNOC|GRM7,True,False,0.68471724,
nerve|tumor|POSTN|ITGAV_ITGB5,True,False,0.5222889,
nerve|tumor|PROS1|AXL,True,False,0.6238794,
nerve|tumor|PROS1|MERTK,True,False,0.6569265,
nerve|tumor|PRSS3|F2R,True,False,0.44576073,
nerve|tumor|PRSS3|PARD3,True,False,0.69336706,
nerve|tumor|PSEN1|NOTCH3,True,False,0.68061334,
nerve|tumor|PTGS2|CAV1,True,False,0.44673353,
nerve|tumor|PTN|ALK,True,False,0.8577728,
nerve|tumor|RARRES1|NRP2,True,False,0.61092913,
nerve|tumor|RELN|ITGA3_ITGB1,True,False,0.6715462,
nerve|tumor|RELN|LRP8,True,False,0.6355098,
nerve|tumor|RGMA|BMPR1B,True,False,0.81335187,
nerve|tumor|RGMA|BMPR2,True,False,0.8458582,
nerve|tumor|RGMA|NEO1,True,False,0.817625,
nerve|tumor|RPS19|C5AR1,True,False,0.6720086,
nerve|tumor|RSPO2|LGR6,True,False,0.6173734,
nerve|tumor|SEMA3A|NRP1_PLXNA4,True,False,0.7687659,
nerve|tumor|SEMA3A|NRP2,True,False,0.783695,
nerve|tumor|SEMA3C|NRP1_NRP2_PLXND1,True,False,0.61933476,
nerve|tumor|SEMA3E|PLXND1,True,False,0.5261368,
nerve|tumor|SEMA4A|NRP1_PLXNA1,True,False,0.5306799,
nerve|tumor|SEMA4A|NRP1_PLXNA2,True,False,0.60967547,
nerve|tumor|SEMA4A|NRP1_PLXNA3,True,False,0.51772636,
nerve|tumor|SEMA4A|NRP1_PLXNA4,True,False,0.61419713,
nerve|tumor|SEMA4A|PLXNB1,True,False,0.48451158,
nerve|tumor|SEMA4A|PLXNB2,True,False,0.4841405,
nerve|tumor|SEMA4A|PLXND1,True,False,0.4471641,
nerve|tumor|SEMA4F|NRP2,True,False,0.6670752,
nerve|tumor|SERPINE1|ITGB5,True,False,0.5930064,
nerve|tumor|SORBS1|ITGB5,True,False,0.7273986,
nerve|tumor|SPON1|APP,True,False,0.8637822,
nerve|tumor|SPON1|LRP8,True,False,0.70660126,
nerve|tumor|SPON2|ITGB1,True,False,0.5967967,
nerve|tumor|SPP1|ITGA9_ITGB1,True,False,0.7188662,
nerve|tumor|SPP1|ITGAV_ITGB5,True,False,0.71318746,
nerve|tumor|TF|LDLR,True,False,0.70700437,
nerve|tumor|TGFB2|ACVR1B_TGFBR2,True,False,0.5896692,
nerve|tumor|TGFB2|ACVR1_TGFBR1_TGFBR2,True,False,0.61660707,
nerve|tumor|TGFB2|ACVR1_TGFBR2,True,False,0.61660707,
nerve|tumor|TGFB2|TGFBR1_TGFBR2,True,False,0.61660707,
nerve|tumor|TGFB2|TGFBR3,True,False,0.55076534,
nerve|tumor|TGM2|ADGRG1,True,False,0.56450284,
nerve|tumor|TGM2|ITGA9,True,False,0.46753293,
nerve|tumor|TGM2|ITGB1,True,False,0.58853626,
nerve|tumor|THBS2|NOTCH3,True,False,0.43144697,
nerve|tumor|TIMP1|FGFR2,True,False,0.7278382,
nerve|tumor|TIMP3|DDR1,True,False,0.69500625,
nerve|tumor|TNC|ITGA2,True,False,0.8252814,
nerve|tumor|TNC|ITGA9_ITGB1,True,False,0.7190338,
nerve|tumor|TNFSF10|RIPK1,True,False,0.53682494,
nerve|tumor|TNFSF10|TNFRSF10B,True,False,0.50853765,
nerve|tumor|TNFSF10|TNFRSF11B,True,False,0.4170607,
nerve|tumor|TNR|ITGA9_ITGB1,True,False,0.72845334,
nerve|tumor|TXLNA|STX3,True,False,0.46657178,
nerve|tumor|TXLNA|STX4,True,False,0.44021574,
nerve|tumor|VCAM1|ITGA9_ITGB1,True,False,0.50274384,
nerve|tumor|VCL|ALK,True,False,0.7825054,
nerve|tumor|VCL|ITGB5,True,False,0.6310673,
nerve|tumor|VEGFA|GRIN2B,True,False,0.8290146,
nerve|tumor|VEGFA|ITGA9,True,False,0.7700045,
nerve|tumor|WNT5B|FZD3_LRP5,True,False,0.5946743,
nerve|tumor|WNT5B|FZD3_LRP6,True,False,0.73962235,
nerve|tumor|WNT5B|FZD6_LRP5,True,False,0.5946743,
nerve|tumor|WNT5B|FZD6_LRP6,True,False,0.6636585,
nerve|tumor|WNT5B|FZD7_LRP5,True,False,0.5946743,
nerve|tumor|WNT5B|FZD7_LRP6,True,False,0.61711866,
tumor|immune|A2M|LRP1,True,False,0.7769595,
tumor|immune|ADAM10|TSPAN5,True,False,0.80459034,
tumor|immune|ADAM12|ITGA9,True,False,0.71714747,
tumor|immune|ADAM15|ITGA9,True,False,0.5473525,
tumor|immune|AFDN|EPHB2,True,False,0.7406781,
tumor|immune|AMH|EGFR,True,False,0.6816307,
tumor|immune|ANGPT1|ITGA5,True,False,0.65908813,
tumor|immune|ANGPT1|ITGB1,True,False,0.71931005,
tumor|immune|ANGPT2|ITGA5_ITGB1,True,False,0.54516274,
tumor|immune|ANOS1|SDC2,True,False,0.5457117,
tumor|immune|ANXA1|DYSF,True,False,0.58162856,
tumor|immune|ANXA1|EGFR,True,False,0.77518433,
tumor|immune|APOE|ABCA1,True,False,0.8611296,
tumor|immune|APOE|LRP1,True,False,0.8073762,
tumor|immune|APOE|SCARB1,True,False,0.7909051,
tumor|immune|APOE|SDC2,True,False,0.7329641,
tumor|immune|APOE|SORL1,True,False,0.8518601,
tumor|immune|APOE|TREM2,True,False,0.6840737,
tumor|immune|ARF1|PLD2,True,False,0.5103921,
tumor|immune|BCAN|EGFR,True,False,0.8032478,
tumor|immune|BMP1|BMPR2,True,False,0.68690974,
tumor|immune|BMP7|ACVR1_BMPR2,True,False,0.6189483,
tumor|immune|C3|C3AR1,True,False,0.60391927,
tumor|immune|C3|CR1,True,False,0.6124437,
tumor|immune|C3|ITGAM,True,False,0.6402261,
tumor|immune|C3|ITGAX,True,False,0.7247137,
tumor|immune|C3|LRP1,True,False,0.69534683,
tumor|immune|C3|NRP1,True,False,0.7330381,
tumor|immune|C5|C5AR1,True,False,0.58402663,
tumor|immune|CALM1|CACNA1C,True,False,0.748762,
tumor|immune|CALM1|KCNQ5,True,False,0.77077734,
tumor|immune|CALM3|EGFR,True,False,0.72249275,
tumor|immune|CALM3|ESR1,True,False,0.62352675,
tumor|immune|CALM3|KCNQ5,True,False,0.627173,
tumor|immune|CD200|CD200R1,True,False,0.45189944,
tumor|immune|CFH|ITGAM,True,False,0.65156174,
tumor|immune|CNTN1|PTPRZ1,True,False,0.8394773,
tumor|immune|COL11A1|ITGA2_ITGB1,True,False,0.585598,
tumor|immune|COL16A1|ITGA2_ITGB1,True,False,0.60242736,
tumor|immune|COL18A1|ITGA1_ITGB1,True,False,0.5949153,
tumor|immune|COL18A1|ITGA5,True,False,0.54042023,
tumor|immune|COL18A1|ITGB5,True,False,0.55005074,
tumor|immune|COL1A2|ITGA2_ITGB1,True,False,0.58262235,
tumor|immune|COL1A2|ITGA9_ITGB1,True,False,0.66277444,
tumor|immune|COL22A1|ITGA1_ITGB1,True,False,0.70533264,
tumor|immune|COL22A1|ITGA2_ITGB1,True,False,0.578736,
tumor|immune|COL28A1|ITGA1_ITGB1,True,False,0.6963034,
tumor|immune|COL28A1|ITGA2_ITGB1,True,False,0.56820244,
tumor|immune|COL4A1|ITGA2_ITGB1,True,False,0.52388674,
tumor|immune|COL4A1|ITGA9_ITGB1,True,False,0.60772383,
tumor|immune|COL4A2|ITGA2_ITGB1,True,False,0.5876913,
tumor|immune|COL4A2|ITGA9_ITGB1,True,False,0.6674257,
tumor|immune|COL4A5|CD44,True,False,0.8120304,
tumor|immune|COL4A5|CD47,True,False,0.7524288,
tumor|immune|COL4A5|CD93,True,False,0.6070775,
tumor|immune|COL4A5|ITGA1_ITGB1,True,False,0.74171764,
tumor|immune|COL4A5|ITGA2_ITGB1,True,False,0.622384,
tumor|immune|COL4A5|ITGA9_ITGB1,True,False,0.6988472,
tumor|immune|COL4A6|CD44,True,False,0.7076461,
tumor|immune|COL4A6|CD47,True,False,0.63002634,
tumor|immune|COL4A6|CD93,True,False,0.4640038,
tumor|immune|COL4A6|ITGA1_ITGB1,True,False,0.61671704,
tumor|immune|COL4A6|ITGA2_ITGB1,True,False,0.48011076,
tumor|immune|COL4A6|ITGA9_ITGB1,True,False,0.5652596,
tumor|immune|COL5A2|ITGA2_ITGB1,True,False,0.6497241,
tumor|immune|COL5A3|ITGA1_ITGB1,True,False,0.68397826,
tumor|immune|COL5A3|ITGA2_ITGB1,True,False,0.55400836,
tumor|immune|COL5A3|SDC3,True,False,0.59424484,
tumor|immune|COL6A1|ITGA2_ITGB1,True,False,0.54680514,
tumor|immune|COL6A1|ITGA9_ITGB1,True,False,0.629461,
tumor|immune|COL6A2|ITGA2_ITGB1,True,False,0.47185764,
tumor|immune|COL6A2|ITGA9_ITGB1,True,False,0.5571112,
tumor|immune|COL8A1|ITGA1_ITGB1,True,False,0.7957397,
tumor|immune|COL8A1|ITGA2_ITGB1,True,False,0.6909664,
tumor|immune|COL9A3|ITGA2_ITGB1,True,False,0.5306992,
tumor|immune|COL9A3|ITGA9_ITGB1,True,False,0.61422014,
tumor|immune|CP|SLC40A1,True,False,0.61432606,
tumor|immune|CTHRC1|ROR2,True,False,0.51438075,
tumor|immune|DLL1|NOTCH2,True,False,0.58424217,
tumor|immune|EDIL3|ITGAV,True,False,0.72560334,
tumor|immune|EDIL3|ITGB5,True,False,0.613362,
tumor|immune|EFEMP1|EGFR,True,False,0.79142094,
tumor|immune|EFNA5|EPHA3,True,False,0.6571964,
tumor|immune|EFNA5|EPHA4,True,False,0.69291997,
tumor|immune|EFNA5|EPHB2,True,False,0.7005931,
tumor|immune|EFNB1|EPHB2,True,False,0.47837073,
tumor|immune|EFNB2|EPHA3,True,False,0.5003476,
tumor|immune|EFNB2|EPHB2,True,False,0.5500045,
tumor|immune|EGF|AXL,True,False,0.6454523,
tumor|immune|EGF|NRP1,True,False,0.69797724,
tumor|immune|EGF|PLD2,True,False,0.48372915,
tumor|immune|ENTPD1|TMIGD3,True,False,0.5076785,
tumor|immune|F8|LRP1,True,False,0.61461866,
tumor|immune|FAM3C|ADGRG5,True,False,0.6524381,
tumor|immune|FGF13|EGFR,True,False,0.70987993,
tumor|immune|FGF1|EGFR,True,False,0.8100915,
tumor|immune|FN1|ITGA9,True,False,0.6576696,
tumor|immune|GDF11|ACVR1B_ACVR2A,True,False,0.49056926,
tumor|immune|GDF11|ACVR2A_TGFBR1,True,False,0.54391253,
tumor|immune|GDF11|BMPR2,True,False,0.674379,
tumor|immune|GNAI2|ADCY7,True,False,0.6770277,
tumor|immune|GNAI2|EGFR,True,False,0.7621934,
tumor|immune|GNAI2|F2R,True,False,0.5521722,
tumor|immune|GNAI2|P2RY12,True,False,0.7144529,
tumor|immune|GNAI2|UNC5B,True,False,0.614868,
tumor|immune|GRN|EGFR,True,False,0.7238863,
tumor|immune|GRN|TNFRSF1A,True,False,0.572076,
tumor|immune|GSTO1|RYR1,True,False,0.6061259,
tumor|immune|GSTP1|EGFR,True,False,0.7445101,
tumor|immune|HLA-A|LILRB1,True,False,0.7471902,
tumor|immune|HLA-B|CD8A,True,False,0.7067746,
tumor|immune|HLA-B|KLRD1,True,False,0.7630959,
tumor|immune|HLA-B|LILRB1,True,False,0.73162866,
tumor|immune|HLA-C|LILRB1,True,False,0.6968395,
tumor|immune|HLA-DRA|CD4,True,False,0.6142529,
tumor|immune|HSPA1A|TLR4,True,False,0.51395005,
tumor|immune|IL15|IL2RA,True,False,0.48316336,
tumor|immune|IL7|IL2RG_IL7R,True,False,0.611724,
tumor|immune|IRAK4|TLR4,True,False,0.49502861,
tumor|immune|IRAK4|TLR6,True,False,0.43354642,
tumor|immune|IRAK4|TLR7,True,False,0.45638818,
tumor|immune|LAMA1|CD44,True,False,0.76937973,
tumor|immune|LAMA1|ITGA1,True,False,0.68921894,
tumor|immune|LAMA1|ITGA2_ITGB1,True,False,0.5600178,
tumor|immune|LAMA1|ITGA6_ITGB1,True,False,0.56867963,
tumor|immune|LAMA1|ITGA9_ITGB1,True,False,0.64184225,
tumor|immune|LAMA1|RPSA,True,False,0.7315373,
tumor|immune|LAMA1|SDC2,True,False,0.6135638,
tumor|immune|LAMA2|ITGA2_ITGB1,True,False,0.743777,
tumor|immune|LAMA2|ITGA9_ITGB1,True,False,0.8034231,
tumor|immune|LAMA2|ITGAV_ITGB8,True,False,0.8147511,
tumor|immune|LAMA4|ITGA2_ITGB1,True,False,0.6324193,
tumor|immune|LAMA4|ITGA9_ITGB1,True,False,0.7078044,
tumor|immune|LAMA5|ITGA2_ITGB1,True,False,0.6020302,
tumor|immune|LAMA5|ITGA9_ITGB1,True,False,0.68049914,
tumor|immune|LAMB1|ITGA2_ITGB1,True,False,0.585474,
tumor|immune|LAMB1|ITGA9_ITGB1,True,False,0.665393,
tumor|immune|LAMB2|ITGA2_ITGB1,True,False,0.5098823,
tumor|immune|LAMB2|ITGA9_ITGB1,True,False,0.5942756,
tumor|immune|LAMC1|ITGA2_ITGB1,True,False,0.6405253,
tumor|immune|LAMC1|ITGA9_ITGB1,True,False,0.7149972,
tumor|immune|LRIG1|EGFR,True,False,0.831303,
tumor|immune|LRIG2|EGFR,True,False,0.7847413,
tumor|immune|MDK|PTPRZ1,True,False,0.7418312,
tumor|immune|MEGF10|ABCA1,True,False,0.76641977,
tumor|immune|MIF|EGFR,True,False,0.66055167,
tumor|immune|NCAM1|CACNA1C,True,False,0.82600373,
tumor|immune|NCAM1|PTPRZ1,True,False,0.90951675,
tumor|immune|NECTIN3|CADM1,True,False,0.8454316,
tumor|immune|NID1|ITGAV,True,False,0.7373165,
tumor|immune|NID1|ITGB1,True,False,0.68223727,
tumor|immune|NLGN1|NRXN1,True,False,0.9106371,
tumor|immune|NLGN1|NRXN3,True,False,0.88302,
tumor|immune|NRG1|EGFR,True,False,0.75449806,
tumor|immune|NRG1|HLA-DPB1,True,False,0.6887528,
tumor|immune|NRG1|MS4A4A,True,False,0.6761735,
tumor|immune|NRG3|EGFR,True,False,0.83725846,
tumor|immune|NTN1|DSCAM,True,False,0.7734301,
tumor|immune|PLTP|ABCA1,True,False,0.7448036,
tumor|immune|PSAP|LRP1,True,False,0.79533815,
tumor|immune|PTN|PTPRZ1,True,False,0.906267,
tumor|immune|RARRES1|NRP2,True,False,0.6000331,
tumor|immune|RGMB|BMPR2,True,False,0.7249477,
tumor|immune|RIMS2|ABCA1,True,False,0.8724435,
tumor|immune|SEMA3A|NRP1_PLXNA3,True,False,0.6376286,
tumor|immune|SEMA3C|NRP1_NRP2_PLXND1,True,False,0.6433538,
tumor|immune|SEMA3E|NRP1,True,False,0.71457255,
tumor|immune|SEMA3E|NRP2,True,False,0.6398435,
tumor|immune|SEMA3E|PLXND1,True,False,0.64618725,
tumor|immune|SEMA4D|PLXNB2,True,False,0.56503177,
tumor|immune|SEMA5A|PLXNA3,True,False,0.7423537,
tumor|immune|SEMA5B|PLXNA3,True,False,0.5735502,
tumor|immune|SPON2|ITGA4,True,False,0.6471161,
tumor|immune|SPON2|ITGA5,True,False,0.5371587,
tumor|immune|SPON2|ITGAM,True,False,0.55267674,
tumor|immune|SPON2|ITGB1,True,False,0.6060451,
tumor|immune|SPON2|ITGB2,True,False,0.54182893,
tumor|immune|SPP1|CD44,True,False,0.8492336,
tumor|immune|SPP1|ITGA4_ITGB1,True,False,0.79895574,
tumor|immune|SPP1|ITGA5_ITGB1,True,False,0.74987996,
tumor|immune|SPP1|ITGAV_ITGB1,True,False,0.7956296,
tumor|immune|SPTBN2|PTPRA,True,False,0.6325358,
tumor|immune|TF|TFRC,True,False,0.58372074,
tumor|immune|TGFB1|ACVR1_TGFBR1_TGFBR2,True,False,0.57864064,
tumor|immune|TGFB1|ACVR1_TGFBR2,True,False,0.57864064,
tumor|immune|TGFB1|CXCR4,True,False,0.6270328,
tumor|immune|TGFB1|EGFR,True,False,0.6974847,
tumor|immune|TGFB1|ENG,True,False,0.57579756,
tumor|immune|TGFB1|ITGB1,True,False,0.63813514,
tumor|immune|TGFB1|ITGB5,True,False,0.5803747,
tumor|immune|TGFB1|LPP,True,False,0.7282305,
tumor|immune|TGFB1|SDC2,True,False,0.543293,
tumor|immune|TGFB1|TGFBR1_TGFBR2,True,False,0.67330825,
tumor|immune|TGFB1|TGFBR3,True,False,0.5600807,
tumor|immune|TGFB2|ACVR1_TGFBR1_TGFBR2,True,False,0.6969936,
tumor|immune|TGFB2|ACVR1_TGFBR2,True,False,0.6969936,
tumor|immune|THBS2|CD47,True,False,0.61863697,
tumor|immune|THBS2|ITGA4,True,False,0.65976834,
tumor|immune|THBS2|ITGA6,True,False,0.47678414,
tumor|immune|TLN1|ITGB5,True,False,0.599332,
tumor|immune|TNC|EGFR,True,False,0.8542394,
tumor|immune|TNC|ITGA2,True,False,0.70794433,
tumor|immune|TNC|ITGA9_ITGB1,True,False,0.7733905,
tumor|immune|TNC|PTPRZ1,True,False,0.8766402,
tumor|immune|TNFSF13B|HLA-DPB1,True,False,0.637858,
tumor|immune|TNFSF13B|TFRC,True,False,0.6024113,
tumor|immune|TNR|ITGA9_ITGB1,True,False,0.71794766,
tumor|immune|VEGFA|ITGA9,True,False,0.775567,
tumor|nerve|A2M|LRP1,True,False,0.7669041,
tumor|nerve|ACTR2|LDLR,True,False,0.6585305,
tumor|nerve|ADAM10|CD44,True,False,0.8227123,
tumor|nerve|ADAM15|ITGA5,True,False,0.44833532,
tumor|nerve|ADAM9|ITGA6,True,False,0.697511,
tumor|nerve|ADAMTS3|CCBE1,True,False,0.54064924,
tumor|nerve|ADGRB1|RTN4RL2,True,False,0.53793585,
tumor|nerve|AGT|ENPEP,True,False,0.5664515,
tumor|nerve|AMH|EGFR,True,False,0.72859854,
tumor|nerve|AMH|GREM2,True,False,0.45780087,
tumor|nerve|ANGPT1|ITGA5,True,False,0.56734884,
tumor|nerve|ANGPT1|ITGB1,True,False,0.6657012,
tumor|nerve|ANGPT2|ITGA5_ITGB1,True,False,0.44842264,
tumor|nerve|ANOS1|FGFR1,True,False,0.65089387,
tumor|nerve|ANXA1|EGFR,True,False,0.81215405,
tumor|nerve|APOC1|VLDLR,True,False,0.47053695,
tumor|nerve|APOE|ABCA1,True,False,0.84642476,
tumor|nerve|APOE|LDLR,True,False,0.69894385,
tumor|nerve|APOE|LRP1,True,False,0.79833615,
tumor|nerve|APOE|LRP4,True,False,0.78766745,
tumor|nerve|APOE|LRP5,True,False,0.716891,
tumor|nerve|APOE|LRP6,True,False,0.82161236,
tumor|nerve|APOE|LRP8,True,False,0.7795782,
tumor|nerve|APOE|SCARB1,True,False,0.7732064,
tumor|nerve|APOE|SORL1,True,False,0.80759734,
tumor|nerve|APOE|VLDLR,True,False,0.679192,
tumor|nerve|APP|TSPAN12,True,False,0.7591491,
tumor|nerve|ARPC5|LDLR,True,False,0.5583871,
tumor|nerve|BMP1|BMPR1B,True,False,0.6825403,
tumor|nerve|BMP7|ACVR2A_BMPR1B,True,False,0.5965737,
tumor|nerve|BMP7|ACVR2B_BMPR1B,True,False,0.5171247,
tumor|nerve|BMP7|BMPR1B_BMPR2,True,False,0.70001805,
tumor|nerve|C3|CD46,True,False,0.66449213,
tumor|nerve|C5|C5AR1,True,False,0.5757834,
tumor|nerve|C5|GRM7,True,False,0.72849303,
tumor|nerve|CALM1|ADCYAP1R1,True,False,0.745555,
tumor|nerve|CALM1|FAS,True,False,0.70168006,
tumor|nerve|CALM1|GRM4,True,False,0.65437406,
tumor|nerve|CALM1|HMMR,True,False,0.7363572,
tumor|nerve|CALM1|HTR2C,True,False,0.6698085,
tumor|nerve|CALM1|PDE1B,True,False,0.65012443,
tumor|nerve|CALM1|PTH2R,True,False,0.7056282,
tumor|nerve|CALM1|TRPC3,True,False,0.7221293,
tumor|nerve|CALM1|TRPC5,True,False,0.7003382,
tumor|nerve|CALM1|VIPR1,True,False,0.6814288,
tumor|nerve|CALM3|EGFR,True,False,0.76550627,
tumor|nerve|CALM3|PDE1B,True,False,0.4817552,
tumor|nerve|CALM3|TRPC5,True,False,0.53899837,
tumor|nerve|CD59|STAB1,True,False,0.54995996,
tumor|nerve|CD99|PILRA,True,False,0.55552834,
tumor|nerve|COL11A1|DDR1,True,False,0.6649693,
tumor|nerve|COL11A1|ITGA1_ITGB1,True,False,0.55302125,
tumor|nerve|COL16A1|ITGA1_ITGB1,True,False,0.57020265,
tumor|nerve|COL18A1|GPC1,True,False,0.49669734,
tumor|nerve|COL18A1|GPC4,True,False,0.43780163,
tumor|nerve|COL18A1|ITGA1_ITGB1,True,False,0.42462283,
tumor|nerve|COL18A1|ITGA2_ITGB1,True,False,0.5477558,
tumor|nerve|COL18A1|ITGA3,True,False,0.5023299,
tumor|nerve|COL18A1|ITGA5,True,False,0.44370073,
tumor|nerve|COL18A1|PTPRS,True,False,0.7122915,
tumor|nerve|COL1A2|CD44,True,False,0.7602777,
tumor|nerve|COL1A2|ITGA1_ITGB1,True,False,0.5499914,
tumor|nerve|COL22A1|ITGA1_ITGB1,True,False,0.546038,
tumor|nerve|COL22A1|ITGA2_ITGB1,True,False,0.6637625,
tumor|nerve|COL27A1|ITGA1_ITGB1,True,False,0.50238377,
tumor|nerve|COL28A1|ITGA1_ITGB1,True,False,0.5353433,
tumor|nerve|COL28A1|ITGA2_ITGB1,True,False,0.65408427,
tumor|nerve|COL4A1|CD44,True,False,0.7142824,
tumor|nerve|COL4A1|ITGA1_ITGB1,True,False,0.49067807,
tumor|nerve|COL4A2|ITGA1_ITGB1,True,False,0.55515414,
tumor|nerve|COL4A5|CD44,True,False,0.7892373,
tumor|nerve|COL4A5|CD47,True,False,0.75100213,
tumor|nerve|COL4A5|ITGA1_ITGB1,True,False,0.59067774,
tumor|nerve|COL4A5|ITGA2_ITGB1,True,False,0.70312,
tumor|nerve|COL4A5|ITGA3_ITGB1,True,False,0.65051705,
tumor|nerve|COL4A5|ITGA9_ITGB1,True,False,0.58340746,
tumor|nerve|COL4A5|ITGAV_ITGB8,True,False,0.78517675,
tumor|nerve|COL4A6|CD44,True,False,0.6772267,
tumor|nerve|COL4A6|CD47,True,False,0.6282428,
tumor|nerve|COL4A6|ITGA1_ITGB1,True,False,0.44707134,
tumor|nerve|COL4A6|ITGA2_ITGB1,True,False,0.5702622,
tumor|nerve|COL4A6|ITGA3_ITGB1,True,False,0.510507,
tumor|nerve|COL4A6|ITGA9_ITGB1,True,False,0.43967006,
tumor|nerve|COL4A6|ITGAV_ITGB8,True,False,0.6719053,
tumor|nerve|COL5A2|DDR1,True,False,0.7226307,
tumor|nerve|COL5A2|ITGA1_ITGB1,True,False,0.6189078,
tumor|nerve|COL5A3|ITGA1_ITGB1,True,False,0.52097964,
tumor|nerve|COL5A3|ITGA2_ITGB1,True,False,0.6409292,
tumor|nerve|COL5A3|SDC3,True,False,0.67080116,
tumor|nerve|COL6A1|ITGA1_ITGB1,True,False,0.5137112,
tumor|nerve|COL6A2|ITGA1_ITGB1,True,False,0.43890673,
tumor|nerve|COL8A1|ITGA1_ITGB1,True,False,0.6618904,
tumor|nerve|COL8A1|ITGA2_ITGB1,True,False,0.7626316,
tumor|nerve|COL9A3|ITGA1_ITGB1,True,False,0.49751,
tumor|nerve|CSF1|CELSR3,True,False,0.45861056,
tumor|nerve|CTHRC1|FZD3,True,False,0.6528391,
tumor|nerve|CTHRC1|FZD6,True,False,0.5935025,
tumor|nerve|CUBN|LRP2,True,False,0.6834491,
tumor|nerve|DLL1|NOTCH1,True,False,0.605786,
tumor|nerve|DLL1|NOTCH2,True,False,0.543092,
tumor|nerve|EDIL3|ITGAV,True,False,0.7104252,
tumor|nerve|EFEMP1|EGFR,True,False,0.8263189,
tumor|nerve|EFEMP2|PLSCR4,True,False,0.4732323,
tumor|nerve|EFNA5|EPHA10,True,False,0.67594457,
tumor|nerve|EFNA5|EPHA3,True,False,0.77725035,
tumor|nerve|EFNA5|EPHA4,True,False,0.8313022,
tumor|nerve|EFNA5|EPHA5,True,False,0.7762175,
tumor|nerve|EFNA5|EPHA6,True,False,0.84311193,
tumor|nerve|EFNA5|EPHA7,True,False,0.77601594,
tumor|nerve|EFNA5|EPHB1,True,False,0.81695426,
tumor|nerve|EFNA5|EPHB2,True,False,0.7988547,
tumor|nerve|EFNA5|EPHB6,True,False,0.7584218,
tumor|nerve|EFNB1|EPHA4,True,False,0.6588537,
tumor|nerve|EFNB1|EPHA6,True,False,0.6780605,
tumor|nerve|EFNB1|EPHB1,True,False,0.63625634,
tumor|nerve|EFNB1|EPHB2,True,False,0.60884434,
tumor|nerve|EFNB1|EPHB6,True,False,0.55165297,
tumor|nerve|EGF|AXL,True,False,0.45597035,
tumor|nerve|EGF|CAV1,True,False,0.54913723,
tumor|nerve|EGF|ERBB3,True,False,0.6494773,
tumor|nerve|EGF|ERBB4,True,False,0.7514909,
tumor|nerve|EGF|LDLR,True,False,0.51550806,
tumor|nerve|EGF|LRP2,True,False,0.6802995,
tumor|nerve|EGF|NRP1,True,False,0.6221706,
tumor|nerve|EGF|RHBDL2,True,False,0.5620962,
tumor|nerve|EGF|TNFRSF11B,True,False,0.4473793,
tumor|nerve|F8|LDLR,True,False,0.46903762,
tumor|nerve|F8|LRP1,True,False,0.60100293,
tumor|nerve|F8|LRP2,True,False,0.6385528,
tumor|nerve|F8|LRP4,True,False,0.5853173,
tumor|nerve|FAM3C|GLRA2,True,False,0.6880228,
tumor|nerve|FARP2|PLXNA1,True,False,0.6716427,
tumor|nerve|FAT4|DCHS1,True,False,0.48982662,
tumor|nerve|FGF13|EGFR,True,False,0.75418323,
tumor|nerve|FGF13|FGFR1,True,False,0.6621009,
tumor|nerve|FGF13|FGFR2,True,False,0.71801203,
tumor|nerve|FGF13|FGFR3,True,False,0.53708965,
tumor|nerve|FGF13|SCN8A,True,False,0.70362395,
tumor|nerve|FGF1|CD44,True,False,0.80034226,
tumor|nerve|FGF1|EGFR,True,False,0.8424874,
tumor|nerve|FGF1|FGFR3,True,False,0.6691705,
tumor|nerve|FGF1|NRP1,True,False,0.74233544,
tumor|nerve|FGF2|CD44,True,False,0.76692945,
tumor|nerve|FGF2|FGFR3,True,False,0.62411577,
tumor|nerve|FGF2|GPC4,True,False,0.5722954,
tumor|nerve|FGF2|NRP1,True,False,0.70281976,
tumor|nerve|FN1|C5AR1,True,False,0.6516138,
tumor|nerve|FN1|CD44,True,False,0.7561057,
tumor|nerve|FN1|DPP4,True,False,0.57747966,
tumor|nerve|FN1|IL17RC,True,False,0.5652185,
tumor|nerve|FN1|ITGA5_ITGB1,True,False,0.56354165,
tumor|nerve|FN1|ITGA6,True,False,0.62378913,
tumor|nerve|FN1|NT5E,True,False,0.562239,
tumor|nerve|FN1|TNFRSF11B,True,False,0.52276355,
tumor|nerve|FRAS1_FREM1_NPNT|ITGA8_ITGB1,True,False,0.55331635,
tumor|nerve|FRAS1_FREM2_NPNT|ITGA8_ITGB1,True,False,0.55331635,
tumor|nerve|GAD1|GRM4,True,False,0.5379353,
tumor|nerve|GDF11|BMPR1B,True,False,0.6699188,
tumor|nerve|GNAI2|ADCY8,True,False,0.7237236,
tumor|nerve|GNAI2|C5AR1,True,False,0.6450306,
tumor|nerve|GNAI2|CNR1,True,False,0.68564045,
tumor|nerve|GNAI2|EDNRB,True,False,0.59166056,
tumor|nerve|GNAI2|EGFR,True,False,0.8007503,
tumor|nerve|GNAI2|OPRD1,True,False,0.59023607,
tumor|nerve|GNAS|VIPR1,True,False,0.71426016,
tumor|nerve|GRN|EGFR,True,False,0.76675355,
tumor|nerve|GRN|TNFRSF1A,True,False,0.5354982,
tumor|nerve|GSTP1|EGFR,True,False,0.78512585,
tumor|nerve|GSTP1|TRAF2,True,False,0.50394905,
tumor|nerve|HAS2|CD44,True,False,0.73245883,
tumor|nerve|HAS2|HMMR,True,False,0.6099177,
tumor|nerve|HLA-A|APLP2,True,False,0.7846484,
tumor|nerve|HSPA1A|GRIN2D,True,False,0.61206055,
tumor|nerve|HSPA8|LDLR,True,False,0.6237374,
tumor|nerve|KITLG|KIT,True,False,0.5063311,
tumor|nerve|KITLG|LRRN3,True,False,0.6042688,
tumor|nerve|LAMA1|CD44,True,False,0.74305147,
tumor|nerve|LAMA1|DAG1,True,False,0.60198796,
tumor|nerve|LAMA1|GPC1,True,False,0.59843206,
tumor|nerve|LAMA1|ITGA1,True,False,0.52705425,
tumor|nerve|LAMA1|ITGA2_ITGB1,True,False,0.6465148,
tumor|nerve|LAMA1|ITGA3_ITGB1,True,False,0.5897344,
tumor|nerve|LAMA1|ITGA6_ITGB1,True,False,0.6073306,
tumor|nerve|LAMA1|ITGA6_ITGB4,True,False,0.5740698,
tumor|nerve|LAMA1|ITGA7_ITGB1,True,False,0.6465148,
tumor|nerve|LAMA1|ITGA9_ITGB1,True,False,0.51957303,
tumor|nerve|LAMA1|ITGAV_ITGB8,True,False,0.738396,
tumor|nerve|LAMA1|NT5E,True,False,0.54505163,
tumor|nerve|LAMA1|RPSA,True,False,0.60768217,
tumor|nerve|LAMA1|SDC2,True,False,0.5785752,
tumor|nerve|LAMA2|ITGA1,True,False,0.7176392,
tumor|nerve|LAMA5|CD44,True,False,0.7746203,
tumor|nerve|LAMB1|CD44,True,False,0.7624106,
tumor|nerve|LAMB1|ITGA1,True,False,0.55289495,
tumor|nerve|LAMB2|CD44,True,False,0.7027002,
tumor|nerve|LAMC1|ITGA1,True,False,0.60938627,
tumor|nerve|LIN7C|HTR2C,True,False,0.43850857,
tumor|nerve|LPL|CD44,True,False,0.7407779,
tumor|nerve|LRIG1|EGFR,True,False,0.86070263,
tumor|nerve|LRIG2|EGFR,True,False,0.82050335,
tumor|nerve|MDK|GPC2,True,False,0.53230065,
tumor|nerve|MEGF10|ABCA1,True,False,0.74465984,
tumor|nerve|MIF|EGFR,True,False,0.7093031,
tumor|nerve|NECTIN3|PVR,True,False,0.6505005,
tumor|nerve|NID1|ITGA3,True,False,0.5816497,
tumor|nerve|NID1|ITGAV,True,False,0.7225385,
tumor|nerve|NID1|ITGB1,True,False,0.625237,
tumor|nerve|NID1|PTPRF,True,False,0.6083699,
tumor|nerve|NPTX2|NPTXR,True,False,0.7241795,
tumor|nerve|NRG1|ADGRL1,True,False,0.66512793,
tumor|nerve|NRG1|EGFR,True,False,0.7939654,
tumor|nerve|NRG1|GPC1,True,False,0.5981168,
tumor|nerve|NRG1|LGR4,True,False,0.6559861,
tumor|nerve|NRG1|NETO2,True,False,0.72405803,
tumor|nerve|NRG2|MOG,True,False,0.8286418,
tumor|nerve|NRG3|EGFR,True,False,0.8657877,
tumor|nerve|NRG3|ERBB3,True,False,0.79632425,
tumor|nerve|PAM|DPP4,True,False,0.7482475,
tumor|nerve|PAM|FAP,True,False,0.7375972,
tumor|nerve|PROS1|AXL,True,False,0.57873136,
tumor|nerve|PSAP|AR,True,False,0.7318803,
tumor|nerve|PSEN1|CD44,True,False,0.7974038,
tumor|nerve|PTDSS1|JMJD6,True,False,0.475252,
tumor|nerve|RARRES1|NRP2,True,False,0.6320094,
tumor|nerve|RGMA|BMPR1B,True,False,0.78299546,
tumor|nerve|RGMB|BMPR1B,True,False,0.7208935,
tumor|nerve|RIMS2|ABCA1,True,False,0.8587401,
tumor|nerve|RPS19|C5AR1,True,False,0.72851294,
tumor|nerve|SEMA3A|NRP1_PLXNA1,True,False,0.6204998,
tumor|nerve|SEMA3A|NRP1_PLXNA2,True,False,0.7520123,
tumor|nerve|SEMA3A|NRP1_PLXNA3,True,False,0.7120235,
tumor|nerve|SEMA3A|NRP1_PLXNA4,True,False,0.7576029,
tumor|nerve|SEMA3C|NRP1_PLXNA1,True,False,0.48653767,
tumor|nerve|SEMA3C|NRP1_PLXNA2,True,False,0.63734084,
tumor|nerve|SEMA3C|NRP1_PLXNA3,True,False,0.58896774,
tumor|nerve|SEMA3C|NRP1_PLXNA4,True,False,0.6442937,
tumor|nerve|SEMA3C|NRP2_PLXNA1,True,False,0.568575,
tumor|nerve|SEMA3C|NRP2_PLXNA2,True,False,0.58484435,
tumor|nerve|SEMA3C|NRP2_PLXNA3,True,False,0.5532577,
tumor|nerve|SEMA3C|NRP2_PLXNA4,True,False,0.6737498,
tumor|nerve|SEMA3E|NRP1,True,False,0.6407875,
tumor|nerve|SEMA3E|NRP2,True,False,0.67038536,
tumor|nerve|SEMA3E|PLXND1,True,False,0.5309347,
tumor|nerve|SEMA4B|DCBLD2,True,False,0.6678604,
tumor|nerve|SEMA4D|MET,True,False,0.5717645,
tumor|nerve|SEMA4D|PLXNB1,True,False,0.5955336,
tumor|nerve|SEMA5A|PLXNA1,True,False,0.78830254,
tumor|nerve|SEMA5B|PLXNA1,True,False,0.63479346,
tumor|nerve|SHANK2|CFTR,True,False,0.5172037,
tumor|nerve|SLIT2|APP,True,False,0.7471874,
tumor|nerve|SLIT2|DCC,True,False,0.74169195,
tumor|nerve|SLIT2|GPC1,True,False,0.5525981,
tumor|nerve|SLIT2|PLXNA1,True,False,0.5562175,
tumor|nerve|SLIT2|ROBO1,True,False,0.73101366,
tumor|nerve|SLIT2|ROBO2,True,False,0.7729755,
tumor|nerve|SLITRK5|PTPRD,True,False,0.78549457,
tumor|nerve|SORBS1|ITGA1,True,False,0.73188454,
tumor|nerve|SPON1|APP,True,False,0.8438815,
tumor|nerve|SPON1|LRP8,True,False,0.7561673,
tumor|nerve|SPON2|ITGA5,True,False,0.44046354,
tumor|nerve|SPON2|ITGB1,True,False,0.54450256,
tumor|nerve|SPP1|CD44,True,False,0.83000743,
tumor|nerve|SPTBN2|PTPRA,True,False,0.6867029,
tumor|nerve|ST6GAL1|EGFR,True,False,0.8323961,
tumor|nerve|TFPI|F3,True,False,0.6207804,
tumor|nerve|TF|LDLR,True,False,0.49697348,
tumor|nerve|TF|LRP2,True,False,0.6639597,
tumor|nerve|TF|TFRC,True,False,0.55477065,
tumor|nerve|TGFB1|CAV1,True,False,0.5352663,
tumor|nerve|TGFB1|EGFR,True,False,0.74299556,
tumor|nerve|TGFB1|ITGB8,True,False,0.69524604,
tumor|nerve|TGFB1|LPP,True,False,0.7326389,
tumor|nerve|TGFB1|SDC2,True,False,0.5070536,
tumor|nerve|TGFB1|TGFBR3,True,False,0.5153359,
tumor|nerve|TGFB2|ACVR1_TGFBR2,True,False,0.5954212,
tumor|nerve|THBS2|CD47,True,False,0.61683184,
tumor|nerve|THBS2|ITGA3_ITGB1,True,False,0.49836776,
tumor|nerve|THBS2|ITGA6,True,False,0.51667106,
tumor|nerve|TIMP2|CD44,True,False,0.80121034,
tumor|nerve|TIMP3|DDR1,True,False,0.66320336,
tumor|nerve|TNFSF13B|TFRC,True,False,0.57381207,
tumor|nerve|VEGFB|NRP1,True,False,0.5849555,
tumor|nerve|WNT5B|FZD3_LRP5,True,False,0.5155913,
tumor|nerve|WNT5B|FZD3_LRP6,True,False,0.60978365,
tumor|nerve|WNT5B|FZD6_LRP5,True,False,0.44924077,
tumor|nerve|WNT5B|FZD6_LRP6,True,False,0.58155763,
tumor|nerve|WNT5B|FZD7_LRP6,True,False,0.56015116,
immune|nerve|ADAM15|ITGA5,False,True,,0.57951844
immune|nerve|ADAM15|ITGA9,False,True,,0.65698963
immune|nerve|ADAM15|ITGAV,False,True,,0.7492638
immune|nerve|ADAM15|ITGB1,False,True,,0.7764325
immune|nerve|AGTRAP|RACK1,False,True,,0.9036009
immune|nerve|ANGPTL4|GPIHBP1,False,True,,0.73911834
immune|nerve|ANG|PLXNB2,False,True,,0.5270936
immune|nerve|ANXA1|FPR1,False,True,,0.85987985
immune|nerve|ANXA2|TLR2,False,True,,0.7995366
immune|nerve|APOC2|LDLR,False,True,,0.7487313
immune|nerve|APOC2|LRP1,False,True,,0.8442063
immune|nerve|APOC2|LRP2,False,True,,0.89380795
immune|nerve|APOE|LSR,False,True,,0.8636982
immune|nerve|APOE|TREM2,False,True,,0.93338466
immune|nerve|APP|NGFR,False,True,,0.867419
immune|nerve|APP|TNFRSF21,False,True,,0.83144206
immune|nerve|AREG|ERBB3,False,True,,0.9172048
immune|nerve|ARF1|PLD2,False,True,,0.748138
immune|nerve|BST1|CAV1,False,True,,0.7921226
immune|nerve|C1QA|CD93,False,True,,0.8355436
immune|nerve|C1QB|C1QBP,False,True,,0.9283663
immune|nerve|C3|C3AR1,False,True,,0.8563787
immune|nerve|C3|ITGAM,False,True,,0.8130365
immune|nerve|C3|ITGAX,False,True,,0.81220776
immune|nerve|CALM1|CRHR1,False,True,,0.8266322
immune|nerve|CALM1|KCNQ1,False,True,,0.8263877
immune|nerve|CALM3|KCNQ1,False,True,,0.74147457
immune|nerve|CCL20|GRM7,False,True,,0.9027975
immune|nerve|CD14|ITGB2,False,True,,0.8854949
immune|nerve|CD40LG|CD40,False,True,,0.5556884
immune|nerve|CD40LG|CD9,False,True,,0.8667695
immune|nerve|CD40LG|ITGA5_ITGB1,False,True,,0.6163959
immune|nerve|CD40LG|ITGAM_ITGB2,False,True,,0.58359283
immune|nerve|CD40LG|TRAF3,False,True,,0.72961414
immune|nerve|CD52|SIGLEC10,False,True,,0.8643443
immune|nerve|CD99|PILRB,False,True,,0.8059883
immune|nerve|CIRBP|TREM1,False,True,,0.82058626
immune|nerve|CKLF|LRP6,False,True,,0.9090331
immune|nerve|CLEC11A|ITGB1,False,True,,0.7875372
immune|nerve|CRTAM|CADM1,False,True,,0.8680107
immune|nerve|CXCL1|GRM7,False,True,,0.84366053
immune|nerve|CXCL2|GRM7,False,True,,0.9222248
immune|nerve|CXCL3|GRM7,False,True,,0.9120232
immune|nerve|DNAJB11|PRTG,False,True,,0.72665757
immune|nerve|EREG|ERBB3,False,True,,0.89752024
immune|nerve|FABP5|RXRA,False,True,,0.73730594
immune|nerve|FAM3C|CLEC2D,False,True,,0.7253641
immune|nerve|FASLG|TNFRSF1A,False,True,,0.720306
immune|nerve|FN1|PLAUR,False,True,,0.85551983
immune|nerve|GNAI2|ADCY7,False,True,,0.8182666
immune|nerve|GNAI2|FPR1,False,True,,0.84640497
immune|nerve|GNAI2|P2RY12,False,True,,0.8387525
immune|nerve|GNAI2|S1PR5,False,True,,0.865694
immune|nerve|GNAS|CRHR1,False,True,,0.7790319
immune|nerve|GRN|TNFRSF1B,False,True,,0.86065334
immune|nerve|GZMA|PARD3,False,True,,0.9281057
immune|nerve|GZMB|CHRM3,False,True,,0.937632
immune|nerve|GZMB|IGF2R,False,True,,0.8894845
immune|nerve|HEBP1|GRM7,False,True,,0.8422962
immune|nerve|HLA-DMA|CD4,False,True,,0.84377736
immune|nerve|HLA-DQA1|CD4,False,True,,0.8658196
immune|nerve|HLA-DQB1|CD4,False,True,,0.8673289
immune|nerve|HLA-DRA|CD4,False,True,,0.8933585
immune|nerve|HLA-DRB1|CD4,False,True,,0.88452667
immune|nerve|HLA-DRB5|CD4,False,True,,0.8323131
immune|nerve|HMGB1|HAVCR2,False,True,,0.8810509
immune|nerve|HMGB1|TLR2,False,True,,0.81264883
immune|nerve|HRAS|CAV1,False,True,,0.6933352
immune|nerve|HRAS|INSR,False,True,,0.77426696
immune|nerve|ICAM1|ITGAM_ITGB2,False,True,,0.7044941
immune|nerve|ICAM1|ITGAX_ITGB2,False,True,,0.7033599
immune|nerve|ICAM2|ITGAM_ITGB2,False,True,,0.62808967
immune|nerve|IFNG|IFNGR1_IFNGR2,False,True,,0.7545027
immune|nerve|IL16|CD4,False,True,,0.7183099
immune|nerve|IL18|IL18BP,False,True,,0.75670594
immune|nerve|IL1B|SIGIRR,False,True,,0.87092793
immune|nerve|ITGB2|CD226,False,True,,0.80149114
immune|nerve|JAG1|CD46,False,True,,0.71026736
immune|nerve|JAG1|NOTCH1,False,True,,0.6018364
immune|nerve|JAG1|NOTCH2,False,True,,0.56912553
immune|nerve|JAG1|NOTCH4,False,True,,0.48917112
immune|nerve|LGALS1|PTPRC,False,True,,0.903913
immune|nerve|LGALS3BP|ITGB1,False,True,,0.846757
immune|nerve|LGALS3|ENG,False,True,,0.8236513
immune|nerve|LGALS9|SLC1A5,False,True,,0.7260448
immune|nerve|LILRB4|LAIR1,False,True,,0.80051583
immune|nerve|LIN7C|ABCA1,False,True,,0.7955901
immune|nerve|LPL|GPIHBP1,False,True,,0.74338603
immune|nerve|LRPAP1|LDLR,False,True,,0.76346225
immune|nerve|LRPAP1|LRP1,False,True,,0.85442805
immune|nerve|LRPAP1|LRP2,False,True,,0.9011564
immune|nerve|LRPAP1|LRP8,False,True,,0.73399353
immune|nerve|LRPAP1|SORL1,False,True,,0.88012505
immune|nerve|LRPAP1|SORT1,False,True,,0.9102382
immune|nerve|LRPAP1|VLDLR,False,True,,0.8081357
immune|nerve|MFNG|NOTCH1,False,True,,0.7056924
immune|nerve|MFNG|NOTCH2,False,True,,0.6769338
immune|nerve|MIF|CD44_CD74,False,True,,0.88634515
immune|nerve|MIF|EGFR,False,True,,0.86586154
immune|nerve|MIF|TNFRSF14,False,True,,0.8130771
immune|nerve|MMP2|FGFR1,False,True,,0.7211504
immune|nerve|NECTIN2|CD226,False,True,,0.6169951
immune|nerve|NRG1|ADGRL1,False,True,,0.71683747
immune|nerve|NRG1|GPC1,False,True,,0.7293073
immune|nerve|NRG1|LGR4,False,True,,0.7357176
immune|nerve|NRG1|LSR,False,True,,0.58622605
immune|nerve|NRG1|NETO2,False,True,,0.6927755
immune|nerve|OSM|IL6ST_LIFR,False,True,,0.84013736
immune|nerve|OSM|IL6ST_OSMR,False,True,,0.7368202
immune|nerve|POMC|GRM7,False,True,,0.8090959
immune|nerve|PSAP|GPR37L1,False,True,,0.88237846
immune|nerve|PSEN1|NCSTN,False,True,,0.74752355
immune|nerve|PSEN1|NOTCH4,False,True,,0.62180763
immune|nerve|PTGS2|ALOX5,False,True,,0.71620774
immune|nerve|PTGS2|CAV1,False,True,,0.82885075
immune|nerve|QDPR|DYSF,False,True,,0.66835356
immune|nerve|RETN|CAP1,False,True,,0.8769166
immune|nerve|RTN4|NGFR,False,True,,0.92019343
immune|nerve|S100A8|CD68,False,True,,0.91774327
immune|nerve|S100A8|ITGB2,False,True,,0.903933
immune|nerve|S100A9|CD68,False,True,,0.9229499
immune|nerve|S100A9|ITGB2,False,True,,0.90992796
immune|nerve|SELL|PODXL,False,True,,0.72185284
immune|nerve|SELPLG|ITGAM,False,True,,0.70369256
immune|nerve|SEMA4A|NRP1_PLXNA2,False,True,,0.5926933
immune|nerve|SEMA4A|NRP1_PLXNA4,False,True,,0.5926933
immune|nerve|SEMA4A|PLXNB1,False,True,,0.73481345
immune|nerve|SEMA4A|PLXNB2,False,True,,0.6260956
immune|nerve|SEMA4A|PLXND1,False,True,,0.7166224
immune|nerve|SEMA6B|PLXNA2,False,True,,0.7700641
immune|nerve|SEMA6B|PLXNA4,False,True,,0.80389726
immune|nerve|SEMA7A|PLXNC1,False,True,,0.52686644
immune|nerve|SERPINF1|PLXDC2,False,True,,0.90701485
immune|nerve|SERTAD1|AR,False,True,,0.7528249
immune|nerve|SIRPG|CD47,False,True,,0.8623542
immune|nerve|SPON2|ITGAM,False,True,,0.7303145
immune|nerve|SPON2|ITGB2,False,True,,0.8226685
immune|nerve|TCN2|CNR1,False,True,,0.6677059
immune|nerve|TCN2|LRP2,False,True,,0.8368322
immune|nerve|TFPI|LRP1,False,True,,0.707991
immune|nerve|TFPI|VLDLR,False,True,,0.63502294
immune|nerve|TGFB1|ACVR1B_TGFBR2,False,True,,0.7559684
immune|nerve|TGFB1|ACVR1C_TGFBR2,False,True,,0.7559684
immune|nerve|TGFB1|ENG,False,True,,0.81046224
immune|nerve|TGM2|ADGRG1,False,True,,0.71505606
immune|nerve|TGM2|ITGA9,False,True,,0.7051766
immune|nerve|TGM2|ITGB1,False,True,,0.8126254
immune|nerve|THBS1|CD47,False,True,,0.9238155
immune|nerve|THBS1|ITGA3_ITGB1,False,True,,0.80959666
immune|nerve|THBS1|ITGA6,False,True,,0.7266747
immune|nerve|THBS1|LRP1,False,True,,0.883088
immune|nerve|THBS1|LRP5,False,True,,0.8064542
immune|nerve|THBS1|PTPRJ,False,True,,0.91702646
immune|nerve|THBS1|SCARB1,False,True,,0.8695909
immune|nerve|TIGIT|NECTIN2,False,True,,0.70178485
immune|nerve|TNFSF12|TNFRSF12A,False,True,,0.7697625
immune|nerve|TNFSF13B|CD40,False,True,,0.7034673
immune|nerve|TNFSF14|LTBR,False,True,,0.52686656
immune|nerve|TNFSF14|TNFRSF14,False,True,,0.67325175
immune|nerve|TOR2A|ATP5F1B,False,True,,0.7858161
immune|nerve|TXLNA|STX1A,False,True,,0.590698
immune|nerve|TXLNA|STX3,False,True,,0.6114096
immune|nerve|TXLNA|STX4,False,True,,0.7529868
immune|nerve|VCAN|TLR2,False,True,,0.8192207
immune|nerve|VCL|ITGB5,False,True,,0.56842476
immune|nerve|WNT5A|FZD5,False,True,,0.6060684
immune|nerve|XCL1|ADGRV1,False,True,,0.8690046
immune|tumor|ADAM10|TSPAN12,False,True,,0.69901186
immune|tumor|ADAM15|ITGAV,False,True,,0.7191805
immune|tumor|ADM|RAMP2,False,True,,0.694587
immune|tumor|AGTRAP|RACK1,False,True,,0.89783144
immune|tumor|ANGPTL4|SDC4,False,True,,0.5909897
immune|tumor|ANG|EGFR,False,True,,0.7876486
immune|tumor|ANG|PLXNB2,False,True,,0.5395874
immune|tumor|APOC2|LRP1,False,True,,0.84295267
immune|tumor|ARF1|CHRM3,False,True,,0.8226709
immune|tumor|BST1|CAV1,False,True,,0.7192873
immune|tumor|C1QB|C1QBP,False,True,,0.92749417
immune|tumor|CCL5|SDC4,False,True,,0.84156656
immune|tumor|CD40LG|CD9,False,True,,0.7915782
immune|tumor|CD40LG|TRAF3,False,True,,0.6201042
immune|tumor|CD99|PILRB,False,True,,0.826149
immune|tumor|CKLF|LRP6,False,True,,0.84425527
immune|tumor|CRTAM|CADM1,False,True,,0.81703824
immune|tumor|FABP5|RXRA,False,True,,0.7452904
immune|tumor|FARP2|PLXNA2,False,True,,0.5758646
immune|tumor|FARP2|PLXNA3,False,True,,0.5442592
immune|tumor|FARP2|PLXNA4,False,True,,0.62946194
immune|tumor|FASLG|TNFRSF10B,False,True,,0.6120996
immune|tumor|FASLG|TNFRSF1A,False,True,,0.7093625
immune|tumor|GZMA|F2R,False,True,,0.8236127
immune|tumor|GZMA|PARD3,False,True,,0.88808465
immune|tumor|GZMB|CHRM3,False,True,,0.85993445
immune|tumor|GZMB|IGF2R,False,True,,0.8323899
immune|tumor|HRAS|CAV1,False,True,,0.60322475
immune|tumor|HRAS|INSR,False,True,,0.5989863
immune|tumor|IL16|KCND2,False,True,,0.81849676
immune|tumor|JAG1|NOTCH1,False,True,,0.59829617
immune|tumor|JAG1|NOTCH2,False,True,,0.5842351
immune|tumor|LRPAP1|LRP1,False,True,,0.8532424
immune|tumor|LRPAP1|SORT1,False,True,,0.8145906
immune|tumor|MFNG|NOTCH1,False,True,,0.7026194
immune|tumor|MFNG|NOTCH2,False,True,,0.69031984
immune|tumor|MIF|EGFR,False,True,,0.9277931
immune|tumor|MMP2|FGFR1,False,True,,0.71620256
immune|tumor|NCAM1|FGFR1,False,True,,0.76983863
immune|tumor|NCAM1|NCAM2,False,True,,0.8140993
immune|tumor|NCAM1|PTPRA,False,True,,0.82950175
immune|tumor|NCAM1|ROBO1,False,True,,0.7882008
immune|tumor|NRG1|ADGRL1,False,True,,0.6353274
immune|tumor|NRG1|EGFR,False,True,,0.8359257
immune|tumor|NRG1|GPC1,False,True,,0.7161051
immune|tumor|NRG1|LGR4,False,True,,0.63287055
immune|tumor|NRG1|NETO2,False,True,,0.67912596
immune|tumor|OSM|IL6ST_LIFR,False,True,,0.80697095
immune|tumor|OSM|IL6ST_OSMR,False,True,,0.7454501
immune|tumor|PDGFC|PDGFRA,False,True,,0.6465335
immune|tumor|PLTP|ABCA1,False,True,,0.8550539
immune|tumor|POMC|RAMP2,False,True,,0.54425865
immune|tumor|PSAP|GPR37L1,False,True,,0.87453943
immune|tumor|PTDSS1|SCARB1,False,True,,0.61714184
immune|tumor|PTGS2|CAV1,False,True,,0.76506746
immune|tumor|RETN|CAP1,False,True,,0.83248967
immune|tumor|SDC2|PTPRJ,False,True,,0.7634395
immune|tumor|SELL|PODXL,False,True,,0.68429285
immune|tumor|SEMA4A|NRP1_PLXNA1,False,True,,0.53224564
immune|tumor|SEMA4A|NRP1_PLXNA2,False,True,,0.6149474
immune|tumor|SEMA4A|NRP1_PLXNA3,False,True,,0.5841512
immune|tumor|SEMA4A|NRP1_PLXNA4,False,True,,0.6205495
immune|tumor|SEMA4A|PLXNB1,False,True,,0.59201425
immune|tumor|SEMA4A|PLXNB2,False,True,,0.5936563
immune|tumor|SEMA6B|PLXNA2,False,True,,0.68372685
immune|tumor|SEMA6B|PLXNA4,False,True,,0.7300826
immune|tumor|SERTAD1|AR,False,True,,0.6978009
immune|tumor|SIRPG|CD47,False,True,,0.7641167
immune|tumor|SPTAN1|PTPRA,False,True,,0.84176254
immune|tumor|TCN2|CNR1,False,True,,0.6709336
immune|tumor|TFPI|F3,False,True,,0.66704303
immune|tumor|TFPI|LRP1,False,True,,0.70602304
immune|tumor|TFPI|SDC4,False,True,,0.50369006
immune|tumor|TGM2|ADGRG1,False,True,,0.7528197
immune|tumor|TGM2|SDC4,False,True,,0.5840629
immune|tumor|TGS1|RXRA,False,True,,0.5995872
immune|tumor|THBS1|CD47,False,True,,0.8624459
immune|tumor|THBS1|ITGA3_ITGB1,False,True,,0.7762472
immune|tumor|THBS1|ITGA6,False,True,,0.7727448
immune|tumor|THBS1|LRP1,False,True,,0.88210356
immune|tumor|THBS1|PTPRJ,False,True,,0.8506538
immune|tumor|THBS1|SCARB1,False,True,,0.79009306
immune|tumor|THBS1|SDC4,False,True,,0.75971484
immune|tumor|TIGIT|NECTIN2,False,True,,0.680057
immune|tumor|TNFSF12|TNFRSF12A,False,True,,0.75554705
immune|tumor|TOR2A|ATP5F1B,False,True,,0.7770153
immune|tumor|XCL1|ADGRV1,False,True,,0.8306813
nerve|immune|ACTR2|ADRB2,False,True,,0.79463536
nerve|immune|ACTR2|LDLR,False,True,,0.7433702
nerve|immune|ADAM10|TSPAN15,False,True,,0.7790619
nerve|immune|ADAM12|SDC4,False,True,,0.76568556
nerve|immune|ADAM28|ITGA4,False,True,,0.76064426
nerve|immune|ADA|DPP4,False,True,,0.6309852
nerve|immune|ADM|ADRB2,False,True,,0.7616984
nerve|immune|ADM|GPR84,False,True,,0.7451826
nerve|immune|ADM|RAMP1,False,True,,0.74279064
nerve|immune|ADO|ADORA3,False,True,,0.80567783
nerve|immune|AGTRAP|RACK1,False,True,,0.8928164
nerve|immune|ANGPTL1|ITGA1_ITGB1,False,True,,0.66155726
nerve|immune|ANGPTL1|LILRB2,False,True,,0.71059847
nerve|immune|ANGPTL1|LILRB3,False,True,,0.71748656
nerve|immune|ANGPTL2|LILRB2,False,True,,0.7969743
nerve|immune|ANGPTL4|SDC4,False,True,,0.65127116
nerve|immune|ANXA1|FPR2_FPR3,False,True,,0.8060652
nerve|immune|APP|FPR2,False,True,,0.8873943
nerve|immune|APP|LRP10,False,True,,0.87823725
nerve|immune|APP|NCSTN,False,True,,0.86486053
nerve|immune|APP|PTGER2,False,True,,0.8939544
nerve|immune|APP|TSPAN15,False,True,,0.81818664
nerve|immune|ARF6|PLD1,False,True,,0.6716928
nerve|immune|ARF6|SMAP1,False,True,,0.782943
nerve|immune|ARPC5|ADRB2,False,True,,0.84706557
nerve|immune|ARPC5|LDLR,False,True,,0.8056882
nerve|immune|AZGP1|ITGAV,False,True,,0.8015009
nerve|immune|B2M|CD1C,False,True,,0.91637796
nerve|immune|B2M|KLRC1,False,True,,0.9454763
nerve|immune|B2M|KLRC2,False,True,,0.9075648
nerve|immune|BMP2|ACTR2,False,True,,0.7947975
nerve|immune|BMP2|ENG,False,True,,0.69369256
nerve|immune|BMP8A|TGFBR1,False,True,,0.772417
nerve|immune|BMP8A|TGFBR2,False,True,,0.7544832
nerve|immune|BMP8B|PLAUR,False,True,,0.8080807
nerve|immune|C1QA|CD93,False,True,,0.8962632
nerve|immune|C3|IFITM1,False,True,,0.8935669
nerve|immune|CADM1|CRTAM,False,True,,0.8680107
nerve|immune|CALM1|KCNN4,False,True,,0.8334521
nerve|immune|CCL2|CCR1,False,True,,0.76845974
nerve|immune|CCL2|CCR2,False,True,,0.6870079
nerve|immune|CCL2|CCR5,False,True,,0.6779219
nerve|immune|CD14|ITGA4,False,True,,0.86634994
nerve|immune|CD14|ITGB1,False,True,,0.8901688
nerve|immune|CD14|ITGB2,False,True,,0.9088278
nerve|immune|CD47|SIRPG,False,True,,0.8623542
nerve|immune|CDH1|ITGAE_ITGB7,False,True,,0.7401241
nerve|immune|CIRBP|TREM1,False,True,,0.9220498
nerve|immune|CLEC2B|KLRF1,False,True,,0.8096642
nerve|immune|COL1A1|CD36,False,True,,0.7500899
nerve|immune|COL1A1|CD44,False,True,,0.84656197
nerve|immune|COL1A1|CD93,False,True,,0.79278415
nerve|immune|COL1A1|ITGA1_ITGB1,False,True,,0.69476974
nerve|immune|COL1A1|ITGA5,False,True,,0.7246955
nerve|immune|COL1A2|CD36,False,True,,0.7868419
nerve|immune|COL3A1|ITGA1_ITGB1,False,True,,0.72034293
nerve|immune|COPA|P2RY6,False,True,,0.80526334
nerve|immune|CXCL16|CXCR6,False,True,,0.7706197
nerve|immune|CXCL8|CD79A,False,True,,0.8095502
nerve|immune|FADD|ABCA1,False,True,,0.722044
nerve|immune|FADD|FAS,False,True,,0.60343426
nerve|immune|FADD|TRADD,False,True,,0.63928556
nerve|immune|FAM3C|PDCD1,False,True,,0.72028565
nerve|immune|FGF2|SDC4,False,True,,0.61146814
nerve|immune|FN1|CD79A,False,True,,0.84681946
nerve|immune|FN1|ITGA4_ITGB7,False,True,,0.8302683
nerve|immune|FSTL5|LILRA1,False,True,,0.6751957
nerve|immune|FSTL5|LILRB2,False,True,,0.7816432
nerve|immune|GDNF|EDNRB,False,True,,0.5237703
nerve|immune|GNAI2|CCR5,False,True,,0.8013075
nerve|immune|GNAI2|CXCR3,False,True,,0.86750406
nerve|immune|GNAI2|EDNRB,False,True,,0.77960974
nerve|immune|GNAI2|S1PR4,False,True,,0.8444512
nerve|immune|GNAI2|S1PR5,False,True,,0.83491427
nerve|immune|GNAS|ADRB2,False,True,,0.8439491
nerve|immune|GNAS|PTGDR,False,True,,0.8793383
nerve|immune|GPC3|CD81,False,True,,0.8580887
nerve|immune|GPC3|FLT1,False,True,,0.69944745
nerve|immune|GPC3|LRP1,False,True,,0.81033385
nerve|immune|HBEGF|CD44,False,True,,0.8766172
nerve|immune|HBEGF|CD82,False,True,,0.7565247
nerve|immune|HEBP1|FPR3,False,True,,0.8322218
nerve|immune|HLA-A|CD8B,False,True,,0.928868
nerve|immune|HLA-A|LILRA1,False,True,,0.85445434
nerve|immune|HLA-A|LILRB2,False,True,,0.9099858
nerve|immune|HLA-C|CD8B,False,True,,0.9269282
nerve|immune|HLA-C|LILRA1,False,True,,0.85081124
nerve|immune|HLA-C|LILRB2,False,True,,0.90758234
nerve|immune|HLA-E|CD8B,False,True,,0.8984721
nerve|immune|HLA-E|KLRC1_KLRD1,False,True,,0.89990795
nerve|immune|HLA-E|KLRC2_KLRD1,False,True,,0.835814
nerve|immune|HMGB1|THBD,False,True,,0.91882634
nerve|immune|HRAS|INSR,False,True,,0.72317743
nerve|immune|HSPA8|ADRB2,False,True,,0.8393657
nerve|immune|HSPA8|LDLR,False,True,,0.79640573
nerve|immune|ICOSLG|CD28,False,True,,0.7494511
nerve|immune|ICOSLG|CTLA4,False,True,,0.74946326
nerve|immune|ICOSLG|ICOS,False,True,,0.7833047
nerve|immune|IL15RA|AXL,False,True,,0.7175594
nerve|immune|LGALS3BP|CD33,False,True,,0.87340033
nerve|immune|LGALS3|LAG3,False,True,,0.85864407
nerve|immune|LGALS9|CD44,False,True,,0.8601048
nerve|immune|LGALS9|CD47,False,True,,0.79310775
nerve|immune|LGALS9|HAVCR2,False,True,,0.8129161
nerve|immune|LGALS9|PTPRC,False,True,,0.8752693
nerve|immune|LILRB4|LAIR1,False,True,,0.82049906
nerve|immune|LIN7C|ABCA1,False,True,,0.7650462
nerve|immune|LMAN1|MCFD2,False,True,,0.74333864
nerve|immune|LRPAP1|LDLR,False,True,,0.71029013
nerve|immune|MDK|NCL,False,True,,0.9085178
nerve|immune|MDK|SDC4,False,True,,0.80399823
nerve|immune|MIF|CD44_CD74,False,True,,0.94782776
nerve|immune|MIF|CD74_CXCR4,False,True,,0.953741
nerve|immune|MIF|TNFRSF10D,False,True,,0.81743145
nerve|immune|MIF|TNFRSF14,False,True,,0.901065
nerve|immune|NECTIN2|TIGIT,False,True,,0.70178485
nerve|immune|NECTIN3|TIGIT,False,True,,0.8028143
nerve|immune|NRG1|NETO2,False,True,,0.7153476
nerve|immune|NRG1|SIGLEC7,False,True,,0.76066184
nerve|immune|PLAU|IGF2R,False,True,,0.6432966
nerve|immune|PLAU|ITGA5,False,True,,0.6555558
nerve|immune|PLAU|ITGAM,False,True,,0.68454236
nerve|immune|PLAU|ITGB1,False,True,,0.7496112
nerve|immune|PLAU|LRP1,False,True,,0.7121735
nerve|immune|PLAU|PLAUR,False,True,,0.80600077
nerve|immune|PLAU|ST14,False,True,,0.6314801
nerve|immune|PODXL2|SELL,False,True,,0.8045278
nerve|immune|PODXL|SELL,False,True,,0.72185284
nerve|immune|PSEN1|NCSTN,False,True,,0.8568704
nerve|immune|PTDSS1|JMJD6,False,True,,0.7289629
nerve|immune|PTN|NCL,False,True,,0.9366278
nerve|immune|PTN|SDC4,False,True,,0.8592488
nerve|immune|PTPN6|CD300LF,False,True,,0.64323425
nerve|immune|PTPN6|CLEC12A,False,True,,0.6972187
nerve|immune|S100A1|RYR1,False,True,,0.84890246
nerve|immune|S100A1|TLR4,False,True,,0.8963946
nerve|immune|S100A8|CD36,False,True,,0.7984947
nerve|immune|S100A8|CD68,False,True,,0.87777776
nerve|immune|S100A8|CD69,False,True,,0.88195163
nerve|immune|S100A8|ITGB2,False,True,,0.8705264
nerve|immune|S100A8|TLR4,False,True,,0.7699543
nerve|immune|S100A9|CD36,False,True,,0.82595545
nerve|immune|S100A9|CD68,False,True,,0.8958433
nerve|immune|S100A9|ITGB2,False,True,,0.8895289
nerve|immune|S100A9|TLR4,False,True,,0.80033195
nerve|immune|SEMA4D|CD72,False,True,,0.8169345
nerve|immune|SEMA7A|ITGA1_ITGB1,False,True,,0.81717813
nerve|immune|SEMA7A|PLXNC1,False,True,,0.8388884
nerve|immune|SERPINF1|PLXDC2,False,True,,0.82686555
nerve|immune|SNCA|LAG3,False,True,,0.8307052
nerve|immune|TFPI|SDC4,False,True,,0.6196911
nerve|immune|TF|ADRB2,False,True,,0.8820573
nerve|immune|TF|LDLR,False,True,,0.8484534
nerve|immune|THBS2|CD36,False,True,,0.83636564
nerve|immune|THBS4|CD36,False,True,,0.7921053
nerve|immune|TNC|SDC4,False,True,,0.6986893
nerve|immune|TNFSF12|CD163,False,True,,0.7791265
nerve|immune|TNFSF13B|TFRC,False,True,,0.7388307
nerve|immune|VCAN|SELL,False,True,,0.88792753
nerve|immune|VEGFB|ADRB2,False,True,,0.7016677
nerve|immune|VEGFB|NRP1,False,True,,0.75551474
nerve|immune|VEGFD|FLT1,False,True,,0.5367985
nerve|immune|VEGFD|ITGA1,False,True,,0.58593875
nerve|immune|VEGFD|ITGA4,False,True,,0.6730794
nerve|immune|VEGFD|ITGA5,False,True,,0.6207094
nerve|immune|VEGFD|ITGB1,False,True,,0.72021914
nerve|immune|VEGFD|NRP2,False,True,,0.61994207
nerve|immune|WNT5A|ADRB2,False,True,,0.58782935
nerve|immune|WNT5A|LDLR,False,True,,0.5163598
nerve|tumor|ADAM10|TSPAN12,False,True,,0.79355913
nerve|tumor|ADAM12|SDC4,False,True,,0.69149697
nerve|tumor|ADM|RAMP2,False,True,,0.70830065
nerve|tumor|ADO|ADORA1,False,True,,0.6646745
nerve|tumor|ANGPTL4|SDC4,False,True,,0.56159824
nerve|tumor|APP|TSPAN12,False,True,,0.83067465
nerve|tumor|ARF1|CHRM3,False,True,,0.826283
nerve|tumor|ARF6|SMAP1,False,True,,0.78914034
nerve|tumor|AZGP1|ITGAV,False,True,,0.7941492
nerve|tumor|BMP2|ACVR2A_BMPR1A,False,True,,0.56205267
nerve|tumor|BMP2|ACVR2A_BMPR1B,False,True,,0.56205267
nerve|tumor|BMP2|BMPR1A_BMPR2,False,True,,0.6255255
nerve|tumor|BMP2|BMPR1B_BMPR2,False,True,,0.6196364
nerve|tumor|BMP2|GPC1,False,True,,0.6725101
nerve|tumor|BMP2|RGMB,False,True,,0.56939703
nerve|tumor|BMP8A|ACVR2A_BMPR1A,False,True,,0.6292218
nerve|tumor|BMP8A|ACVR2A_BMPR1B,False,True,,0.6292218
nerve|tumor|BMP8A|BMPR1A_BMPR2,False,True,,0.6883574
nerve|tumor|BMP8A|BMPR1B_BMPR2,False,True,,0.68295556
nerve|tumor|BMP8A|TGFBR1,False,True,,0.6283866
nerve|tumor|BMP8B|ACVR2A_BMPR1A,False,True,,0.5452302
nerve|tumor|BMP8B|ACVR2A_BMPR1B,False,True,,0.5452302
nerve|tumor|BMP8B|BMPR1A_BMPR2,False,True,,0.60944706
nerve|tumor|BMP8B|BMPR1B_BMPR2,False,True,,0.6034653
nerve|tumor|CADM3|CADM1,False,True,,0.7900388
nerve|tumor|CKLF|LRP6,False,True,,0.77009404
nerve|tumor|COL1A1|CD44,False,True,,0.76332587
nerve|tumor|COL1A1|DDR2,False,True,,0.6209085
nerve|tumor|COL1A1|ITGA3_ITGB1,False,True,,0.60323054
nerve|tumor|COL1A1|ITGAV_ITGB8,False,True,,0.75936866
nerve|tumor|COL3A1|DDR2,False,True,,0.6495485
nerve|tumor|DHH|BOC,False,True,,0.53385043
nerve|tumor|FADD|ABCA1,False,True,,0.69152486
nerve|tumor|FGF1|CSPG4,False,True,,0.7313761
nerve|tumor|FGF2|SDC4,False,True,,0.5191174
nerve|tumor|GDF11|BMPR2,False,True,,0.72708243
nerve|tumor|GDNF|EDNRB,False,True,,0.58270186
nerve|tumor|GPC3|CD81,False,True,,0.82113767
nerve|tumor|GPC3|IGF1R,False,True,,0.74789286
nerve|tumor|GPC3|LRP1,False,True,,0.8036732
nerve|tumor|HBEGF|CD82,False,True,,0.74997115
nerve|tumor|HBEGF|CD9,False,True,,0.8379015
nerve|tumor|HRAS|CAV1,False,True,,0.7799506
nerve|tumor|HRAS|INSR,False,True,,0.7769018
nerve|tumor|LGI1|ADAM22,False,True,,0.6526849
nerve|tumor|LGI1|ADAM23,False,True,,0.66626203
nerve|tumor|LIN7C|ABCA1,False,True,,0.73753244
nerve|tumor|LRRC4B|PTPRD,False,True,,0.8131632
nerve|tumor|MDK|GPC2,False,True,,0.7519124
nerve|tumor|MDK|NCL,False,True,,0.8847409
nerve|tumor|MDK|SDC4,False,True,,0.737786
nerve|tumor|MFGE8|ITGAV,False,True,,0.8194589
nerve|tumor|MIF|EGFR,False,True,,0.9456886
nerve|tumor|NDP|LGR4,False,True,,0.6017868
nerve|tumor|PDGFA|PDGFRA,False,True,,0.756237
nerve|tumor|PDGFC|PDGFRA,False,True,,0.774272
nerve|tumor|PSAP|GPR37L1,False,True,,0.8758095
nerve|tumor|PTN|NCL,False,True,,0.91950965
nerve|tumor|PTN|SDC4,False,True,,0.8072258
nerve|tumor|PTPN6|EGFR,False,True,,0.8249342
nerve|tumor|RGMB|BMPR2,False,True,,0.8120793
nerve|tumor|S100A1|TRPM3,False,True,,0.88229007
nerve|tumor|S100A4|EGFR,False,True,,0.89180344
nerve|tumor|SERTAD1|AR,False,True,,0.71774954
nerve|tumor|SLITRK1|PTPRD,False,True,,0.7014169
nerve|tumor|SLITRK1|PTPRS,False,True,,0.70209914
nerve|tumor|SLITRK2|PTPRD,False,True,,0.76957417
nerve|tumor|SLITRK2|PTPRS,False,True,,0.7701517
nerve|tumor|TFPI|SDC4,False,True,,0.5277855
nerve|tumor|TGFA|PTPRD,False,True,,0.74635416
nerve|tumor|TNC|SDC4,False,True,,0.61398244
nerve|tumor|TNFSF12|TNFRSF12A,False,True,,0.6519318
nerve|tumor|VEGFD|NRP2,False,True,,0.55827
nerve|tumor|WNT2B|FZD3_LRP6,False,True,,0.6880195
nerve|tumor|WNT5A|ANTXR1,False,True,,0.6215104
nerve|tumor|WNT5A|FZD3,False,True,,0.67948836
nerve|tumor|WNT5A|LRP6,False,True,,0.6473098
nerve|tumor|WNT5A|PTK7,False,True,,0.5180558
nerve|tumor|WNT5A|PTPRK,False,True,,0.6500338
nerve|tumor|WNT5A|RYK,False,True,,0.6086613
tumor|immune|ADAM12|SDC4,False,True,,0.6411668
tumor|immune|ADM|ADRB2,False,True,,0.70800394
tumor|immune|ADM|GPR84,False,True,,0.6892846
tumor|immune|AGTRAP|RACK1,False,True,,0.85529
tumor|immune|ANGPTL2|LILRB2,False,True,,0.6954476
tumor|immune|ANGPTL4|ITGA5_ITGB1,False,True,,0.7131497
tumor|immune|ANGPTL4|SDC2,False,True,,0.7020273
tumor|immune|ANGPTL4|SDC3,False,True,,0.60068905
tumor|immune|ANGPTL4|SDC4,False,True,,0.6561017
tumor|immune|ANXA1|FPR2_FPR3,False,True,,0.8028791
tumor|immune|APP|FPR2,False,True,,0.8554031
tumor|immune|APP|LRP10,False,True,,0.8441016
tumor|immune|APP|NCSTN,False,True,,0.8277105
tumor|immune|APP|PTGER2,False,True,,0.8635404
tumor|immune|APP|TNFRSF21,False,True,,0.78910685
tumor|immune|APP|TSPAN15,False,True,,0.77159446
tumor|immune|C3|IFITM1,False,True,,0.8156511
tumor|immune|CADM1|CRTAM,False,True,,0.81703824
tumor|immune|CALM1|INSR,False,True,,0.815786
tumor|immune|CALM1|KCNN4,False,True,,0.78453004
tumor|immune|CCL2|CCR1,False,True,,0.7134569
tumor|immune|CCL2|CCR2,False,True,,0.62216955
tumor|immune|CCL2|CCR5,False,True,,0.61226356
tumor|immune|CCN1|ITGA5,False,True,,0.76452625
tumor|immune|CCN1|ITGAM,False,True,,0.78731763
tumor|immune|CCN1|ITGAV,False,True,,0.80291075
tumor|immune|CCN1|ITGB2,False,True,,0.86266273
tumor|immune|CCN1|ITGB5,False,True,,0.6876943
tumor|immune|CCN1|SDC4,False,True,,0.7135924
tumor|immune|CCN1|TLR2,False,True,,0.8152054
tumor|immune|CCN1|TLR4,False,True,,0.7576826
tumor|immune|CD24|SIGLEC10,False,True,,0.7218871
tumor|immune|CD47|SIRPG,False,True,,0.7641167
tumor|immune|CD99|PILRB,False,True,,0.8175524
tumor|immune|CIRBP|TREM1,False,True,,0.9056782
tumor|immune|CLEC11A|ITGB1,False,True,,0.78499055
tumor|immune|CNTN1|NOTCH1,False,True,,0.63259655
tumor|immune|COL1A2|CD36,False,True,,0.7165733
tumor|immune|COL20A1|ITGA1_ITGB1,False,True,,0.69062895
tumor|immune|COL9A2|CD44,False,True,,0.79504
tumor|immune|COL9A2|ITGA1_ITGB1,False,True,,0.6154324
tumor|immune|COPA|P2RY6,False,True,,0.7030962
tumor|immune|CXCL14|CXCR4,False,True,,0.8582987
tumor|immune|DLL3|NOTCH1,False,True,,0.62231755
tumor|immune|DLL3|NOTCH2,False,True,,0.73114175
tumor|immune|EFNB2|EPHA4,False,True,,0.5717024
tumor|immune|FAM3C|PDCD1,False,True,,0.80271643
tumor|immune|FGF2|SDC4,False,True,,0.6318687
tumor|immune|FN1|CD79A,False,True,,0.769737
tumor|immune|FN1|ITGA4_ITGB7,False,True,,0.747342
tumor|immune|GNAI2|CXCR3,False,True,,0.81413966
tumor|immune|GNAI2|S1PR4,False,True,,0.7841127
tumor|immune|GNAI2|S1PR5,False,True,,0.7718756
tumor|immune|GNAS|ADRB2,False,True,,0.8386776
tumor|immune|GNAS|PTGDR,False,True,,0.87508535
tumor|immune|HEBP1|FPR3,False,True,,0.6613759
tumor|immune|HLA-A|CD8B,False,True,,0.908921
tumor|immune|HMGB1|THBD,False,True,,0.91189
tumor|immune|HRAS|INSR,False,True,,0.63848686
tumor|immune|LGALS3BP|CD33,False,True,,0.76256645
tumor|immune|LGALS3|LAG3,False,True,,0.8359928
tumor|immune|LMAN1|MCFD2,False,True,,0.72679937
tumor|immune|LRPAP1|LDLR,False,True,,0.68357146
tumor|immune|MAML2|NOTCH1,False,True,,0.7606392
tumor|immune|MDK|NCL,False,True,,0.90284204
tumor|immune|MDK|SDC4,False,True,,0.7933132
tumor|immune|MMP2|CCR2,False,True,,0.62226665
tumor|immune|NECTIN2|TIGIT,False,True,,0.680057
tumor|immune|NECTIN3|TIGIT,False,True,,0.6944873
tumor|immune|PODXL2|SELL,False,True,,0.76149046
tumor|immune|PODXL|SELL,False,True,,0.68429285
tumor|immune|PSEN1|NCSTN,False,True,,0.67875195
tumor|immune|PTDSS1|JMJD6,False,True,,0.68803424
tumor|immune|PTN|NCL,False,True,,0.9418959
tumor|immune|PTN|SDC4,False,True,,0.8700569
tumor|immune|RARRES2|CCRL2,False,True,,0.70778817
tumor|immune|RARRES2|CMKLR1,False,True,,0.6442092
tumor|immune|TFPI|SDC4,False,True,,0.647512
tumor|immune|THBS4|CD36,False,True,,0.6942195
tumor|immune|TNC|SDC4,False,True,,0.78604263
tumor|immune|VCAN|SELL,False,True,,0.8381388
tumor|immune|VEGFB|ADRB2,False,True,,0.6650661
tumor|nerve|ADAM10|IL6R,False,True,,0.7585876
tumor|nerve|ADAM17|IL6R,False,True,,0.7605049
tumor|nerve|ADAM17|ITGB1,False,True,,0.8410352
tumor|nerve|ADAM9|ITGB1,False,True,,0.85222566
tumor|nerve|ADM|CALCRL,False,True,,0.73767227
tumor|nerve|ADM|RAMP1,False,True,,0.76531404
tumor|nerve|AGRN|MUSK,False,True,,0.5488859
tumor|nerve|ANGPTL4|CDH11,False,True,,0.745255
tumor|nerve|ANGPTL4|GPIHBP1,False,True,,0.7195685
tumor|nerve|ANGPTL4|ITGA5_ITGB1,False,True,,0.61596954
tumor|nerve|ANGPTL4|SDC2,False,True,,0.5995905
tumor|nerve|ANGPTL4|SDC3,False,True,,0.6747283
tumor|nerve|APOD|LEPR,False,True,,0.7277044
tumor|nerve|APP|LRP10,False,True,,0.8652009
tumor|nerve|APP|NCSTN,False,True,,0.85665977
tumor|nerve|APP|NGFR,False,True,,0.9227792
tumor|nerve|ARF6|PLD1,False,True,,0.8458352
tumor|nerve|ARF6|SMAP1,False,True,,0.7659355
tumor|nerve|BMP7|ENG,False,True,,0.6909432
tumor|nerve|CALM1|CRHR1,False,True,,0.7962729
tumor|nerve|CALM1|KCNQ1,False,True,,0.7959961
tumor|nerve|CALM3|KCNQ1,False,True,,0.7070579
tumor|nerve|CCN1|CAV1,False,True,,0.80529517
tumor|nerve|CCN1|ITGA5,False,True,,0.676865
tumor|nerve|CCN1|ITGAM,False,True,,0.6462654
tumor|nerve|CCN1|ITGAV,False,True,,0.81954896
tumor|nerve|CCN1|ITGB5,False,True,,0.64723384
tumor|nerve|CD99|PILRB,False,True,,0.76783955
tumor|nerve|CIRBP|TREM1,False,True,,0.8192321
tumor|nerve|CKLF|LRP6,False,True,,0.83879584
tumor|nerve|CLEC11A|ITGB1,False,True,,0.79050064
tumor|nerve|COL20A1|ITGA2_ITGB1,False,True,,0.67197317
tumor|nerve|COL4A1|ITGA9_ITGB1,False,True,,0.6809391
tumor|nerve|COL4A2|CD93,False,True,,0.59111995
tumor|nerve|COL4A2|ITGA9_ITGB1,False,True,,0.7127431
tumor|nerve|COL4A2|ITGB5,False,True,,0.6099577
tumor|nerve|COL6A1|ITGA9_ITGB1,False,True,,0.76126724
tumor|nerve|COL6A2|ITGA9_ITGB1,False,True,,0.6936484
tumor|nerve|COL9A2|ITGA2_ITGB1,False,True,,0.59490186
tumor|nerve|COL9A2|ITGA3_ITGB1,False,True,,0.56711674
tumor|nerve|COL9A2|ITGA9_ITGB1,False,True,,0.62396675
tumor|nerve|COL9A2|ITGAV_ITGB8,False,True,,0.7145795
tumor|nerve|COL9A2|MAG,False,True,,0.8324936
tumor|nerve|CSPG4|ITGA3_ITGB1,False,True,,0.59163994
tumor|nerve|CXCL16|GRM7,False,True,,0.79101205
tumor|nerve|DLL3|NOTCH1,False,True,,0.72302246
tumor|nerve|DLL3|NOTCH2,False,True,,0.6952259
tumor|nerve|DLL3|NOTCH4,False,True,,0.6231779
tumor|nerve|DRAXIN|DCC,False,True,,0.81749594
tumor|nerve|FGF1|FGFRL1,False,True,,0.50668603
tumor|nerve|FGF2|FGFRL1,False,True,,0.53281564
tumor|nerve|GNAI2|S1PR5,False,True,,0.7941561
tumor|nerve|GNAS|ADCY7,False,True,,0.82935184
tumor|nerve|GNAS|CRHR1,False,True,,0.7999031
tumor|nerve|HEBP1|GRM7,False,True,,0.784481
tumor|nerve|HRAS|CAV1,False,True,,0.78086966
tumor|nerve|HRAS|INSR,False,True,,0.8439013
tumor|nerve|JAG1|NOTCH4,False,True,,0.6154005
tumor|nerve|JAM3|ITGAM_ITGB2,False,True,,0.64793634
tumor|nerve|LGALS3|ENG,False,True,,0.7792938
tumor|nerve|LPL|GPIHBP1,False,True,,0.74982405
tumor|nerve|LRP1B|PLAUR,False,True,,0.86826956
tumor|nerve|LTBP3|ITGB5,False,True,,0.65907425
tumor|nerve|MAML2|NOTCH4,False,True,,0.76130533
tumor|nerve|MDK|NCL,False,True,,0.8880556
tumor|nerve|NECTIN2|CD226,False,True,,0.5606293
tumor|nerve|PLAT|ITGAM,False,True,,0.6133061
tumor|nerve|PSEN1|NCSTN,False,True,,0.7243963
tumor|nerve|PSEN1|NOTCH2,False,True,,0.6681349
tumor|nerve|PSEN1|NOTCH4,False,True,,0.59342796
tumor|nerve|PTN|NCL,False,True,,0.93260944
tumor|nerve|RIMS1|SLC17A7,False,True,,0.6646609
tumor|nerve|RTN4|NGFR,False,True,,0.9277342
tumor|nerve|SERTAD1|AR,False,True,,0.6643637
tumor|nerve|SLIT1|FLRT3,False,True,,0.5555797
tumor|nerve|SLITRK2|PTPRD,False,True,,0.8494558
tumor|nerve|SLITRK2|PTPRS,False,True,,0.76720905
tumor|nerve|SPARC|ENG,False,True,,0.7894236
tumor|nerve|THY1|ITGAM_ITGB2,False,True,,0.6607944
tumor|nerve|TNR|ITGA9_ITGB1,False,True,,0.77137125
tumor|nerve|VCAN|ITGB1,False,True,,0.89291364
tumor|nerve|VCAN|TLR2,False,True,,0.7330486
tumor|nerve|VEGFA|GPC1,False,True,,0.8568245
tumor|nerve|VEGFA|ITGB1,False,True,,0.90155697
tumor|nerve|VEGFA|NRP1,False,True,,0.787001
tumor|nerve|VEGFA|SIRPA,False,True,,0.8279701
