source,target,ligand_complex,receptor_complex,lr_means,cellphone_pvals,expr_prod,scaled_weight,lr_logfc,spec_weight,lrscore,specificity_rank,magnitude_rank,source_compartment,target_compartment,compartment_pair,direction,nerve_cluster,immune_subtype,nerve_dominant_sample_fraction,nerve_n_contributing_samples,nerve_normalised_entropy,nerve_batch_qc_pass,immune_dominant_sample_fraction,immune_n_contributing_samples,immune_normalised_entropy,immune_batch_qc_pass,batch_qc_pass
nerve_c17,immune_dendritic,APP,CD74,3.4108686,0.0,10.511825,1.4822399262452444,1.7164192085566872,0.016709656,0.9676825,0.055996110076105,3.490621419203905e-09,nerve,immune,immune-nerve,nerve_to_immune,nerve_c17,dendritic,0.6072,12.0,0.3472,False,0.0815,25.0,0.7859,True,False
nerve_c9,immune_dendritic,APP,CD74,3.4054587,0.0,10.463456,1.4762443132038534,1.743411595424905,0.016632767,0.9676103,0.0567658718410939,1.3962302356686484e-08,nerve,immune,immune-nerve,nerve_to_immune,nerve_c9,dendritic,0.8791,5.0,0.1446,False,0.0815,25.0,0.7859,True,False
nerve_c12,immune_dendritic,APP,CD74,3.3984036,0.0,10.40038,1.468424717058597,1.7259538710847413,0.016532501,0.9675154,0.0587115373919711,3.141476589792106e-08,nerve,immune,immune-nerve,nerve_to_immune,nerve_c12,dendritic,0.8072,7.0,0.2013,False,0.0815,25.0,0.7859,True,False
nerve_c2,immune_dendritic,APP,CD74,3.3210688,0.0,9.708975,1.3827132341385735,1.659987016328888,0.015433441,0.96641684,0.0752586948594587,5.5847742865712825e-08,nerve,immune,immune-nerve,nerve_to_immune,nerve_c2,dendritic,0.25,13.0,0.5666,True,0.0815,25.0,0.7859,True,True
nerve_c19,immune_dendritic,APP,CD74,3.3091722,0.0,9.602613,1.3695279563900902,1.7428037019821052,0.015264368,0.9662376,0.0785135574066836,8.726094280558543e-08,nerve,immune,immune-nerve,nerve_to_immune,nerve_c19,dendritic,0.9467,4.0,0.054,False,0.0815,25.0,0.7859,True,False
nerve_c3,immune_dendritic,APP,CD74,3.2934704,0.0,9.4622345,1.3521239958068625,1.658862474153949,0.01504122,0.96599656,0.0827976559787934,1.2565411394865465e-07,nerve,immune,immune-nerve,nerve_to_immune,nerve_c3,dendritic,0.3912,13.0,0.4608,True,0.0815,25.0,0.7859,True,True
nerve_c11,immune_dendritic,APP,CD74,3.2848113,0.0,9.384818,1.342527219095563,1.707859159758397,0.014918159,0.9658614,0.0854693866426336,1.7102695294605996e-07,nerve,immune,immune-nerve,nerve_to_immune,nerve_c11,dendritic,0.1876,18.0,0.5976,True,0.0815,25.0,0.7859,True,True
nerve_c0,immune_dendritic,APP,CD74,3.2822936,0.0,9.3623085,1.3397369435980222,1.6811216660593216,0.014882377,0.96582174,0.0865072078014784,2.233792389745864e-07,nerve,immune,immune-nerve,nerve_to_immune,nerve_c0,dendritic,0.4029,19.0,0.5772,True,0.0815,25.0,0.7859,True,True
nerve_c1,immune_dendritic,APP,CD74,3.2268856,0.0,8.866938,1.2783251043027437,1.6267037174133598,0.014094933,0.9649131,0.1037065992119105,5.02576858650382e-07,nerve,immune,immune-nerve,nerve_to_immune,nerve_c1,dendritic,0.1983,17.0,0.5642,True,0.0815,25.0,0.7859,True,True
nerve_c7,immune_nk_cell,B2M,KLRD1,3.196261,0.0,8.614489,2.915843904840718,1.924633837519419,0.0714276,0.9644208,0.0016927494110091,5.898220178767766e-07,nerve,immune,immune-nerve,nerve_to_immune,nerve_c7,nk_cell,0.1793,26.0,0.7072,True,0.0794,26.0,0.7523,True,True
nerve_c17,immune_microglia,APP,CD74,3.1327944,0.0,9.204025,1.3441258762380766,2.4314362830977325,0.014630769,0.9655392,0.0573529207219797,7.852454837273199e-07,nerve,immune,immune-nerve,nerve_to_immune,nerve_c17,microglia,0.6072,12.0,0.3472,False,0.0187,44.0,0.9088,True,False
nerve_c20,immune_dendritic,APP,CD74,3.1689935,0.0,8.3493595,1.2141640677126957,1.760527904482995,0.013272188,0.9638806,0.1281814043641293,8.934230959922267e-07,nerve,immune,immune-nerve,nerve_to_immune,nerve_c20,dendritic,0.3415,15.0,0.5197,True,0.0815,25.0,0.7859,True,True
nerve_c9,immune_microglia,APP,CD74,3.1273844,0.0,9.1616745,1.3381302631966858,2.4584286699659503,0.014563449,0.9654624,0.0539230070007465,8.934230959922267e-07,nerve,immune,immune-nerve,nerve_to_immune,nerve_c9,microglia,0.8791,5.0,0.1446,False,0.0187,44.0,0.9088,True,False
nerve_c12,immune_microglia,APP,CD74,3.1203294,0.0,9.106446,1.330310667051429,2.440970945625786,0.014475657,0.9653615,0.0554823359984647,1.0085776392060508e-06,nerve,immune,immune-nerve,nerve_to_immune,nerve_c12,microglia,0.8072,7.0,0.2013,False,0.0187,44.0,0.9088,True,False
nerve_c5,immune_dendritic,APP,CD74,3.1571002,0.0,8.243028,1.2009821454531782,1.5566420176006643,0.013103163,0.9636568,0.1347033617355268,1.130708838388827e-06,nerve,immune,immune-nerve,nerve_to_immune,nerve_c5,dendritic,0.226,19.0,0.6259,True,0.0815,25.0,0.7859,True,True
nerve_c2,immune_nk_cell,B2M,KLRD1,3.0709767,0.0,8.1307125,2.842260286430866,1.7120297654998244,0.06741634,0.9634158,0.0022693353916969,1.6889949220869482e-06,nerve,immune,immune-nerve,nerve_to_immune,nerve_c2,nk_cell,0.25,13.0,0.5666,True,0.0794,26.0,0.7523,True,True
nerve_c2,immune_microglia,APP,CD74,3.0429945,0.0,8.5010605,1.244599184131406,2.375004090869933,0.013513332,0.9641927,0.0651398633892046,1.8460052867229143e-06,nerve,immune,immune-nerve,nerve_to_immune,nerve_c2,microglia,0.25,13.0,0.5666,True,0.0187,44.0,0.9088,True,True
nerve_c15,immune_dendritic,APP,CD74,3.1435153,0.0,8.121574,1.1859261421845837,1.3796419282295382,0.012910099,0.96339595,0.1410431981814846,1.8460052867229143e-06,nerve,immune,immune-nerve,nerve_to_immune,nerve_c15,dendritic,0.9903,1.0,0.0149,False,0.0815,25.0,0.7859,True,False
nerve_c4,immune_dendritic,APP,CD74,3.143096,0.0,8.1178255,1.185461147325117,1.5244012529052189,0.01290414,0.96338785,0.1414962885969496,2.009990657447635e-06,nerve,immune,immune-nerve,nerve_to_immune,nerve_c4,dendritic,0.1409,18.0,0.5987,True,0.0815,25.0,0.7859,True,True
nerve_c19,immune_microglia,APP,CD74,3.031098,0.0,8.407931,1.2314139063829226,2.4578207765231506,0.013365294,0.9640021,0.0542349097793282,2.009990657447635e-06,nerve,immune,immune-nerve,nerve_to_immune,nerve_c19,microglia,0.9467,4.0,0.054,False,0.0187,44.0,0.9088,True,False
nerve_c3,immune_microglia,APP,CD74,3.015396,0.0,8.285017,1.214009945799695,2.3738795486949944,0.013169908,0.96374565,0.0654511009790791,2.358885317243481e-06,nerve,immune,immune-nerve,nerve_to_immune,nerve_c3,microglia,0.3912,13.0,0.4608,True,0.0187,44.0,0.9088,True,True
nerve_c6,immune_dendritic,APP,CD74,3.1136904,0.0,7.8549266,1.1528696282982254,1.568784894197197,0.012486234,0.96280277,0.1561247270563552,2.543794334766956e-06,nerve,immune,immune-nerve,nerve_to_immune,nerve_c6,dendritic,0.2107,18.0,0.6248,True,0.0815,25.0,0.7859,True,True
nerve_c11,immune_microglia,APP,CD74,3.006737,0.0,8.217232,1.2044131690883957,2.422876234299442,0.013062158,0.9636019,0.0589112330372866,2.543794334766956e-06,nerve,immune,immune-nerve,nerve_to_immune,nerve_c11,microglia,0.1876,18.0,0.5976,True,0.0187,44.0,0.9088,True,True
nerve_c0,immune_microglia,APP,CD74,3.0042193,0.0,8.197523,1.2016228935908546,2.3961387406003665,0.013030828,0.96355975,0.0617150310709524,2.735676701634765e-06,nerve,immune,immune-nerve,nerve_to_immune,nerve_c0,microglia,0.4029,19.0,0.5772,True,0.0187,44.0,0.9088,True,True
nerve_c7,immune_dendritic,APP,CD74,3.1128688,0.0,7.847582,1.1519592247460972,1.478864285615736,0.012474558,0.962786,0.1568691047183398,2.735676701634765e-06,nerve,immune,immune-nerve,nerve_to_immune,nerve_c7,dendritic,0.1793,26.0,0.7072,True,0.0815,25.0,0.7859,True,True
immune_microglia,nerve_c19,APOE,ABCA1,2.9904094,0.0,8.152261,1.3400402284992077,2.8440586523581226,0.052221373,0.9634624,0.0096371093731313,3.14036322943915e-06,immune,nerve,immune-nerve,immune_to_nerve,nerve_c19,microglia,0.9467,4.0,0.054,False,0.0187,44.0,0.9088,True,False
nerve_c21,immune_dendritic,APP,CD74,3.0995536,0.0,7.728538,1.137202047816074,1.5564909884028149,0.012285328,0.96251124,0.164189429175688,3.14036322943915e-06,nerve,immune,immune-nerve,nerve_to_immune,nerve_c21,dendritic,0.8488,6.0,0.1222,False,0.0815,25.0,0.7859,True,False
nerve_c1,immune_microglia,APP,CD74,2.9488113,0.0,7.763783,1.140211054295576,2.3417207919544047,0.012341351,0.9625932,0.0713611078684288,3.353165644322088e-06,nerve,immune,immune-nerve,nerve_to_immune,nerve_c1,microglia,0.1983,17.0,0.5642,True,0.0187,44.0,0.9088,True,True
immune_microglia,nerve_c9,APOE,ABCA1,2.9004765,0.0,7.45449,1.2334820836606104,2.5365990240958864,0.047751624,0.9618544,0.0152840195976576,3.79968923651128e-06,immune,nerve,immune-nerve,immune_to_nerve,nerve_c9,microglia,0.8791,5.0,0.1446,False,0.0187,44.0,0.9088,True,False
malignant,nerve_c13,PTN,PTPRZ1,2.8857405,0.0,7.9789553,1.3671153657625883,2.918692740209753,0.17466162,0.9630823,0.0014737541910328,4.274102575551099e-06,tumor,nerve,nerve-tumor,tumor_to_nerve,nerve_c13,,0.9595,1.0,0.0572,False,,,,,False
nerve_c20,immune_microglia,APP,CD74,2.8909192,0.0,7.3105974,1.076050017705528,2.47554497902404,0.011620966,0.9614952,0.0501787311522617,4.776402059419829e-06,nerve,immune,immune-nerve,nerve_to_immune,nerve_c20,microglia,0.3415,15.0,0.5197,True,0.0187,44.0,0.9088,True,True
malignant,nerve_c15,PTN,PTPRZ1,2.8772821,0.0,7.9401255,1.361127286391932,2.8580304156264833,0.17381163,0.96299547,0.0015032180203267,4.776402059419829e-06,tumor,nerve,nerve-tumor,tumor_to_nerve,nerve_c15,,0.9903,1.0,0.0149,False,,,,,False
nerve_c10,immune_dendritic,APP,CD74,3.0526648,0.0,7.3093324,1.0852345598161135,1.5697916370295264,0.011618955,0.961492,0.1947384850627397,5.038008281641635e-06,nerve,immune,immune-nerve,nerve_to_immune,nerve_c10,dendritic,0.2572,14.0,0.5531,True,0.0815,25.0,0.7859,True,True
nerve_c5,immune_microglia,APP,CD74,2.879026,0.0,7.2174945,1.0628680954460106,2.2716590921417095,0.011472969,0.9612572,0.0952440490700156,5.864652703733857e-06,nerve,immune,immune-nerve,nerve_to_immune,nerve_c5,microglia,0.226,19.0,0.6259,True,0.0187,44.0,0.9088,True,True
nerve_c5,immune_nk_cell,B2M,KLRD1,2.8618107,0.0,7.3230295,2.7194108218766773,1.4987602038310397,0.06071938,0.96152663,0.0041629915054243,5.864652703733857e-06,nerve,immune,immune-nerve,nerve_to_immune,nerve_c5,nk_cell,0.226,19.0,0.6259,True,0.0794,26.0,0.7523,True,True
nerve_c20,immune_nk_cell,B2M,KLRD1,2.8565354,0.0,7.30266,2.7163125645786557,1.559814493838961,0.060550485,0.9614751,0.0042341513501569,6.154141626340456e-06,nerve,immune,immune-nerve,nerve_to_immune,nerve_c20,nk_cell,0.3415,15.0,0.5197,True,0.0794,26.0,0.7523,True,True
nerve_c15,immune_microglia,APP,CD74,2.865441,0.0,7.111151,1.0478120921774157,2.0946590027705834,0.011303925,0.9609799,0.1601316186355826,6.450599464499713e-06,nerve,immune,immune-nerve,nerve_to_immune,nerve_c15,microglia,0.9903,1.0,0.0149,False,0.0187,44.0,0.9088,True,False
nerve_c4,immune_microglia,APP,CD74,2.8650217,0.0,7.1078687,1.0473470973179493,2.239418327446264,0.011298708,0.96097124,0.1045195505309705,6.7540276956618955e-06,nerve,immune,immune-nerve,nerve_to_immune,nerve_c4,microglia,0.1409,18.0,0.5987,True,0.0187,44.0,0.9088,True,True
nerve_neuron,immune_dendritic,APP,CD74,3.0222836,0.0,7.037711,1.0515617053913184,1.3498696966238477,0.011187185,0.9607848,0.2201358550187379,7.381790691014783e-06,nerve,immune,immune-nerve,nerve_to_immune,nerve_neuron,dendritic,0.4,10.0,0.5084,True,0.0815,25.0,0.7859,True,True
nerve_c9,immune_nk_cell,B2M,KLRD1,2.833898,0.0,7.215247,2.703016611997199,1.3852688718865116,0.059825696,0.96125144,0.0045741211316748,7.706125832955721e-06,nerve,immune,immune-nerve,nerve_to_immune,nerve_c9,nk_cell,0.8791,5.0,0.1446,False,0.0794,26.0,0.7523,True,False
nerve_c6,immune_microglia,APP,CD74,2.835616,0.0,6.877678,1.0147555782910578,2.2838019687382416,0.010932795,0.96034914,0.0912195251592891,8.037428412559396e-06,nerve,immune,immune-nerve,nerve_to_immune,nerve_c6,microglia,0.2107,18.0,0.6248,True,0.0187,44.0,0.9088,True,True
nerve_c7,immune_microglia,APP,CD74,2.8347945,0.0,6.871247,1.0138451747389297,2.193881360156781,0.010922571,0.9603313,0.1177856059733303,8.37570011325139e-06,nerve,immune,immune-nerve,nerve_to_immune,nerve_c7,microglia,0.1793,26.0,0.7072,True,0.0187,44.0,0.9088,True,True
nerve_c21,immune_nk_cell,B2M,KLRD1,2.790987,0.0,7.049549,2.67781388602212,1.4907611564672416,0.0584518,0.96081644,0.0051424077492324,9.073144768695264e-06,nerve,immune,immune-nerve,nerve_to_immune,nerve_c21,nk_cell,0.8488,6.0,0.1222,False,0.0794,26.0,0.7523,True,False
nerve_c13,immune_dendritic,APP,CD74,3.0018063,0.0,6.854635,1.02886624625019,1.3471213669654374,0.010896165,0.9602852,0.2367332140030924,9.073144768695264e-06,nerve,immune,immune-nerve,nerve_to_immune,nerve_c13,dendritic,0.9595,1.0,0.0572,False,0.0815,25.0,0.7859,True,False
nerve_c21,immune_microglia,APP,CD74,2.8214793,0.0,6.7670135,0.9990879978089062,2.27150806294386,0.010756883,0.96003914,0.0955534990545828,9.798460753294562e-06,nerve,immune,immune-nerve,nerve_to_immune,nerve_c21,microglia,0.8488,6.0,0.1222,False,0.0187,44.0,0.9088,True,False
nerve_c5,immune_tam,SPP1,CD44,2.80915,0.0,6.679431,0.9126445336650488,0.5273825144824968,0.022041043,0.9597885,0.0432774260187414,1.0551643847009098e-05,nerve,immune,immune-nerve,nerve_to_immune,nerve_c5,tam,0.226,19.0,0.6259,True,0.1165,25.0,0.7417,True,True
nerve_c17,immune_tam,SPP1,CD44,2.8019757,0.0,6.654919,0.9092289418715148,0.4360615546034405,0.021960158,0.9597175,0.0504454203709002,1.093868256386069e-05,nerve,immune,immune-nerve,nerve_to_immune,nerve_c17,tam,0.6072,12.0,0.3472,False,0.1165,25.0,0.7417,True,False
nerve_c12,immune_nk_cell,B2M,KLRD1,2.749971,0.0,6.8911667,2.6537240866929053,1.3124537879073377,0.057138562,0.96038646,0.0058847960805243,1.1332689500342046e-05,nerve,immune,immune-nerve,nerve_to_immune,nerve_c12,nk_cell,0.8072,7.0,0.2013,False,0.0794,26.0,0.7523,True,False
nerve_c17,immune_tam,APP,CD74,2.7472665,0.0,7.3908653,1.1526457342401466,0.9855445059812116,0.01174856,0.9616968,0.2573064191531699,1.17336621141791e-05,nerve,immune,immune-nerve,nerve_to_immune,nerve_c17,tam,0.6072,12.0,0.3472,False,0.1165,25.0,0.7417,True,False
nerve_c0,immune_nk_cell,B2M,KLRD1,2.7420416,0.0,6.8605485,2.649067492839459,1.399300878072818,0.056884695,0.96030164,0.0060640276087743,1.2978368755676072e-05,nerve,immune,immune-nerve,nerve_to_immune,nerve_c0,nk_cell,0.4029,19.0,0.5772,True,0.0794,26.0,0.7523,True,True
nerve_c10,immune_microglia,APP,CD74,2.7745905,0.0,6.3999624,0.947120509808946,2.2848087115705713,0.010173415,0.9589556,0.0902903472491844,1.2978368755676072e-05,nerve,immune,immune-nerve,nerve_to_immune,nerve_c10,microglia,0.2572,14.0,0.5531,True,0.0187,44.0,0.9088,True,True
nerve_c9,immune_tam,APP,CD74,2.7418566,0.0,7.3568573,1.1466501211987556,1.0125368928494294,0.011694501,0.9616118,0.2453402848470403,1.3407201287955774e-05,nerve,immune,immune-nerve,nerve_to_immune,nerve_c9,tam,0.8791,5.0,0.1446,False,0.1165,25.0,0.7417,True,False
nerve_c12,immune_tam,SPP1,CD44,2.741683,0.0,6.448925,0.8805170500315895,0.4195516857261765,0.02128041,0.9591053,0.0564731235005834,1.3842998122686884e-05,nerve,immune,immune-nerve,nerve_to_immune,nerve_c12,tam,0.8072,7.0,0.2013,False,0.1165,25.0,0.7417,True,False
nerve_c12,immune_tam,APP,CD74,2.7348013,0.0,7.3125086,1.138830525053499,0.9950791685092656,0.011624004,0.96150005,0.2646984744871237,1.4285758984888206e-05,nerve,immune,immune-nerve,nerve_to_immune,nerve_c12,tam,0.8072,7.0,0.2013,False,0.1165,25.0,0.7417,True,False
nerve_neuron,immune_microglia,APP,CD74,2.7442093,0.0,6.162134,0.9134476553841508,2.0648867711648924,0.009795362,0.95820385,0.1735601200020996,1.4285758984888206e-05,nerve,immune,immune-nerve,nerve_to_immune,nerve_neuron,microglia,0.4,10.0,0.5084,True,0.0187,44.0,0.9088,True,True
immune_tam,nerve_c2,TIMP1,CD63,2.7334247,0.0,7.391044,1.2835052504042974,2.033205196261341,0.04071287,0.9616973,0.0320452461470498,1.4735483599578569e-05,immune,nerve,immune-nerve,immune_to_nerve,nerve_c2,tam,0.25,13.0,0.5666,True,0.1165,25.0,0.7417,True,True
immune_tam,nerve_c7,TIMP1,CD63,2.7110963,0.0,7.281653,1.266152678402612,2.0445587389762414,0.040110298,0.96142167,0.0338389689362403,1.565582022517999e-05,immune,nerve,immune-nerve,immune_to_nerve,nerve_c7,tam,0.1793,26.0,0.7072,True,0.1165,25.0,0.7417,True,True
nerve_c13,immune_microglia,APP,CD74,2.723732,0.0,6.0018344,0.8907521962430224,2.0621384415064825,0.009540549,0.95767283,0.1753885466233989,1.61264344062918e-05,nerve,immune,immune-nerve,nerve_to_immune,nerve_c13,microglia,0.9595,1.0,0.0572,False,0.0187,44.0,0.9088,True,False
nerve_c3,immune_dendritic,COPA,CD74,2.9058218,0.0,5.996495,1.2512482606855344,1.4466128330211951,0.0224745,0.9576548,0.0432774260187414,1.6604011239969532e-05,nerve,immune,immune-nerve,nerve_to_immune,nerve_c3,dendritic,0.3912,13.0,0.4608,True,0.0815,25.0,0.7859,True,True
immune_microglia,nerve_c12,APOE,ABCA1,2.7088275,0.0,5.9675283,1.0064057503978374,2.2240318955994827,0.03822652,0.9575565,0.0414865177175471,1.8078511939488565e-05,immune,nerve,immune-nerve,immune_to_nerve,nerve_c12,microglia,0.8072,7.0,0.2013,False,0.0187,44.0,0.9088,True,False
nerve_c2,immune_tam,SPP1,CD44,2.667838,0.0,6.196627,0.8453510525031699,0.337874676980106,0.020447867,0.9583155,0.0962553681598261,1.8583936592467727e-05,nerve,immune,immune-nerve,nerve_to_immune,nerve_c2,tam,0.25,13.0,0.5666,True,0.1165,25.0,0.7417,True,True
nerve_c2,immune_tam,APP,CD74,2.6574664,0.0,6.8263817,1.053119042133476,0.9291123137534124,0.010851254,0.9602064,0.3357483805060731,2.0141973985760736e-05,nerve,immune,immune-nerve,nerve_to_immune,nerve_c2,tam,0.25,13.0,0.5666,True,0.1165,25.0,0.7417,True,True
immune_microglia,nerve_c3,APOE,ABCA1,2.6917667,0.0,5.8351564,0.9861912948160804,2.402546530931327,0.037378572,0.9570983,0.0432774260187414,2.0675242058355383e-05,immune,nerve,immune-nerve,immune_to_nerve,nerve_c3,microglia,0.3912,13.0,0.4608,True,0.0187,44.0,0.9088,True,True
nerve_c9,immune_tam,SPP1,CD44,2.6476176,0.0,6.1275425,0.8357218122940814,0.2673576880556907,0.020219902,0.95809096,0.1474197740718659,2.0675242058355383e-05,nerve,immune,immune-nerve,nerve_to_immune,nerve_c9,tam,0.8791,5.0,0.1446,False,0.1165,25.0,0.7417,True,False
immune_microglia,nerve_c3,APOE,LRP2,2.6815262,0.0,5.7557015,3.0489755594527352,2.899795916919161,0.040726777,0.95681596,1.2730884456778432e-05,2.1762658461779045e-05,immune,nerve,immune-nerve,immune_to_nerve,nerve_c3,microglia,0.3912,13.0,0.4608,True,0.0187,44.0,0.9088,True,True
nerve_c19,immune_tam,APP,CD74,2.6455698,0.0,6.751599,1.0399337643849924,1.0119289994066296,0.010732378,0.9599954,0.2463226018187206,2.1762658461779045e-05,nerve,immune,immune-nerve,nerve_to_immune,nerve_c19,tam,0.9467,4.0,0.054,False,0.1165,25.0,0.7417,True,False
nerve_c17,immune_dendritic,COPA,CD74,2.870087,0.0,5.6770086,1.196612253931693,1.310405987662564,0.021277085,0.95653063,0.0432774260187414,2.3445976209254333e-05,nerve,immune,immune-nerve,nerve_to_immune,nerve_c17,dendritic,0.6072,12.0,0.3472,False,0.0815,25.0,0.7859,True,False
nerve_c3,immune_tam,APP,CD74,2.629868,0.0,6.652898,1.0225298038017647,0.9279877715784736,0.010575484,0.9597117,0.3408643585409278,2.402100118242815e-05,nerve,immune,immune-nerve,nerve_to_immune,nerve_c3,tam,0.3912,13.0,0.4608,True,0.1165,25.0,0.7417,True,True
immune_microglia,nerve_c19,APOE,LRP2,2.663127,0.0,5.612946,2.9814329481796396,2.9616522102382,0.039716654,0.95629406,2.8117397943577652e-05,2.5191922935428017e-05,immune,nerve,immune-nerve,immune_to_nerve,nerve_c19,microglia,0.9467,4.0,0.054,False,0.0187,44.0,0.9088,True,False
nerve_c11,immune_tam,APP,CD74,2.6212091,0.0,6.5984664,1.0129330270904653,0.9769844571829214,0.010488959,0.9595525,0.2812677392326438,2.6390680019659292e-05,nerve,immune,immune-nerve,nerve_to_immune,nerve_c11,tam,0.1876,18.0,0.5976,True,0.1165,25.0,0.7417,True,True
nerve_c0,immune_tam,APP,CD74,2.6186914,0.0,6.58264,1.0101427515929244,0.950246963483846,0.010463801,0.9595059,0.3118978879169257,2.7617266815610265e-05,nerve,immune,immune-nerve,nerve_to_immune,nerve_c0,tam,0.4029,19.0,0.5772,True,0.1165,25.0,0.7417,True,True
nerve_c0,immune_tam,SPP1,CD44,2.6024213,0.0,5.9731264,0.8141998986907566,0.2595528196837011,0.019710353,0.95757556,0.1543230203248384,2.887167737475471e-05,nerve,immune,immune-nerve,nerve_to_immune,nerve_c0,tam,0.4029,19.0,0.5772,True,0.1165,25.0,0.7417,True,True
immune_microglia,nerve_c15,APOE,LRP6,2.6457486,0.0,5.4781113,1.7599105402868354,2.5694424528921997,0.051372487,0.9557831,0.0104506966586985,3.080547048571871e-05,immune,nerve,immune-nerve,immune_to_nerve,nerve_c15,microglia,0.9903,1.0,0.0149,False,0.0187,44.0,0.9088,True,False
malignant,immune_dendritic,APP,CD74,2.84707,0.0,5.471228,0.8573676030909763,1.436405256496112,0.005676846,0.95575655,0.4069164897766191,3.212943991238843e-05,tumor,immune,immune-tumor,tumor_to_immune,,dendritic,,,,,0.0815,25.0,0.7859,True,True
immune_microglia,nerve_c9,APOE,LRP2,2.6384969,0.0,5.421848,2.8910146433073507,2.7743089271516297,0.038364463,0.95556444,7.029477236172512e-05,3.416756132125423e-05,immune,nerve,immune-nerve,immune_to_nerve,nerve_c9,microglia,0.8791,5.0,0.1446,False,0.0187,44.0,0.9088,True,False
nerve_c1,immune_tam,APP,CD74,2.5632834,0.0,6.234345,0.9487309122976456,0.8958290148378841,0.009910149,0.9584365,0.3836081412756236,3.416756132125423e-05,nerve,immune,immune-nerve,nerve_to_immune,nerve_c1,tam,0.1983,17.0,0.5642,True,0.1165,25.0,0.7417,True,True
nerve_c9,immune_dendritic,COPA,CD74,2.838443,0.0,5.3940997,1.1482302379241818,1.2852613841913083,0.02021676,0.9554554,0.0432774260187414,3.5561080026261544e-05,nerve,immune,immune-nerve,nerve_to_immune,nerve_c9,dendritic,0.8791,5.0,0.1446,False,0.0815,25.0,0.7859,True,False
nerve_c17,immune_nk_cell,B2M,KLRD1,2.5479405,0.0,6.111039,2.535065469320706,0.9398856071362184,0.050670084,0.9580368,0.0296832963976657,3.77035006665876e-05,nerve,immune,immune-nerve,nerve_to_immune,nerve_c17,nk_cell,0.6072,12.0,0.3472,False,0.0794,26.0,0.7523,True,False
nerve_c5,immune_t_cell,SPP1,CD44,2.6271396,0.0,5.2561054,0.7215175698375197,0.3344171529752934,0.0173443,0.9549006,0.0980583352312767,4.065740987549364e-05,nerve,immune,immune-nerve,nerve_to_immune,nerve_c5,t_cell,0.226,19.0,0.6259,True,0.0821,23.0,0.7277,True,True
nerve_c3,immune_microglia,COPA,CD74,2.6277475,0.0,5.2504573,1.1131342106783666,2.1616299075622405,0.019678397,0.9548775,0.0432774260187414,4.141326699850201e-05,nerve,immune,immune-nerve,nerve_to_immune,nerve_c3,microglia,0.3912,13.0,0.4608,True,0.0187,44.0,0.9088,True,True
nerve_c22,immune_nk_cell,B2M,KLRD1,2.5157688,0.0,5.98681,2.5161698036022044,1.2380350471289865,0.04964003,0.957622,0.0124431841135864,4.217607549986073e-05,nerve,immune,immune-nerve,nerve_to_immune,nerve_c22,nk_cell,0.2879,24.0,0.4767,True,0.0794,26.0,0.7523,True,True
nerve_c17,immune_t_cell,SPP1,CD44,2.619965,0.0,5.236817,0.7181019780439857,0.2430961930962371,0.01728065,0.9548214,0.1701193501709536,4.217607549986073e-05,nerve,immune,immune-nerve,nerve_to_immune,nerve_c17,t_cell,0.6072,12.0,0.3472,False,0.0821,23.0,0.7277,True,False
nerve_c20,immune_tam,APP,CD74,2.5053914,0.0,5.8704357,0.8845698757075979,1.0296532019075193,0.009331676,0.95722187,0.3858539996904649,4.450619721836775e-05,nerve,immune,immune-nerve,nerve_to_immune,nerve_c20,tam,0.3415,15.0,0.5197,True,0.1165,25.0,0.7417,True,True
nerve_c12,immune_t_cell,SPP1,CD44,2.5596726,0.0,5.074718,0.6893900862040603,0.226586324218973,0.01674575,0.95413834,0.1886880796286359,4.7710340870252586e-05,nerve,immune,immune-nerve,nerve_to_immune,nerve_c12,t_cell,0.8072,7.0,0.2013,False,0.0821,23.0,0.7277,True,False
immune_microglia,nerve_c4,APOE,LRP2,2.5916977,0.0,5.0587425,2.719213052108234,2.824752709828199,0.035795163,0.9540693,0.0002553868170058,4.8528750416937134e-05,immune,nerve,immune-nerve,immune_to_nerve,nerve_c4,microglia,0.1409,18.0,0.5987,True,0.0187,44.0,0.9088,True,True
nerve_c5,immune_tam,APP,CD74,2.4934978,0.0,5.795674,0.8713879534480805,0.8257673150251887,0.009212835,0.9569587,0.4069164897766191,5.018641594589392e-05,nerve,immune,immune-nerve,nerve_to_immune,nerve_c5,tam,0.226,19.0,0.6259,True,0.1165,25.0,0.7417,True,True
nerve_c17,immune_microglia,COPA,CD74,2.5920126,0.0,4.9707193,1.0584982039245252,2.0254230622036093,0.018629957,0.9536832,0.0476363406857477,5.1871864843843735e-05,nerve,immune,immune-nerve,nerve_to_immune,nerve_c17,microglia,0.6072,12.0,0.3472,False,0.0187,44.0,0.9088,True,False
nerve_c7,immune_tam,SPP1,CD44,2.4854739,0.0,5.573566,0.7585076783898894,0.1786057800738754,0.018391866,0.9561467,0.2525899092986034,5.358511483716251e-05,nerve,immune,immune-nerve,nerve_to_immune,nerve_c7,tam,0.1793,26.0,0.7072,True,0.1165,25.0,0.7417,True,True
nerve_c15,immune_tam,APP,CD74,2.4799132,0.0,5.7102795,0.8563319501794856,0.6487672256540626,0.009077092,0.956652,0.4069164897766191,5.532615384503775e-05,nerve,immune,immune-nerve,nerve_to_immune,nerve_c15,tam,0.9903,1.0,0.0149,False,0.1165,25.0,0.7417,True,False
nerve_c4,immune_tam,APP,CD74,2.4794939,0.0,5.707644,0.8558669553200192,0.7935265503297432,0.009072903,0.9566424,0.4069164897766191,5.620709354198106e-05,nerve,immune,immune-nerve,nerve_to_immune,nerve_c4,tam,0.1409,18.0,0.5987,True,0.1165,25.0,0.7417,True,True
nerve_c2,immune_t_cell,SPP1,CD44,2.4858274,0.0,4.876183,0.6542240886756406,0.1449093154729025,0.016090615,0.95325726,0.3043818577557503,5.709497966761992e-05,nerve,immune,immune-nerve,nerve_to_immune,nerve_c2,t_cell,0.25,13.0,0.5666,True,0.0821,23.0,0.7277,True,True
nerve_c12,immune_dendritic,COPA,CD74,2.776998,0.0,4.844756,1.0542833642213016,1.1921806658710592,0.018157853,0.95311296,0.052442899668888,5.798981194697319e-05,nerve,immune,immune-nerve,nerve_to_immune,nerve_c12,dendritic,0.8072,7.0,0.2013,False,0.0815,25.0,0.7859,True,False
malignant,immune_microglia,APP,CD74,2.5689957,0.0,4.7905407,0.7192535530838086,2.151422331037157,0.0049705766,0.9528609,0.1347043959585551,6.256814499442043e-05,tumor,immune,immune-tumor,tumor_to_immune,,microglia,,,,,0.0187,44.0,0.9088,True,True
nerve_c9,immune_t_cell,SPP1,CD44,2.4656072,0.0,4.82182,0.6445948484665521,0.0743923265484872,0.015911225,0.9530068,0.4370853523470229,6.350464833935577e-05,nerve,immune,immune-nerve,nerve_to_immune,nerve_c9,t_cell,0.8791,5.0,0.1446,False,0.0821,23.0,0.7277,True,False
nerve_c9,immune_microglia,COPA,CD74,2.5603688,0.0,4.723008,1.0101161879170142,2.000278458732353,0.017701548,0.952541,0.0578142143029502,6.635582264733309e-05,nerve,immune,immune-nerve,nerve_to_immune,nerve_c9,microglia,0.8791,5.0,0.1446,False,0.0187,44.0,0.9088,True,False
nerve_c22,immune_tam,SPP1,CD44,2.4571006,0.0,5.4766264,0.744995635491395,0.6338137871255123,0.018071981,0.9557774,0.0535255561086129,6.635582264733309e-05,nerve,immune,immune-nerve,nerve_to_immune,nerve_c22,tam,0.2879,24.0,0.4767,True,0.1165,25.0,0.7417,True,True
nerve_neuron,immune_tam,LRP1B,PLAUR,2.4566426,0.0,5.670751,1.7828544993279558,2.263235884495919,0.055354152,0.9565077,0.0071189648589419,6.732010125777869e-05,nerve,immune,immune-nerve,nerve_to_immune,nerve_neuron,tam,0.4,10.0,0.5084,True,0.1165,25.0,0.7417,True,True
nerve_c1,malignant,NCAM1,PTPRZ1,2.4525394,0.0,6.014182,1.5773138748883275,2.9202962649437008,0.055040862,0.95771444,0.0074191421477046,7.025458307534304e-05,nerve,tumor,nerve-tumor,nerve_to_tumor,nerve_c1,,0.1983,17.0,0.5642,True,,,,,True
nerve_c6,immune_tam,APP,CD74,2.4500883,0.0,5.5227995,0.8232754362931276,0.837910191621721,0.008779073,0.9559545,0.4069164897766191,7.124663246952665e-05,nerve,immune,immune-nerve,nerve_to_immune,nerve_c6,tam,0.2107,18.0,0.6248,True,0.1165,25.0,0.7417,True,True
nerve_c2,immune_dendritic,COPA,CD74,2.757321,0.0,4.6688337,1.0241979533562655,1.243169406298107,0.017498508,0.95227957,0.0604591699351861,7.124663246952665e-05,nerve,immune,immune-nerve,nerve_to_immune,nerve_c2,dendritic,0.25,13.0,0.5666,True,0.0815,25.0,0.7859,True,True
nerve_c7,immune_tam,APP,CD74,2.4492667,0.0,5.5176353,0.8223650327409995,0.7479895830402604,0.0087708635,0.95593476,0.4069164897766191,7.224562389271337e-05,nerve,immune,immune-nerve,nerve_to_immune,nerve_c7,tam,0.1793,26.0,0.7072,True,0.1165,25.0,0.7417,True,True
nerve_c21,immune_tam,APP,CD74,2.4359515,0.0,5.433936,0.8076078558109762,0.8256162858273394,0.008637815,0.9556117,0.4069164897766191,7.528424758648038e-05,nerve,immune,immune-nerve,nerve_to_immune,nerve_c21,tam,0.8488,6.0,0.1222,False,0.1165,25.0,0.7417,True,False
nerve_c20,immune_tam,SPP1,CD44,2.429471,0.0,5.382228,0.7318381225939259,0.2463558019711516,0.017760482,0.9554085,0.1677123849411493,7.734470181935222e-05,nerve,immune,immune-nerve,nerve_to_immune,nerve_c20,tam,0.3415,15.0,0.5197,True,0.1165,25.0,0.7417,True,True
immune_tam,nerve_c17,PSAP,SORT1,2.4282026,0.0,5.8669825,1.9641795261966843,1.7495593852989229,0.025626283,0.9572098,0.014293692513822,7.838532729806341e-05,immune,nerve,immune-nerve,immune_to_nerve,nerve_c17,tam,0.6072,12.0,0.3472,False,0.1165,25.0,0.7417,True,False
nerve_c11,malignant,NCAM1,PTPRZ1,2.4250228,0.0,5.880736,1.5473317861752682,2.9172170041893546,0.053819582,0.95725775,0.0081863953032922,8.04874228165965e-05,nerve,tumor,nerve-tumor,nerve_to_tumor,nerve_c11,,0.1876,18.0,0.5976,True,,,,,True
nerve_c4,immune_dendritic,COPA,CD74,2.7520747,0.0,4.621932,1.0161774540811854,1.3137159000900205,0.017322723,0.9520496,0.0629554897050918,8.15488800446172e-05,nerve,immune,immune-nerve,nerve_to_immune,nerve_c4,dendritic,0.1409,18.0,0.5987,True,0.0815,25.0,0.7859,True,True
nerve_c0,immune_t_cell,SPP1,CD44,2.4204109,0.0,4.700308,0.6230729348632273,0.0665874581764977,0.015510257,0.952432,0.4532958825578468,8.369261206326095e-05,nerve,immune,immune-nerve,nerve_to_immune,nerve_c0,t_cell,0.4029,19.0,0.5772,True,0.0821,23.0,0.7277,True,True
immune_microglia,nerve_c12,APOE,LRP2,2.5345638,0.0,4.6154537,2.5094732917483773,2.5909428105615357,0.0326585,0.9520176,0.0013030337963402,8.477488630392166e-05,immune,nerve,immune-nerve,immune_to_nerve,nerve_c12,microglia,0.8072,7.0,0.2013,False,0.0187,44.0,0.9088,True,False
nerve_c19,malignant,NCAM1,PTPRZ1,2.4193575,0.0,5.853261,1.5411585343525744,2.9018879017377444,0.053568136,0.95716184,0.0085106495605699,8.586409899883333e-05,nerve,tumor,nerve-tumor,nerve_to_tumor,nerve_c19,,0.9467,4.0,0.054,False,,,,,False
nerve_c10,immune_tam,APP,CD74,2.3890626,0.0,5.1391926,0.7556403678110161,0.8389169344540507,0.008169289,0.9544138,0.4069164897766191,9.141421633457394e-05,nerve,immune,immune-nerve,nerve_to_immune,nerve_c10,tam,0.2572,14.0,0.5531,True,0.1165,25.0,0.7417,True,True
nerve_c19,immune_dendritic,COPA,CD74,2.743666,0.0,4.5467534,1.0033208532150917,1.2999633309371346,0.017040957,0.9516739,0.0671740555746562,9.36828279915686e-05,nerve,immune,immune-nerve,nerve_to_immune,nerve_c19,dendritic,0.9467,4.0,0.054,False,0.0815,25.0,0.7859,True,False
immune_microglia,nerve_c14,APOE,LRP6,2.5143552,0.0,4.458659,1.4751982241542507,2.568415426124533,0.041812297,0.951222,0.028292857200338,9.83032841585654e-05,immune,nerve,immune-nerve,immune_to_nerve,nerve_c14,microglia,0.4198,6.0,0.3596,True,0.0187,44.0,0.9088,True,True
nerve_c4,malignant,NCAM1,PTPRZ1,2.3746262,0.0,5.6363277,1.4924183001622473,2.8263448052126368,0.0515828,0.9563809,0.0102349002039027,0.0001042348790506,nerve,tumor,nerve-tumor,nerve_to_tumor,nerve_c4,,0.1409,18.0,0.5987,True,,,,,True
immune_tam,nerve_c9,TIMP1,CD63,2.3653536,0.0,5.5878034,0.9974366414243416,1.5139830181107097,0.030779889,0.9562002,0.0432774260187414,0.0001103398322523,immune,nerve,immune-nerve,immune_to_nerve,nerve_c9,tam,0.8791,5.0,0.1446,False,0.1165,25.0,0.7417,True,False
nerve_neuron,immune_tam,APP,CD74,2.3586814,0.0,4.9482155,0.7219675133862207,0.6189949940483719,0.00786571,0.9535829,0.4069164897766191,0.0001140859803434,nerve,immune,immune-nerve,nerve_to_immune,nerve_neuron,tam,0.4,10.0,0.5084,True,0.1165,25.0,0.7417,True,True
nerve_c5,immune_nk_cell,SPP1,CD44,2.5106795,0.0,4.3453865,0.5992241912723972,0.1977810367342668,0.014339072,0.95062155,0.2253461686680505,0.0001191779048178,nerve,immune,immune-nerve,nerve_to_immune,nerve_c5,nk_cell,0.226,19.0,0.6259,True,0.0794,26.0,0.7523,True,True
immune_tam,nerve_c21,TIMP1,CD63,2.3480453,0.0,5.503007,0.9839842115567866,1.7963060590603583,0.030312793,0.95587885,0.0432774260187414,0.0001217654510337,immune,nerve,immune-nerve,immune_to_nerve,nerve_c21,tam,0.8488,6.0,0.1222,False,0.1165,25.0,0.7417,True,False
nerve_c17,immune_nk_cell,SPP1,CD44,2.5035052,0.0,4.32944,0.5958085994788631,0.1064600768552105,0.014286451,0.9505352,0.3711182700738712,0.000123069619174,nerve,immune,immune-nerve,nerve_to_immune,nerve_c17,nk_cell,0.6072,12.0,0.3472,False,0.0794,26.0,0.7523,True,False
nerve_c14,malignant,NCAM1,PTPRZ1,2.3478508,0.0,5.506475,1.4632423032575212,2.9763278207484145,0.05039441,0.9558921,0.0050392702552544,0.000123069619174,nerve,tumor,nerve-tumor,nerve_to_tumor,nerve_c14,,0.4198,6.0,0.3596,True,,,,,True
nerve_c3,malignant,NCAM1,PTPRZ1,2.3445215,0.0,5.4903293,1.4596139403794814,2.7584056192524513,0.05024664,0.95583016,0.0117343619456001,0.0001243807014278,nerve,tumor,nerve-tumor,nerve_to_tumor,nerve_c3,,0.3912,13.0,0.4608,True,,,,,True
immune_tam,nerve_c17,TIMP1,FGFR2,2.3430681,0.0,5.4786224,3.201683183082129,2.9446858017899524,0.03639518,0.9557851,5.358286307728031e-06,0.0001256987285208,immune,nerve,immune-nerve,immune_to_nerve,nerve_c17,tam,0.6072,12.0,0.3472,False,0.1165,25.0,0.7417,True,False
nerve_c13,immune_tam,APP,CD74,2.338204,0.0,4.8194942,0.6992720542450923,0.6162466643899618,0.0076610944,0.952996,0.4069164897766191,0.0001296943833295,nerve,immune,immune-nerve,nerve_to_immune,nerve_c13,tam,0.9595,1.0,0.0572,False,0.1165,25.0,0.7417,True,False
nerve_c15,malignant,NCAM1,PTPRZ1,2.335961,0.0,5.4488144,1.4502877600677953,2.7434579489925275,0.049866702,0.95566964,0.0121414447163744,0.0001310401251923,nerve,tumor,nerve-tumor,nerve_to_tumor,nerve_c15,,0.9903,1.0,0.0149,False,,,,,False
nerve_c12,immune_microglia,COPA,CD74,2.4989238,0.0,4.242009,0.916169314214134,1.9071977404121043,0.015898794,0.95005333,0.0874134085054397,0.0001351189177107,nerve,immune,immune-nerve,nerve_to_immune,nerve_c12,microglia,0.8072,7.0,0.2013,False,0.0187,44.0,0.9088,True,False
immune_tam,nerve_c4,TIMP1,FGFR2,2.3261042,0.0,5.3955135,3.1631882209829247,3.0820130733346014,0.035843078,0.95546097,6.7810467480969824e-06,0.0001364923699435,immune,nerve,immune-nerve,immune_to_nerve,nerve_c4,tam,0.1409,18.0,0.5987,True,0.1165,25.0,0.7417,True,True
immune_microglia,nerve_c17,SPP1,ITGAV_ITGB1,2.54663,0.0,4.2407637,0.7010757160120173,2.0574287064347168,0.030054491,0.95004636,0.0432774260187414,0.0001364923699435,immune,nerve,immune-nerve,immune_to_nerve,nerve_c17,microglia,0.6072,12.0,0.3472,False,0.0187,44.0,0.9088,True,False
immune_tam,nerve_c5,TIMP1,CD63,2.3229795,0.0,5.3802056,0.9645031060742216,1.5592776658965215,0.029636353,0.95540047,0.0432774260187414,0.000137872732721,immune,nerve,immune-nerve,immune_to_nerve,nerve_c5,tam,0.226,19.0,0.6259,True,0.1165,25.0,0.7417,True,True
immune_tam,nerve_c12,TIMP1,CD63,2.319899,0.0,5.3651147,0.9621091934179062,1.4457071846534726,0.029553229,0.9553406,0.0432774260187414,0.0001392600548493,immune,nerve,immune-nerve,immune_to_nerve,nerve_c12,tam,0.8072,7.0,0.2013,False,0.1165,25.0,0.7417,True,False
nerve_c12,immune_nk_cell,SPP1,CD44,2.4432125,0.0,4.195428,0.5670967076389378,0.0899502079779465,0.013844233,0.9497907,0.4029777816229076,0.0001477292994226,nerve,immune,immune-nerve,nerve_to_immune,nerve_c12,nk_cell,0.8072,7.0,0.2013,False,0.0794,26.0,0.7523,True,False
nerve_c6,immune_nk_cell,B2M,KLRD1,2.3090663,0.0,5.1886406,2.3947676314576833,1.2192916401363865,0.043021955,0.9546217,0.0245388869002434,0.0001535139821651,nerve,immune,immune-nerve,nerve_to_immune,nerve_c6,nk_cell,0.2107,18.0,0.6248,True,0.0794,26.0,0.7523,True,True
immune_microglia,nerve_c17,PSAP,SORT1,2.30473,0.0,5.309537,1.866725982840195,2.1989107104826706,0.023191428,0.95511794,0.0182773797819576,0.000156447866268,immune,nerve,immune-nerve,immune_to_nerve,nerve_c17,microglia,0.6072,12.0,0.3472,False,0.0187,44.0,0.9088,True,False
nerve_c7,immune_t_cell,SPP1,CD44,2.3034635,0.0,4.38589,0.5673807145623602,-0.014359581433328,0.014472729,0.9508388,0.6576212630237355,0.0001623987089378,nerve,immune,immune-nerve,nerve_to_immune,nerve_c7,t_cell,0.1793,26.0,0.7072,True,0.0821,23.0,0.7277,True,True
immune_tam,nerve_c0,TIMP1,CD63,2.301199,0.0,5.273499,0.9475757353502254,1.5022780183960898,0.029048573,0.95497173,0.0432774260187414,0.0001639037073473,immune,nerve,immune-nerve,immune_to_nerve,nerve_c0,tam,0.4029,19.0,0.5772,True,0.1165,25.0,0.7417,True,True
nerve_c12,malignant,NCAM1,PTPRZ1,2.3005252,0.0,5.2769613,1.4116759274267636,2.660537585543369,0.048293933,0.95498586,0.0145318905368446,0.000165415663105,nerve,tumor,nerve-tumor,nerve_to_tumor,nerve_c12,,0.8072,7.0,0.2013,False,,,,,False
immune_microglia,nerve_c1,APOE,LRP2,2.467647,0.0,4.0962615,2.2638198241567657,2.668336154011323,0.02898474,0.94921726,0.0042031454821943,0.0001730791499813,immune,nerve,immune-nerve,immune_to_nerve,nerve_c1,microglia,0.1983,17.0,0.5642,True,0.0187,44.0,0.9088,True,True
nerve_c2,immune_microglia,COPA,CD74,2.4792466,0.0,4.087974,0.886083903349098,1.958186480839152,0.01532148,0.94916844,0.0999063087940955,0.0001746325937246,nerve,immune,immune-nerve,nerve_to_immune,nerve_c2,microglia,0.25,13.0,0.5666,True,0.0187,44.0,0.9088,True,True
immune_microglia,nerve_c17,APOE,LRP2,2.4658406,0.0,4.0822444,2.257187686165761,2.429002323200509,0.028885562,0.9491346,0.0042771873679026,0.0001761929940367,immune,nerve,immune-nerve,immune_to_nerve,nerve_c17,microglia,0.6072,12.0,0.3472,False,0.0187,44.0,0.9088,True,False
malignant,nerve_c15,CSF1,CELSR3,0.075898804,0.086,0.0049929894,0.1508178157994454,0.0547222583407318,0.028810605,0.39488685,1.0,0.000177242116475,tumor,nerve,nerve-tumor,tumor_to_nerve,nerve_c15,,0.9903,1.0,0.0149,False,,,,,False
nerve_c4,immune_microglia,COPA,CD74,2.4740005,0.0,4.0469074,0.8780634040740178,2.0287329746310654,0.015167564,0.9489243,0.1030509107216648,0.0001825037137145,nerve,immune,immune-nerve,nerve_to_immune,nerve_c4,microglia,0.1409,18.0,0.5987,True,0.0187,44.0,0.9088,True,True
nerve_c10,malignant,NCAM1,PTPRZ1,2.2840796,0.0,5.1972046,1.393755368109692,2.8332796520505745,0.04756401,0.9546574,0.0138465342288399,0.0001825037137145,nerve,tumor,nerve-tumor,nerve_to_tumor,nerve_c10,,0.2572,14.0,0.5531,True,,,,,True
nerve_c1,immune_dendritic,COPA,CD74,2.686669,0.0,4.0371766,0.9161744202839672,1.2146440415532525,0.015131095,0.94886595,0.1040473749495824,0.0001857005849372,nerve,immune,immune-nerve,nerve_to_immune,nerve_c1,dendritic,0.1983,17.0,0.5642,True,0.0815,25.0,0.7859,True,True
nerve_c2,immune_nk_cell,SPP1,CD44,2.3693676,0.0,4.0312924,0.5319307101105182,0.0082731992318759,0.013302612,0.94883054,0.5954408059725599,0.0001889250891971,nerve,immune,immune-nerve,nerve_to_immune,nerve_c2,nk_cell,0.25,13.0,0.5666,True,0.0794,26.0,0.7523,True,True
immune_nk_cell,nerve_neuron,CCL5,GRM7,2.2773323,0.0,4.5573745,3.6953008596439503,2.904911739819827,0.2206885,0.9517275,1.1444863343789744e-06,0.0001905477555894,immune,nerve,immune-nerve,immune_to_nerve,nerve_neuron,nk_cell,0.4,10.0,0.5084,True,0.0794,26.0,0.7523,True,True
nerve_c17,immune_t_cell,APP,CD74,2.275834,0.0,5.1736913,0.9184954179663304,0.167698292788248,0.008224128,0.9545591,0.7140206732477151,0.0001921773005384,nerve,immune,immune-nerve,nerve_to_immune,nerve_c17,t_cell,0.6072,12.0,0.3472,False,0.0821,23.0,0.7277,True,False
immune_microglia,nerve_c6,APOE,ABCA1,2.4558666,0.0,4.0048594,0.7066834677401053,2.136713615264779,0.025654143,0.9486706,0.0432774260187414,0.0001921773005384,immune,nerve,immune-nerve,immune_to_nerve,nerve_c6,microglia,0.2107,18.0,0.6248,True,0.0187,44.0,0.9088,True,True
nerve_c22,immune_t_cell,SPP1,CD44,2.2750902,0.0,4.3096075,0.5538686716638658,0.4408484256183088,0.014221007,0.9504271,0.1303027208559417,0.0001954571788027,nerve,immune,immune-nerve,nerve_to_immune,nerve_c22,t_cell,0.2879,24.0,0.4767,True,0.0821,23.0,0.7277,True,True
nerve_c9,immune_t_cell,APP,CD74,2.270424,0.0,5.149885,0.9124998049249397,0.1946906796564659,0.008186285,0.954459,0.7225389339495567,0.0001987647217902,nerve,immune,immune-nerve,nerve_to_immune,nerve_c9,t_cell,0.8791,5.0,0.1446,False,0.0821,23.0,0.7277,True,False
nerve_c9,immune_nk_cell,SPP1,CD44,2.349147,0.0,3.9863486,0.5223014699014297,-0.0622437896925393,0.0131543055,0.9485577,0.793646039128968,0.0002037778829367,nerve,immune,immune-nerve,nerve_to_immune,nerve_c9,nk_cell,0.8791,5.0,0.1446,False,0.0794,26.0,0.7523,True,False
nerve_c19,immune_microglia,COPA,CD74,2.4655917,0.0,3.981082,0.8652068032079241,2.0149804054781795,0.014920854,0.94852537,0.1096258835327773,0.0002054627931355,nerve,immune,immune-nerve,nerve_to_immune,nerve_c19,microglia,0.9467,4.0,0.054,False,0.0187,44.0,0.9088,True,False
nerve_c12,immune_t_cell,APP,CD74,2.2633688,0.0,5.1188407,0.9046802087796828,0.177232955316302,0.008136936,0.9543274,0.7329847404730863,0.0002105589299759,nerve,immune,immune-nerve,nerve_to_immune,nerve_c12,t_cell,0.8072,7.0,0.2013,False,0.0821,23.0,0.7277,True,False
nerve_c21,immune_tam,SPP1,CD44,2.2632182,0.0,4.8142114,0.652666685680516,-0.0735435278635496,0.015886119,0.95297146,0.6486303944830322,0.0002122714969754,nerve,immune,immune-nerve,nerve_to_immune,nerve_c21,tam,0.8488,6.0,0.1222,False,0.1165,25.0,0.7417,True,False
nerve_c0,immune_nk_cell,SPP1,CD44,2.303951,0.0,3.8858912,0.5007795562981049,-0.0700486580645288,0.012822812,0.9479314,0.8194343010964793,0.0002226919086102,nerve,immune,immune-nerve,nerve_to_immune,nerve_c0,nk_cell,0.4029,19.0,0.5772,True,0.0794,26.0,0.7523,True,True
malignant,nerve_c13,NCAM1,PTPRZ1,2.2949064,0.0,3.8713393,1.2049367748797015,1.9020164646867632,0.13978171,0.9478387,0.0070429727756838,0.0002244528643424,tumor,nerve,nerve-tumor,tumor_to_nerve,nerve_c13,,0.9595,1.0,0.0572,False,,,,,False
malignant,nerve_c15,NCAM1,PTPRZ1,2.286448,0.0,3.8524995,1.1989486955090451,1.8413541401034936,0.13910146,0.947718,0.0075118716416893,0.0002369728943657,tumor,nerve,nerve-tumor,tumor_to_nerve,nerve_c15,,0.9903,1.0,0.0149,False,,,,,False
immune_tam,nerve_c2,TIMP1,FGFR2,2.2522051,0.0,5.0334706,2.9955096146940985,2.9653122734265804,0.033437982,0.95395947,2.417885575359071e-05,0.0002369728943657,immune,nerve,immune-nerve,immune_to_nerve,nerve_c2,tam,0.25,13.0,0.5666,True,0.1165,25.0,0.7417,True,True
immune_microglia,nerve_c17,APOE,SORL1,2.4344134,0.0,3.8384087,0.6443649619647449,1.6987681759660571,0.03595489,0.9476272,0.0432774260187414,0.0002424422580005,immune,nerve,immune-nerve,immune_to_nerve,nerve_c17,microglia,0.6072,12.0,0.3472,False,0.0187,44.0,0.9088,True,False
nerve_c20,immune_t_cell,SPP1,CD44,2.2474606,0.0,4.2353244,0.5407111587663966,0.0533904404639481,0.013975887,0.9500159,0.4858324937630197,0.0002442792259932,nerve,immune,immune-nerve,nerve_to_immune,nerve_c20,t_cell,0.3415,15.0,0.5197,True,0.0821,23.0,0.7277,True,True
nerve_c22,immune_dendritic,APP,CD74,2.6622572,0.0,3.8189256,0.6525353671042653,1.0519660012962275,0.0060705855,0.9475007,0.4069164897766191,0.0002498314927272,nerve,immune,immune-nerve,nerve_to_immune,nerve_c22,dendritic,0.2879,24.0,0.4767,True,0.0815,25.0,0.7859,True,True
nerve_c3,immune_tam,COPA,CD74,2.2422197,0.0,4.216136,0.9216540686804364,0.7157381304457197,0.015801823,0.949908,0.089327368019211,0.0002498314927272,nerve,immune,immune-nerve,nerve_to_immune,nerve_c3,tam,0.3912,13.0,0.4608,True,0.1165,25.0,0.7417,True,True
immune_tam,nerve_c20,TIMP1,CD63,2.2391243,0.0,4.969386,0.8993297762502346,1.676890843613267,0.027373396,0.95367724,0.0432774260187414,0.0002573312499563,immune,nerve,immune-nerve,immune_to_nerve,nerve_c20,tam,0.3415,15.0,0.5197,True,0.1165,25.0,0.7417,True,True
malignant,nerve_c14,PTN,PTPRZ1,2.2386844,0.0,5.0084953,0.9090268580464332,2.1165521855174845,0.1096374,0.9538501,0.0094088476383499,0.0002592234339309,tumor,nerve,nerve-tumor,tumor_to_nerve,nerve_c14,,0.4198,6.0,0.3596,True,,,,,True
immune_microglia,nerve_c15,SPP1,ITGAV_ITGB1,2.4869,0.0,3.7575722,0.6224847030331286,2.1381463867514148,0.02663009,0.9470964,0.0432774260187414,0.0002687880769944,immune,nerve,immune-nerve,immune_to_nerve,nerve_c15,microglia,0.9903,1.0,0.0149,False,0.0187,44.0,0.9088,True,False
nerve_c2,immune_t_cell,MIF,CD74_CXCR4,2.2326698,0.0,4.9837565,0.6314074579884394,0.0919771237114659,0.01538763,0.953741,0.3991039006088563,0.0002746096874003,nerve,immune,immune-nerve,nerve_to_immune,nerve_c2,t_cell,0.25,13.0,0.5666,True,0.0821,23.0,0.7277,True,True
immune_microglia,nerve_c9,SPP1,ITGAV_ITGB1,2.484717,0.0,3.7399101,0.6424329047373453,1.9887096302817455,0.024905195,0.94697833,0.0432774260187414,0.0002746096874003,immune,nerve,immune-nerve,immune_to_nerve,nerve_c9,microglia,0.8791,5.0,0.1446,False,0.0187,44.0,0.9088,True,False
immune_microglia,nerve_c3,APOE,SORL1,2.4207926,0.0,3.7327285,0.6282695386145682,1.7970620264262092,0.034964964,0.94693005,0.0432774260187414,0.0002785252970837,immune,nerve,immune-nerve,immune_to_nerve,nerve_c3,microglia,0.3912,13.0,0.4608,True,0.0187,44.0,0.9088,True,True
nerve_c13,malignant,PTN,PTPRZ1,2.232089,0.0,4.945068,0.9024161548208348,2.3103609042514655,0.061204452,0.95356876,0.0350400505379916,0.0002804934340512,nerve,tumor,nerve-tumor,nerve_to_tumor,nerve_c13,,0.9595,1.0,0.0572,False,,,,,False
malignant,nerve_c1,NCAM1,NCAM2,2.229168,0.0,3.724914,2.098262944307052,2.691468729406172,0.06559654,0.94687736,0.0026514313070154,0.0002864393566309,tumor,nerve,nerve-tumor,tumor_to_nerve,nerve_c1,,0.1983,17.0,0.5642,True,,,,,True
nerve_c15,malignant,PTN,PTPRZ1,2.220399,0.0,4.8883743,0.8939633809221994,2.550717600395171,0.06050276,0.9533129,0.0368462615915133,0.0003005546697492,nerve,tumor,nerve-tumor,nerve_to_tumor,nerve_c15,,0.9903,1.0,0.0149,False,,,,,False
immune_microglia,nerve_c1,IL18,IL1RAPL1,2.5815108,0.0,3.665127,2.488891994796146,3.175539899660639,0.036704805,0.9464689,0.0012602642518872,0.0003025987264373,immune,nerve,immune-nerve,immune_to_nerve,nerve_c1,microglia,0.1983,17.0,0.5642,True,0.0187,44.0,0.9088,True,True
immune_nk_cell,nerve_c1,CALM1,PDE1C,2.218853,0.0,4.92318,2.424158736838951,2.003767679064589,0.022100631,0.95347047,0.0042031454821943,0.0003025987264373,immune,nerve,immune-nerve,immune_to_nerve,nerve_c1,nk_cell,0.1983,17.0,0.5642,True,0.0794,26.0,0.7523,True,True
nerve_c6,immune_dendritic,COPA,CD74,2.6442854,0.0,3.6582508,0.8513723048697139,1.2496336782157234,0.013710903,0.9464213,0.1496856272465626,0.0003046497317709,nerve,immune,immune-nerve,nerve_to_immune,nerve_c6,dendritic,0.2107,18.0,0.6248,True,0.0815,25.0,0.7859,True,True
immune_microglia,nerve_c4,APOE,SORL1,2.4090319,0.0,3.6414778,0.6143719835004909,1.8267452187810105,0.034110207,0.9463046,0.0432774260187414,0.0003087723936203,immune,nerve,immune-nerve,immune_to_nerve,nerve_c4,microglia,0.1409,18.0,0.5987,True,0.0187,44.0,0.9088,True,True
immune_tam,nerve_c4,PSAP,SORT1,2.217279,0.0,4.7705827,1.624690049371568,1.622250509476362,0.02083734,0.952767,0.0378573461027014,0.0003108440492599,immune,nerve,immune-nerve,immune_to_nerve,nerve_c4,tam,0.1409,18.0,0.5987,True,0.1165,25.0,0.7417,True,True
nerve_c14,malignant,NLGN1,NRXN1,2.2117364,0.0,3.6196034,1.4697601749241611,2.7753724004299265,0.0964049,0.94615144,0.0020573121882084,0.0003223616168631,nerve,tumor,nerve-tumor,nerve_to_tumor,nerve_c14,,0.4198,6.0,0.3596,True,,,,,True
malignant,nerve_c14,NRXN1,NLGN1,2.2117364,0.0,3.6196034,1.4697601749241611,2.7753724004299265,0.0964049,0.94615144,0.0020573121882084,0.0003223616168631,tumor,nerve,nerve-tumor,tumor_to_nerve,nerve_c14,,0.4198,6.0,0.3596,True,,,,,True
immune_tam,nerve_c12,PSAP,SORT1,2.2072608,0.0,4.7185073,1.6085652205249896,1.5089627695258905,0.020609882,0.9525195,0.0403079100029097,0.0003319402570584,immune,nerve,immune-nerve,immune_to_nerve,nerve_c12,tam,0.8072,7.0,0.2013,False,0.1165,25.0,0.7417,True,False
nerve_c17,immune_tam,COPA,CD74,2.2064846,0.0,3.9915054,0.8670180619265951,0.5795312850870885,0.014959921,0.94858927,0.1085474223501059,0.000338403585769,nerve,immune,immune-nerve,nerve_to_immune,nerve_c17,tam,0.6072,12.0,0.3472,False,0.1165,25.0,0.7417,True,False
nerve_c11,immune_dendritic,COPA,CD74,2.6350431,0.0,3.5756207,0.8372417299298984,1.1438417893996349,0.013401211,0.9458391,0.1623759043139689,0.0003471179276992,nerve,immune,immune-nerve,nerve_to_immune,nerve_c11,dendritic,0.1876,18.0,0.5976,True,0.0815,25.0,0.7859,True,True
nerve_c15,immune_tam,IGF2,INSR,0.07772061,1.0,0.005168584,0.0724911559500811,-0.14249154084995,0.068575636,0.39902383,0.7606165484191256,0.0003544772517531,nerve,immune,immune-nerve,nerve_to_immune,nerve_c15,tam,0.9903,1.0,0.0149,False,0.1165,25.0,0.7417,True,False
malignant,nerve_neuron,PTN,PTPRZ1,2.2002969,0.0,4.832268,0.8818510927508298,2.55595654128102,0.105779745,0.95305526,0.010629096041474,0.000355942528456,tumor,nerve,nerve-tumor,tumor_to_nerve,nerve_neuron,,0.4,10.0,0.5084,True,,,,,True
immune_tam,malignant,S100A4,EGFR,2.1990142,0.0,4.439077,1.1988508450115365,3.109900753017035,0.07623218,0.9511198,0.0015752837781304,0.0003581659520125,immune,tumor,immune-tumor,immune_to_tumor,,tam,,,,,0.1165,25.0,0.7417,True,True
nerve_c15,immune_tam,LRP1B,PLAUR,2.1990032,0.0,4.715921,1.553399005813757,2.0351659178245955,0.04603373,0.9525071,0.0183862636104946,0.0003603962159979,nerve,immune,immune-nerve,nerve_to_immune,nerve_c15,tam,0.9903,1.0,0.0149,False,0.1165,25.0,0.7417,True,False
nerve_c1,immune_microglia,COPA,CD74,2.4085948,0.0,3.5349028,0.7780603702767996,1.9296611160942976,0.013248602,0.945545,0.1694710526740924,0.0003648774747696,nerve,immune,immune-nerve,nerve_to_immune,nerve_c1,microglia,0.1983,17.0,0.5642,True,0.0187,44.0,0.9088,True,True
immune_tam,nerve_c17,PSAP,GPR37,2.1967282,0.0,4.663758,2.8602792897357516,1.7218247050677633,0.035019252,0.95225483,0.0160139207012329,0.0003693863025711,immune,nerve,immune-nerve,immune_to_nerve,nerve_c17,tam,0.6072,12.0,0.3472,False,0.1165,25.0,0.7417,True,False
nerve_c7,immune_nk_cell,B2M,KLRC1,2.6259756,0.0,3.5254886,2.2809101929809192,1.4098524799013306,0.074941695,0.9454763,0.0020514541244814,0.0003693863025711,nerve,immune,immune-nerve,nerve_to_immune,nerve_c7,nk_cell,0.1793,26.0,0.7072,True,0.0794,26.0,0.7523,True,True
nerve_c7,immune_nk_cell,SPP1,CD44,2.1870034,0.0,3.625952,0.4450873359972377,-0.1509956976743546,0.011965055,0.946196,1.0,0.0003923439000322,nerve,immune,immune-nerve,nerve_to_immune,nerve_c7,nk_cell,0.1793,26.0,0.7072,True,0.0794,26.0,0.7523,True,True
immune_microglia,nerve_c3,IL18,IL1RAPL1,2.475639,0.0,3.4852026,2.373113147639735,2.990715744459147,0.034902934,0.94517934,0.0025881662430995,0.0003923439000322,immune,nerve,immune-nerve,immune_to_nerve,nerve_c3,microglia,0.3912,13.0,0.4608,True,0.0187,44.0,0.9088,True,True
nerve_c2,immune_t_cell,APP,CD74,2.1860342,0.0,4.778546,0.8189687258596599,0.1112661005604488,0.007596003,0.95280457,0.8582948502926276,0.0003970180958161,nerve,immune,immune-nerve,nerve_to_immune,nerve_c2,t_cell,0.25,13.0,0.5666,True,0.0821,23.0,0.7277,True,True
immune_microglia,nerve_c11,APOE,LRP2,2.3870516,0.0,3.4709384,1.9679511961351657,2.5259898105628382,0.024560018,0.94507295,0.0127101041460102,0.0003970180958161,immune,nerve,immune-nerve,immune_to_nerve,nerve_c11,microglia,0.1876,18.0,0.5976,True,0.0187,44.0,0.9088,True,True
malignant,immune_tam,APP,CD74,2.1834679,0.0,3.8468213,0.5277734110858785,0.7055305539206365,0.003991391,0.9476814,0.4069164897766191,0.0004017197894821,tumor,immune,immune-tumor,tumor_to_immune,,tam,,,,,0.1165,25.0,0.7417,True,True
immune_tam,nerve_c11,PSAP,SORT1,2.1828318,0.0,4.591523,1.5692454051308873,1.5678762979174063,0.020055229,0.95189875,0.0432774260187414,0.0004064490900024,immune,nerve,immune-nerve,immune_to_nerve,nerve_c11,tam,0.1876,18.0,0.5976,True,0.1165,25.0,0.7417,True,True
immune_microglia,nerve_c10,APOE,LRP2,2.383873,0.0,3.4462771,1.9562824089620332,2.6612284503642885,0.024385517,0.94488764,0.013306886739388,0.0004088240994805,immune,nerve,immune-nerve,immune_to_nerve,nerve_c10,microglia,0.2572,14.0,0.5531,True,0.0187,44.0,0.9088,True,True
immune_tam,nerve_c22,TIMP1,CD63,2.177415,0.0,4.6670604,0.8513683615055964,1.5584822372786438,0.025708063,0.9522709,0.0432774260187414,0.0004329525974565,immune,nerve,immune-nerve,immune_to_nerve,nerve_c22,tam,0.2879,24.0,0.4767,True,0.1165,25.0,0.7417,True,True
immune_microglia,nerve_c12,SPP1,ITGAV_ITGB1,2.4439874,0.0,3.410423,0.5660208538114929,1.92156966596521,0.024169827,0.94461465,0.0432774260187414,0.0004354033499859,immune,nerve,immune-nerve,immune_to_nerve,nerve_c12,microglia,0.8072,7.0,0.2013,False,0.0187,44.0,0.9088,True,False
nerve_c9,immune_tam,COPA,CD74,2.174841,0.0,3.7925923,0.818636045919084,0.5543866816158327,0.014214406,0.9473284,0.1304961200373101,0.0004403254489281,nerve,immune,immune-nerve,nerve_to_immune,nerve_c9,tam,0.8791,5.0,0.1446,False,0.1165,25.0,0.7417,True,False
nerve_c19,immune_t_cell,APP,CD74,2.1741374,0.0,4.7261972,0.8057834481111763,0.1940827862136661,0.0075127883,0.95255625,0.8795500585502632,0.0004427967944656,nerve,immune,immune-nerve,nerve_to_immune,nerve_c19,t_cell,0.9467,4.0,0.054,False,0.0821,23.0,0.7277,True,False
nerve_c6,malignant,NCAM1,PTPRZ1,2.169854,0.0,4.643247,1.269293767191484,2.6754076901062396,0.04249428,0.9521545,0.0260895174380521,0.0004602891013662,nerve,tumor,nerve-tumor,nerve_to_tumor,nerve_c6,,0.2107,18.0,0.6248,True,,,,,True
nerve_c20,immune_t_cell,HMGB1,CXCR4,2.1696262,0.0,4.698246,0.8029067031831278,1.3241301173243136,0.017370403,0.952422,0.0623972843180472,0.0004628155636738,nerve,immune,immune-nerve,nerve_to_immune,nerve_c20,t_cell,0.3415,15.0,0.5197,True,0.0821,23.0,0.7277,True,True
immune_tam,nerve_c3,TIMP1,FGFR2,2.1679473,0.0,4.620678,2.804329209213196,2.905342515203577,0.030695746,0.9520434,0.0001314053620651,0.000467889071308,immune,nerve,immune-nerve,immune_to_nerve,nerve_c3,tam,0.3912,13.0,0.4608,True,0.1165,25.0,0.7417,True,True
nerve_c2,malignant,PTN,PTPRZ1,2.1664605,0.0,4.62679,0.8549627415535981,1.7877233202734213,0.057265162,0.9520736,0.0432774260187414,0.0004729900402061,nerve,tumor,nerve-tumor,nerve_to_tumor,nerve_c2,,0.25,13.0,0.5666,True,,,,,True
nerve_c22,immune_microglia,APP,CD74,2.384183,0.0,3.3438048,0.5144213170970977,1.7669830758372729,0.005315331,0.9440964,0.367861710185684,0.0004729900402061,nerve,immune,immune-nerve,nerve_to_immune,nerve_c22,microglia,0.2879,24.0,0.4767,True,0.0187,44.0,0.9088,True,True
immune_tam,nerve_c17,TIMP1,CD63,2.164693,0.0,4.604735,0.8414807248180692,1.1582374853240125,0.02536475,0.95196444,0.0432774260187414,0.0004755509050055,immune,nerve,immune-nerve,immune_to_nerve,nerve_c17,tam,0.6072,12.0,0.3472,False,0.1165,25.0,0.7417,True,False
nerve_c2,immune_nk_cell,B2M,KLRC1,2.5006917,0.0,3.3275025,2.2073265745710673,1.197248407881736,0.070733085,0.9439672,0.0066381538622318,0.0004806932126852,nerve,immune,immune-nerve,nerve_to_immune,nerve_c2,nk_cell,0.25,13.0,0.5666,True,0.0794,26.0,0.7523,True,True
malignant,nerve_c15,NRXN1,NLGN1,2.1625235,0.0,3.5129266,1.4283960882980111,2.771427852178509,0.09356366,0.9453842,0.002487252909196,0.0004871597763895,tumor,nerve,nerve-tumor,tumor_to_nerve,nerve_c15,,0.9903,1.0,0.0149,False,,,,,False
nerve_c15,malignant,NLGN1,NRXN1,2.1625235,0.0,3.5129266,1.4283960882980111,2.771427852178509,0.09356366,0.9453842,0.002487252909196,0.0004871597763895,nerve,tumor,nerve-tumor,nerve_to_tumor,nerve_c15,,0.9903,1.0,0.0149,False,,,,,False
nerve_c5,immune_dendritic,SPP1,CD44,2.3786492,0.0,3.3129075,0.4605791088412352,-0.1354720742901468,0.010932059,0.9438509,1.0,0.0004910603745454,nerve,immune,immune-nerve,nerve_to_immune,nerve_c5,dendritic,0.226,19.0,0.6259,True,0.0815,25.0,0.7859,True,True
nerve_c9,malignant,NCAM1,PTPRZ1,2.1588929,0.0,4.590089,1.2573511299474274,2.4239297329973617,0.042007785,0.9518916,0.0276899670936581,0.0004962851623932,nerve,tumor,nerve-tumor,nerve_to_tumor,nerve_c9,,0.8791,5.0,0.1446,False,,,,,False
immune_microglia,nerve_c19,IL18,IL1RAPL1,2.36779,0.0,3.3019176,2.2551759582027655,2.7394792723351045,0.033067405,0.9437628,0.0043393736096993,0.0004989079344191,immune,nerve,immune-nerve,immune_to_nerve,nerve_c19,microglia,0.9467,4.0,0.054,False,0.0187,44.0,0.9088,True,False
nerve_c22,immune_nk_cell,SPP1,CD44,2.1586301,0.0,3.562887,0.4315752930987433,0.3042123093772823,0.011756949,0.9457477,0.2567835920630892,0.0004989079344191,nerve,immune,immune-nerve,nerve_to_immune,nerve_c22,nk_cell,0.2879,24.0,0.4767,True,0.0794,26.0,0.7523,True,True
nerve_c17,immune_dendritic,SPP1,CD44,2.371475,0.0,3.30075,0.4571635170477012,-0.2267930341692031,0.010891941,0.94375336,1.0,0.0005015375214828,nerve,immune,immune-nerve,nerve_to_immune,nerve_c17,dendritic,0.6072,12.0,0.3472,False,0.0815,25.0,0.7859,True,False
nerve_c3,immune_t_cell,APP,CD74,2.1584358,0.0,4.6571054,0.7883794875279487,0.1101415583855099,0.00740296,0.95222235,0.9072926214762074,0.0005015375214828,nerve,immune,immune-nerve,nerve_to_immune,nerve_c3,t_cell,0.3912,13.0,0.4608,True,0.0821,23.0,0.7277,True,True
nerve_c15,immune_dendritic,COPA,CD74,2.6042101,0.0,3.2999604,0.7900993638024467,0.9500306685266996,0.012368052,0.94374704,0.2152804398438358,0.0005041740476633,nerve,immune,immune-nerve,nerve_to_immune,nerve_c15,dendritic,0.9903,1.0,0.0149,False,0.0815,25.0,0.7859,True,False
immune_tam,nerve_c1,PSAP,SORT1,2.1565032,0.0,4.4546657,1.5268681493164282,1.5535955565430155,0.01945745,0.9512012,0.0432774260187414,0.0005094676672418,immune,nerve,immune-nerve,immune_to_nerve,nerve_c1,tam,0.1983,17.0,0.5642,True,0.1165,25.0,0.7417,True,True
nerve_c2,immune_t_cell,HMGB1,CXCR4,2.1563184,0.0,4.637971,0.7904248583687201,1.0757231332840085,0.017147552,0.95212865,0.06554275654202,0.0005121247597646,nerve,immune,immune-nerve,nerve_to_immune,nerve_c2,t_cell,0.25,13.0,0.5666,True,0.0821,23.0,0.7277,True,True
immune_microglia,nerve_c4,IL18,IL1RAPL1,2.3605604,0.0,3.2896314,2.2472716136874262,2.861219959213688,0.032944366,0.9436638,0.004605363096677,0.0005201373532058,immune,nerve,immune-nerve,immune_to_nerve,nerve_c4,microglia,0.1409,18.0,0.5987,True,0.0187,44.0,0.9088,True,True
immune_t_cell,nerve_c1,CALM1,PDE1C,2.1548839,0.0,4.637853,2.3671192292205245,1.974113825053725,0.02081977,0.95212805,0.0049720778244304,0.0005201373532058,immune,nerve,immune-nerve,immune_to_nerve,nerve_c1,t_cell,0.1983,17.0,0.5642,True,0.0821,23.0,0.7277,True,True
immune_nk_cell,nerve_c11,CALM1,PDE1C,2.1535387,0.0,4.634816,2.294415654420277,1.961092924162234,0.020806136,0.95211315,0.0053249168660681,0.0005255134782628,immune,nerve,immune-nerve,immune_to_nerve,nerve_c11,nk_cell,0.1876,18.0,0.5976,True,0.0794,26.0,0.7523,True,True
immune_tam,nerve_c9,PSAP,SORT1,2.1506324,0.0,4.4241476,1.5174177939091074,1.4129458303519558,0.019324152,0.9510414,0.0432774260187414,0.0005282118844464,immune,nerve,immune-nerve,immune_to_nerve,nerve_c9,tam,0.8791,5.0,0.1446,False,0.1165,25.0,0.7417,True,False
nerve_c5,immune_t_cell,MIF,CD74_CXCR4,2.1504998,0.0,4.622185,0.5549630118066731,0.0301606191233132,0.014271258,0.95205086,0.5431850668425,0.0005309171008547,nerve,immune,immune-nerve,nerve_to_immune,nerve_c5,t_cell,0.226,19.0,0.6259,True,0.0821,23.0,0.7277,True,True
immune_dendritic,nerve_c15,PDGFB,ADGRV1,0.07830489,0.588,0.0052248994,-0.1293578422408595,-0.4021926249347416,0.0055118278,0.4003239,1.0,0.0005317053896027,immune,nerve,immune-nerve,immune_to_nerve,nerve_c15,dendritic,0.9903,1.0,0.0149,False,0.0815,25.0,0.7859,True,False
nerve_c11,immune_t_cell,APP,CD74,2.1497765,0.0,4.619003,0.7787827108166492,0.1591382439899578,0.007342392,0.9520351,0.9221935053255134,0.0005363482187816,nerve,immune,immune-nerve,nerve_to_immune,nerve_c11,t_cell,0.1876,18.0,0.5976,True,0.0821,23.0,0.7277,True,True
nerve_c0,immune_t_cell,APP,CD74,2.1472588,0.0,4.6079245,0.7759924353191084,0.1324007502908822,0.0073247813,0.9519803,0.9270255830670074,0.000550046258661,nerve,immune,immune-nerve,nerve_to_immune,nerve_c0,t_cell,0.4029,19.0,0.5772,True,0.0821,23.0,0.7277,True,True
nerve_c17,immune_t_cell,HMGB1,CXCR4,2.1436796,0.0,4.580725,0.7785711531229557,0.9931821125766878,0.016935902,0.9518448,0.0689854559704811,0.000561128412323,nerve,immune,immune-nerve,nerve_to_immune,nerve_c17,t_cell,0.6072,12.0,0.3472,False,0.0821,23.0,0.7277,True,False
immune_microglia,nerve_c10,IL18,IL1RAPL1,2.3191411,0.0,3.2192411,2.20197596253106,2.90155792582808,0.032239433,0.943086,0.0054637772010909,0.0005751356622167,immune,nerve,immune-nerve,immune_to_nerve,nerve_c10,microglia,0.2572,14.0,0.5531,True,0.0187,44.0,0.9088,True,True
nerve_c22,immune_t_cell,LGALS1,PTPRC,2.135048,0.0,4.550272,0.9107854000854244,1.6610388955834134,0.038102616,0.9516917,0.0421163406015094,0.0005893146471499,nerve,immune,immune-nerve,nerve_to_immune,nerve_c22,t_cell,0.2879,24.0,0.4767,True,0.0821,23.0,0.7277,True,True
nerve_c20,immune_nk_cell,HMGB1,CXCR4,2.1325989,0.0,4.544613,0.7726617028929768,1.0483996810356022,0.01680239,0.9516631,0.0709710129738666,0.0005950344005743,nerve,immune,immune-nerve,nerve_to_immune,nerve_c20,nk_cell,0.3415,15.0,0.5197,True,0.0794,26.0,0.7523,True,True
nerve_c6,immune_microglia,COPA,CD74,2.3662112,0.0,3.2031198,0.7132582548625463,1.9646507527567685,0.012005099,0.94295114,0.2332518170706002,0.0005979045109861,nerve,immune,immune-nerve,nerve_to_immune,nerve_c6,microglia,0.2107,18.0,0.6248,True,0.0187,44.0,0.9088,True,True
nerve_c12,immune_dendritic,SPP1,CD44,2.3111823,0.0,3.1985795,0.4284516252077759,-0.2433029030464671,0.010554795,0.942913,1.0,0.0006036653327501,nerve,immune,immune-nerve,nerve_to_immune,nerve_c12,dendritic,0.8072,7.0,0.2013,False,0.0815,25.0,0.7859,True,False
nerve_c20,immune_nk_cell,SPP1,CD44,2.1310008,0.0,3.5014749,0.418417780201274,-0.0832456757770784,0.011554301,0.94529986,0.8589904594963692,0.0006036653327501,nerve,immune,immune-nerve,nerve_to_immune,nerve_c20,nk_cell,0.3415,15.0,0.5197,True,0.0794,26.0,0.7523,True,True
nerve_neuron,malignant,NCAM1,PTPRZ1,2.1302288,0.0,4.4510775,1.2261167439229426,2.5195908978586035,0.040735573,0.9511825,0.0319613849117232,0.0006094537577912,nerve,tumor,nerve-tumor,nerve_to_tumor,nerve_neuron,,0.4,10.0,0.5084,True,,,,,True
immune_microglia,nerve_c2,APOE,SORL1,2.3509083,0.0,3.1905103,0.5456877209319854,1.6566134962206402,0.029885937,0.942845,0.0432774260187414,0.0006123582011371,immune,nerve,immune-nerve,immune_to_nerve,nerve_c2,microglia,0.25,13.0,0.5666,True,0.0187,44.0,0.9088,True,True
immune_microglia,nerve_c13,APOE,ABCA1,2.3496306,0.0,3.1805966,0.5808091587185585,1.7492606026226685,0.020374117,0.94276106,0.0432774260187414,0.000621112862745,immune,nerve,immune-nerve,immune_to_nerve,nerve_c13,microglia,0.9595,1.0,0.0572,False,0.0187,44.0,0.9088,True,False
immune_microglia,nerve_c13,SPP1,ITGAV_ITGB1,2.4135923,0.0,3.1645398,0.5513742339198675,2.1657572677844823,0.021073628,0.94262433,0.0432774260187414,0.0006388073954889,immune,nerve,immune-nerve,immune_to_nerve,nerve_c13,microglia,0.9595,1.0,0.0572,False,0.0187,44.0,0.9088,True,False
nerve_c9,immune_t_cell,HMGB1,CXCR4,2.1213698,0.0,4.479677,0.7576472238331698,0.982894618315398,0.016562305,0.951331,0.0748788529105563,0.0006417804840799,nerve,immune,immune-nerve,nerve_to_immune,nerve_c9,t_cell,0.8791,5.0,0.1446,False,0.0821,23.0,0.7277,True,False
immune_tam,malignant,TIMP1,CD63,2.119339,0.0,4.3825383,0.8062296062474057,1.6636267686081163,0.011015411,0.950821,0.319824134460337,0.0006477473912381,immune,tumor,immune-tumor,immune_to_tumor,,tam,,,,,0.1165,25.0,0.7417,True,True
nerve_c2,immune_nk_cell,HMGB1,CXCR4,2.119291,0.0,4.4863086,0.760179858078569,0.7999926969952971,0.016586825,0.95136523,0.0744968593285341,0.0006507410681703,nerve,immune,immune-nerve,nerve_to_immune,nerve_c2,nk_cell,0.25,13.0,0.5666,True,0.0794,26.0,0.7523,True,True
nerve_c15,malignant,CNTN1,PTPRZ1,2.1192455,0.0,4.3978114,2.1823987658951274,2.997746548307358,0.24194166,0.9509022,6.299581572007455e-05,0.0006537416072249,nerve,tumor,nerve-tumor,nerve_to_tumor,nerve_c15,,0.9903,1.0,0.0149,False,,,,,False
immune_tam,nerve_c12,TIMP1,FGFR2,2.1187057,0.0,4.379435,2.6925984812417196,2.6604875440157776,0.029093144,0.9508044,0.0003273758201849,0.0006567491505099,immune,nerve,immune-nerve,immune_to_nerve,nerve_c12,tam,0.8072,7.0,0.2013,False,0.1165,25.0,0.7417,True,False
immune_tam,nerve_c0,PSAP,GPR37,2.1149647,0.0,4.2387443,2.625418009124166,1.7920250754084903,0.0318279,0.9500351,0.0118601669923703,0.0006627845374047,immune,nerve,immune-nerve,immune_to_nerve,nerve_c0,tam,0.4029,19.0,0.5772,True,0.1165,25.0,0.7417,True,True
nerve_c11,immune_microglia,COPA,CD74,2.3569689,0.0,3.13077,0.6991276799227307,1.85885886394068,0.011733936,0.9423335,0.2584756024810025,0.0006627845374047,nerve,immune,immune-nerve,nerve_to_immune,nerve_c11,microglia,0.1876,18.0,0.5976,True,0.0187,44.0,0.9088,True,True
nerve_c12,immune_tam,COPA,CD74,2.1133957,0.0,3.4063485,0.7246891722162039,0.4613059632955836,0.012766788,0.9445834,0.1933879543520566,0.0006718892187329,nerve,immune,immune-nerve,nerve_to_immune,nerve_c12,tam,0.8072,7.0,0.2013,False,0.1165,25.0,0.7417,True,False
nerve_c12,immune_t_cell,HMGB1,CXCR4,2.112672,0.0,4.440283,0.749490162501937,0.9680818677434102,0.016416658,0.9511261,0.0772997022462737,0.0006749377855932,nerve,immune,immune-nerve,nerve_to_immune,nerve_c12,t_cell,0.8072,7.0,0.2013,False,0.0821,23.0,0.7277,True,False
immune_microglia,nerve_c2,APOE,ABCA1,2.3407533,0.0,3.1117208,0.5702916447086195,1.7362061564739582,0.019932916,0.9421675,0.0432774260187414,0.0006810554988063,immune,nerve,immune-nerve,immune_to_nerve,nerve_c2,microglia,0.25,13.0,0.5666,True,0.0187,44.0,0.9088,True,True
immune_microglia,nerve_c6,APOE,LRP2,2.340577,0.0,3.110351,1.7973393631103227,2.5645162620441324,0.022008538,0.9421555,0.0227844325388181,0.0006841247899121,immune,nerve,immune-nerve,immune_to_nerve,nerve_c6,microglia,0.2107,18.0,0.6248,True,0.0187,44.0,0.9088,True,True
nerve_c10,immune_dendritic,COPA,CD74,2.5822563,0.0,3.1036832,0.7565328401042928,1.1762611506824967,0.011632417,0.942097,0.2665651239864132,0.0006872007951369,nerve,immune,immune-nerve,nerve_to_immune,nerve_c10,dendritic,0.2572,14.0,0.5531,True,0.0815,25.0,0.7859,True,True
nerve_c7,immune_t_cell,HMGB1,CXCR4,2.1070147,0.0,4.4146585,0.7441836126557457,1.0902549573918796,0.01632192,0.9509914,0.0791618155137682,0.0007058009997099,nerve,immune,immune-nerve,nerve_to_immune,nerve_c7,t_cell,0.1793,26.0,0.7072,True,0.0821,23.0,0.7277,True,True
nerve_c0,immune_t_cell,HMGB1,CXCR4,2.1069157,0.0,4.4142103,0.7440913324740803,1.088437331588309,0.016320262,0.95098907,0.0792117061026023,0.0007089250112428,nerve,immune,immune-nerve,nerve_to_immune,nerve_c0,t_cell,0.4029,19.0,0.5772,True,0.0821,23.0,0.7277,True,True
nerve_c15,immune_tam,TGFB1,ACVR1B_TGFBR2,0.08096495,0.923,0.00548129,-0.1705128385519951,-0.4108075648381001,0.012051368,0.4060875,1.0,0.0007089265792681,nerve,immune,immune-nerve,nerve_to_immune,nerve_c15,tam,0.9903,1.0,0.0149,False,0.1165,25.0,0.7417,True,False
nerve_c17,immune_nk_cell,HMGB1,CXCR4,2.1066523,0.0,4.430935,0.7483261528328046,0.7174516762879763,0.016382096,0.9510771,0.0780043776328428,0.0007151937532731,nerve,immune,immune-nerve,nerve_to_immune,nerve_c17,nk_cell,0.6072,12.0,0.3472,False,0.0794,26.0,0.7523,True,False
nerve_c2,immune_dendritic,SPP1,CD44,2.2373374,0.0,3.0734434,0.3932856276793561,-0.3249799117925377,0.010141865,0.9418294,1.0,0.0007214897727972,nerve,immune,immune-nerve,nerve_to_immune,nerve_c2,dendritic,0.25,13.0,0.5666,True,0.0815,25.0,0.7859,True,True
nerve_c17,malignant,NCAM1,PTPRZ1,2.1032915,0.0,4.32044,1.1967657736796649,2.3282072581114623,0.03954,0.95048624,0.0359359113738881,0.0007309853700472,nerve,tumor,nerve-tumor,nerve_to_tumor,nerve_c17,,0.6072,12.0,0.3472,False,,,,,False
immune_microglia,nerve_c3,APOE,LRP4,2.33151,0.0,3.0400035,1.0306995247716415,2.241909612103516,0.03896063,0.941529,0.0382078471324961,0.0007373499440741,immune,nerve,immune-nerve,immune_to_nerve,nerve_c3,microglia,0.3912,13.0,0.4608,True,0.0187,44.0,0.9088,True,True
nerve_c9,immune_dendritic,SPP1,CD44,2.2171168,0.0,3.0391784,0.3836563874702676,-0.395496900716953,0.010028797,0.94152147,1.0,0.000740542663999,nerve,immune,immune-nerve,nerve_to_immune,nerve_c9,dendritic,0.8791,5.0,0.1446,False,0.0815,25.0,0.7859,True,False
immune_tam,nerve_c19,PSAP,SORT1,2.0983148,0.0,4.1521964,1.43321136995109,1.505927185996241,0.018136302,0.9495432,0.0526752519162983,0.000750161495116,immune,nerve,immune-nerve,immune_to_nerve,nerve_c19,tam,0.9467,4.0,0.054,False,0.1165,25.0,0.7417,True,False
immune_microglia,nerve_c4,PSAP,SORT1,2.0938063,0.0,4.317311,1.5272365060150783,2.0716018346601097,0.018857501,0.9504692,0.0453609218071364,0.0007598421592253,immune,nerve,immune-nerve,immune_to_nerve,nerve_c4,microglia,0.1409,18.0,0.5987,True,0.0187,44.0,0.9088,True,True
nerve_c2,immune_tam,COPA,CD74,2.0937185,0.0,3.2826576,0.694603761351168,0.5122947037226313,0.012303203,0.94360733,0.2191440219081336,0.0007663300968395,nerve,immune,immune-nerve,nerve_to_immune,nerve_c2,tam,0.25,13.0,0.5666,True,0.1165,25.0,0.7417,True,True
nerve_c21,immune_t_cell,HMGB1,CXCR4,2.0926523,0.0,4.3496065,0.7307127863569045,1.1134204967388517,0.016081408,0.9506443,0.0841642953008128,0.0007728455966269,nerve,immune,immune-nerve,nerve_to_immune,nerve_c21,t_cell,0.8488,6.0,0.1222,False,0.0821,23.0,0.7277,True,False
nerve_c1,immune_t_cell,APP,CD74,2.0918508,0.0,4.364114,0.7145805960238296,0.0779828016449205,0.0069372184,0.95072234,1.0,0.0007793883482753,nerve,immune,immune-nerve,nerve_to_immune,nerve_c1,t_cell,0.1983,17.0,0.5642,True,0.0821,23.0,0.7277,True,True
nerve_neuron,immune_microglia,LRP1B,PLAUR,2.0914247,0.0,3.4354348,1.4152485634342973,2.3352003736366775,0.033534463,0.9448055,0.0432774260187414,0.0007826700005095,nerve,immune,immune-nerve,nerve_to_immune,nerve_neuron,microglia,0.4,10.0,0.5084,True,0.0187,44.0,0.9088,True,True
nerve_c22,immune_nk_cell,LGALS1,PTPRC,2.089827,0.0,4.365343,0.8685248476206024,1.4501343208148905,0.036554076,0.95072895,0.0432774260187414,0.0007925562158767,nerve,immune,immune-nerve,nerve_to_immune,nerve_c22,nk_cell,0.2879,24.0,0.4767,True,0.0794,26.0,0.7523,True,True
immune_t_cell,nerve_c11,CALM1,PDE1C,2.0895696,0.0,4.3662014,2.2373761468018505,1.93143907015137,0.019600298,0.95073354,0.0060073894921544,0.0007958652690786,immune,nerve,immune-nerve,immune_to_nerve,nerve_c11,t_cell,0.1876,18.0,0.5976,True,0.0821,23.0,0.7277,True,True
nerve_c5,immune_nk_cell,B2M,KLRC1,2.2915254,0.0,2.9969575,2.084477110016878,0.9839788462129512,0.06370665,0.94113517,0.0227551366984966,0.0007991813287258,nerve,immune,immune-nerve,nerve_to_immune,nerve_c5,nk_cell,0.226,19.0,0.6259,True,0.0794,26.0,0.7523,True,True
nerve_c4,immune_tam,COPA,CD74,2.0884726,0.0,3.249681,0.6865832620760877,0.5828411975145448,0.0121796075,0.9433381,0.2273569106973275,0.0008025040809235,nerve,immune,immune-nerve,nerve_to_immune,nerve_c4,tam,0.1409,18.0,0.5987,True,0.1165,25.0,0.7417,True,True
immune_microglia,nerve_c11,IL18,IL1RAPL1,2.1856186,0.0,2.9923255,2.0559609842097415,2.9537779202457783,0.029966963,0.9410923,0.0062983434953478,0.0008058336820448,immune,nerve,immune-nerve,immune_to_nerve,nerve_c11,microglia,0.1876,18.0,0.5976,True,0.0187,44.0,0.9088,True,True
immune_tam,nerve_c20,TIMP1,FGFR2,2.0865645,0.0,4.22197,2.619670374261511,2.9764800484099325,0.028047081,0.94994086,0.0005506432799541,0.0008158637347913,immune,nerve,immune-nerve,immune_to_nerve,nerve_c20,tam,0.3415,15.0,0.5197,True,0.1165,25.0,0.7417,True,True
nerve_c20,immune_nk_cell,B2M,KLRC1,2.28625,0.0,2.9886212,2.0813788527188564,1.045033136220873,0.06352945,0.941058,0.0158287587298265,0.0008158637347913,nerve,immune,immune-nerve,nerve_to_immune,nerve_c20,nk_cell,0.3415,15.0,0.5197,True,0.0794,26.0,0.7523,True,True
nerve_c20,immune_t_cell,MIF,CD74_CXCR4,2.0858173,0.0,4.337564,0.4947845613203633,0.3002728947714301,0.0133924745,0.9505792,0.1629180247259927,0.0008192207291808,nerve,immune,immune-nerve,nerve_to_immune,nerve_c20,t_cell,0.3415,15.0,0.5197,True,0.0821,23.0,0.7277,True,True
nerve_c9,immune_nk_cell,HMGB1,CXCR4,2.0843425,0.0,4.333191,0.7274022235430188,0.7071641820266867,0.016020717,0.9505555,0.0851960888590473,0.000832717339686,nerve,immune,immune-nerve,nerve_to_immune,nerve_c9,nk_cell,0.8791,5.0,0.1446,False,0.0794,26.0,0.7523,True,False
nerve_c7,immune_tam,HLA-A,APLP2,2.084262,0.0,4.0660043,0.6815740070105838,0.6570670287459741,0.034252815,0.94903827,0.0432774260187414,0.0008361085693928,nerve,immune,immune-nerve,nerve_to_immune,nerve_c7,tam,0.1793,26.0,0.7072,True,0.1165,25.0,0.7417,True,True
immune_microglia,nerve_c12,PSAP,SORT1,2.0837882,0.0,4.270183,1.5111116771685005,1.958314094709638,0.018651655,0.95021015,0.0474208753625851,0.0008429117282345,immune,nerve,immune-nerve,immune_to_nerve,nerve_c12,microglia,0.8072,7.0,0.2013,False,0.0187,44.0,0.9088,True,False
nerve_c0,immune_dendritic,SPP1,CD44,2.1719208,0.0,2.96259,0.362134473866943,-0.4033017690889425,0.009776068,0.94081485,1.0,0.0008429117282345,nerve,immune,immune-nerve,nerve_to_immune,nerve_c0,dendritic,0.4029,19.0,0.5772,True,0.0815,25.0,0.7859,True,True
nerve_c21,immune_t_cell,SPP1,CD44,2.0812078,0.0,3.788347,0.4615397218529867,-0.2665088893707531,0.012500932,0.9473004,1.0,0.0008565998701358,nerve,immune,immune-nerve,nerve_to_immune,nerve_c21,t_cell,0.8488,6.0,0.1222,False,0.0821,23.0,0.7277,True,False
nerve_c9,immune_nk_cell,B2M,KLRC1,2.2636127,0.0,2.9528475,2.0680829001374006,0.8704875142684232,0.062768996,0.9407231,0.0432774260187414,0.0008565998701358,nerve,immune,immune-nerve,nerve_to_immune,nerve_c9,nk_cell,0.8791,5.0,0.1446,False,0.0794,26.0,0.7523,True,False
nerve_c19,immune_tam,COPA,CD74,2.0800638,0.0,3.196823,0.6737266612099939,0.5690886283616589,0.011981499,0.9428982,0.2409673391749266,0.0008600391804085,nerve,immune,immune-nerve,nerve_to_immune,nerve_c19,tam,0.9467,4.0,0.054,False,0.1165,25.0,0.7417,True,False
nerve_c3,immune_tam,LRP1B,PLAUR,2.0778193,0.0,4.266805,1.4454734009142896,1.635754889906312,0.04164975,0.95019144,0.0288910061793832,0.000866938008473,nerve,immune,immune-nerve,nerve_to_immune,nerve_c3,tam,0.3912,13.0,0.4608,True,0.1165,25.0,0.7417,True,True
nerve_neuron,malignant,CNTN1,PTPRZ1,2.0758753,0.0,4.187479,2.095548503458032,3.055486409833539,0.23037043,0.9497455,0.0001029880548451,0.0008738643754283,nerve,tumor,nerve-tumor,nerve_to_tumor,nerve_neuron,,0.4,10.0,0.5084,True,,,,,True
nerve_c12,immune_nk_cell,HMGB1,CXCR4,2.0756447,0.0,4.295085,0.7192451622117859,0.6923514314546988,0.01587983,0.95034754,0.0877901222362103,0.0008808179515324,nerve,immune,immune-nerve,nerve_to_immune,nerve_c12,nk_cell,0.8072,7.0,0.2013,False,0.0794,26.0,0.7523,True,False
immune_microglia,nerve_c13,SPP1,CD44,2.3837914,0.0,2.9234614,0.427296110966729,1.866893545159119,0.043815423,0.94044363,0.0526385134896926,0.0008843050036206,immune,nerve,immune-nerve,immune_to_nerve,nerve_c13,microglia,0.9595,1.0,0.0572,False,0.0187,44.0,0.9088,True,False
nerve_c15,immune_tam,NRG1,NETO2,0.0826016,0.226,0.005639038,-0.0146656637461031,-0.1344463606391738,0.005817339,0.40951353,1.0,0.0008861407226771,nerve,immune,immune-nerve,nerve_to_immune,nerve_c15,tam,0.9903,1.0,0.0149,False,0.1165,25.0,0.7417,True,False
nerve_c14,immune_dendritic,APP,CD74,2.5619066,0.0,2.9217489,0.5413140222589374,0.7383407507422263,0.004644428,0.9404272,0.4069164897766191,0.000887798898033,nerve,immune,immune-nerve,nerve_to_immune,nerve_c14,dendritic,0.4198,6.0,0.3596,True,0.0815,25.0,0.7859,True,True
immune_dendritic,nerve_c1,IL18,IL1RAPL1,2.494495,0.0,2.9144757,2.3697249559057556,2.539323622879861,0.029187327,0.9403573,0.0026661762865602,0.0008948073787664,immune,nerve,immune-nerve,immune_to_nerve,nerve_c1,dendritic,0.1983,17.0,0.5642,True,0.0815,25.0,0.7859,True,True
immune_microglia,nerve_c17,PSAP,GPR37,2.0732555,0.0,4.220636,2.7628257463792623,2.171176030251511,0.03169193,0.94993335,0.0015329702965996,0.0009018430601077,immune,nerve,immune-nerve,immune_to_nerve,nerve_c17,microglia,0.6072,12.0,0.3472,False,0.0187,44.0,0.9088,True,False
nerve_c9,malignant,PTN,PTPRZ1,2.0722923,0.0,4.170104,0.7868724793434438,1.5936727425008383,0.05161282,0.9496462,0.0432774260187414,0.0009053713293465,nerve,tumor,nerve-tumor,nerve_to_tumor,nerve_c9,,0.8791,5.0,0.1446,False,,,,,False
immune_tam,nerve_c9,TIMP1,FGFR2,2.071397,0.0,4.147662,2.585254802035449,2.5604059803900316,0.027553441,0.949517,0.0007192812781901,0.0009124480562055,immune,nerve,immune-nerve,immune_to_nerve,nerve_c9,tam,0.8791,5.0,0.1446,False,0.1165,25.0,0.7417,True,False
nerve_c7,immune_nk_cell,HMGB1,CXCR4,2.0699873,0.0,4.270299,0.7139386123655946,0.8145245211031682,0.015788192,0.9502108,0.0895642440532023,0.0009231146153633,nerve,immune,immune-nerve,nerve_to_immune,nerve_c7,nk_cell,0.1793,26.0,0.7072,True,0.0794,26.0,0.7523,True,True
nerve_c0,immune_nk_cell,HMGB1,CXCR4,2.0698884,0.0,4.269865,0.7138463321839292,0.8127068952995975,0.015786588,0.9502084,0.0896372236738251,0.0009266837581634,nerve,immune,immune-nerve,nerve_to_immune,nerve_c0,nk_cell,0.4029,19.0,0.5772,True,0.0794,26.0,0.7523,True,True
nerve_c15,immune_microglia,COPA,CD74,2.3261359,0.0,2.889405,0.6519853137952791,1.6650477430677448,0.0108293155,0.9401146,0.3379650622733792,0.0009302597399881,nerve,immune,immune-nerve,nerve_to_immune,nerve_c15,microglia,0.9903,1.0,0.0149,False,0.0187,44.0,0.9088,True,False
nerve_c21,immune_nk_cell,B2M,KLRC1,2.220702,0.0,2.8850353,2.042880174162321,0.9759797988491532,0.06132751,0.940072,0.0237456776904293,0.0009338425605622,nerve,immune,immune-nerve,nerve_to_immune,nerve_c21,nk_cell,0.8488,6.0,0.1222,False,0.0794,26.0,0.7523,True,False
immune_microglia,nerve_c12,APOE,SORL1,2.3115177,0.0,2.8848884,0.4991412967438392,1.528741971486082,0.027023135,0.94007057,0.0432774260187414,0.0009374323895285,immune,nerve,immune-nerve,immune_to_nerve,nerve_c12,microglia,0.8072,7.0,0.2013,False,0.0187,44.0,0.9088,True,False
nerve_c0,immune_dendritic,COPA,CD74,2.5577717,0.0,2.8847814,0.719097212276642,1.0137371980155203,0.010811986,0.94006956,0.3396967222701386,0.0009410288871,nerve,immune,immune-nerve,nerve_to_immune,nerve_c0,dendritic,0.4029,19.0,0.5772,True,0.0815,25.0,0.7859,True,True
immune_microglia,nerve_c2,SPP1,ITGAV_ITGB1,2.3782215,0.0,2.8784027,0.5060897976095607,1.8778817855278371,0.019168155,0.94000715,0.0432774260187414,0.0009446322225961,immune,nerve,immune-nerve,immune_to_nerve,nerve_c2,microglia,0.25,13.0,0.5666,True,0.0187,44.0,0.9088,True,True
nerve_c2,immune_tam,HLA-A,APLP2,2.0643969,0.0,4.0041504,0.6666690381484448,0.5623729467649321,0.033731747,0.94866633,0.0432774260187414,0.0009518594062621,nerve,immune,immune-nerve,nerve_to_immune,nerve_c2,tam,0.25,13.0,0.5666,True,0.1165,25.0,0.7417,True,True
immune_tam,nerve_c19,TIMP1,FGFR2,2.064175,0.0,4.1122794,2.5688682218722136,2.761721755655797,0.027318396,0.94931126,0.000798386871019,0.0009554834254164,immune,nerve,immune-nerve,immune_to_nerve,nerve_c19,tam,0.9467,4.0,0.054,False,0.1165,25.0,0.7417,True,False
nerve_neuron,malignant,NLGN1,NRXN1,2.0616727,0.0,3.2943165,1.3436277863328898,2.698394492506784,0.087741174,0.94370157,0.0036643835817356,0.0009645729557809,nerve,tumor,nerve-tumor,nerve_to_tumor,nerve_neuron,,0.4,10.0,0.5084,True,,,,,True
malignant,nerve_neuron,NRXN1,NLGN1,2.0616727,0.0,3.2943165,1.3436277863328898,2.698394492506784,0.087741174,0.94370157,0.0036643835817356,0.0009645729557809,tumor,nerve,nerve-tumor,tumor_to_nerve,nerve_neuron,,0.4,10.0,0.5084,True,,,,,True
immune_microglia,nerve_c11,PSAP,SORT1,2.059359,0.0,4.1552644,1.471791861774398,2.017227623101154,0.018149702,0.9495609,0.0525161908469079,0.0009773702502437,immune,nerve,immune-nerve,immune_to_nerve,nerve_c11,microglia,0.1876,18.0,0.5976,True,0.0187,44.0,0.9088,True,True
immune_microglia,nerve_c11,APOE,LRP6,2.3091152,0.0,2.8662462,1.030469335151044,2.2062252880791133,0.026879009,0.9398877,0.0432774260187414,0.0009773702502437,immune,nerve,immune-nerve,immune_to_nerve,nerve_c11,microglia,0.1876,18.0,0.5976,True,0.0187,44.0,0.9088,True,True
immune_nk_cell,nerve_c19,CALM1,PDE1C,2.0586321,0.0,4.2158017,2.1058918274349296,1.813939427134936,0.018925142,0.9499061,0.010706545494101,0.0009810419505084,immune,nerve,immune-nerve,immune_to_nerve,nerve_c19,nk_cell,0.9467,4.0,0.054,False,0.0794,26.0,0.7523,True,False
immune_tam,nerve_c3,PSAP,SORT1,2.0571675,0.0,3.938309,1.3669832977336067,1.3451082497763904,0.017202068,0.948261,0.064809860387886,0.000988406029906,immune,nerve,immune-nerve,immune_to_nerve,nerve_c3,tam,0.3912,13.0,0.4608,True,0.1165,25.0,0.7417,True,True
nerve_c22,immune_tam,VIM,CD44,2.056526,0.0,4.108031,0.7425328433127142,0.9290074678192366,0.04339423,0.9492864,0.0432774260187414,0.0009957972729059,nerve,immune,immune-nerve,nerve_to_immune,nerve_c22,tam,0.2879,24.0,0.4767,True,0.1165,25.0,0.7417,True,True
nerve_c21,immune_nk_cell,HMGB1,CXCR4,2.055625,0.0,4.2073736,0.7004677860667534,0.8376900604501403,0.015555544,0.9498585,0.0942497685297023,0.0010106619386879,nerve,immune,immune-nerve,nerve_to_immune,nerve_c21,nk_cell,0.8488,6.0,0.1222,False,0.0794,26.0,0.7523,True,False
immune_microglia,nerve_c7,APOE,ABCA1,2.3048005,0.0,2.83277,0.5276919475609727,1.8078362207675531,0.018146027,0.9395549,0.0525406383022273,0.0010331638285489,immune,nerve,immune-nerve,immune_to_nerve,nerve_c7,microglia,0.1793,26.0,0.7072,True,0.0187,44.0,0.9088,True,True
immune_microglia,nerve_c13,APOE,LRP6,2.3042865,0.0,2.8287828,1.020006727162461,2.219359301325763,0.026527684,0.93951494,0.0432774260187414,0.0010369382030526,immune,nerve,immune-nerve,immune_to_nerve,nerve_c13,microglia,0.9595,1.0,0.0572,False,0.0187,44.0,0.9088,True,False
nerve_c21,immune_t_cell,MIF,CD74_CXCR4,2.052518,0.0,4.191038,0.4638046151320523,-0.0851731255230314,0.012940068,0.94976574,0.8651700428138931,0.0010445070874682,nerve,immune,immune-nerve,nerve_to_immune,nerve_c21,t_cell,0.8488,6.0,0.1222,False,0.0821,23.0,0.7277,True,False
nerve_c12,immune_nk_cell,B2M,KLRC1,2.1796856,0.0,2.8202174,2.0187903748331064,0.7976724302892491,0.059949663,0.93942875,0.0432774260187414,0.0010597269973851,nerve,immune,immune-nerve,nerve_to_immune,nerve_c12,nk_cell,0.8072,7.0,0.2013,False,0.0794,26.0,0.7523,True,False
nerve_c15,immune_microglia,NRG1,SIGLEC7,0.08315414,0.171,0.0056922953,0.122468750244122,0.0632808768621295,0.0076676016,0.4106505,1.0,0.001063347950911,nerve,immune,immune-nerve,nerve_to_immune,nerve_c15,microglia,0.9903,1.0,0.0149,False,0.0187,44.0,0.9088,True,False
malignant,nerve_c3,NCAM1,NCAM2,2.0492058,0.0,3.324067,1.8867413892438525,2.4657135367162155,0.058537535,0.9439399,0.0051125285170053,0.0010673778385506,tumor,nerve,nerve-tumor,tumor_to_nerve,nerve_c3,,0.3912,13.0,0.4608,True,,,,,True
nerve_c0,immune_nk_cell,B2M,KLRC1,2.1717563,0.0,2.8076868,2.01413378097966,0.8845195204547296,0.059683304,0.9393019,0.0413876237114065,0.001071213683685,nerve,immune,immune-nerve,nerve_to_immune,nerve_c0,nk_cell,0.4029,19.0,0.5772,True,0.0794,26.0,0.7523,True,True
nerve_c2,immune_dendritic,MIF,CD74_CXCR4,2.0487146,0.0,4.150365,1.0458640270200787,1.3077401628765497,0.023451995,0.94953257,0.0432774260187414,0.001078905496124,nerve,immune,immune-nerve,nerve_to_immune,nerve_c2,dendritic,0.25,13.0,0.5666,True,0.0815,25.0,0.7859,True,True
immune_microglia,nerve_c1,APOE,LRP6,2.2979126,0.0,2.779329,1.0061943581741049,2.17787083241246,0.026063919,0.9390119,0.0432774260187414,0.0011099462034614,immune,nerve,immune-nerve,immune_to_nerve,nerve_c1,microglia,0.1983,17.0,0.5642,True,0.0187,44.0,0.9088,True,True
nerve_c7,immune_t_cell,MIF,CD74_CXCR4,2.0439255,0.0,4.153229,0.4558100821897778,-0.1118305671272288,0.012823329,0.94954914,0.9501841717718054,0.0011177745502039,nerve,immune,immune-nerve,nerve_to_immune,nerve_c7,t_cell,0.1793,26.0,0.7072,True,0.0821,23.0,0.7277,True,True
immune_dendritic,nerve_c3,IL18,IL1RAPL1,2.3886232,0.0,2.7714016,2.2539461087493446,2.354499467678369,0.027754497,0.93893003,0.0043518637139478,0.0011295684435292,immune,nerve,immune-nerve,immune_to_nerve,nerve_c3,dendritic,0.3912,13.0,0.4608,True,0.0815,25.0,0.7859,True,True
immune_nk_cell,nerve_c10,CALM1,PDE1C,2.0410516,0.0,4.1381826,2.070970014459976,1.9229181238213775,0.018576702,0.9494621,0.0090658239253557,0.0011295684435292,immune,nerve,immune-nerve,immune_to_nerve,nerve_c10,nk_cell,0.2572,14.0,0.5531,True,0.0794,26.0,0.7523,True,True
malignant,nerve_c2,TIMP1,CD63,2.0403185,0.0,3.20847,0.6312441868599449,0.9427434224987984,0.0148497075,0.942996,0.1114196661682104,0.0011374650368002,tumor,nerve,nerve-tumor,tumor_to_nerve,nerve_c2,,0.25,13.0,0.5666,True,,,,,True
nerve_c7,immune_dendritic,SPP1,CD44,2.0549731,0.0,2.764413,0.3064422535660758,-0.4842488086987683,0.0091221165,0.9388576,1.0,0.0011414237563735,nerve,immune,immune-nerve,nerve_to_immune,nerve_c7,dendritic,0.1793,26.0,0.7072,True,0.0815,25.0,0.7859,True,True
nerve_c22,immune_t_cell,MIF,CD74_CXCR4,2.038522,0.0,4.1294518,0.4507833215597037,0.3670991126763321,0.012749915,0.94941145,0.1943644537592788,0.0011453891122589,nerve,immune,immune-nerve,nerve_to_immune,nerve_c22,t_cell,0.2879,24.0,0.4767,True,0.0821,23.0,0.7277,True,True
nerve_c5,immune_t_cell,HMGB1,CXCR4,2.0368216,0.0,4.096731,0.6783496895842945,1.0366101988623666,0.015146475,0.94922006,0.103558412216044,0.0011573263059229,nerve,immune,immune-nerve,nerve_to_immune,nerve_c5,t_cell,0.226,19.0,0.6259,True,0.0821,23.0,0.7277,True,True
immune_tam,nerve_c0,PSAP,SORT1,2.0363493,0.0,3.8300946,1.3334752841954245,1.396711894315891,0.0167294,0.94757324,0.0721579159315256,0.0011613189527849,immune,nerve,immune-nerve,immune_to_nerve,nerve_c0,tam,0.4029,19.0,0.5772,True,0.1165,25.0,0.7417,True,True
nerve_c17,immune_nk_cell,APP,CD74,2.0357394,0.0,4.0445113,0.7992464870130129,-0.1843180306037857,0.0064291777,0.94890994,1.0,0.0011733378241272,nerve,immune,immune-nerve,nerve_to_immune,nerve_c17,nk_cell,0.6072,12.0,0.3472,False,0.0794,26.0,0.7523,True,False
immune_tam,nerve_c9,PSAP,GPR37,2.034553,0.0,3.8207583,2.394441684460196,1.529803547255397,0.028689329,0.9475127,0.0368342670903844,0.0011854182767397,immune,nerve,immune-nerve,immune_to_nerve,nerve_c9,tam,0.8791,5.0,0.1446,False,0.1165,25.0,0.7417,True,False
nerve_c10,immune_microglia,COPA,CD74,2.304182,0.0,2.7175472,0.6184187900971252,1.8912782252235416,0.010185203,0.938365,0.2761418231743875,0.0011975601142233,nerve,immune,immune-nerve,nerve_to_immune,nerve_c10,microglia,0.2572,14.0,0.5531,True,0.0187,44.0,0.9088,True,True
nerve_c20,immune_t_cell,APP,CD74,2.033959,0.0,4.109373,0.6504195594337818,0.2118069887145558,0.006532281,0.94929427,1.0,0.001201620969117,nerve,immune,immune-nerve,nerve_to_immune,nerve_c20,t_cell,0.3415,15.0,0.5197,True,0.0821,23.0,0.7277,True,True
immune_microglia,nerve_c19,APOE,LRP6,2.2898326,0.0,2.716637,0.9886867217517432,2.2337459098697128,0.025476005,0.9383553,0.0432774260187414,0.001205688643237,immune,nerve,immune-nerve,immune_to_nerve,nerve_c19,microglia,0.9467,4.0,0.054,False,0.0187,44.0,0.9088,True,False
immune_microglia,nerve_c1,PSAP,SORT1,2.0330305,0.0,4.03141,1.4294146059599389,2.0029468817267633,0.01760872,0.94883126,0.0587391705259481,0.0012179327716949,immune,nerve,immune-nerve,immune_to_nerve,nerve_c1,microglia,0.1983,17.0,0.5642,True,0.0187,44.0,0.9088,True,True
immune_microglia,nerve_c19,APOE,SORL1,2.2884343,0.0,2.7057884,0.4718637639813221,1.6760569427809369,0.025345482,0.93823946,0.0432774260187414,0.0012302382652252,immune,nerve,immune-nerve,immune_to_nerve,nerve_c19,microglia,0.9467,4.0,0.054,False,0.0187,44.0,0.9088,True,False
immune_microglia,nerve_c6,IL18,IL1RAPL1,2.0323505,0.0,2.731853,1.8883533323701287,2.7310042316317253,0.027358435,0.9385167,0.0166802490666768,0.001238475885551,immune,nerve,immune-nerve,immune_to_nerve,nerve_c6,microglia,0.2107,18.0,0.6248,True,0.0187,44.0,0.9088,True,True
immune_dendritic,nerve_c15,POMC,GRM7,0.07759302,0.189,0.005795931,0.1357819841608743,-0.0020561068451397,0.003846122,0.41283557,1.0,0.0012405481331685,immune,nerve,immune-nerve,immune_to_nerve,nerve_c15,dendritic,0.9903,1.0,0.0149,False,0.0815,25.0,0.7859,True,False
immune_nk_cell,nerve_c4,CALM1,PDE1C,2.031999,0.0,4.0982165,2.0529881657505817,1.7705186804961994,0.01839729,0.94922876,0.0129642468915377,0.0012426049209787,immune,nerve,immune-nerve,immune_to_nerve,nerve_c4,nk_cell,0.1409,18.0,0.5987,True,0.0794,26.0,0.7523,True,True
immune_tam,nerve_c10,PSAP,SORT1,2.0304122,0.0,3.7992332,1.323919403672009,1.5199529328333918,0.0165946,0.94737196,0.0743698535236999,0.0012550331214126,immune,nerve,immune-nerve,immune_to_nerve,nerve_c10,tam,0.2572,14.0,0.5531,True,0.1165,25.0,0.7417,True,True
nerve_c9,immune_nk_cell,APP,CD74,2.0303292,0.0,4.0259013,0.793250873971622,-0.1573256437355678,0.0063995947,0.94879806,1.0,0.001259189421419,nerve,immune,immune-nerve,nerve_to_immune,nerve_c9,nk_cell,0.8791,5.0,0.1446,False,0.0794,26.0,0.7523,True,False
malignant,immune_nk_cell,B2M,KLRD1,2.0289192,0.0,4.1068707,2.230230299797413,0.5446407107451174,0.025217084,0.9492796,0.0432774260187414,0.0012633525368021,tumor,immune,immune-tumor,tumor_to_immune,,nk_cell,,,,,0.0794,26.0,0.7523,True,True
immune_microglia,nerve_c9,PSAP,SORT1,2.0271597,0.0,4.003792,1.419964250552618,1.8622971555357035,0.017488087,0.9486641,0.0606087245216672,0.0012884747345511,immune,nerve,immune-nerve,immune_to_nerve,nerve_c9,microglia,0.8791,5.0,0.1446,False,0.0187,44.0,0.9088,True,False
nerve_c22,immune_dendritic,SPP1,CD44,2.0266,0.0,2.7163327,0.2929302106675813,-0.0290408016471314,0.008963457,0.93835205,0.6979756640507587,0.0012969031796578,nerve,immune,immune-nerve,nerve_to_immune,nerve_c22,dendritic,0.2879,24.0,0.4767,True,0.0815,25.0,0.7859,True,True
nerve_c5,immune_dendritic,COPA,CD74,2.5345967,0.0,2.6775873,0.6836639109323567,1.0061730421730306,0.010035436,0.93793523,0.4069164897766191,0.001309597143975,nerve,immune,immune-nerve,nerve_to_immune,nerve_c5,dendritic,0.226,19.0,0.6259,True,0.0815,25.0,0.7859,True,True
nerve_c13,immune_tam,LRP1B,PLAUR,2.0256445,0.0,4.073442,1.399006390746031,1.9421291284073443,0.03976227,0.9490825,0.0351289872789824,0.0013180937146204,nerve,immune,immune-nerve,nerve_to_immune,nerve_c13,tam,0.9595,1.0,0.0572,False,0.1165,25.0,0.7417,True,False
immune_microglia,nerve_c2,APOE,LRP2,2.28415,0.0,2.6725466,1.590194534295957,2.249003354514528,0.018910676,0.93788034,0.0414490066595604,0.0013223524189179,immune,nerve,immune-nerve,immune_to_nerve,nerve_c2,microglia,0.25,13.0,0.5666,True,0.0187,44.0,0.9088,True,True
nerve_c12,immune_nk_cell,APP,CD74,2.023274,0.0,4.001632,0.7854312778263652,-0.1747833680757317,0.0063610165,0.948651,1.0,0.0013351687945487,nerve,immune,immune-nerve,nerve_to_immune,nerve_c12,nk_cell,0.8072,7.0,0.2013,False,0.0794,26.0,0.7523,True,False
nerve_c14,immune_dendritic,COPA,CD74,2.53318,0.0,2.6649203,0.6814971495522905,1.0196558182162383,0.009987961,0.93779707,0.4069164897766191,0.0013437473007203,nerve,immune,immune-nerve,nerve_to_immune,nerve_c14,dendritic,0.4198,6.0,0.3596,True,0.0815,25.0,0.7859,True,True
nerve_c1,immune_tam,COPA,CD74,2.0230668,0.0,2.8385394,0.5865802282788695,0.4837693389777768,0.010638675,0.9396127,0.3566612887655979,0.0013437473007203,nerve,immune,immune-nerve,nerve_to_immune,nerve_c1,tam,0.1983,17.0,0.5642,True,0.1165,25.0,0.7417,True,True
nerve_c5,immune_t_cell,APP,CD74,2.0220656,0.0,4.057039,0.6372376371742644,0.0079211018322251,0.0064490903,0.94898486,1.0,0.0013523528438875,nerve,immune,immune-nerve,nerve_to_immune,nerve_c5,t_cell,0.226,19.0,0.6259,True,0.0821,23.0,0.7277,True,True
immune_microglia,nerve_c9,APOE,LRP6,2.2818663,0.0,2.6548285,0.9714245544255238,2.102892127087804,0.024896383,0.9376863,0.0432774260187414,0.0013653124326723,immune,nerve,immune-nerve,immune_to_nerve,nerve_c9,microglia,0.8791,5.0,0.1446,False,0.0187,44.0,0.9088,True,False
immune_tam,nerve_c1,TIMP1,FGFR2,2.0186532,0.0,3.8892615,2.465576603173437,2.6500752033721113,0.025836857,0.94795275,0.0016239568800059,0.0013870477804016,immune,nerve,immune-nerve,immune_to_nerve,nerve_c1,tam,0.1983,17.0,0.5642,True,0.1165,25.0,0.7417,True,True
malignant,nerve_c7,TIMP1,CD63,2.01799,0.0,3.160983,0.6138916148582596,0.9540969652136986,0.014629925,0.94259393,0.1173347762632203,0.0013914152314762,tumor,nerve,nerve-tumor,tumor_to_nerve,nerve_c7,,0.1793,26.0,0.7072,True,,,,,True
nerve_c12,malignant,PTN,PTPRZ1,2.0178552,0.0,3.9061005,0.7475099070388352,1.5342968660204952,0.04834529,0.94805926,0.0432774260187414,0.0013957894894032,nerve,tumor,nerve-tumor,nerve_to_tumor,nerve_c12,,0.8072,7.0,0.2013,False,,,,,False
nerve_c9,immune_microglia,FADD,TRADD,0.08362323,0.956,0.0058323108,-0.023174889470508,-0.0441276981802366,0.0057826857,0.41359416,1.0,0.0014177414659837,nerve,immune,immune-nerve,nerve_to_immune,nerve_c9,microglia,0.8791,5.0,0.1446,False,0.0187,44.0,0.9088,True,False
immune_tam,nerve_c5,PSAP,GPR37,2.0146134,0.0,3.7171094,2.3371714092004856,1.6979284520631055,0.02791105,0.94682455,0.0177784819604521,0.0014221783833724,immune,nerve,immune-nerve,immune_to_nerve,nerve_c5,tam,0.226,19.0,0.6259,True,0.1165,25.0,0.7417,True,True
nerve_neuron,immune_dendritic,LRP1B,PLAUR,2.0139973,0.0,2.9615405,1.337322831178453,1.673331356516143,0.028908616,0.940805,0.0432774260187414,0.0014310289857023,nerve,immune,immune-nerve,nerve_to_immune,nerve_neuron,dendritic,0.4,10.0,0.5084,True,0.0815,25.0,0.7859,True,True
immune_dendritic,nerve_c19,IL18,IL1RAPL1,2.2807739,0.0,2.625655,2.136008919312375,2.1032629955543265,0.0262949,0.9373627,0.0068856408434603,0.0014443561319033,immune,nerve,immune-nerve,immune_to_nerve,nerve_c19,dendritic,0.9467,4.0,0.054,False,0.0815,25.0,0.7859,True,False
malignant,nerve_c13,MDK,PTPRZ1,2.115193,0.0,2.6219287,1.1950538541105993,1.912078800007765,0.16186047,0.937321,0.0066682924981792,0.001453274774529,tumor,nerve,nerve-tumor,tumor_to_nerve,nerve_c13,,0.9595,1.0,0.0572,False,,,,,False
nerve_c7,immune_dendritic,COPA,CD74,2.5282793,0.0,2.621107,0.6740048166981301,0.9516802809451936,0.009823752,0.93731177,0.4069164897766191,0.0014577443004835,nerve,immune,immune-nerve,nerve_to_immune,nerve_c7,dendritic,0.1793,26.0,0.7072,True,0.0815,25.0,0.7859,True,True
nerve_c0,malignant,PTN,PTPRZ1,2.010151,0.0,3.8687367,0.7419396928569159,1.6418213467394325,0.04788284,0.9478221,0.0432774260187414,0.0014667039724706,nerve,tumor,nerve-tumor,nerve_to_tumor,nerve_c0,,0.4029,19.0,0.5772,True,,,,,True
immune_dendritic,nerve_c4,IL18,IL1RAPL1,2.2735443,0.0,2.615885,2.1281045747970357,2.2250036824329102,0.026197061,0.9372532,0.0071700870927066,0.0014756906416432,immune,nerve,immune-nerve,immune_to_nerve,nerve_c4,dendritic,0.1409,18.0,0.5987,True,0.0815,25.0,0.7859,True,True
nerve_c15,immune_t_cell,APP,CD74,2.0084808,0.001,3.9972618,0.6221816339056695,-0.1690789875389009,0.006354069,0.9486243,1.0,0.0014756906416432,nerve,immune,immune-nerve,nerve_to_immune,nerve_c15,t_cell,0.9903,1.0,0.0149,False,0.0821,23.0,0.7277,True,False
malignant,nerve_c15,MDK,PTPRZ1,2.1067345,0.0,2.6091692,1.189065774739943,1.8514164754244955,0.16107278,0.93717754,0.0078903373770127,0.0014847047307836,tumor,nerve,nerve-tumor,tumor_to_nerve,nerve_c15,,0.9903,1.0,0.0149,False,,,,,False
nerve_c4,immune_t_cell,APP,CD74,2.0080614,0.0,3.9954166,0.6217166390462031,-0.0243196628632204,0.006351136,0.94861305,1.0,0.001489221870702,nerve,immune,immune-nerve,nerve_to_immune,nerve_c4,t_cell,0.1409,18.0,0.5987,True,0.0821,23.0,0.7277,True,True
immune_microglia,nerve_c6,APOE,LRP4,2.2755167,0.0,2.605564,0.919213445487544,2.2736905881085976,0.03339286,0.9371368,0.0432774260187414,0.0014937458114233,immune,nerve,immune-nerve,immune_to_nerve,nerve_c6,microglia,0.2107,18.0,0.6248,True,0.0187,44.0,0.9088,True,True
immune_t_cell,nerve_neuron,CCL5,GRM7,2.002091,0.0,3.7402818,3.4331860421530775,3.4353237939691583,0.18112122,0.9469807,2.3819610194684532e-06,0.0015439585866238,immune,nerve,immune-nerve,immune_to_nerve,nerve_neuron,t_cell,0.4,10.0,0.5084,True,0.0821,23.0,0.7277,True,True
nerve_c5,immune_nk_cell,HMGB1,CXCR4,1.9997942,0.0,3.9627676,0.6481046892941434,0.7608797625736552,0.014651184,0.9484128,0.1167774071022414,0.0015577955676565,nerve,immune,immune-nerve,nerve_to_immune,nerve_c5,nk_cell,0.226,19.0,0.6259,True,0.0794,26.0,0.7523,True,True
malignant,immune_t_cell,HMGB1,CXCR4,1.9994922,0.0,3.9276538,0.6433432738295805,1.1978041947559284,0.012602303,0.94819456,0.2016724295542106,0.0015624217073126,tumor,immune,immune-tumor,tumor_to_immune,,t_cell,,,,,0.0821,23.0,0.7277,True,True
immune_tam,nerve_c17,GRN,SORT1,1.9990505,0.0,3.9294777,2.0605829814509113,1.8835792794929,0.030151477,0.948206,0.0094453156110301,0.0015670544247717,immune,nerve,immune-nerve,immune_to_nerve,nerve_c17,tam,0.6072,12.0,0.3472,False,0.1165,25.0,0.7417,True,False
nerve_c20,immune_dendritic,SPP1,CD44,1.9989705,0.0,2.6695123,0.2797726977701121,-0.4164987868014921,0.008808958,0.93784726,1.0,0.0015716939383594,nerve,immune,immune-nerve,nerve_to_immune,nerve_c20,dendritic,0.3415,15.0,0.5197,True,0.0815,25.0,0.7859,True,True
nerve_c22,immune_tam,APP,CD74,1.9986551,0.0,2.6850872,0.3229411750991676,0.321091298720752,0.0042682295,0.9380166,0.8226451641680279,0.0015763402478005,nerve,immune,immune-nerve,nerve_to_immune,nerve_c22,tam,0.2879,24.0,0.4767,True,0.1165,25.0,0.7417,True,True
immune_tam,nerve_c5,TIMP1,FGFR2,1.9970131,0.0,3.783243,2.4164765913070285,2.665893957764683,0.025132561,0.94726676,0.0021529452017144,0.0015856534736719,immune,nerve,immune-nerve,immune_to_nerve,nerve_c5,tam,0.226,19.0,0.6259,True,0.1165,25.0,0.7417,True,True
immune_microglia,nerve_c4,APOE,ABCA1,2.2702916,0.0,2.5650225,0.4868041295200455,1.6947291871767929,0.016430901,0.93667334,0.0770550121463888,0.0015856534736719,immune,nerve,immune-nerve,immune_to_nerve,nerve_c4,microglia,0.1409,18.0,0.5987,True,0.0187,44.0,0.9088,True,True
immune_tam,nerve_c9,TGS1,RXRA,0.07985136,1.0,0.0058527286,-0.1676863492339497,-0.2182227537269503,0.0037447496,0.414018,1.0,0.0015949276876371,immune,nerve,immune-nerve,immune_to_nerve,nerve_c9,tam,0.8791,5.0,0.1446,False,0.1165,25.0,0.7417,True,False
immune_t_cell,nerve_c19,CALM1,PDE1C,1.9946632,0.0,3.9714715,2.048852319816503,1.784285573124072,0.01782832,0.9484664,0.0122505006138579,0.0015996739446768,immune,nerve,immune-nerve,immune_to_nerve,nerve_c19,t_cell,0.9467,4.0,0.054,False,0.0821,23.0,0.7277,True,False
immune_dendritic,nerve_c10,IL18,IL1RAPL1,2.2321253,0.0,2.5599115,2.0828089236406697,2.265341649047302,0.025636505,0.93661416,0.008658879683351,0.0016043612455996,immune,nerve,immune-nerve,immune_to_nerve,nerve_c10,dendritic,0.2572,14.0,0.5531,True,0.0815,25.0,0.7859,True,True
nerve_c14,immune_microglia,APP,CD74,2.2838323,0.0,2.5582476,0.4031999722517698,1.4533578252832715,0.0040666047,0.93659484,0.531027567220668,0.0016184632463622,nerve,immune,immune-nerve,nerve_to_immune,nerve_c14,microglia,0.4198,6.0,0.3596,True,0.0187,44.0,0.9088,True,True
nerve_c2,immune_nk_cell,MIF,CD74_CXCR4,1.992575,0.0,3.8960307,0.5121585270351219,-0.2600391996805677,0.012029216,0.9479956,1.0,0.0016184632463622,nerve,immune,immune-nerve,nerve_to_immune,nerve_c2,nk_cell,0.25,13.0,0.5666,True,0.0794,26.0,0.7523,True,True
immune_microglia,nerve_c0,PSAP,GPR37,1.991492,0.0,3.836004,2.5279644657676767,2.2413764005922383,0.028803805,0.9476116,0.0011556822874842,0.0016231777229562,immune,nerve,immune-nerve,immune_to_nerve,nerve_c0,microglia,0.4029,19.0,0.5772,True,0.0187,44.0,0.9088,True,True
nerve_c0,malignant,NCAM1,PTPRZ1,1.9886814,0.0,3.7646172,1.0718843808093963,2.339545333519228,0.03445319,0.9471434,0.0432774260187414,0.0016373612402776,nerve,tumor,nerve-tumor,nerve_to_tumor,nerve_c0,,0.4029,19.0,0.5772,True,,,,,True
nerve_c2,immune_tam,MIF,CD44_CD74,1.9867452,0.0,3.8696194,1.2047942292112357,1.5061815084814405,0.03100873,0.94782776,0.0432774260187414,0.0016468511036743,nerve,immune,immune-nerve,nerve_to_immune,nerve_c2,tam,0.25,13.0,0.5666,True,0.1165,25.0,0.7417,True,True
immune_tam,nerve_c2,PSAP,GPR37,1.98635,0.0,3.5701947,2.2559855762478067,1.5193275117756249,0.026807897,0.9458002,0.0387498891231655,0.0016516061106597,immune,nerve,immune-nerve,immune_to_nerve,nerve_c2,tam,0.25,13.0,0.5666,True,0.1165,25.0,0.7417,True,True
immune_tam,nerve_c17,S100A4,ERBB3,1.9848616,0.0,3.2275028,2.6138666145326117,1.952385831284344,0.02484523,0.9431548,0.0054917592509571,0.001665912103579,immune,nerve,immune-nerve,immune_to_nerve,nerve_c17,tam,0.6072,12.0,0.3472,False,0.1165,25.0,0.7417,True,False
immune_dendritic,nerve_c2,TIMP1,CD63,1.984148,0.0,2.8695064,0.5783865329432281,0.5611964713604838,0.015806407,0.93991977,0.0892181992351113,0.0016706942739513,immune,nerve,immune-nerve,immune_to_nerve,nerve_c2,dendritic,0.25,13.0,0.5666,True,0.0815,25.0,0.7859,True,True
immune_tam,nerve_c13,TIMP1,CD63,1.9839331,0.0,3.719162,0.7009919803506097,1.221810418554523,0.020486653,0.94683844,0.0432774260187414,0.0016754832344026,immune,nerve,immune-nerve,immune_to_nerve,nerve_c13,tam,0.9595,1.0,0.0572,False,0.1165,25.0,0.7417,True,False
immune_microglia,nerve_c10,APOE,LRP4,2.2669268,0.0,2.5389166,0.9021107565803156,2.2592572717744708,0.03253871,0.93636924,0.0432774260187414,0.0016754832344026,immune,nerve,immune-nerve,immune_to_nerve,nerve_c10,microglia,0.2572,14.0,0.5531,True,0.0187,44.0,0.9088,True,True
nerve_c6,immune_tam,COPA,CD74,1.9806833,0.0,2.5721164,0.5217781128646162,0.5187589756402478,0.009640137,0.9367552,0.4069164897766191,0.0016995301064577,nerve,immune,immune-nerve,nerve_to_immune,nerve_c6,tam,0.2107,18.0,0.6248,True,0.1165,25.0,0.7417,True,True
nerve_c6,immune_t_cell,APP,CD74,1.9786558,0.0,3.8660235,0.5891251200193115,0.0200639784287574,0.006145452,0.94780475,1.0,0.0017188898456925,nerve,immune,immune-nerve,nerve_to_immune,nerve_c6,t_cell,0.2107,18.0,0.6248,True,0.0821,23.0,0.7277,True,True
nerve_c7,immune_t_cell,APP,CD74,1.9778342,0.0,3.8624086,0.5882147164671834,-0.0698566301527031,0.0061397054,0.9477816,1.0,0.0017237466924525,nerve,immune,immune-nerve,nerve_to_immune,nerve_c7,t_cell,0.1793,26.0,0.7072,True,0.0821,23.0,0.7277,True,True
nerve_c0,immune_microglia,COPA,CD74,2.2796974,0.0,2.5258794,0.5809831622694743,1.7287542725565657,0.009466844,0.9362157,0.4002877271384027,0.0017334809773445,nerve,immune,immune-nerve,nerve_to_immune,nerve_c0,microglia,0.4029,19.0,0.5772,True,0.0187,44.0,0.9088,True,True
immune_tam,nerve_c5,PSAP,SORT1,1.9774482,0.0,3.523922,1.2386712828049742,1.3536368801759249,0.015392073,0.94546485,0.0979607623288241,0.0017383581847635,immune,nerve,immune-nerve,immune_to_nerve,nerve_c5,tam,0.226,19.0,0.6259,True,0.1165,25.0,0.7417,True,True
immune_t_cell,nerve_c10,CALM1,PDE1C,1.9770825,0.0,3.8983512,2.0139305068415494,1.8932642698105135,0.017500075,0.9480104,0.0108037408548263,0.0017432421784118,immune,nerve,immune-nerve,immune_to_nerve,nerve_c10,t_cell,0.2572,14.0,0.5531,True,0.0821,23.0,0.7277,True,True
immune_microglia,nerve_c19,PSAP,SORT1,1.9748421,0.0,3.7576797,1.3357578265946006,1.9552785111799889,0.016413098,0.9470971,0.0773487101130198,0.0017628462422089,immune,nerve,immune-nerve,immune_to_nerve,nerve_c19,microglia,0.9467,4.0,0.054,False,0.0187,44.0,0.9088,True,False
immune_dendritic,nerve_c15,TXLNA,STX3,0.078051955,0.543,0.0058533913,-0.06828204588585,-0.109223039963142,0.0032107006,0.4140317,1.0,0.0017721069291973,immune,nerve,immune-nerve,immune_to_nerve,nerve_c15,dendritic,0.9903,1.0,0.0149,False,0.0815,25.0,0.7859,True,False
nerve_c11,immune_tam,COPA,CD74,1.971441,0.0,2.5140193,0.5076475379248007,0.4129670868241593,0.009422393,0.93607503,0.499391852631308,0.0017726888687715,nerve,immune,immune-nerve,nerve_to_immune,nerve_c11,tam,0.1876,18.0,0.5976,True,0.1165,25.0,0.7417,True,True
immune_microglia,nerve_c9,IL18,IL1RAPL1,1.969981,0.0,2.6258588,1.820148542993201,2.295779424186355,0.026296943,0.937365,0.0210319027437837,0.0017825588662451,immune,nerve,immune-nerve,immune_to_nerve,nerve_c9,microglia,0.8791,5.0,0.1446,False,0.0187,44.0,0.9088,True,False
immune_t_cell,nerve_c4,CALM1,PDE1C,1.9680302,0.0,3.8607008,1.9959486581321553,1.7408648264853352,0.01733106,0.94777066,0.0149021171375734,0.0017875039242257,immune,nerve,immune-nerve,immune_to_nerve,nerve_c4,t_cell,0.1409,18.0,0.5987,True,0.0821,23.0,0.7277,True,True
nerve_c17,immune_nk_cell,B2M,KLRC1,1.9776552,0.0,2.5009491,1.9001317574609071,0.4251042495181298,0.053162947,0.93591887,0.0544739924236105,0.0017974146250061,nerve,immune,immune-nerve,nerve_to_immune,nerve_c17,nk_cell,0.6072,12.0,0.3472,False,0.0794,26.0,0.7523,True,False
nerve_c4,immune_tam,LRP1B,PLAUR,1.9666181,0.0,3.8546853,1.34643681057594,1.526887895045071,0.037626907,0.9477321,0.0432774260187414,0.0018023800329215,nerve,immune,immune-nerve,nerve_to_immune,nerve_c4,tam,0.1409,18.0,0.5987,True,0.1165,25.0,0.7417,True,True
nerve_c5,immune_dendritic,MIF,CD74_CXCR4,1.9665445,0.0,3.8492565,0.9694195808383124,1.2459236582883968,0.021750554,0.94769716,0.0432774260187414,0.0018073522234916,nerve,immune,immune-nerve,nerve_to_immune,nerve_c5,dendritic,0.226,19.0,0.6259,True,0.0815,25.0,0.7859,True,True
immune_t_cell,nerve_c22,HLA-A,APLP2,2.083443,0.0,2.4980605,0.5060728150150662,0.8828628207825033,0.019851897,0.93588424,0.0432774260187414,0.0018173171874341,immune,nerve,immune-nerve,immune_to_nerve,nerve_c22,t_cell,0.2879,24.0,0.4767,True,0.0821,23.0,0.7277,True,True
nerve_c22,immune_microglia,APOE,TREM2,1.9654807,0.001,3.6729383,0.3999229243076254,1.1011092206152655,0.07146766,0.9465228,0.1769689067852726,0.0018173171874341,nerve,immune,immune-nerve,nerve_to_immune,nerve_c22,microglia,0.2879,24.0,0.4767,True,0.0187,44.0,0.9088,True,True
nerve_c21,immune_nk_cell,SPP1,CD44,1.9647477,0.0,3.1319447,0.3392463432878642,-0.4031450056117797,0.01033491,0.9423437,1.0,0.0018223097246393,nerve,immune,immune-nerve,nerve_to_immune,nerve_c21,nk_cell,0.8488,6.0,0.1222,False,0.0794,26.0,0.7523,True,False
nerve_c21,immune_t_cell,APP,CD74,1.964519,0.0,3.803818,0.57345753953716,0.0077700726343757,0.00604657,0.94740206,1.0,0.0018273090433992,nerve,immune,immune-nerve,nerve_to_immune,nerve_c21,t_cell,0.8488,6.0,0.1222,False,0.0821,23.0,0.7277,True,False
malignant,immune_nk_cell,HMGB1,CXCR4,1.9624648,0.0,3.7992191,0.6130982735394294,0.922073758467217,0.012190207,0.94737184,0.2265144250139548,0.001832315143439,tumor,immune,immune-tumor,tumor_to_immune,,nk_cell,,,,,0.0794,26.0,0.7523,True,True
immune_dendritic,nerve_c7,TIMP1,CD63,1.9618195,0.0,2.8270364,0.5610339609415428,0.5725500140753839,0.015572463,0.9394974,0.0936825414810616,0.0018373280244837,immune,nerve,immune-nerve,immune_to_nerve,nerve_c7,dendritic,0.1793,26.0,0.7072,True,0.0815,25.0,0.7859,True,True
immune_microglia,nerve_c11,APOE,LRP4,2.2613947,0.0,2.4959939,0.8910958465921759,2.116925849649631,0.03198861,0.9358594,0.0432774260187414,0.0018373280244837,immune,nerve,immune-nerve,immune_to_nerve,nerve_c11,microglia,0.1876,18.0,0.5976,True,0.0187,44.0,0.9088,True,True
immune_tam,nerve_c10,TIMP1,FGFR2,1.9607987,0.0,3.6058228,2.334304967732906,2.6756763057959416,0.023953937,0.9460541,0.0031262270668247,0.0018423479237997,immune,nerve,immune-nerve,immune_to_nerve,nerve_c10,tam,0.2572,14.0,0.5531,True,0.1165,25.0,0.7417,True,True
nerve_c7,malignant,PTN,PTPRZ1,1.9606984,0.0,3.6289084,0.7061821918067432,1.594996788800738,0.044914518,0.94621676,0.0432774260187414,0.0018473743663498,nerve,tumor,nerve-tumor,nerve_to_tumor,nerve_c7,,0.1793,26.0,0.7072,True,,,,,True
immune_tam,nerve_c11,TIMP1,FGFR2,1.957819,0.0,3.5912244,2.3275437347412353,2.567692760178798,0.023856958,0.9459505,0.0032549892890894,0.0018726085157653,immune,nerve,immune-nerve,immune_to_nerve,nerve_c11,tam,0.1876,18.0,0.5976,True,0.1165,25.0,0.7417,True,True
immune_tam,nerve_c2,PSAP,SORT1,1.9548256,0.0,3.406328,1.2022594517011862,1.2111148591538918,0.014878437,0.94458324,0.1107765219556168,0.0018776756355911,immune,nerve,immune-nerve,immune_to_nerve,nerve_c2,tam,0.25,13.0,0.5666,True,0.1165,25.0,0.7417,True,True
nerve_c20,immune_dendritic,HMGB1,CXCR4,1.9534096,0.0,3.801124,0.6263066901062018,0.8300767893334995,0.014053552,0.94738436,0.1369247363255955,0.001882749533947,nerve,immune,immune-nerve,nerve_to_immune,nerve_c20,dendritic,0.3415,15.0,0.5197,True,0.0815,25.0,0.7859,True,True
nerve_c17,malignant,PTN,PTPRZ1,1.952317,0.0,3.5882607,0.7001221234247761,1.4157414097040844,0.04441143,0.94592935,0.0432774260187414,0.0018878304509848,nerve,tumor,nerve-tumor,nerve_to_tumor,nerve_c17,,0.6072,12.0,0.3472,False,,,,,False
immune_nk_cell,nerve_c22,HLA-A,APLP2,2.0737326,0.0,2.483961,0.4987907249858405,0.6669668964480986,0.019739851,0.9357142,0.0432774260187414,0.0018929179058965,immune,nerve,immune-nerve,immune_to_nerve,nerve_c22,nk_cell,0.2879,24.0,0.4767,True,0.0794,26.0,0.7523,True,True
nerve_c2,immune_nk_cell,APP,CD74,1.9459393,0.0,3.7356086,0.6997197949063423,-0.2407502228315848,0.005938144,0.9469494,1.0,0.0019235852002216,nerve,immune,immune-nerve,nerve_to_immune,nerve_c2,nk_cell,0.25,13.0,0.5666,True,0.0794,26.0,0.7523,True,True
immune_nk_cell,nerve_c4,CALM1,PDE1A,1.9453919,0.0,3.7158437,2.748166734767616,1.8686097416097271,0.03169026,0.9468159,0.00831241255072,0.0019390104511011,immune,nerve,immune-nerve,immune_to_nerve,nerve_c4,nk_cell,0.1409,18.0,0.5987,True,0.0794,26.0,0.7523,True,True
nerve_c15,immune_dendritic,IGF2,IGF2R,0.08494719,0.999,0.0058651185,0.0851477340737487,-0.0813991703172736,0.039072335,0.41427457,1.0,0.0019492793217123,nerve,immune,immune-nerve,nerve_to_immune,nerve_c15,dendritic,0.9903,1.0,0.0149,False,0.0815,25.0,0.7859,True,False
immune_nk_cell,nerve_c1,CALM1,GRM3,1.9430183,0.0,3.705364,3.031583071904319,1.8545226914026085,0.025324823,0.94674486,0.0088346946726412,0.0019493276665175,immune,nerve,immune-nerve,immune_to_nerve,nerve_c1,nk_cell,0.1983,17.0,0.5642,True,0.0794,26.0,0.7523,True,True
nerve_c2,immune_dendritic,HMGB1,CXCR4,1.9401017,0.0,3.7523582,0.613824845291794,0.5816698052931943,0.013873256,0.94706166,0.1432245321853346,0.0019752395030288,nerve,immune,immune-nerve,nerve_to_immune,nerve_c2,dendritic,0.25,13.0,0.5666,True,0.0815,25.0,0.7859,True,True
nerve_c22,immune_nk_cell,B2M,KLRC1,1.9454834,0.002,2.4501083,1.8812360917424051,0.7232536895108979,0.05208222,0.93530023,0.1040147674602678,0.0019804423886876,nerve,immune,immune-nerve,nerve_to_immune,nerve_c22,nk_cell,0.2879,24.0,0.4767,True,0.0794,26.0,0.7523,True,True
malignant,nerve_c11,NCAM1,NCAM2,1.9380759,0.0,3.0765374,1.7561258267587747,2.4959918430146435,0.054178484,0.9418569,0.008049714515799,0.0019856518015029,tumor,nerve,nerve-tumor,tumor_to_nerve,nerve_c11,,0.1876,18.0,0.5976,True,,,,,True
immune_tam,nerve_c19,APOE,ABCA1,1.9360597,0.0,3.7209806,0.8078303988370297,1.0224078599310151,0.023835683,0.9468507,0.0432774260187414,0.0020065574253667,immune,nerve,immune-nerve,immune_to_nerve,nerve_c19,tam,0.9467,4.0,0.054,False,0.1165,25.0,0.7417,True,False
nerve_c19,immune_nk_cell,APP,CD74,1.9340426,0.0,3.694685,0.6865345171578587,-0.1579335371783675,0.0058730915,0.94667196,1.0,0.0020170507450756,nerve,immune,immune-nerve,nerve_to_immune,nerve_c19,nk_cell,0.9467,4.0,0.054,False,0.0794,26.0,0.7523,True,False
immune_microglia,nerve_c3,PSAP,SORT1,1.9336947,0.0,3.5641146,1.2695297543771171,1.794459574960138,0.01556763,0.9457565,0.0938524400038954,0.0020223075617262,immune,nerve,immune-nerve,immune_to_nerve,nerve_c3,microglia,0.3912,13.0,0.4608,True,0.0187,44.0,0.9088,True,True
immune_microglia,nerve_c1,APOE,ABCA1,2.2529795,0.0,2.4307027,0.4662915299092859,1.6661637326370922,0.015570483,0.93505925,0.0937202767573493,0.00203811888528,immune,nerve,immune-nerve,immune_to_nerve,nerve_c1,microglia,0.1983,17.0,0.5642,True,0.0187,44.0,0.9088,True,True
nerve_c17,immune_dendritic,HMGB1,CXCR4,1.9274628,0.0,3.7060435,0.6019711400460297,0.4991287845858736,0.01370202,0.9467494,0.1501687867732988,0.0020752488344303,nerve,immune,immune-nerve,nerve_to_immune,nerve_c17,dendritic,0.6072,12.0,0.3472,False,0.0815,25.0,0.7859,True,False
immune_nk_cell,nerve_c3,CALM1,PDE1C,1.9267967,0.0,3.6337454,1.8440108947952276,1.5693471627303786,0.016312232,0.9462507,0.0314932069203364,0.0020859181654892,immune,nerve,immune-nerve,immune_to_nerve,nerve_c3,nk_cell,0.3912,13.0,0.4608,True,0.0794,26.0,0.7523,True,True
immune_t_cell,malignant,HLA-A,APLP2,2.0712607,0.0,2.4142244,0.4918042330003064,0.7002440988655799,0.0073599177,0.9348524,0.4069164897766191,0.0020966148199105,immune,tumor,immune-tumor,immune_to_tumor,,t_cell,,,,,0.0821,23.0,0.7277,True,True
nerve_c1,immune_tam,LRP1B,PLAUR,1.9217553,0.0,3.6884212,1.3064824422029129,1.586244495553094,0.03600395,0.94662917,0.0432774260187414,0.0021127101743171,nerve,immune,immune-nerve,nerve_to_immune,nerve_c1,tam,0.1983,17.0,0.5642,True,0.1165,25.0,0.7417,True,True
nerve_c6,immune_tam,SPP1,CD44,1.9212055,0.0,3.6456976,0.4897961105648078,-0.3543496604695852,0.012030212,0.9463341,1.0,0.0021180890796496,nerve,immune,immune-nerve,nerve_to_immune,nerve_c6,tam,0.2107,18.0,0.6248,True,0.1165,25.0,0.7417,True,True
nerve_c5,immune_t_cell,SPP1,ITGA4_ITGB1,2.262742,0.0,2.4065099,0.8227823674093906,0.452193253091836,0.025150968,0.93475485,0.044870169539329,0.0021180890796496,nerve,immune,immune-nerve,nerve_to_immune,nerve_c5,t_cell,0.226,19.0,0.6259,True,0.0821,23.0,0.7277,True,True
nerve_c22,immune_nk_cell,LGALS1,CD69,1.9209068,0.0,3.6745503,0.9904605593320172,1.633233497300694,0.049622394,0.9465339,0.021682545476996,0.0021234744966655,nerve,immune,immune-nerve,nerve_to_immune,nerve_c22,nk_cell,0.2879,24.0,0.4767,True,0.0794,26.0,0.7523,True,True
immune_microglia,nerve_c9,APOE,SORL1,2.2498407,0.0,2.4063492,0.4262583970244229,1.4205585790771829,0.022540595,0.9347528,0.0530313823243123,0.0021234744966655,immune,nerve,immune-nerve,immune_to_nerve,nerve_c9,microglia,0.8791,5.0,0.1446,False,0.0187,44.0,0.9088,True,False
immune_microglia,nerve_c9,LTBP3,ITGB5,0.07972148,1.0,0.005978206,-0.1683331537390289,-0.3274966193612061,0.0044761896,0.41659352,1.0,0.0021264446034934,immune,nerve,immune-nerve,immune_to_nerve,nerve_c9,microglia,0.8791,5.0,0.1446,False,0.0187,44.0,0.9088,True,False
immune_tam,nerve_c17,FN1,MAG,1.9193032,0.0,2.4670975,3.594602431831433,2.8370362665135804,0.04940563,0.935509,1.6401994559856743e-05,0.0021288666792877,immune,nerve,immune-nerve,immune_to_nerve,nerve_c17,tam,0.6072,12.0,0.3472,False,0.1165,25.0,0.7417,True,False
nerve_c9,immune_tam,HLA-A,APLP2,1.9191176,0.0,3.5517883,0.5576629888811544,0.311451741943592,0.02992096,0.94566756,0.1129963477990937,0.0021342656272412,nerve,immune,immune-nerve,nerve_to_immune,nerve_c9,tam,0.8791,5.0,0.1446,False,0.1165,25.0,0.7417,True,False
nerve_c3,immune_nk_cell,APP,CD74,1.9183409,0.0,3.640673,0.6691305565746313,-0.2418747650065237,0.0057872334,0.9462991,1.0,0.0021450840741598,nerve,immune,immune-nerve,nerve_to_immune,nerve_c3,nk_cell,0.3912,13.0,0.4608,True,0.0794,26.0,0.7523,True,True
malignant,nerve_c13,TNC,PTPRZ1,2.0835757,0.0,2.4021199,1.178767098807724,2.099716400447795,0.17675531,0.9346992,0.0023517489875626,0.0021450840741598,tumor,nerve,nerve-tumor,tumor_to_nerve,nerve_c13,,0.9595,1.0,0.0572,False,,,,,False
nerve_c21,immune_tam,RPS19,C5AR1,1.918236,0.0,3.269384,0.5340005098629034,0.2560835750477425,0.054971345,0.94349945,0.1579758056662652,0.0021505033167774,nerve,immune,immune-nerve,nerve_to_immune,nerve_c21,tam,0.8488,6.0,0.1222,False,0.1165,25.0,0.7417,True,False
immune_nk_cell,malignant,HLA-A,APLP2,2.0615501,0.0,2.4005983,0.4845221429710807,0.4843481745311752,0.0073183775,0.9346798,0.4069164897766191,0.0021559293236264,immune,tumor,immune-tumor,immune_to_tumor,,nk_cell,,,,,0.0794,26.0,0.7523,True,True
nerve_c10,immune_t_cell,APP,CD74,1.9176302,0.0,3.5974941,0.5214900515372,0.0210707212610871,0.005718596,0.94599503,1.0,0.0021668018863158,nerve,immune,immune-nerve,nerve_to_immune,nerve_c10,t_cell,0.2572,14.0,0.5531,True,0.0821,23.0,0.7277,True,True
nerve_c17,immune_t_cell,SPP1,ITGA4_ITGB1,2.2555676,0.0,2.3976786,0.8193667756158565,0.3608722932127797,0.025058672,0.9346427,0.0822827835057532,0.0021668018863158,nerve,immune,immune-nerve,nerve_to_immune,nerve_c17,t_cell,0.6072,12.0,0.3472,False,0.0821,23.0,0.7277,True,False
nerve_c2,malignant,MIF,EGFR,1.9172318,0.0,3.5546954,1.0208547832760646,2.7870700579517313,0.08030645,0.9456886,0.0163602184724221,0.002177701245874,nerve,tumor,nerve-tumor,nerve_to_tumor,nerve_c2,,0.25,13.0,0.5666,True,,,,,True
immune_tam,nerve_c12,PSAP,GPR37,1.9165474,0.0,3.2073543,2.0554826839448253,1.3692170499792624,0.024083398,0.94298667,0.0432774260187414,0.0021831610700754,immune,nerve,immune-nerve,immune_to_nerve,nerve_c12,tam,0.8072,7.0,0.2013,False,0.1165,25.0,0.7417,True,False
nerve_c5,immune_microglia,SPP1,ITGAV_ITGB1,2.261112,0.0,2.3937638,0.4103558972173381,0.0299949392723163,0.024747474,0.9345927,0.5090200608587491,0.0021886276568583,nerve,immune,immune-nerve,nerve_to_immune,nerve_c5,microglia,0.226,19.0,0.6259,True,0.0187,44.0,0.9088,True,True
nerve_c13,malignant,NCAM1,PTPRZ1,1.9158881,0.0,3.4115925,0.9925673956570498,2.2963132225271057,0.031222366,0.94462365,0.0432774260187414,0.0021886276568583,nerve,tumor,nerve-tumor,nerve_to_tumor,nerve_c13,,0.9595,1.0,0.0572,False,,,,,False
immune_microglia,nerve_c0,PSAP,SORT1,1.9128766,0.0,3.4661822,1.2360217408389351,1.846063219499639,0.015139872,0.94503736,0.1037212078807926,0.0021995811170692,immune,nerve,immune-nerve,immune_to_nerve,nerve_c0,microglia,0.4029,19.0,0.5772,True,0.0187,44.0,0.9088,True,True
malignant,nerve_c15,TNC,PTPRZ1,2.0751176,0.0,2.3904297,1.1727790194370673,2.039054075864525,0.17589512,0.9345501,0.0033093947548317,0.0021995811170692,tumor,nerve,nerve-tumor,tumor_to_nerve,nerve_c15,,0.9903,1.0,0.0149,False,,,,,False
nerve_c14,malignant,PTN,PTPRZ1,1.9112754,0.0,3.3892224,0.6704462769455637,1.637832702712417,0.041947957,0.94445133,0.0432774260187414,0.0022105621442174,nerve,tumor,nerve-tumor,nerve_to_tumor,nerve_c14,,0.4198,6.0,0.3596,True,,,,,True
immune_microglia,nerve_c9,PSAP,GPR37,1.9110805,0.0,3.4577327,2.2969881411037067,1.9791548724391448,0.02596344,0.94497395,0.0047869989478287,0.0022270836153551,immune,nerve,immune-nerve,immune_to_nerve,nerve_c9,microglia,0.8791,5.0,0.1446,False,0.0187,44.0,0.9088,True,False
immune_microglia,nerve_neuron,APOE,LRP1,2.2471614,0.0,2.3855603,0.4887021378047889,1.717904090794706,0.062660754,0.93448776,0.0432774260187414,0.0022270836153551,immune,nerve,immune-nerve,immune_to_nerve,nerve_neuron,microglia,0.4,10.0,0.5084,True,0.0187,44.0,0.9088,True,True
nerve_c17,immune_microglia,SPP1,ITGAV_ITGB1,2.2539377,0.0,2.3849792,0.406940305423804,-0.0613260206067399,0.024656659,0.9344803,0.5184326481601074,0.0022326042935313,nerve,immune,immune-nerve,nerve_to_immune,nerve_c17,microglia,0.6072,12.0,0.3472,False,0.0187,44.0,0.9088,True,False
nerve_c5,immune_nk_cell,MIF,CD74_CXCR4,1.910405,0.0,3.6133742,0.4357140808533555,-0.3218557042687204,0.0111564975,0.9461075,1.0,0.0022381317318142,nerve,immune,immune-nerve,nerve_to_immune,nerve_c5,nk_cell,0.226,19.0,0.6259,True,0.0794,26.0,0.7523,True,True
nerve_c11,immune_nk_cell,APP,CD74,1.9096818,0.0,3.6108863,0.6595337798633316,-0.1928780794020759,0.005739885,0.9460899,1.0,0.0022492068876006,nerve,immune,immune-nerve,nerve_to_immune,nerve_c11,nk_cell,0.1876,18.0,0.5976,True,0.0794,26.0,0.7523,True,True
immune_dendritic,nerve_c11,IL18,IL1RAPL1,2.0986028,0.0,2.37947,1.936793945319351,2.3175616434650004,0.023829458,0.93440944,0.0140936050869756,0.0022547551295799,immune,nerve,immune-nerve,immune_to_nerve,nerve_c11,dendritic,0.1876,18.0,0.5976,True,0.0815,25.0,0.7859,True,True
nerve_c0,immune_nk_cell,APP,CD74,1.9071641,0.0,3.6022258,0.656743504365791,-0.2196155731011514,0.0057261176,0.94602865,1.0,0.0022658708415114,nerve,immune,immune-nerve,nerve_to_immune,nerve_c0,nk_cell,0.4029,19.0,0.5772,True,0.0794,26.0,0.7523,True,True
immune_microglia,nerve_c10,PSAP,SORT1,1.9069395,0.0,3.438253,1.2264658603155196,1.9693042580171396,0.01501788,0.9448269,0.1069342579849363,0.0022714388353,immune,nerve,immune-nerve,immune_to_nerve,nerve_c10,microglia,0.2572,14.0,0.5531,True,0.0187,44.0,0.9088,True,True
immune_tam,nerve_c17,LGALS1,ITGB1,1.9059349,0.0,2.8972976,0.8314754107766575,0.8215737625469787,0.02449177,0.9401914,0.0432774260187414,0.0022770135872707,immune,nerve,immune-nerve,immune_to_nerve,nerve_c17,tam,0.6072,12.0,0.3472,False,0.1165,25.0,0.7417,True,False
nerve_c9,immune_dendritic,HMGB1,CXCR4,1.905153,0.0,3.6242902,0.5810472107562439,0.488841290324584,0.013399761,0.94618434,0.1625184362058637,0.0022825950971484,nerve,immune,immune-nerve,nerve_to_immune,nerve_c9,dendritic,0.8791,5.0,0.1446,False,0.0815,25.0,0.7859,True,False
nerve_c5,immune_tam,MIF,CD44_CD74,1.9045752,0.0,3.5888789,1.1283497830294693,1.4443650038932876,0.02875905,0.9459338,0.0432774260187414,0.0022937783895249,nerve,immune,immune-nerve,nerve_to_immune,nerve_c5,tam,0.226,19.0,0.6259,True,0.1165,25.0,0.7417,True,True
immune_dendritic,nerve_c12,POMC,TSHR,0.078586414,0.0,0.005979877,0.2403940237494446,0.0819392591021171,0.021648483,0.41662744,0.4206148721145093,0.0023036029055937,immune,nerve,immune-nerve,immune_to_nerve,nerve_c12,dendritic,0.8072,7.0,0.2013,False,0.0815,25.0,0.7859,True,False
nerve_c20,immune_dendritic,MIF,CD74_CXCR4,1.9018619,0.0,3.61223,0.9092411303520028,1.5160359339365137,0.020411216,0.9460994,0.0432774260187414,0.0023387823549296,nerve,immune,immune-nerve,nerve_to_immune,nerve_c20,dendritic,0.3415,15.0,0.5197,True,0.0815,25.0,0.7859,True,True
nerve_c22,malignant,PTN,PTPRZ1,1.901748,0.0,3.3430169,0.6635572262514541,1.775178159690974,0.04137608,0.9440901,0.0432774260187414,0.0023444381842753,nerve,tumor,nerve-tumor,nerve_to_tumor,nerve_c22,,0.2879,24.0,0.4767,True,,,,,True
immune_microglia,malignant,SPP1,CD44,2.314284,0.0,2.361172,0.3543078133520132,1.837997563016935,0.006677641,0.9341725,0.3151102376648632,0.0023557706430422,immune,tumor,immune-tumor,immune_to_tumor,,microglia,,,,,0.0187,44.0,0.9088,True,True
nerve_c12,immune_dendritic,HMGB1,CXCR4,1.8964555,0.0,3.5924182,0.5728901494250109,0.474028539752596,0.013281924,0.945959,0.1677415834150965,0.0023557706430422,nerve,immune,immune-nerve,nerve_to_immune,nerve_c12,dendritic,0.8072,7.0,0.2013,False,0.0815,25.0,0.7859,True,False
immune_tam,nerve_c2,LGALS1,ITGB1,1.8955789,0.0,2.840061,0.8178485845201495,0.8841896243432941,0.02400793,0.9396279,0.0432774260187414,0.0023671295827877,immune,nerve,immune-nerve,immune_to_nerve,nerve_c2,tam,0.25,13.0,0.5666,True,0.1165,25.0,0.7417,True,True
nerve_c5,malignant,PTN,PTPRZ1,1.8922192,0.0,3.2968054,0.6566672786192471,1.5423812532160486,0.040804125,0.94372165,0.0432774260187414,0.0024013684774036,nerve,tumor,nerve-tumor,nerve_to_tumor,nerve_c5,,0.226,19.0,0.6259,True,,,,,True
nerve_c5,immune_nk_cell,SPP1,ITGA4_ITGB1,2.2554257,0.0,2.3492968,0.80761969291576,0.3230154404846881,0.024553021,0.9340173,0.1051538707138772,0.0024070991352218,nerve,immune,immune-nerve,nerve_to_immune,nerve_c5,nk_cell,0.226,19.0,0.6259,True,0.0794,26.0,0.7523,True,True
immune_microglia,nerve_c5,PSAP,GPR37,1.8911407,0.0,3.3639321,2.239717865843996,2.1472797772468533,0.02525911,0.9442545,0.0047477869990008,0.002418579622055,immune,nerve,immune-nerve,immune_to_nerve,nerve_c5,microglia,0.226,19.0,0.6259,True,0.0187,44.0,0.9088,True,True
nerve_c7,immune_dendritic,HMGB1,CXCR4,1.8907981,0.0,3.571687,0.5675835995788197,0.5962016294010655,0.013205277,0.9458109,0.1717185114186251,0.002424329992158,nerve,immune,immune-nerve,nerve_to_immune,nerve_c7,dendritic,0.1793,26.0,0.7072,True,0.0815,25.0,0.7859,True,True
nerve_c0,immune_dendritic,HMGB1,CXCR4,1.8906991,0.0,3.5713243,0.5674913193971542,0.5943840035974948,0.013203935,0.9458083,0.1718671500556347,0.0024300871130187,nerve,immune,immune-nerve,nerve_to_immune,nerve_c0,dendritic,0.4029,19.0,0.5772,True,0.0815,25.0,0.7859,True,True
nerve_c5,immune_microglia,COPA,CD74,2.2565224,0.0,2.3444626,0.5455498609251891,1.7211901167140755,0.008786905,0.93395376,0.4046529102289105,0.0024358509843622,nerve,immune,immune-nerve,nerve_to_immune,nerve_c5,microglia,0.226,19.0,0.6259,True,0.0187,44.0,0.9088,True,True
nerve_c17,immune_t_cell,MIF,CD74_CXCR4,1.890518,0.0,3.4781928,0.313087573598817,-0.4429550204809296,0.010739117,0.9451271,1.0,0.0024358509843622,nerve,immune,immune-nerve,nerve_to_immune,nerve_c17,t_cell,0.6072,12.0,0.3472,False,0.0821,23.0,0.7277,True,False
nerve_c17,immune_nk_cell,SPP1,ITGA4_ITGB1,2.2482514,0.0,2.3406754,0.804204101122226,0.2316944806056318,0.024462918,0.93390393,0.183105769605045,0.0024473989773973,nerve,immune,immune-nerve,nerve_to_immune,nerve_c17,nk_cell,0.6072,12.0,0.3472,False,0.0794,26.0,0.7523,True,False
nerve_c15,immune_tam,VCAN,CD44,1.88765,0.0,3.5310526,1.4669321139500404,1.6753083895715293,0.06701571,0.94551694,0.0023197308721389,0.0024473989773973,nerve,immune,immune-nerve,nerve_to_immune,nerve_c15,tam,0.9903,1.0,0.0149,False,0.1165,25.0,0.7417,True,False
nerve_neuron,immune_t_cell,APP,CD74,1.887249,0.0,3.463808,0.4878171971124046,-0.1988512191445917,0.005506088,0.9450196,1.0,0.0024531830985391,nerve,immune,immune-nerve,nerve_to_immune,nerve_neuron,t_cell,0.4,10.0,0.5084,True,0.0821,23.0,0.7277,True,True
immune_microglia,malignant,APOE,LRP1,2.2413743,0.0,2.3406606,0.4806853596717402,1.7972478456576335,0.022488048,0.9339037,0.0432774260187414,0.0024531830985391,immune,tumor,immune-tumor,immune_to_tumor,,microglia,,,,,0.0187,44.0,0.9088,True,True
immune_microglia,nerve_c7,SPP1,CD44,2.311443,0.0,2.3381891,0.35132339771564,1.7623190479303292,0.035043646,0.9338711,0.1000053313191892,0.0024647721373573,immune,nerve,immune-nerve,immune_to_nerve,nerve_c7,microglia,0.1793,26.0,0.7072,True,0.0187,44.0,0.9088,True,True
immune_tam,nerve_c6,PSAP,SORT1,1.8832918,0.0,3.034489,1.0871222026928866,1.2984247531785849,0.013254288,0.94147897,0.1692357681555292,0.0024763876241225,immune,nerve,immune-nerve,immune_to_nerve,nerve_c6,tam,0.2107,18.0,0.6248,True,0.1165,25.0,0.7417,True,True
nerve_c15,immune_tam,TNFSF12,TNFRSF12A,0.07844213,1.0,0.0059904777,-0.2469213890490738,-0.4261414293965623,0.010168124,0.4168427,1.0,0.0024807542281508,nerve,immune,immune-nerve,nerve_to_immune,nerve_c15,tam,0.9903,1.0,0.0149,False,0.1165,25.0,0.7417,True,False
immune_tam,nerve_c1,CALM1,PDE1C,1.8827384,0.0,3.4239774,2.1244510378012538,1.5098046793401032,0.015370565,0.94471836,0.0401982750306759,0.0025055444311744,immune,nerve,immune-nerve,immune_to_nerve,nerve_c1,tam,0.1983,17.0,0.5642,True,0.1165,25.0,0.7417,True,True
nerve_c14,immune_microglia,COPA,CD74,2.2551057,0.0,2.3333719,0.5433830995451229,1.7346728927572834,0.008745336,0.9338074,0.3947527904686356,0.0025113965881757,nerve,immune,immune-nerve,nerve_to_immune,nerve_c14,microglia,0.4198,6.0,0.3596,True,0.0187,44.0,0.9088,True,True
immune_t_cell,nerve_c4,CALM1,PDE1A,1.881423,0.0,3.500489,2.6911272271491895,1.8389558875988632,0.029853623,0.9452926,0.0096102698584482,0.0025231200355451,immune,nerve,immune-nerve,immune_to_nerve,nerve_c4,t_cell,0.1409,18.0,0.5987,True,0.0821,23.0,0.7277,True,True
nerve_neuron,immune_dendritic,COPA,CD74,2.4954057,0.0,2.327203,0.6237421070665428,0.8785347324918346,0.008722216,0.93372554,0.4069164897766191,0.0025407558015352,nerve,immune,immune-nerve,nerve_to_immune,nerve_neuron,dendritic,0.4,10.0,0.5084,True,0.0815,25.0,0.7859,True,True
malignant,nerve_c10,NCAM1,NCAM2,1.8794681,0.0,2.9459946,1.6872401207643375,2.34657417370318,0.051879596,0.9406583,0.009910108014216,0.0025407558015352,tumor,nerve,nerve-tumor,tumor_to_nerve,nerve_c10,,0.2572,14.0,0.5531,True,,,,,True
immune_t_cell,nerve_c1,CALM1,GRM3,1.8790493,0.0,3.4906166,2.9745435642858924,1.824868837391744,0.023857104,0.9452195,0.0102269648328393,0.0025466478810815,immune,nerve,immune-nerve,immune_to_nerve,nerve_c1,t_cell,0.1983,17.0,0.5642,True,0.0821,23.0,0.7277,True,True
nerve_c13,immune_tam,VIM,CD44,1.8787524,0.0,3.500653,0.6270437345854833,1.0921459089481025,0.036978334,0.9452938,0.0432774260187414,0.0025525467056112,nerve,immune,immune-nerve,nerve_to_immune,nerve_c13,tam,0.9595,1.0,0.0572,False,0.1165,25.0,0.7417,True,False
nerve_c12,immune_t_cell,SPP1,ITGA4_ITGB1,2.195275,0.0,2.3234615,0.7906548837759312,0.3443624243355156,0.024283012,0.9336757,0.0918660169340375,0.0025525467056112,nerve,immune,immune-nerve,nerve_to_immune,nerve_c12,t_cell,0.8072,7.0,0.2013,False,0.0821,23.0,0.7277,True,False
malignant,nerve_c4,NCAM1,NCAM2,1.8771322,0.0,2.9407916,1.6844943559202286,2.240890429381567,0.051787972,0.9406089,0.0100088117192102,0.0025584522748491,tumor,nerve,nerve-tumor,tumor_to_nerve,nerve_c4,,0.1409,18.0,0.5987,True,,,,,True
immune_microglia,nerve_c20,SPP1,ITGAV_ITGB1,2.3093987,0.0,2.32165,0.4179771288991508,2.0937805155868463,0.015460571,0.93365157,0.0964287534829926,0.0025584522748491,immune,nerve,immune-nerve,immune_to_nerve,nerve_c20,microglia,0.3415,15.0,0.5197,True,0.0187,44.0,0.9088,True,True
nerve_c15,immune_tam,COPA,CD74,1.9406079,0.0,2.3202024,0.4605051717973489,0.2191559659512241,0.008695979,0.93363225,0.6187316026755605,0.002564365148029,nerve,immune,immune-nerve,nerve_to_immune,nerve_c15,tam,0.9903,1.0,0.0149,False,0.1165,25.0,0.7417,True,False
nerve_c21,immune_dendritic,HMGB1,CXCR4,1.8764356,0.0,3.5190566,0.5541127732799784,0.6193671687480375,0.01301069,0.9454292,0.1805928869405913,0.002564365148029,nerve,immune,immune-nerve,nerve_to_immune,nerve_c21,dendritic,0.8488,6.0,0.1222,False,0.0815,25.0,0.7859,True,False
immune_nk_cell,nerve_neuron,CALM1,KCNQ5,1.8754902,0.0,3.4072258,1.9656746826705904,1.865698103189115,0.08697164,0.94459015,0.0004997448619443,0.002576210008847,immune,nerve,immune-nerve,immune_to_nerve,nerve_neuron,nk_cell,0.4,10.0,0.5084,True,0.0794,26.0,0.7523,True,True
nerve_c22,immune_t_cell,VIM,CD44,1.8745155,0.0,3.2326472,0.5514058794851849,0.7360421063120332,0.03414732,0.9431975,0.0432774260187414,0.0025821425548061,nerve,immune,immune-nerve,nerve_to_immune,nerve_c22,t_cell,0.2879,24.0,0.4767,True,0.0821,23.0,0.7277,True,True
immune_t_cell,malignant,S100A4,EGFR,1.8742378,0.0,3.4197576,0.933383985924603,2.928302552632407,0.058727432,0.9446861,0.0072424530994531,0.0025880818440985,immune,tumor,immune-tumor,immune_to_tumor,,t_cell,,,,,0.0821,23.0,0.7277,True,True
immune_nk_cell,nerve_c1,CALM1,PDE1A,1.8735518,0.0,3.3986678,2.5359219724790463,1.902918595407022,0.028985253,0.9445243,0.0070113675987858,0.0025940278764493,immune,nerve,immune-nerve,immune_to_nerve,nerve_c1,nk_cell,0.1983,17.0,0.5642,True,0.0794,26.0,0.7523,True,True
nerve_c12,immune_microglia,SPP1,ITGAV_ITGB1,2.193645,0.0,2.3111553,0.3782284135838787,-0.077835889484004,0.023893444,0.9335111,0.6121613226021814,0.0026119069937134,nerve,immune,immune-nerve,nerve_to_immune,nerve_c12,microglia,0.8072,7.0,0.2013,False,0.0187,44.0,0.9088,True,False
immune_tam,nerve_c0,S100A4,ERBB3,1.8733385,0.0,2.5965571,2.2433484303844207,1.9678421199412983,0.01998823,0.9370347,0.0051878074393355,0.0026178799961858,immune,nerve,immune-nerve,immune_to_nerve,nerve_c0,tam,0.4029,19.0,0.5772,True,0.1165,25.0,0.7417,True,True
immune_tam,nerve_c13,VIM,CD44,1.9592881,0.0,2.3098266,0.4820359923029964,0.4494045498598844,0.02842672,0.93349326,0.0457453924329094,0.0026238597403417,immune,nerve,immune-nerve,immune_to_nerve,nerve_c13,tam,0.9595,1.0,0.0572,False,0.1165,25.0,0.7417,True,False
immune_microglia,nerve_c15,APOE,ABCA1,2.2373426,0.0,2.3093786,0.4477640468738768,1.6003474071641255,0.014793309,0.93348724,0.1128227493324221,0.0026298462259062,immune,nerve,immune-nerve,immune_to_nerve,nerve_c15,microglia,0.9903,1.0,0.0149,False,0.0187,44.0,0.9088,True,False
immune_tam,nerve_c6,TIMP1,CD63,1.8713689,0.0,3.1676917,0.613506014927534,1.255731227287523,0.017448932,0.9426513,0.0610590533758479,0.0026478461283012,immune,nerve,immune-nerve,immune_to_nerve,nerve_c6,tam,0.2107,18.0,0.6248,True,0.1165,25.0,0.7417,True,True
nerve_c12,immune_tam,HLA-A,APLP2,1.8710986,0.0,3.4022698,0.5216317047804357,0.2760669521762238,0.028661387,0.944552,0.1397549977195594,0.0026538595767502,nerve,immune,immune-nerve,nerve_to_immune,nerve_c12,tam,0.8072,7.0,0.2013,False,0.1165,25.0,0.7417,True,False
malignant,nerve_c9,PTN,NCL,1.8706951,0.0,3.3191557,0.8402711921734694,2.0667742934289404,0.072678074,0.94390076,0.0432774260187414,0.0026659072638231,tumor,nerve,nerve-tumor,tumor_to_nerve,nerve_c9,,0.8791,5.0,0.1446,False,,,,,False
immune_microglia,nerve_c22,APOE,TREM2,2.2363613,0.0,2.301766,0.3421863962217142,1.5261937183882468,0.16978228,0.93338466,0.0376091881493959,0.0026659072638231,immune,nerve,immune-nerve,immune_to_nerve,nerve_c22,microglia,0.2879,24.0,0.4767,True,0.0187,44.0,0.9088,True,True
immune_microglia,nerve_c11,APOE,ABCA1,2.2363164,0.0,2.3014176,0.4465483535083177,1.6299713403343987,0.014742314,0.93337995,0.1143923577509113,0.0026719409321856,immune,nerve,immune-nerve,immune_to_nerve,nerve_c11,microglia,0.1876,18.0,0.5976,True,0.0187,44.0,0.9088,True,True
immune_tam,nerve_c15,S100A4,ERBB3,1.8687687,0.0,2.5707033,2.2281660975496984,1.9298668257487088,0.019789206,0.9367389,0.0060513798593559,0.002690082371426,immune,nerve,immune-nerve,immune_to_nerve,nerve_c15,tam,0.9903,1.0,0.0149,False,0.1165,25.0,0.7417,True,False
nerve_c21,immune_dendritic,MIF,CD74_CXCR4,1.8685627,0.0,3.4902065,0.8782611841636916,1.130589913642052,0.019721711,0.9452165,0.0432774260187414,0.0026961429949737,nerve,immune,immune-nerve,nerve_to_immune,nerve_c21,dendritic,0.8488,6.0,0.1222,False,0.0815,25.0,0.7859,True,False
nerve_c7,immune_microglia,COPA,CD74,2.250205,0.0,2.2950094,0.5358907666909624,1.6666973554862388,0.008601557,0.9332932,0.4069164897766191,0.0027082844561209,nerve,immune,immune-nerve,nerve_to_immune,nerve_c7,microglia,0.1793,26.0,0.7072,True,0.0187,44.0,0.9088,True,True
nerve_c13,immune_t_cell,APP,CD74,1.8667715,0.0,3.3737018,0.4651217379712762,-0.2015995488030018,0.0053628543,0.9443308,1.0,0.0027143652931704,nerve,immune,immune-nerve,nerve_to_immune,nerve_c13,t_cell,0.9595,1.0,0.0572,False,0.0821,23.0,0.7277,True,False
immune_tam,nerve_c4,S100A4,ERBB3,1.866412,0.0,2.5573702,2.2203373094152155,1.9612963001432897,0.019686569,0.93658465,0.0053111271088695,0.0027265477555681,immune,nerve,immune-nerve,immune_to_nerve,nerve_c4,tam,0.1409,18.0,0.5987,True,0.1165,25.0,0.7417,True,True
nerve_c1,malignant,NLGN1,NRXN1,1.8663301,0.0,2.8708806,1.1794374455032548,2.3266841726492693,0.076463334,0.9399333,0.008254776754631,0.0027357015659889,nerve,tumor,nerve-tumor,nerve_to_tumor,nerve_c1,,0.1983,17.0,0.5642,True,,,,,True
malignant,nerve_c1,NRXN1,NLGN1,1.8663301,0.0,2.8708806,1.1794374455032548,2.3266841726492693,0.076463334,0.9399333,0.008254776754631,0.0027357015659889,tumor,nerve,nerve-tumor,tumor_to_nerve,nerve_c1,,0.1983,17.0,0.5642,True,,,,,True
immune_dendritic,nerve_c17,PSAP,SORT1,1.8661304,0.0,3.3293793,1.5205335562297466,0.9343853725143794,0.014542335,0.9439822,0.1200834174390443,0.0027448711108108,immune,nerve,immune-nerve,immune_to_nerve,nerve_c17,dendritic,0.6072,12.0,0.3472,False,0.0815,25.0,0.7859,True,False
nerve_c15,malignant,LAMC1,ITGA6_ITGB1,0.08640539,0.551,0.0060056667,-0.0714087695917432,-0.119988767136685,0.0054321056,0.4171505,1.0,0.0027464682565308,nerve,tumor,nerve-tumor,nerve_to_tumor,nerve_c15,,0.9903,1.0,0.0149,False,,,,,False
nerve_c15,malignant,LAMB1,ITGA6_ITGB1,0.08640539,0.352,0.0060056667,-0.0129895672091945,-0.0458570124766574,0.010488306,0.4171505,1.0,0.0027464682565308,nerve,tumor,nerve-tumor,nerve_to_tumor,nerve_c15,,0.9903,1.0,0.0149,False,,,,,False
malignant,nerve_c13,NRXN1,NLGN1,1.8652604,0.0,2.8685615,1.1785386355516518,2.7388330819803404,0.07640157,0.9399105,0.0083014525827633,0.0027540558123838,tumor,nerve,nerve-tumor,tumor_to_nerve,nerve_c13,,0.9595,1.0,0.0572,False,,,,,False
nerve_c13,malignant,NLGN1,NRXN1,1.8652604,0.0,2.8685615,1.1785386355516518,2.7388330819803404,0.07640157,0.9399105,0.0083014525827633,0.0027540558123838,nerve,tumor,nerve-tumor,nerve_to_tumor,nerve_c13,,0.9595,1.0,0.0572,False,,,,,False
immune_tam,malignant,VCAN,EGFR,1.8646541,0.0,3.3896792,1.3356183292659924,3.4232450364348996,0.06120559,0.94445485,0.0009452261116857,0.0027755453325491,immune,tumor,immune-tumor,immune_to_tumor,,tam,,,,,0.1165,25.0,0.7417,True,True
immune_microglia,nerve_c2,PSAP,GPR37,1.8628774,0.0,3.2309763,2.1585320328913173,1.9686788369593728,0.02426077,0.9431836,0.0062886444854132,0.0027878619334552,immune,nerve,immune-nerve,immune_to_nerve,nerve_c2,microglia,0.25,13.0,0.5666,True,0.0187,44.0,0.9088,True,True
nerve_c1,malignant,IL1RAPL1,PTPRS,2.4215214,0.0,2.2849648,2.428502863465509,3.026407604383281,0.07383172,0.93315655,0.0014052032772154,0.0027878619334552,nerve,tumor,nerve-tumor,nerve_to_tumor,nerve_c1,,0.1983,17.0,0.5642,True,,,,,True
immune_t_cell,nerve_c3,CALM1,PDE1C,1.8628278,0.0,3.4231486,1.7869713871768012,1.5396933087195144,0.015366844,0.94471204,0.0353759985882663,0.0027940303350221,immune,nerve,immune-nerve,immune_to_nerve,nerve_c3,t_cell,0.3912,13.0,0.4608,True,0.0821,23.0,0.7277,True,True
nerve_c5,malignant,SPP1,CD44,2.2468812,0.0,2.2824788,0.3222117595678171,-0.2091433161471177,0.006350406,0.9331226,1.0,0.0028002054702983,nerve,tumor,nerve-tumor,nerve_to_tumor,nerve_c5,,0.226,19.0,0.6259,True,,,,,True
immune_tam,nerve_c9,LGALS1,ITGB1,1.8612256,0.0,2.6501958,0.7726476996377676,0.7687637598565027,0.022402938,0.93763524,0.0432774260187414,0.0028125759408786,immune,nerve,immune-nerve,immune_to_nerve,nerve_c9,tam,0.8791,5.0,0.1446,False,0.1165,25.0,0.7417,True,False
malignant,nerve_neuron,NLGN1,NRXN1,1.8603884,0.0,3.1323583,1.2660439851262038,2.3627768626306676,0.19079667,0.94234735,0.0009305447168622,0.0028342893610171,tumor,nerve,nerve-tumor,tumor_to_nerve,nerve_neuron,,0.4,10.0,0.5084,True,,,,,True
nerve_neuron,malignant,NRXN1,NLGN1,1.8603884,0.0,3.1323583,1.2660439851262038,2.3627768626306676,0.19079667,0.94234735,0.0009305447168622,0.0028342893610171,nerve,tumor,nerve-tumor,nerve_to_tumor,nerve_neuron,,0.4,10.0,0.5084,True,,,,,True
nerve_c7,immune_dendritic,MIF,CD74_CXCR4,1.8599703,0.0,3.4587197,0.8702666512214171,1.1039324720378547,0.019543793,0.9449814,0.0432774260187414,0.0028436205268172,nerve,immune,immune-nerve,nerve_to_immune,nerve_c7,dendritic,0.1793,26.0,0.7072,True,0.0815,25.0,0.7859,True,True
malignant,immune_tam,VIM,CD44,1.8582828,0.0,3.4307172,0.6137498866368418,1.0779269005348493,0.020216333,0.9447697,0.0432774260187414,0.0028685768958767,tumor,immune,immune-tumor,tumor_to_immune,,tam,,,,,0.1165,25.0,0.7417,True,True
immune_tam,nerve_c13,LGALS1,ITGB1,1.8573414,0.0,2.6287286,0.7675372931165002,1.1179105655414772,0.022221472,0.93739706,0.0432774260187414,0.002874832814853,immune,nerve,immune-nerve,immune_to_nerve,nerve_c13,tam,0.9595,1.0,0.0572,False,0.1165,25.0,0.7417,True,False
nerve_c17,malignant,SPP1,CD44,2.239707,0.0,2.2741027,0.3187961677742831,-0.3004642760261741,0.006327101,0.9330078,1.0,0.002874832814853,nerve,tumor,nerve-tumor,nerve_to_tumor,nerve_c17,,0.6072,12.0,0.3472,False,,,,,False
malignant,nerve_c1,CALM1,PDE1C,1.8567685,0.0,3.3081417,2.1012961332206657,1.7428440532555498,0.014967398,0.9438127,0.0147658544733781,0.002887365436214,tumor,nerve,nerve-tumor,tumor_to_nerve,nerve_c1,,0.1983,17.0,0.5642,True,,,,,True
nerve_c1,malignant,IL1RAPL1,PTPRD,2.4198,0.0,2.2701156,2.3249478952036875,2.656765687226157,0.07916706,0.93295294,0.0008680855162313,0.0028936415454057,nerve,tumor,nerve-tumor,nerve_to_tumor,nerve_c1,,0.1983,17.0,0.5642,True,,,,,True
nerve_c6,malignant,PTN,PTPRZ1,1.8551798,0.0,3.1171758,0.629885380684222,1.5685155952655023,0.03858087,0.9422152,0.0432774260187414,0.0028999243839071,nerve,tumor,nerve-tumor,nerve_to_tumor,nerve_c6,,0.2107,18.0,0.6248,True,,,,,True
nerve_c12,immune_nk_cell,SPP1,ITGA4_ITGB1,2.1879587,0.0,2.2682228,0.7754922092823007,0.2151846117283678,0.0237057,0.93292683,0.2027810940700267,0.0028999243839071,nerve,immune,immune-nerve,nerve_to_immune,nerve_c12,nk_cell,0.8072,7.0,0.2013,False,0.0794,26.0,0.7523,True,False
nerve_c22,immune_dendritic,MIF,CD74_CXCR4,1.8545666,0.0,3.4389184,0.865239890591343,1.5828621518414157,0.019431904,0.9448319,0.0432774260187414,0.0029125102477391,nerve,immune,immune-nerve,nerve_to_immune,nerve_c22,dendritic,0.2879,24.0,0.4767,True,0.0815,25.0,0.7859,True,True
immune_microglia,nerve_neuron,APOE,LRP6,2.2317142,0.0,2.2657108,0.862751355928775,2.0629170597237363,0.021247324,0.93289214,0.0432774260187414,0.0029125102477391,immune,nerve,immune-nerve,immune_to_nerve,nerve_neuron,microglia,0.4,10.0,0.5084,True,0.0187,44.0,0.9088,True,True
nerve_c13,immune_nk_cell,B2M,KLRD1,1.8544838,0.157,3.4332983,2.127777460361071,0.5554630744890396,0.028467422,0.9447893,0.2512159553117793,0.0029188132725197,nerve,immune,immune-nerve,nerve_to_immune,nerve_c13,nk_cell,0.9595,1.0,0.0572,False,0.0794,26.0,0.7523,True,False
immune_microglia,nerve_c5,PSAP,SORT1,1.8539755,0.0,3.1891,1.1412177394484848,1.8029882053596724,0.013929611,0.94283307,0.1414175494817097,0.0029314395064353,immune,nerve,immune-nerve,immune_to_nerve,nerve_c5,microglia,0.226,19.0,0.6259,True,0.0187,44.0,0.9088,True,True
immune_nk_cell,nerve_c11,CALM1,GRM3,1.8537534,0.0,3.3112576,2.7373284908451976,1.754046792280158,0.022631248,0.9438377,0.0140051144997427,0.0029440932499973,immune,nerve,immune-nerve,immune_to_nerve,nerve_c11,nk_cell,0.1876,18.0,0.5976,True,0.0794,26.0,0.7523,True,True
nerve_c1,immune_nk_cell,APP,CD74,1.8517561,0.0,3.4116278,0.595331665070512,-0.2740335217471131,0.0054231416,0.9446239,1.0,0.0029631234213754,nerve,immune,immune-nerve,nerve_to_immune,nerve_c1,nk_cell,0.1983,17.0,0.5642,True,0.0794,26.0,0.7523,True,True
immune_microglia,nerve_c12,IL18,IL1RAPL1,1.8497736,0.0,2.4215717,1.688696201677868,2.260587666074555,0.024251089,0.93494487,0.0311684873472071,0.0029822141293183,immune,nerve,immune-nerve,immune_to_nerve,nerve_c12,microglia,0.8072,7.0,0.2013,False,0.0187,44.0,0.9088,True,False
nerve_c22,immune_tam,RPS19,C5AR1,1.8495512,0.0,3.0938625,0.4913961381628169,0.5300719116142755,0.052020133,0.9420105,0.0432774260187414,0.0029885911499193,nerve,immune,immune-nerve,nerve_to_immune,nerve_c22,tam,0.2879,24.0,0.4767,True,0.1165,25.0,0.7417,True,True
nerve_c2,malignant,NCAM1,PTPRZ1,1.8494174,0.0,3.0892308,0.920139369225328,2.064497001855453,0.028272161,0.9419696,0.0432774260187414,0.0029949748957054,nerve,tumor,nerve-tumor,nerve_to_tumor,nerve_c2,,0.25,13.0,0.5666,True,,,,,True
nerve_c7,immune_t_cell,HLA-A,CD8A,1.8490489,0.0,2.8374143,1.0905825141476289,1.3817565113651191,0.060243376,0.9396015,0.0127961457543878,0.0030013659711338,nerve,immune,immune-nerve,nerve_to_immune,nerve_c7,t_cell,0.1793,26.0,0.7072,True,0.0821,23.0,0.7277,True,True
nerve_c15,immune_tam,ARF6,PLD1,0.079910845,0.964,0.00618343,-0.2560115161964751,-0.438173132072248,0.0047991406,0.42070082,1.0,0.0030121665816964,nerve,immune,immune-nerve,nerve_to_immune,nerve_c15,tam,0.9903,1.0,0.0149,False,0.1165,25.0,0.7417,True,False
immune_tam,nerve_c15,LGALS1,ITGB1,1.8462052,0.0,2.5671804,0.7528843977977687,0.9022914428636764,0.021701183,0.93669826,0.0432774260187414,0.0030269951000643,immune,nerve,immune-nerve,immune_to_nerve,nerve_c15,tam,0.9903,1.0,0.0149,False,0.1165,25.0,0.7417,True,False
immune_tam,nerve_c9,APOE,ABCA1,1.8461267,0.0,3.4024932,0.7012722539984324,0.7149482316687787,0.021795532,0.94455373,0.0432774260187414,0.0030334191918224,immune,nerve,immune-nerve,immune_to_nerve,nerve_c9,tam,0.8791,5.0,0.1446,False,0.1165,25.0,0.7417,True,False
immune_nk_cell,nerve_neuron,CALM1,GRM7,1.8459156,0.0,3.2766533,2.7706194936931428,1.8209691889801196,0.098296836,0.9435586,0.0002444925406294,0.0030398500068408,immune,nerve,immune-nerve,immune_to_nerve,nerve_neuron,nk_cell,0.4,10.0,0.5084,True,0.0794,26.0,0.7523,True,True
nerve_c20,immune_nk_cell,MIF,CD74_CXCR4,1.8457224,0.0,3.3908727,0.3755356303670458,-0.0517434286206035,0.010469512,0.9444641,0.7632725545745117,0.0030462875448445,nerve,immune,immune-nerve,nerve_to_immune,nerve_c20,nk_cell,0.3415,15.0,0.5197,True,0.0794,26.0,0.7523,True,True
nerve_c5,malignant,NCAM1,PTPRZ1,1.8451807,0.0,3.0686836,0.9155230735516556,2.1912744007074867,0.028084116,0.9417869,0.0432774260187414,0.0030527318055584,nerve,tumor,nerve-tumor,nerve_to_tumor,nerve_c5,,0.226,19.0,0.6259,True,,,,,True
immune_nk_cell,nerve_c11,CALM1,PDE1A,1.8441856,0.0,3.2690153,2.4491624943773864,1.9102967442148255,0.027879521,0.9434964,0.0067610249604049,0.0030721055329395,immune,nerve,immune-nerve,immune_to_nerve,nerve_c11,nk_cell,0.1876,18.0,0.5976,True,0.0794,26.0,0.7523,True,True
immune_tam,nerve_c0,TIMP1,FGFR2,1.841516,0.0,3.0214374,2.063649581465773,2.3753036873351947,0.020071791,0.9413601,0.0093179777683142,0.0030980304576171,immune,nerve,immune-nerve,immune_to_nerve,nerve_c0,tam,0.4029,19.0,0.5772,True,0.1165,25.0,0.7417,True,True
immune_tam,nerve_c14,S100A4,ERBB3,1.8412949,0.0,2.4152694,2.13688874869232,2.015293500279649,0.018592678,0.9348656,0.0068387796676756,0.0031045284907503,immune,nerve,immune-nerve,immune_to_nerve,nerve_c14,tam,0.4198,6.0,0.3596,True,0.1165,25.0,0.7417,True,True
nerve_c11,immune_tam,SPP1,CD44,1.8411148,0.0,3.372061,0.45165622182927,-0.362577862726082,0.011127256,0.944318,1.0,0.003111033244119,nerve,immune,immune-nerve,nerve_to_immune,nerve_c11,tam,0.1876,18.0,0.5976,True,0.1165,25.0,0.7417,True,True
nerve_c20,immune_tam,MIF,CD44_CD74,1.8398926,0.0,3.3678858,1.0681713325431597,1.7144772795414045,0.026988147,0.94428545,0.0432774260187414,0.0031175453336247,nerve,immune,immune-nerve,nerve_to_immune,nerve_c20,tam,0.3415,15.0,0.5197,True,0.1165,25.0,0.7417,True,True
nerve_c1,immune_tam,COL4A5,CD44,1.8379385,0.0,3.3612096,2.983432650288476,2.1846890734653033,0.034218352,0.94423324,0.0014013571819994,0.0031240635272751,nerve,immune,immune-nerve,nerve_to_immune,nerve_c1,tam,0.1983,17.0,0.5642,True,0.1165,25.0,0.7417,True,True
immune_nk_cell,nerve_c10,CALM1,PDE1A,1.8373201,0.0,3.2387037,2.4288777022550505,1.9224280115968628,0.027621014,0.9432476,0.0062587425030445,0.0031371200725328,immune,nerve,immune-nerve,immune_to_nerve,nerve_c10,nk_cell,0.2572,14.0,0.5531,True,0.0794,26.0,0.7523,True,True
nerve_c2,immune_t_cell,SPP1,ITGA4_ITGB1,2.12143,0.0,2.232562,0.7554888862475115,0.2626854155894451,0.023333,0.9324293,0.1518148633649091,0.0031371200725328,nerve,immune,immune-nerve,nerve_to_immune,nerve_c2,t_cell,0.25,13.0,0.5666,True,0.0821,23.0,0.7277,True,True
immune_nk_cell,nerve_c9,CALM1,PDE1C,1.836446,0.0,3.234845,1.6645356090066,1.3750499209181055,0.014521532,0.94321567,0.0651405031840287,0.0031567552811868,immune,nerve,immune-nerve,immune_to_nerve,nerve_c9,nk_cell,0.8791,5.0,0.1446,False,0.0794,26.0,0.7523,True,False
immune_microglia,nerve_c12,SPP1,CD44,2.2979393,0.0,2.2289484,0.3371430632627951,1.6026480317438048,0.0334064,0.9323783,0.1124112546703085,0.003176451574058,immune,nerve,immune-nerve,immune_to_nerve,nerve_c12,microglia,0.8072,7.0,0.2013,False,0.0187,44.0,0.9088,True,False
nerve_c5,malignant,MIF,EGFR,1.8350618,0.0,3.2968025,0.9444103370942982,2.725253553363579,0.07448023,0.9437216,0.0220116611572339,0.003176451574058,nerve,tumor,nerve-tumor,nerve_to_tumor,nerve_c5,,0.226,19.0,0.6259,True,,,,,True
nerve_c15,immune_dendritic,SEMA3E,PLXND1,0.08035607,0.699,0.0062419213,-0.0446791745587251,-0.1534581305623093,0.00427121,0.42184854,1.0,0.003189289987445,nerve,immune,immune-nerve,nerve_to_immune,nerve_c15,dendritic,0.9903,1.0,0.0149,False,0.0815,25.0,0.7859,True,False
nerve_c15,immune_microglia,LRP1B,PLAUR,1.8337853,0.0,2.8569832,1.1857930699200987,2.1071304069653545,0.027887994,0.9397962,0.0432774260187414,0.0031896156091583,nerve,immune,immune-nerve,nerve_to_immune,nerve_c15,microglia,0.9903,1.0,0.0149,False,0.0187,44.0,0.9088,True,False
nerve_c21,immune_dendritic,SPP1,CD44,1.8327175,0.004,2.3877838,0.2006012608567022,-0.7363981166361934,0.007879299,0.93451625,1.0,0.003202806510902,nerve,immune,immune-nerve,nerve_to_immune,nerve_c21,dendritic,0.8488,6.0,0.1222,False,0.0815,25.0,0.7859,True,False
nerve_c2,immune_microglia,SPP1,ITGAV_ITGB1,2.1198,0.0,2.2207375,0.343062416055459,-0.1595128982300745,0.022958674,0.9322618,0.7392305602224797,0.003222643233662,nerve,immune,immune-nerve,nerve_to_immune,nerve_c2,microglia,0.25,13.0,0.5666,True,0.0187,44.0,0.9088,True,True
immune_microglia,nerve_c2,PSAP,SORT1,1.831353,0.0,3.0826793,1.1048059083446968,1.6604661843376398,0.013464777,0.9419115,0.1594886644870935,0.0032359019200026,immune,nerve,immune-nerve,immune_to_nerve,nerve_c2,microglia,0.25,13.0,0.5666,True,0.0187,44.0,0.9088,True,True
immune_nk_cell,nerve_c4,CALM1,INSR,1.8299509,0.0,3.2061691,1.5488314249590824,1.4374874413915717,0.020597922,0.9429768,0.0432774260187414,0.0032691645730678,immune,nerve,immune-nerve,immune_to_nerve,nerve_c4,nk_cell,0.1409,18.0,0.5987,True,0.0794,26.0,0.7523,True,True
nerve_c2,immune_t_cell,HLA-A,CD8A,1.829184,0.0,2.7942502,1.07567754528549,1.2870624293840771,0.05932693,0.939165,0.0138856255268311,0.0032758372448642,nerve,immune,immune-nerve,nerve_to_immune,nerve_c2,t_cell,0.25,13.0,0.5666,True,0.0821,23.0,0.7277,True,True
nerve_c9,immune_t_cell,SPP1,ITGA4_ITGB1,2.1012096,0.0,2.2076719,0.745859646038423,0.1921684266650298,0.023072869,0.93207526,0.2336945226569451,0.0032825166297469,nerve,immune,immune-nerve,nerve_to_immune,nerve_c9,t_cell,0.8791,5.0,0.1446,False,0.0821,23.0,0.7277,True,False
immune_microglia,nerve_c3,LGALS9,PTPRK,1.9282951,0.0,2.2070813,2.4888548923834417,2.58920301197231,0.03241716,0.9320668,0.0014591304729855,0.003289203360133,immune,nerve,immune-nerve,immune_to_nerve,nerve_c3,microglia,0.3912,13.0,0.4608,True,0.0187,44.0,0.9088,True,True
immune_tam,nerve_c6,TIMP1,FGFR2,1.8251016,0.0,2.9410203,2.0264051867160173,2.5120212951720826,0.01953757,0.9406111,0.0104366662901765,0.0033025956941243,immune,nerve,immune-nerve,immune_to_nerve,nerve_c6,tam,0.2107,18.0,0.6248,True,0.1165,25.0,0.7417,True,True
immune_nk_cell,nerve_c12,CALM1,PDE1C,1.8249059,0.0,3.1838953,1.641612212926428,1.4377491489842384,0.014292813,0.942789,0.0526754260730363,0.0033093019292369,immune,nerve,immune-nerve,immune_to_nerve,nerve_c12,nk_cell,0.8072,7.0,0.2013,False,0.0794,26.0,0.7523,True,False
immune_microglia,nerve_c22,SPP1,CD44,2.29489,0.0,2.204281,0.333941159327799,1.7872723311244312,0.033036698,0.9320266,0.1152273350015123,0.0033093019292369,immune,nerve,immune-nerve,immune_to_nerve,nerve_c22,microglia,0.2879,24.0,0.4767,True,0.0187,44.0,0.9088,True,True
nerve_c12,malignant,SPP1,CD44,2.1794143,0.0,2.2037108,0.2900842759343578,-0.3169741449034381,0.006131254,0.9320184,1.0,0.0033227345343212,nerve,tumor,nerve-tumor,nerve_to_tumor,nerve_c12,,0.8072,7.0,0.2013,False,,,,,False
nerve_c5,immune_dendritic,HMGB1,CXCR4,1.820605,0.0,3.3144674,0.5017496765073686,0.5425568708715525,0.012254281,0.94386333,0.2224092156568328,0.0033564341265837,nerve,immune,immune-nerve,nerve_to_immune,nerve_c5,dendritic,0.226,19.0,0.6259,True,0.0815,25.0,0.7859,True,True
immune_microglia,nerve_neuron,APOE,LRP4,2.2230504,0.0,2.1984885,0.8147498459595206,2.0174984985497137,0.028175788,0.9319432,0.0432774260187414,0.0033631940483223,immune,nerve,immune-nerve,immune_to_nerve,nerve_neuron,microglia,0.4,10.0,0.5084,True,0.0187,44.0,0.9088,True,True
immune_nk_cell,nerve_neuron,CALM1,CACNA1C,1.8191117,0.0,3.1583135,1.9252574213744689,1.7605012602683776,0.09788356,0.9425711,0.0002514544401445,0.0033631940483223,immune,nerve,immune-nerve,immune_to_nerve,nerve_neuron,nk_cell,0.4,10.0,0.5084,True,0.0794,26.0,0.7523,True,True
malignant,immune_nk_cell,PTN,NCL,1.8188002,0.0,3.0809202,0.7812712562455915,2.218678689394771,0.005920618,0.9418959,0.1116195695151505,0.0033699606795725,tumor,immune,immune-tumor,tumor_to_immune,,nk_cell,,,,,0.0794,26.0,0.7523,True,True
malignant,nerve_neuron,NLGN1,NRXN3,1.8184747,0.0,3.024466,1.6798491854562,2.8394197742279053,0.103091806,0.9413878,0.0008166494532253,0.0033801235268107,tumor,nerve,nerve-tumor,tumor_to_nerve,nerve_neuron,,0.4,10.0,0.5084,True,,,,,True
nerve_neuron,malignant,NRXN3,NLGN1,1.8184747,0.0,3.024466,1.6798491854562,2.8394197742279053,0.103091806,0.9413878,0.0008166494532253,0.0033801235268107,nerve,tumor,nerve-tumor,nerve_to_tumor,nerve_neuron,,0.4,10.0,0.5084,True,,,,,True
nerve_c15,malignant,VCAN,EGFR,1.8181365,0.0,3.2436824,1.282992668014869,2.956196939041821,0.17094918,0.9432887,0.0016086123342742,0.0033903008276425,nerve,tumor,nerve-tumor,nerve_to_tumor,nerve_c15,,0.9903,1.0,0.0149,False,,,,,False
nerve_c9,immune_microglia,SPP1,ITGAV_ITGB1,2.0995796,0.0,2.1959789,0.3334331758463705,-0.2300298871544898,0.022702714,0.93190694,0.7756395262826397,0.0033903008276425,nerve,immune,immune-nerve,nerve_to_immune,nerve_c9,microglia,0.8791,5.0,0.1446,False,0.0187,44.0,0.9088,True,False
nerve_c20,immune_t_cell,LGALS1,PTPRC,1.8178978,0.0,3.1387234,0.6796814194024388,1.1127271996019872,0.026282731,0.9424024,0.0432774260187414,0.003397094294189,nerve,immune,immune-nerve,nerve_to_immune,nerve_c20,t_cell,0.3415,15.0,0.5197,True,0.0821,23.0,0.7277,True,True
nerve_c17,immune_tam,TF,TFRC,2.0694985,0.0,2.1958578,3.008109211463611,2.376967331180677,0.025986811,0.9319052,0.0003928797138786,0.0034038944688723,nerve,immune,immune-nerve,nerve_to_immune,nerve_c17,tam,0.6072,12.0,0.3472,False,0.1165,25.0,0.7417,True,False
nerve_c13,immune_t_cell,HMGB1,CXCR4,1.8175648,0.0,3.103646,0.4727082254540789,0.7894770444993156,0.011474832,0.94209665,0.279738592984509,0.0034038944688723,nerve,immune,immune-nerve,nerve_to_immune,nerve_c13,t_cell,0.9595,1.0,0.0572,False,0.0821,23.0,0.7277,True,False
immune_tam,nerve_c11,CALM1,PDE1C,1.817424,0.0,3.2234256,1.9947079553825795,1.4671299244377485,0.014470268,0.9431209,0.0472199469897363,0.0034107019955331,immune,nerve,immune-nerve,immune_to_nerve,nerve_c11,tam,0.1876,18.0,0.5976,True,0.1165,25.0,0.7417,True,True
immune_nk_cell,malignant,S100A4,EGFR,1.816834,0.0,3.2395945,0.886463410607349,2.5586443940883252,0.055633493,0.94325495,0.0386171050719627,0.0034175155862991,immune,tumor,immune-tumor,immune_to_tumor,,nk_cell,,,,,0.0794,26.0,0.7523,True,True
nerve_c14,immune_tam,LRP1B,PLAUR,1.8150023,0.0,3.2927868,1.2114090222189386,1.492819364870011,0.03214203,0.9436892,0.0432774260187414,0.0034379966013679,nerve,immune,immune-nerve,nerve_to_immune,nerve_c14,tam,0.4198,6.0,0.3596,True,0.1165,25.0,0.7417,True,True
nerve_c15,malignant,SEMA3B,NRP1_PLXNA1,0.08036018,0.288,0.0062424615,0.0604289650643216,0.0064412600120649,0.0021417658,0.4218591,1.0,0.0034549621416229,nerve,tumor,nerve-tumor,nerve_to_tumor,nerve_c15,,0.9903,1.0,0.0149,False,,,,,False
nerve_c15,malignant,SEMA3B,NRP2_PLXNA1,0.08036018,0.288,0.0062424615,0.0604289650643216,0.0064412600120649,0.0021417658,0.4218591,1.0,0.0034549621416229,nerve,tumor,nerve-tumor,nerve_to_tumor,nerve_c15,,0.9903,1.0,0.0149,False,,,,,False
nerve_c22,immune_tam,TIMP1,CD63,1.814236,0.0,3.1735942,0.4889270732317896,0.911219286542766,0.036868013,0.9427016,0.0432774260187414,0.003458537974818,nerve,immune,immune-nerve,nerve_to_immune,nerve_c22,tam,0.2879,24.0,0.4767,True,0.1165,25.0,0.7417,True,True
immune_tam,nerve_c11,PSAP,GPR37,1.8130748,0.0,2.6694946,1.758266571858644,1.4235202852242803,0.020044714,0.9378471,0.0432774260187414,0.0034653985109918,immune,nerve,immune-nerve,immune_to_nerve,nerve_c11,tam,0.1876,18.0,0.5976,True,0.1165,25.0,0.7417,True,True
nerve_c5,immune_t_cell,SPP1,PTGER4,2.2348008,0.0,2.1880097,0.6279430231380767,0.2338244296395441,0.021862993,0.93179154,0.1806854927393127,0.003472266402377,nerve,immune,immune-nerve,nerve_to_immune,nerve_c5,t_cell,0.226,19.0,0.6259,True,0.0821,23.0,0.7277,True,True
malignant,nerve_c14,NLGN1,NRXN1,1.8124912,0.0,3.0090637,1.219286056468606,2.2946591695378977,0.1832866,0.94124675,0.0011851101685586,0.0034825795122805,tumor,nerve,nerve-tumor,tumor_to_nerve,nerve_c14,,0.4198,6.0,0.3596,True,,,,,True
nerve_c14,malignant,NRXN1,NLGN1,1.8124912,0.0,3.0090637,1.219286056468606,2.2946591695378977,0.1832866,0.94124675,0.0011851101685586,0.0034825795122805,nerve,tumor,nerve-tumor,nerve_to_tumor,nerve_c14,,0.4198,6.0,0.3596,True,,,,,True
nerve_c21,immune_nk_cell,MIF,CD74_CXCR4,1.8124232,0.0,3.2763267,0.3445556841787347,-0.4371894489150651,0.010115844,0.94355595,1.0,0.0034929083585335,nerve,immune,immune-nerve,nerve_to_immune,nerve_c21,nk_cell,0.8488,6.0,0.1222,False,0.0794,26.0,0.7523,True,False
nerve_c10,immune_tam,COPA,CD74,1.918654,0.0,2.1822,0.426938648099195,0.4453864481070211,0.008178754,0.93170696,0.4642462824229589,0.0035067031845313,nerve,immune,immune-nerve,nerve_to_immune,nerve_c10,tam,0.2572,14.0,0.5531,True,0.1165,25.0,0.7417,True,True
immune_t_cell,nerve_neuron,CALM1,KCNQ5,1.8115212,0.0,3.2097573,1.908635175052164,1.836044249178251,0.08193113,0.9430068,0.0006869465308631,0.0035067031845313,immune,nerve,immune-nerve,immune_to_nerve,nerve_neuron,t_cell,0.4,10.0,0.5084,True,0.0821,23.0,0.7277,True,True
nerve_c17,immune_t_cell,SPP1,PTGER4,2.2276266,0.0,2.1799803,0.6245274313445426,0.1425034697604878,0.021782761,0.9316746,0.3086960086511366,0.0035205248254773,nerve,immune,immune-nerve,nerve_to_immune,nerve_c17,t_cell,0.6072,12.0,0.3472,False,0.0821,23.0,0.7277,True,False
immune_tam,nerve_c2,FN1,MAG,1.8102853,0.0,2.2891164,3.354059415497753,2.770501295730943,0.045841407,0.9332131,3.126594081786091e-05,0.0035274457008685,immune,nerve,immune-nerve,immune_to_nerve,nerve_c2,tam,0.25,13.0,0.5666,True,0.1165,25.0,0.7417,True,True
nerve_c2,immune_nk_cell,SPP1,ITGA4_ITGB1,2.1141138,0.0,2.1794844,0.7403262117538809,0.1335076029822973,0.022778274,0.9316674,0.3236791857221718,0.003534373934703,nerve,immune,immune-nerve,nerve_to_immune,nerve_c2,nk_cell,0.25,13.0,0.5666,True,0.0794,26.0,0.7523,True,True
immune_t_cell,nerve_c1,CALM1,PDE1A,1.8095827,0.0,3.2016952,2.47888246486062,1.8732647413961576,0.027305387,0.9429392,0.0080739863888535,0.0035413082162775,immune,nerve,immune-nerve,immune_to_nerve,nerve_c1,t_cell,0.1983,17.0,0.5642,True,0.0821,23.0,0.7277,True,True
nerve_c3,malignant,IL1RAPL1,PTPRS,2.3156497,0.0,2.1727939,2.312724016309098,2.8415834491817886,0.07020726,0.93156946,0.0018173689070913,0.0035691123634477,nerve,tumor,nerve-tumor,nerve_to_tumor,nerve_c3,,0.3912,13.0,0.4608,True,,,,,True
immune_dendritic,nerve_c6,IL18,IL1RAPL1,1.9453346,0.0,2.172345,1.769186293479738,2.0947879548509474,0.021755178,0.93156284,0.0245459791498331,0.0035760801540834,immune,nerve,immune-nerve,immune_to_nerve,nerve_c6,dendritic,0.2107,18.0,0.6248,True,0.0815,25.0,0.7859,True,True
immune_t_cell,nerve_c13,HLA-A,APLP2,2.0360289,0.0,2.1717658,0.4505376549979637,0.6934596103768509,0.017258858,0.9315543,0.0639838594223557,0.0035830546457065,immune,nerve,immune-nerve,immune_to_nerve,nerve_c13,t_cell,0.9595,1.0,0.0572,False,0.0821,23.0,0.7277,True,False
nerve_c21,immune_tam,MIF,CD44_CD74,1.8065934,0.0,3.2541163,1.0371913863548483,1.3290312592469429,0.02607647,0.9433745,0.0432774260187414,0.0035830546457065,nerve,immune,immune-nerve,nerve_to_immune,nerve_c21,tam,0.8488,6.0,0.1222,False,0.1165,25.0,0.7417,True,False
nerve_c22,immune_t_cell,LGALS1,CD69,1.8059411,0.0,3.2044027,0.8631609979564245,1.7150531418886987,0.04327336,0.94296193,0.0432774260187414,0.003590035838042,nerve,immune,immune-nerve,nerve_to_immune,nerve_c22,t_cell,0.2879,24.0,0.4767,True,0.0821,23.0,0.7277,True,True
nerve_c2,immune_t_cell,MIF,CD44_CD74,1.8047347,0.0,3.045039,1.0136672653837064,1.313216146974237,0.024401054,0.9415745,0.0432774260187414,0.0036110202790757,nerve,immune,immune-nerve,nerve_to_immune,nerve_c2,t_cell,0.25,13.0,0.5666,True,0.0821,23.0,0.7277,True,True
nerve_c4,immune_tam,PSEN1,CD44,1.8044417,0.0,3.2467644,1.991399111977929,1.8963751045722248,0.026500536,0.9433141,0.0117179031371628,0.0036180282721446,nerve,immune,immune-nerve,nerve_to_immune,nerve_c4,tam,0.1409,18.0,0.5987,True,0.1165,25.0,0.7417,True,True
nerve_c7,immune_nk_cell,MIF,CD74_CXCR4,1.8038309,0.0,3.2467694,0.3365611512364602,-0.4638468905192625,0.010024585,0.94331414,1.0,0.0036250429645509,nerve,immune,immune-nerve,nerve_to_immune,nerve_c7,nk_cell,0.1793,26.0,0.7072,True,0.0794,26.0,0.7523,True,True
immune_tam,nerve_c12,LGALS1,ITGB1,1.8032923,0.0,2.3300073,0.696420548576133,0.6857147220774716,0.019696286,0.9337628,0.0432774260187414,0.0036320643560198,immune,nerve,immune-nerve,immune_to_nerve,nerve_c12,tam,0.8072,7.0,0.2013,False,0.1165,25.0,0.7417,True,False
immune_nk_cell,nerve_c13,HLA-A,APLP2,2.0263183,0.0,2.159508,0.4432555649687381,0.4775636860424461,0.017161448,0.93137366,0.0653841578142157,0.0036602175739587,immune,nerve,immune-nerve,immune_to_nerve,nerve_c13,nk_cell,0.9595,1.0,0.0572,False,0.0794,26.0,0.7523,True,False
nerve_c3,malignant,IL1RAPL1,PTPRD,2.3139284,0.0,2.1586738,2.2091690480472765,2.471941532024665,0.07528068,0.9313613,0.001220393337174,0.003667272457249,nerve,tumor,nerve-tumor,nerve_to_tumor,nerve_c3,,0.3912,13.0,0.4608,True,,,,,True
nerve_c22,immune_nk_cell,MIF,CD74_CXCR4,1.7984271,0.001,3.2281816,0.3315343906063861,0.0150827892842984,0.009967193,0.9431604,0.7156879396163709,0.0036814023157926,nerve,immune,immune-nerve,nerve_to_immune,nerve_c22,nk_cell,0.2879,24.0,0.4767,True,0.0794,26.0,0.7523,True,True
nerve_c7,immune_tam,MIF,CD44_CD74,1.798001,0.0,3.2247596,1.029196853412574,1.3023738176427455,0.025841223,0.943132,0.0432774260187414,0.003688477290496,nerve,immune,immune-nerve,nerve_to_immune,nerve_c7,tam,0.1793,26.0,0.7072,True,0.1165,25.0,0.7417,True,True
nerve_c9,immune_nk_cell,SPP1,ITGA4_ITGB1,2.0938933,0.0,2.155186,0.7306969715447924,0.062990614057882,0.022524327,0.93130964,0.4069164897766191,0.0036955589617871,nerve,immune,immune-nerve,nerve_to_immune,nerve_c9,nk_cell,0.8791,5.0,0.1446,False,0.0794,26.0,0.7523,True,False
immune_microglia,nerve_c1,APOE,LRP4,2.2174332,0.0,2.1549063,0.8035648400224389,2.032502168845854,0.027617237,0.93130547,0.0432774260187414,0.0037097423930326,immune,nerve,immune-nerve,immune_to_nerve,nerve_c1,microglia,0.1983,17.0,0.5642,True,0.0187,44.0,0.9088,True,True
nerve_c0,immune_t_cell,SPP1,ITGA4_ITGB1,2.0560133,0.0,2.1520376,0.7243377324350982,0.1843635582930403,0.022491423,0.93126285,0.2447442753990255,0.0037310684307061,nerve,immune,immune-nerve,nerve_to_immune,nerve_c0,t_cell,0.4029,19.0,0.5772,True,0.0821,23.0,0.7277,True,True
nerve_c20,immune_nk_cell,APP,CD74,1.7938641,0.0,3.212485,0.5311706284804643,-0.1402093346774778,0.0051065837,0.94302964,1.0,0.0037381902763824,nerve,immune,immune-nerve,nerve_to_immune,nerve_c20,nk_cell,0.3415,15.0,0.5197,True,0.0794,26.0,0.7523,True,True
immune_tam,nerve_c11,S100A4,ERBB3,1.7940131,0.0,2.1477716,1.9798030436106864,1.8650496268175245,0.016533488,0.9311993,0.0122091247539787,0.0037381902763824,immune,nerve,immune-nerve,immune_to_nerve,nerve_c11,tam,0.1876,18.0,0.5976,True,0.1165,25.0,0.7417,True,True
immune_microglia,nerve_c12,PSAP,GPR37,1.7930747,0.0,2.9026108,1.958029140588336,1.81856837516301,0.021795137,0.9402429,0.0131993476722921,0.0037453188167217,immune,nerve,immune-nerve,immune_to_nerve,nerve_c12,microglia,0.8072,7.0,0.2013,False,0.0187,44.0,0.9088,True,False
nerve_c22,immune_tam,MIF,CD44_CD74,1.7925973,0.0,3.2062976,1.0241700927825,1.7813034974463064,0.025693279,0.94297785,0.0432774260187414,0.0037524540514489,nerve,immune,immune-nerve,nerve_to_immune,nerve_c22,tam,0.2879,24.0,0.4767,True,0.1165,25.0,0.7417,True,True
nerve_c0,immune_microglia,SPP1,ITGAV_ITGB1,2.0543835,0.0,2.1406395,0.3119112622430458,-0.2378347555264793,0.022130597,0.9310927,0.8733397187219859,0.0037810619287378,nerve,immune,immune-nerve,nerve_to_immune,nerve_c0,microglia,0.4029,19.0,0.5772,True,0.0187,44.0,0.9088,True,True
malignant,nerve_c11,CALM1,PDE1C,1.7914542,0.0,3.1143749,1.9715530508019912,1.700169298353195,0.014090716,0.9421907,0.0175807808329983,0.0037882313096164,tumor,nerve,nerve-tumor,tumor_to_nerve,nerve_c11,,0.1876,18.0,0.5976,True,,,,,True
immune_t_cell,nerve_c11,CALM1,GRM3,1.7897844,0.0,3.1193511,2.680288983226771,1.7243929382692935,0.021319635,0.94223416,0.0158728381571394,0.0038025887939065,immune,nerve,immune-nerve,immune_to_nerve,nerve_c11,t_cell,0.1876,18.0,0.5976,True,0.0821,23.0,0.7277,True,True
nerve_c15,malignant,LAMC1,ITGA3_ITGB1,0.08895527,0.368,0.006251437,0.0620372109830294,0.050463226991476,0.016767094,0.42203432,1.0,0.0038091670808343,nerve,tumor,nerve-tumor,nerve_to_tumor,nerve_c15,,0.9903,1.0,0.0149,False,,,,,False
immune_tam,nerve_c4,GRN,SORT1,1.7881267,0.0,3.1951516,1.7210935046257947,1.7562704036703392,0.024516884,0.94288415,0.0281324938288036,0.0038097775744713,immune,nerve,immune-nerve,immune_to_nerve,nerve_c4,tam,0.1409,18.0,0.5987,True,0.1165,25.0,0.7417,True,True
immune_tam,nerve_c7,PSAP,GPR37,1.785672,0.0,2.5270526,1.679554338052653,1.337992869299109,0.018975146,0.9362296,0.0440503983663831,0.0038530514624448,immune,nerve,immune-nerve,immune_to_nerve,nerve_c7,tam,0.1793,26.0,0.7072,True,0.1165,25.0,0.7417,True,True
immune_dendritic,nerve_c1,CALM1,PDE1C,1.7843835,0.0,2.9852765,2.0367514208129043,1.3540649428155995,0.0134011945,0.9410269,0.0707793585449415,0.0038675293900638,immune,nerve,immune-nerve,immune_to_nerve,nerve_c1,dendritic,0.1983,17.0,0.5642,True,0.0815,25.0,0.7859,True,True
nerve_c3,malignant,PTN,PTPRZ1,1.7832805,0.0,2.768487,0.5778974424690045,1.2902613262003335,0.034265198,0.9388999,0.0432774260187414,0.0038747783885809,nerve,tumor,nerve-tumor,nerve_to_tumor,nerve_c3,,0.3912,13.0,0.4608,True,,,,,True
malignant,immune_dendritic,HMGB1,CXCR4,1.7832755,0.0,3.177675,0.4667432607526544,0.7037508667651142,0.010195915,0.94273627,0.4047839049213151,0.0038820340765364,tumor,immune,immune-tumor,tumor_to_immune,,dendritic,,,,,0.0815,25.0,0.7859,True,True
immune_microglia,nerve_c17,GRN,SORT1,1.7828944,0.0,2.9535918,1.8392646680827,2.075509019674292,0.022663357,0.9407301,0.0197876947821029,0.0038965655196627,immune,nerve,immune-nerve,immune_to_nerve,nerve_c17,microglia,0.6072,12.0,0.3472,False,0.0187,44.0,0.9088,True,False
nerve_c17,malignant,CALM1,PTPRA,1.8008319,0.0,2.1295786,0.8385088688875479,1.048909777349142,0.024929237,0.9309263,0.0432774260187414,0.0038965655196627,nerve,tumor,nerve-tumor,nerve_to_tumor,nerve_c17,,0.6072,12.0,0.3472,False,,,,,False
nerve_c14,immune_tam,VCAN,CD44,1.7825556,0.0,3.1719892,1.348042150579419,1.5826839056082838,0.060201056,0.9426879,0.0043827007684601,0.0039038412742835,nerve,immune,immune-nerve,nerve_to_immune,nerve_c14,tam,0.4198,6.0,0.3596,True,0.1165,25.0,0.7417,True,True
immune_nk_cell,nerve_neuron,CALM1,GRM5,1.7825214,0.0,2.9967666,2.9378489954447033,1.7622089276177972,0.1283354,0.9411334,0.0002157984780218,0.0039111237172429,immune,nerve,immune-nerve,immune_to_nerve,nerve_neuron,nk_cell,0.4,10.0,0.5084,True,0.0794,26.0,0.7523,True,True
nerve_c5,immune_nk_cell,APP,CD74,1.7819707,0.0,3.1715732,0.517988706220947,-0.3440952215598085,0.00504155,0.94268435,1.0,0.0039184135379921,nerve,immune,immune-nerve,nerve_to_immune,nerve_c5,nk_cell,0.226,19.0,0.6259,True,0.0794,26.0,0.7523,True,True
immune_t_cell,nerve_neuron,CALM1,GRM7,1.7819465,0.0,3.0867522,2.7135799860747163,1.7913153349692554,0.092599966,0.94194764,0.0003571654805945,0.0039257093574362,immune,nerve,immune-nerve,immune_to_nerve,nerve_neuron,t_cell,0.4,10.0,0.5084,True,0.0821,23.0,0.7277,True,True
immune_tam,nerve_c20,LGALS1,ITGB1,1.7817609,0.0,2.2110062,0.6680898154505058,1.0044112759563149,0.01869033,0.932123,0.0469696540641841,0.0039330118643938,immune,nerve,immune-nerve,immune_to_nerve,nerve_c20,tam,0.3415,15.0,0.5197,True,0.1165,25.0,0.7417,True,True
nerve_c13,immune_nk_cell,HMGB1,CXCR4,1.7805375,0.0,3.0021565,0.4424632251639278,0.5137466082106041,0.011099603,0.94118315,0.3121243871187334,0.0039476369397499,nerve,immune,immune-nerve,nerve_to_immune,nerve_c13,nk_cell,0.9595,1.0,0.0572,False,0.0794,26.0,0.7523,True,False
immune_t_cell,nerve_c11,CALM1,PDE1A,1.7802166,0.0,3.079557,2.39212298675896,1.8806428902039616,0.026263742,0.9418838,0.0077890154972593,0.0039549595075985,immune,nerve,immune-nerve,immune_to_nerve,nerve_c11,t_cell,0.1876,18.0,0.5976,True,0.0821,23.0,0.7277,True,True
nerve_c0,immune_t_cell,MIF,CD74_CXCR4,1.7787073,0.0,2.9861944,0.209063919460125,-0.5348065184823871,0.009220043,0.94103545,1.0,0.0039622887618607,nerve,immune,immune-nerve,nerve_to_immune,nerve_c0,t_cell,0.4029,19.0,0.5772,True,0.0821,23.0,0.7277,True,True
immune_tam,nerve_c12,GRN,SORT1,1.7781086,0.0,3.1602736,1.7049686757792166,1.6429826637198677,0.02424926,0.94258785,0.0296004314379519,0.0039696247022617,immune,nerve,immune-nerve,immune_to_nerve,nerve_c12,tam,0.8072,7.0,0.2013,False,0.1165,25.0,0.7417,True,False
nerve_c7,immune_t_cell,HLA-C,CD8A,1.7754774,0.0,2.677552,1.142936743528607,1.496470772552879,0.07191697,0.9379348,0.0097990112185677,0.003999036016436,nerve,immune,immune-nerve,nerve_to_immune,nerve_c7,t_cell,0.1793,26.0,0.7072,True,0.0821,23.0,0.7277,True,True
malignant,immune_tam,RPS19,C5AR1,1.7752178,0.0,2.9039059,0.4452839225428604,0.4011649952141013,0.038899112,0.9402554,0.0636443857316175,0.0040064053840382,tumor,immune,immune-tumor,tumor_to_immune,,tam,,,,,0.1165,25.0,0.7417,True,True
nerve_c2,malignant,SPP1,CD44,2.1055694,0.0,2.1174963,0.2549182784059381,-0.3986511536495086,0.0058913846,0.93074316,1.0,0.0040137814361294,nerve,tumor,nerve-tumor,nerve_to_tumor,nerve_c2,,0.25,13.0,0.5666,True,,,,,True
nerve_c5,immune_tam,RPS19,C5AR1,1.774468,0.0,2.9019897,0.4448235693187741,0.0818447779570005,0.048793986,0.94023687,0.4189832689762148,0.0040285535926784,nerve,immune,immune-nerve,nerve_to_immune,nerve_c5,tam,0.226,19.0,0.6259,True,0.1165,25.0,0.7417,True,True
nerve_c12,immune_t_cell,SPP1,PTGER4,2.1673338,0.0,2.1125019,0.5958155395046173,0.1259936008832238,0.021108504,0.930667,0.3368307247633581,0.0040507626554018,nerve,immune,immune-nerve,nerve_to_immune,nerve_c12,t_cell,0.8072,7.0,0.2013,False,0.0821,23.0,0.7277,True,False
immune_t_cell,nerve_c10,CALM1,PDE1A,1.773351,0.0,3.051002,2.371838194636624,1.8927741575859989,0.026020214,0.9416283,0.0073466802885488,0.0040581788092838,immune,nerve,immune-nerve,immune_to_nerve,nerve_c10,t_cell,0.2572,14.0,0.5531,True,0.0821,23.0,0.7277,True,True
nerve_c20,immune_nk_cell,LGALS1,PTPRC,1.772677,0.0,3.0111616,0.6374208669376168,0.9018226248334642,0.025214566,0.941266,0.0432774260187414,0.0040656016457299,nerve,immune,immune-nerve,nerve_to_immune,nerve_c20,nk_cell,0.3415,15.0,0.5197,True,0.0794,26.0,0.7523,True,True
immune_dendritic,nerve_c9,ITGB3BP,ITGB5,0.08227092,1.0,0.0062856534,-0.1414872017609801,-0.2107949677571884,0.004677358,0.42270014,1.0,0.004074802597798,immune,nerve,immune-nerve,immune_to_nerve,nerve_c9,dendritic,0.8791,5.0,0.1446,False,0.0815,25.0,0.7859,True,False
immune_t_cell,nerve_c9,CALM1,PDE1C,1.7724769,0.0,3.0473669,1.6074961013881734,1.3453960669072416,0.013679924,0.9415955,0.0731237761534977,0.0040804673652142,immune,nerve,immune-nerve,immune_to_nerve,nerve_c9,t_cell,0.8791,5.0,0.1446,False,0.0821,23.0,0.7277,True,False
nerve_c7,immune_microglia,HLA-A,APLP2,1.7718412,0.0,2.4341345,0.3156345331279104,0.4069670775351905,0.020505628,0.93510205,0.1352274716663792,0.0040879102477026,nerve,immune,immune-nerve,nerve_to_immune,nerve_c7,microglia,0.1793,26.0,0.7072,True,0.0187,44.0,0.9088,True,True
nerve_c3,immune_t_cell,COPA,CD74,1.7707872,0.0,2.951344,0.6875037524066204,-0.1021080827472439,0.011061458,0.9407089,0.918216057715981,0.0040953598116551,nerve,immune,immune-nerve,nerve_to_immune,nerve_c3,t_cell,0.3912,13.0,0.4608,True,0.0821,23.0,0.7277,True,True
immune_microglia,nerve_neuron,APOE,SORL1,2.210928,0.0,2.1044338,0.3802757773737103,1.507327520730334,0.019712511,0.9305434,0.0789956837441001,0.0041102796890162,immune,nerve,immune-nerve,immune_to_nerve,nerve_neuron,microglia,0.4,10.0,0.5084,True,0.0187,44.0,0.9088,True,True
nerve_c20,malignant,MIF,EGFR,1.7703792,0.0,3.0937948,0.8842318866079885,2.995365829011696,0.06989394,0.9420099,0.0040947699735641,0.0041102796890162,nerve,tumor,nerve-tumor,nerve_to_tumor,nerve_c20,,0.3415,15.0,0.5197,True,,,,,True
nerve_c0,immune_nk_cell,SPP1,ITGA4_ITGB1,2.0486972,0.0,2.1008744,0.7091750579414677,0.0551857456858924,0.021956706,0.9304887,0.4069164897766191,0.0041177492963432,nerve,immune,immune-nerve,nerve_to_immune,nerve_c0,nk_cell,0.4029,19.0,0.5772,True,0.0794,26.0,0.7523,True,True
immune_tam,nerve_c1,S100A4,ERBB3,1.7857057,0.0,2.1007717,1.952203519968872,1.8178895587732096,0.016171684,0.93048716,0.0135449567339429,0.004132708551815,immune,nerve,immune-nerve,immune_to_nerve,nerve_c1,tam,0.1983,17.0,0.5642,True,0.1165,25.0,0.7417,True,True
nerve_c15,immune_nk_cell,APP,CD74,1.7683859,0.036,3.124843,0.502932702952352,-0.5210953109309346,0.004967267,0.942282,1.0,0.0041401981994098,nerve,immune,immune-nerve,nerve_to_immune,nerve_c15,nk_cell,0.9903,1.0,0.0149,False,0.0794,26.0,0.7523,True,False
nerve_c4,immune_nk_cell,APP,CD74,1.7679666,0.0,3.1234004,0.5024677080928857,-0.3763359862552541,0.0049649742,0.9422695,1.0,0.0041476945265439,nerve,immune,immune-nerve,nerve_to_immune,nerve_c4,nk_cell,0.1409,18.0,0.5987,True,0.0794,26.0,0.7523,True,True
immune_microglia,nerve_c12,APOE,LRP6,2.2098467,0.0,2.0960443,0.8153677544530609,1.9156660913618555,0.019656228,0.93041426,0.0432774260187414,0.0041702235824327,immune,nerve,immune-nerve,immune_to_nerve,nerve_c12,microglia,0.8072,7.0,0.2013,False,0.0187,44.0,0.9088,True,False
nerve_c17,malignant,CNTN2,NRCAM,1.7661581,0.0,2.8357935,3.309314835135592,2.8092348912359517,0.086602814,0.9395852,2.2320831719050222e-05,0.0041777473368237,nerve,tumor,nerve-tumor,nerve_to_tumor,nerve_c17,,0.6072,12.0,0.3472,False,,,,,False
immune_t_cell,nerve_c4,CALM1,INSR,1.7659819,0.0,3.0203528,1.491791917340656,1.4078335873807075,0.019404152,0.9413502,0.0432774260187414,0.0041852770581616,immune,nerve,immune-nerve,immune_to_nerve,nerve_c4,t_cell,0.1409,18.0,0.5987,True,0.0821,23.0,0.7277,True,True
nerve_c9,malignant,SPP1,CD44,2.0853488,0.0,2.0938888,0.2452890381968496,-0.4691681425739239,0.005825703,0.93038094,1.0,0.0041928134573889,nerve,tumor,nerve-tumor,nerve_to_tumor,nerve_c9,,0.8791,5.0,0.1446,False,,,,,False
immune_tam,nerve_c20,PSAP,SORT1,1.765974,0.0,2.424661,0.8982942888315031,1.1472403236454036,0.010590632,0.9349836,0.361259394063424,0.0041928134573889,immune,nerve,immune-nerve,immune_to_nerve,nerve_c20,tam,0.3415,15.0,0.5197,True,0.1165,25.0,0.7417,True,True
immune_dendritic,nerve_c17,GRN,SORT1,1.7649437,0.0,2.8725498,1.8208841034970795,1.4782305449763449,0.022041509,0.93994975,0.0432774260187414,0.0042079062884122,immune,nerve,immune-nerve,immune_to_nerve,nerve_c17,dendritic,0.6072,12.0,0.3472,False,0.0815,25.0,0.7859,True,False
nerve_c7,malignant,NCAM1,PTPRZ1,1.7629609,0.0,2.669943,0.8259346638574743,2.0309646824109224,0.024434907,0.93785197,0.0432774260187414,0.0042230258276936,nerve,tumor,nerve-tumor,nerve_to_tumor,nerve_c7,,0.1793,26.0,0.7072,True,,,,,True
nerve_c20,malignant,CALM1,PTPRA,1.7738563,0.0,2.08935,0.8144551174572976,1.3350233910351912,0.024458313,0.9303106,0.0432774260187414,0.0042305956122438,nerve,tumor,nerve-tumor,nerve_to_tumor,nerve_c20,,0.3415,15.0,0.5197,True,,,,,True
immune_nk_cell,nerve_c3,CALM1,INSR,1.7627779,0.0,2.9095988,1.42027656261009,1.2779717906885413,0.018692616,0.94031036,0.0469584149522039,0.0042305956122438,immune,nerve,immune-nerve,immune_to_nerve,nerve_c3,nk_cell,0.3912,13.0,0.4608,True,0.0794,26.0,0.7523,True,True
immune_nk_cell,nerve_c3,CALM1,PTPRA,1.7620237,0.0,2.9062686,0.9527356300178388,0.97670028104526,0.01713986,0.94027823,0.0656582821658553,0.004245755927321,immune,nerve,immune-nerve,immune_to_nerve,nerve_c3,nk_cell,0.3912,13.0,0.4608,True,0.0794,26.0,0.7523,True,True
immune_microglia,nerve_c15,TXLNA,STX3,0.0825042,0.52,0.006410825,-0.0557697666335665,-0.095097480151808,0.0035164645,0.42510784,1.0,0.0042518841324638,immune,nerve,immune-nerve,immune_to_nerve,nerve_c15,microglia,0.9903,1.0,0.0149,False,0.0187,44.0,0.9088,True,False
immune_dendritic,nerve_c9,IL18,IL1RAPL1,1.882965,0.0,2.088059,1.7009815041028102,1.659563147405577,0.02091109,0.9302906,0.0300127066869872,0.0042609422288868,immune,nerve,immune-nerve,immune_to_nerve,nerve_c9,dendritic,0.8791,5.0,0.1446,False,0.0815,25.0,0.7859,True,False
immune_t_cell,nerve_c12,CALM1,PDE1C,1.760937,0.0,2.99937,1.5845727053080016,1.4080952949733745,0.013464461,0.94115746,0.0588423262131258,0.0042609422288868,immune,nerve,immune-nerve,immune_to_nerve,nerve_c12,t_cell,0.8072,7.0,0.2013,False,0.0821,23.0,0.7277,True,False
immune_microglia,nerve_c6,PSAP,SORT1,1.7598191,0.0,2.74617,0.9896686593363972,1.7477760783623326,0.011994945,0.9386673,0.2401637167878951,0.0042761552310116,immune,nerve,immune-nerve,immune_to_nerve,nerve_c6,microglia,0.2107,18.0,0.6248,True,0.0187,44.0,0.9088,True,True
nerve_c9,immune_nk_cell,JAM3,ITGB1,1.7592415,0.0,2.4596188,2.640690249979083,2.1196466165575663,0.027905034,0.93541735,0.0020654448635592,0.0043143052600474,nerve,immune,immune-nerve,nerve_to_immune,nerve_c9,nk_cell,0.8791,5.0,0.1446,False,0.0794,26.0,0.7523,True,False
immune_tam,nerve_c7,HBEGF,CD9,1.7583325,0.0,2.2908652,1.4645966190719997,1.7785165682935604,0.045023177,0.9332369,0.0201615611815045,0.0043219551425875,immune,nerve,immune-nerve,immune_to_nerve,nerve_c7,tam,0.1793,26.0,0.7072,True,0.1165,25.0,0.7417,True,True
nerve_c22,immune_nk_cell,VIM,CD44,1.7580554,0.0,2.6725302,0.4291125009200625,0.5994059900710066,0.02823065,0.93788016,0.0518472226883677,0.0043296116980676,nerve,immune,immune-nerve,nerve_to_immune,nerve_c22,nk_cell,0.2879,24.0,0.4767,True,0.0794,26.0,0.7523,True,True
nerve_c15,immune_dendritic,LRP1B,PLAUR,1.7563579,0.0,2.4628823,1.1078673376642545,1.4452613898448194,0.02404104,0.9354574,0.0432774260187414,0.0043449448267476,nerve,immune,immune-nerve,nerve_to_immune,nerve_c15,dendritic,0.9903,1.0,0.0149,False,0.0815,25.0,0.7859,True,False
nerve_c11,malignant,PTN,PTPRZ1,1.7560744,0.0,2.6365466,0.5582255544814891,1.35764410745924,0.032632187,0.9374841,0.0432774260187414,0.0043526213993977,nerve,tumor,nerve-tumor,nerve_to_tumor,nerve_c11,,0.1876,18.0,0.5976,True,,,,,True
immune_t_cell,nerve_neuron,CALM1,CACNA1C,1.7551427,0.0,2.975271,1.8682179137560424,1.7308474062575134,0.092210636,0.9409337,0.0003683601651261,0.004367994559943,immune,nerve,immune-nerve,immune_to_nerve,nerve_neuron,t_cell,0.4,10.0,0.5084,True,0.0821,23.0,0.7277,True,True
immune_tam,nerve_c11,GRN,SORT1,1.7536795,0.0,3.0752246,1.6656488603851145,1.7018961921113835,0.023596663,0.94184524,0.0334749247299238,0.0043756911472883,immune,nerve,immune-nerve,immune_to_nerve,nerve_c11,tam,0.1876,18.0,0.5976,True,0.1165,25.0,0.7417,True,True
immune_tam,nerve_c7,PSAP,SORT1,1.7529547,0.0,2.3569853,0.8773390301803263,1.0081877533532015,0.0102950325,0.9341179,0.3921020039223168,0.0043833951345425,immune,nerve,immune-nerve,immune_to_nerve,nerve_c7,tam,0.1793,26.0,0.7072,True,0.1165,25.0,0.7417,True,True
nerve_c13,immune_dendritic,COPA,CD74,2.4668891,0.0,2.0722523,0.58014180604755,0.8557981267822578,0.007766676,0.9300438,0.4069164897766191,0.0043833951345425,nerve,immune,immune-nerve,nerve_to_immune,nerve_c13,dendritic,0.9595,1.0,0.0572,False,0.0815,25.0,0.7859,True,False
nerve_c2,immune_microglia,HLA-A,APLP2,1.7519764,0.0,2.3971055,0.3007295642657715,0.3122729955541485,0.020193687,0.93463534,0.1525477590340657,0.0044142748751597,nerve,immune,immune-nerve,nerve_to_immune,nerve_c2,microglia,0.25,13.0,0.5666,True,0.0187,44.0,0.9088,True,True
nerve_c12,malignant,CALM1,PTPRA,1.7613986,0.0,2.070772,0.8033471002970263,1.0365359952510844,0.024240835,0.9300205,0.0432774260187414,0.0044142748751597,nerve,tumor,nerve-tumor,nerve_to_tumor,nerve_c12,,0.8072,7.0,0.2013,False,,,,,False
immune_tam,nerve_c12,TFPI,SDC4,0.08464685,0.003,0.006412559,0.042395290808781,-0.0009883044066143,0.020589814,0.4251409,0.9365345436500816,0.0044289589507753,immune,nerve,immune-nerve,immune_to_nerve,nerve_c12,tam,0.8072,7.0,0.2013,False,0.1165,25.0,0.7417,True,False
nerve_c13,malignant,TNC,PTPRZ1,1.7517579,0.0,2.6156125,1.0801598877162637,2.523030553008349,0.344889,0.9372501,0.0001690456389845,0.0044297547644098,nerve,tumor,nerve-tumor,nerve_to_tumor,nerve_c13,,0.9595,1.0,0.0572,False,,,,,False
immune_nk_cell,nerve_c4,CALM1,GRM3,1.750873,0.0,2.857038,2.3981893753647356,1.5635839669748437,0.019526822,0.93979675,0.0325430063532353,0.004445261330021,immune,nerve,immune-nerve,immune_to_nerve,nerve_c4,nk_cell,0.1409,18.0,0.5987,True,0.0794,26.0,0.7523,True,True
malignant,nerve_c19,NCAM1,NCAM2,1.7506728,0.0,2.659117,1.5358594898637277,2.0400754934897827,0.046827618,0.9377334,0.0169276976716695,0.0044607953049956,tumor,nerve,nerve-tumor,tumor_to_nerve,nerve_c19,,0.9467,4.0,0.054,False,,,,,False
immune_t_cell,nerve_c9,HLA-A,APLP2,2.0201628,0.0,2.06258,0.4319542356406538,0.5375467643301659,0.016391167,0.9298914,0.0777088135407425,0.0044685719276358,immune,nerve,immune-nerve,immune_to_nerve,nerve_c9,t_cell,0.8791,5.0,0.1446,False,0.0821,23.0,0.7277,True,False
nerve_c15,immune_t_cell,HMGB1,CXCR4,1.7483644,0.0,2.7902153,0.407805184360173,0.4692241079250854,0.0103160115,0.9391237,0.3896237953952933,0.0044763552179914,nerve,immune,immune-nerve,nerve_to_immune,nerve_c15,t_cell,0.9903,1.0,0.0149,False,0.0821,23.0,0.7277,True,False
immune_nk_cell,nerve_c3,CALM1,GRM3,1.7480545,0.0,2.8445945,2.388896408769915,1.5225556497496766,0.019441776,0.9396731,0.0381775344877843,0.0044841451757874,immune,nerve,immune-nerve,immune_to_nerve,nerve_c3,nk_cell,0.3912,13.0,0.4608,True,0.0794,26.0,0.7523,True,True
immune_tam,nerve_c4,NAMPT,INSR,1.7471114,0.0,2.9655383,1.7258232421016764,1.750089224552983,0.033937678,0.94084257,0.027855445871177,0.0045153716758768,immune,nerve,immune-nerve,immune_to_nerve,nerve_c4,tam,0.1409,18.0,0.5987,True,0.1165,25.0,0.7417,True,True
nerve_c19,immune_nk_cell,JAM3,ITGB1,1.7453532,0.0,2.432893,2.6128564249909534,2.228738541128367,0.027601821,0.93508655,0.0011042711612864,0.0045310256642917,nerve,immune,immune-nerve,nerve_to_immune,nerve_c19,nk_cell,0.9467,4.0,0.054,False,0.0794,26.0,0.7523,True,False
nerve_c19,malignant,IL1RAPL1,PTPRS,2.2078006,0.0,2.0585277,2.194786826872128,2.590346977057746,0.06651509,0.92982733,0.002430558706765,0.0045388622871022,nerve,tumor,nerve-tumor,nerve_to_tumor,nerve_c19,,0.9467,4.0,0.054,False,,,,,False
nerve_c9,malignant,CALM1,PTPRA,1.7521615,0.0,2.0569968,0.795108993106345,1.0167372707882485,0.02407958,0.929803,0.0432774260187414,0.0045545555281702,nerve,tumor,nerve-tumor,nerve_to_tumor,nerve_c9,,0.8791,5.0,0.1446,False,,,,,False
immune_nk_cell,nerve_neuron,CALM1,RYR2,1.7443693,0.0,2.8283243,2.5507064771416523,2.019609498422562,0.047954313,0.93951035,0.003748967146139,0.0045624121458778,immune,nerve,immune-nerve,immune_to_nerve,nerve_neuron,nk_cell,0.4,10.0,0.5084,True,0.0794,26.0,0.7523,True,True
nerve_c19,immune_nk_cell,B2M,KLRD1,1.7439039,0.229,3.0063007,2.0628306340020535,-0.0636409927270005,0.02492694,0.94122136,0.3103672081349977,0.0045702754280011,nerve,immune,immune-nerve,nerve_to_immune,nerve_c19,nk_cell,0.9467,4.0,0.054,False,0.0794,26.0,0.7523,True,False
immune_tam,nerve_c17,SPP1,ITGAV_ITGB1,1.7436316,0.0,2.5569658,0.3186828356476245,-0.1032632251324895,0.018121338,0.93657994,0.8425257017233136,0.0045781453742652,immune,nerve,immune-nerve,immune_to_nerve,nerve_c17,tam,0.6072,12.0,0.3472,False,0.1165,25.0,0.7417,True,False
nerve_c7,immune_tam,RPS19,C5AR1,1.7434137,0.0,2.822632,0.4255605402200424,0.0948016058478099,0.04745967,0.93945307,0.3942593308254781,0.0045939060040352,nerve,immune,immune-nerve,nerve_to_immune,nerve_c7,tam,0.1793,26.0,0.7072,True,0.1165,25.0,0.7417,True,True
nerve_c14,immune_tam,APP,CD74,1.8983043,0.0,2.054282,0.2117198302538397,0.0074660481667506,0.0032654977,0.9297599,1.0,0.0045939060040352,nerve,immune,immune-nerve,nerve_to_immune,nerve_c14,tam,0.4198,6.0,0.3596,True,0.1165,25.0,0.7417,True,True
malignant,immune_t_cell,LGALS1,PTPRC,1.7425983,0.0,2.803586,0.6248158639788902,0.9444216144715204,0.020082029,0.93926024,0.0432774260187414,0.0046017959417019,tumor,immune,immune-tumor,tumor_to_immune,,t_cell,,,,,0.0821,23.0,0.7277,True,True
malignant,nerve_c15,COL9A2,MAG,0.08293486,0.312,0.0064647454,0.0095472506097466,-0.166739370939617,0.0007643496,0.4261316,1.0,0.0046060262678403,tumor,nerve,nerve-tumor,tumor_to_nerve,nerve_c15,,0.9903,1.0,0.0149,False,,,,,False
immune_nk_cell,nerve_c9,HLA-A,APLP2,2.0104525,0.0,2.0509386,0.4246721456114282,0.3216508399957611,0.016298654,0.9297067,0.1059998638920719,0.0046175958058831,immune,nerve,immune-nerve,immune_to_nerve,nerve_c9,nk_cell,0.8791,5.0,0.1446,False,0.0794,26.0,0.7523,True,False
nerve_c4,malignant,IL1RAPL1,PTPRS,2.200571,0.0,2.0508683,2.186882482356789,2.7120876639363303,0.0662676,0.9297056,0.002485924676689,0.0046255057318476,nerve,tumor,nerve-tumor,nerve_to_tumor,nerve_c4,,0.1409,18.0,0.5987,True,,,,,True
nerve_c1,immune_tam,PSEN1,CD44,1.7416434,0.0,3.0322092,1.8813180940453895,1.819495022931025,0.024749307,0.9414583,0.0171155014586121,0.004633422320028,nerve,immune,immune-nerve,nerve_to_immune,nerve_c1,tam,0.1983,17.0,0.5642,True,0.1165,25.0,0.7417,True,True
nerve_c4,immune_tam,COL4A5,CD44,1.740721,0.0,3.0290577,2.7326777300525973,2.0541194832331833,0.030836923,0.9414296,0.0030944361896515,0.0046413455701494,nerve,immune,immune-nerve,nerve_to_immune,nerve_c4,tam,0.1409,18.0,0.5987,True,0.1165,25.0,0.7417,True,True
malignant,nerve_c12,PTN,NCL,1.7395036,0.0,2.716891,0.6911199384632868,1.8776881075161571,0.05949056,0.938358,0.0432774260187414,0.0046731059367657,tumor,nerve,nerve-tumor,tumor_to_nerve,nerve_c12,,0.8072,7.0,0.2013,False,,,,,False
nerve_c22,immune_tam,HLA-A,APLP2,1.7393315,0.0,2.9919817,0.4227636713656051,0.3473136467975579,0.02520504,0.94108915,0.0900943572740701,0.0046810624930974,nerve,immune,immune-nerve,nerve_to_immune,nerve_c22,tam,0.2879,24.0,0.4767,True,0.1165,25.0,0.7417,True,True
nerve_c19,malignant,IL1RAPL1,PTPRD,2.2060792,0.0,2.0451503,2.0912318586103065,2.2207050599006224,0.0713217,0.9296143,0.0017072311280214,0.0046810624930974,nerve,tumor,nerve-tumor,nerve_to_tumor,nerve_c19,,0.9467,4.0,0.054,False,,,,,False
nerve_c6,immune_t_cell,SPP1,CD44,1.7391951,0.0,2.868833,0.2986691467372785,-0.5473150219767887,0.009466684,0.93991315,1.0,0.0046890257097202,nerve,immune,immune-nerve,nerve_to_immune,nerve_c6,t_cell,0.2107,18.0,0.6248,True,0.0821,23.0,0.7277,True,True
nerve_c6,immune_nk_cell,B2M,KLRC1,1.7387809,0.002,2.1234565,1.7598339195978845,0.7045102825182981,0.04513855,0.9308337,0.1151613094377426,0.0046969955863591,nerve,immune,immune-nerve,nerve_to_immune,nerve_c6,nk_cell,0.2107,18.0,0.6248,True,0.0794,26.0,0.7523,True,True
immune_tam,nerve_c7,LGALS1,ITGB1,1.7512311,0.0,2.0422728,0.6279191236972114,0.7411382837822781,0.017263973,0.92956823,0.0638705510106551,0.0046969955863591,immune,nerve,immune-nerve,immune_to_nerve,nerve_c7,tam,0.1793,26.0,0.7072,True,0.1165,25.0,0.7417,True,True
nerve_c6,immune_nk_cell,APP,CD74,1.7385609,0.0,3.0222478,0.469876189065994,-0.3319523449632763,0.004804182,0.9413675,1.0,0.0047049721227392,nerve,immune,immune-nerve,nerve_to_immune,nerve_c6,nk_cell,0.2107,18.0,0.6248,True,0.0794,26.0,0.7523,True,True
nerve_c0,malignant,SPP1,CD44,2.0401528,0.0,2.041122,0.2237671245935249,-0.4769730109459135,0.005678893,0.92954975,1.0,0.0047049721227392,nerve,tumor,nerve-tumor,nerve_to_tumor,nerve_c0,,0.4029,19.0,0.5772,True,,,,,True
nerve_c7,immune_nk_cell,APP,CD74,1.7377394,0.0,3.0194218,0.4689657855138658,-0.4218729535447368,0.004799689,0.9413417,1.0,0.0047129553185856,nerve,immune,immune-nerve,nerve_to_immune,nerve_c7,nk_cell,0.1793,26.0,0.7072,True,0.0794,26.0,0.7523,True,True
nerve_c20,malignant,PTN,PTPRZ1,1.7375724,0.0,2.5468173,0.5448473631447798,1.5142273539062303,0.031521622,0.93646175,0.0432774260187414,0.0047209451736231,nerve,tumor,nerve-tumor,nerve_to_tumor,nerve_c20,,0.3415,15.0,0.5197,True,,,,,True
immune_microglia,nerve_c1,APOE,SORL1,2.2025967,0.0,2.0397933,0.3704307305874122,1.4991646551284965,0.019107016,0.9295285,0.0858126355399222,0.0047209451736231,immune,nerve,immune-nerve,immune_to_nerve,nerve_c1,microglia,0.1983,17.0,0.5642,True,0.0187,44.0,0.9088,True,True
nerve_c21,malignant,MIF,EGFR,1.7370799,0.0,2.9892843,0.8532519404196774,2.609919808717234,0.067532875,0.9410641,0.0307908395495336,0.004728941687577,nerve,tumor,nerve-tumor,nerve_to_tumor,nerve_c21,,0.8488,6.0,0.1222,False,,,,,False
malignant,nerve_c17,PTN,NCL,1.735393,0.0,2.6980202,0.6864469127249818,1.8628597643486025,0.059077356,0.9381561,0.0432774260187414,0.0047449554490226,tumor,nerve,nerve-tumor,tumor_to_nerve,nerve_c17,,0.6072,12.0,0.3472,False,,,,,False
immune_microglia,nerve_c1,LGALS9,PTPRK,1.8074541,0.0,2.0381527,2.30518758523208,2.451272586944211,0.02993597,0.92950207,0.0035427395381701,0.0047529719387051,immune,nerve,immune-nerve,immune_to_nerve,nerve_c1,microglia,0.1983,17.0,0.5642,True,0.0187,44.0,0.9088,True,True
immune_nk_cell,nerve_c15,GZMB,CHRM3,1.735357,0.0,3.0108495,3.75559812178417,3.006860390114255,0.21613117,0.94126314,9.30600151163428e-07,0.0047529719387051,immune,nerve,immune-nerve,immune_to_nerve,nerve_c15,nk_cell,0.9903,1.0,0.0149,False,0.0794,26.0,0.7523,True,False
nerve_c17,immune_t_cell,COPA,CD74,1.7350521,0.0,2.7941,0.632867745652779,-0.238314928105875,0.010472117,0.93916345,1.0,0.004760995086204,nerve,immune,immune-nerve,nerve_to_immune,nerve_c17,t_cell,0.6072,12.0,0.3472,False,0.0821,23.0,0.7277,True,False
immune_nk_cell,nerve_c10,CALM1,GRM3,1.734632,0.0,2.7853339,2.3446505522599734,1.6653750068780058,0.019036751,0.9390736,0.0206308677907407,0.0047690248912442,immune,nerve,immune-nerve,immune_to_nerve,nerve_c10,nk_cell,0.2572,14.0,0.5531,True,0.0794,26.0,0.7523,True,True
nerve_neuron,immune_microglia,COPA,CD74,2.2173314,0.0,2.0376706,0.4856280570593751,1.5935518070328798,0.007637066,0.9294943,0.4069164897766191,0.0047690248912442,nerve,immune,immune-nerve,nerve_to_immune,nerve_neuron,microglia,0.4,10.0,0.5084,True,0.0187,44.0,0.9088,True,True
nerve_c22,immune_t_cell,HMGB1,CXCR4,1.7340982,0.0,2.7255983,0.3944246698082706,0.8408116014541329,0.01007711,0.9384505,0.417944678489794,0.0047770613535509,nerve,immune,immune-nerve,nerve_to_immune,nerve_c22,t_cell,0.2879,24.0,0.4767,True,0.0821,23.0,0.7277,True,True
nerve_c4,malignant,IL1RAPL1,PTPRD,2.1988497,0.0,2.0375404,2.0833275140949676,2.342445746779206,0.07105633,0.92949224,0.0017385373871057,0.0047770613535509,nerve,tumor,nerve-tumor,nerve_to_tumor,nerve_c4,,0.1409,18.0,0.5987,True,,,,,True
nerve_c15,immune_dendritic,AGRN,LRP1,0.091346666,1.0,0.006481932,-0.2708339430381651,-0.4820176180103681,0.001208478,0.4264563,1.0,0.0047830871304819,nerve,immune,immune-nerve,nerve_to_immune,nerve_c15,dendritic,0.9903,1.0,0.0149,False,0.0815,25.0,0.7859,True,False
immune_microglia,nerve_c17,C3,CD81,1.7337627,0.0,3.0014567,0.7023542522474806,1.5683051904125256,0.056532323,0.9411767,0.0432774260187414,0.0047931542488636,immune,nerve,immune-nerve,immune_to_nerve,nerve_c17,microglia,0.6072,12.0,0.3472,False,0.0187,44.0,0.9088,True,False
immune_nk_cell,nerve_neuron,CALM1,KCNQ3,1.7327802,0.0,2.7771583,1.0458590308947808,1.2086136904700244,0.09452518,0.9389895,0.0165042985153079,0.004817344278012,immune,nerve,immune-nerve,immune_to_nerve,nerve_neuron,nk_cell,0.4,10.0,0.5084,True,0.0794,26.0,0.7523,True,True
nerve_c7,malignant,MIF,EGFR,1.7284875,0.0,2.9623165,0.8452574074774029,2.583262367113037,0.06692363,0.9408123,0.0332965050360845,0.0048659025071978,nerve,tumor,nerve-tumor,nerve_to_tumor,nerve_c7,,0.1793,26.0,0.7072,True,,,,,True
immune_microglia,nerve_c10,APOE,LRP6,2.2013497,0.0,2.030119,0.7969560869084653,2.1218058486210896,0.019037997,0.9293726,0.043485400716668,0.0048659025071978,immune,nerve,immune-nerve,immune_to_nerve,nerve_c10,microglia,0.2572,14.0,0.5531,True,0.0187,44.0,0.9088,True,True
nerve_c2,immune_t_cell,SPP1,PTGER4,2.093489,0.0,2.0298557,0.5606495419761977,0.0443165921371532,0.020282688,0.9293683,0.4069164897766191,0.0048740188358829,nerve,immune,immune-nerve,nerve_to_immune,nerve_c2,t_cell,0.25,13.0,0.5666,True,0.0821,23.0,0.7277,True,True
immune_tam,nerve_c1,GRN,SORT1,1.7273511,0.0,2.9835625,1.6232716045706552,1.6876154507369927,0.022893326,0.94101095,0.0379994954132994,0.0048740188358829,immune,nerve,immune-nerve,immune_to_nerve,nerve_c1,tam,0.1983,17.0,0.5642,True,0.1165,25.0,0.7417,True,True
nerve_c0,immune_tam,COPA,CD74,1.8941696,0.0,2.02829,0.3895030202715442,0.2828624954400449,0.007601909,0.929343,0.8532979177574369,0.0048902722232736,nerve,immune,immune-nerve,nerve_to_immune,nerve_c0,tam,0.4029,19.0,0.5772,True,0.1165,25.0,0.7417,True,True
nerve_c7,immune_t_cell,LGALS1,PTPRC,1.7253461,0.0,2.7268012,0.6122396341819193,0.7457961862344291,0.022833416,0.9384632,0.0432774260187414,0.0048902722232736,nerve,immune,immune-nerve,nerve_to_immune,nerve_c7,t_cell,0.1793,26.0,0.7072,True,0.0821,23.0,0.7277,True,True
nerve_c5,immune_tam,HLA-A,APLP2,1.7253071,0.0,2.9483132,0.4122408699219931,0.2730579025688333,0.024837168,0.94068027,0.1420867063805933,0.0048984085128383,nerve,immune,immune-nerve,nerve_to_immune,nerve_c5,tam,0.226,19.0,0.6259,True,0.1165,25.0,0.7417,True,True
nerve_c21,immune_nk_cell,APP,CD74,1.7244242,0.0,2.973619,0.4542086085838425,-0.3442462507576579,0.004726881,0.94091827,1.0,0.0049147010502934,nerve,immune,immune-nerve,nerve_to_immune,nerve_c21,nk_cell,0.8488,6.0,0.1222,False,0.0794,26.0,0.7523,True,False
nerve_c1,malignant,PTN,PTPRZ1,1.7239596,0.0,2.4807992,0.5350041575632346,1.288871701817308,0.030704523,0.93567586,0.0432774260187414,0.0049228572976337,nerve,tumor,nerve-tumor,nerve_to_tumor,nerve_c1,,0.1983,17.0,0.5642,True,,,,,True
nerve_c22,malignant,MIF,EGFR,1.7230839,0.0,2.945357,0.8402306468473288,3.0621920469165977,0.066540495,0.94065225,0.0022052669916751,0.0049310201970159,nerve,tumor,nerve-tumor,nerve_to_tumor,nerve_c22,,0.2879,24.0,0.4767,True,,,,,True
nerve_c5,immune_t_cell,MIF,CD44_CD74,1.7225647,0.0,2.8241217,0.93722281920194,1.251399642386084,0.022630759,0.9394681,0.0432774260187414,0.0049391897481651,nerve,immune,immune-nerve,nerve_to_immune,nerve_c5,t_cell,0.226,19.0,0.6259,True,0.0821,23.0,0.7277,True,True
immune_tam,nerve_c19,CALM1,PDE1C,1.7225175,0.0,2.9320095,1.806184128397232,1.3199764274104504,0.013162073,0.94052535,0.0798129958959578,0.0049473659508062,immune,nerve,immune-nerve,immune_to_nerve,nerve_c19,tam,0.9467,4.0,0.054,False,0.1165,25.0,0.7417,True,False
malignant,nerve_c3,NRXN1,NLGN1,1.722508,0.0,2.559123,1.0585507424578728,2.153626920736383,0.06815996,0.936605,0.0154015824094529,0.0049596431129977,tumor,nerve,nerve-tumor,tumor_to_nerve,nerve_c3,,0.3912,13.0,0.4608,True,,,,,True
nerve_c3,malignant,NLGN1,NRXN1,1.722508,0.0,2.559123,1.0585507424578728,2.153626920736383,0.06815996,0.936605,0.0154015824094529,0.0049596431129977,nerve,tumor,nerve-tumor,nerve_to_tumor,nerve_c3,,0.3912,13.0,0.4608,True,,,,,True
malignant,nerve_c15,CSF1,SIRPA,0.0831033,0.841,0.006485835,-0.1459465174206849,-0.2497072672896886,0.003022349,0.42652994,1.0,0.0049601404921932,tumor,nerve,nerve-tumor,tumor_to_nerve,nerve_c15,,0.9903,1.0,0.0149,False,,,,,False
malignant,nerve_c6,NCAM1,NCAM2,1.7221061,0.0,2.5954876,1.502284466211304,2.30924395812748,0.045707095,0.93702257,0.0188400973897321,0.0049719352404429,tumor,nerve,nerve-tumor,tumor_to_nerve,nerve_c6,,0.2107,18.0,0.6248,True,,,,,True
immune_nk_cell,nerve_c12,CALM1,GRM3,1.7220272,0.0,2.7296834,2.303098518044569,1.3994739453840097,0.0186564,0.9384937,0.0473190683495744,0.0049801380469311,immune,nerve,immune-nerve,immune_to_nerve,nerve_c12,nk_cell,0.8072,7.0,0.2013,False,0.0794,26.0,0.7523,True,False
immune_tam,nerve_c5,S100A4,ERBB3,1.7706631,0.0,2.015668,1.9022257856500673,1.848684336337848,0.015516558,0.92913777,0.015919798862499,0.0049965636099838,immune,nerve,immune-nerve,immune_to_nerve,nerve_c5,tam,0.226,19.0,0.6259,True,0.1165,25.0,0.7417,True,True
nerve_c13,immune_tam,TIMP1,CD63,1.7218072,0.0,2.7747567,0.4019458251758879,0.3568835996595374,0.032234672,0.9389647,0.0843908301946721,0.0049965636099838,nerve,immune,immune-nerve,nerve_to_immune,nerve_c13,tam,0.9595,1.0,0.0572,False,0.1165,25.0,0.7417,True,False
immune_tam,nerve_c9,GRN,SORT1,1.7214801,0.0,2.9631228,1.613821249163334,1.546965724545933,0.02273649,0.94081986,0.0388576513959165,0.0050047863659983,immune,nerve,immune-nerve,immune_to_nerve,nerve_c9,tam,0.8791,5.0,0.1446,False,0.1165,25.0,0.7417,True,False
immune_tam,nerve_c0,FN1,MAG,1.7209678,0.0,2.1432972,3.156991730737329,2.7161212913596957,0.042921264,0.9311325,4.950967167253987e-05,0.0050130157713051,immune,nerve,immune-nerve,immune_to_nerve,nerve_c0,tam,0.4029,19.0,0.5772,True,0.1165,25.0,0.7417,True,True
immune_tam,nerve_c10,S100A4,ERBB3,1.7701092,0.0,2.012534,1.9003854080891769,1.9196634685692475,0.015492434,0.9290865,0.0161083097021841,0.0050294953086088,immune,nerve,immune-nerve,immune_to_nerve,nerve_c10,tam,0.2572,14.0,0.5531,True,0.1165,25.0,0.7417,True,True
immune_microglia,nerve_c1,CALM1,PDE1C,1.7207564,0.0,2.7014747,1.9800123919885184,1.2405927339384597,0.0121271815,0.9381932,0.1078071755224999,0.0050294953086088,immune,nerve,immune-nerve,immune_to_nerve,nerve_c1,microglia,0.1983,17.0,0.5642,True,0.0187,44.0,0.9088,True,True
immune_dendritic,nerve_c11,CALM1,PDE1C,1.7190692,0.0,2.8104208,1.9070083383942305,1.3113901879132448,0.012616249,0.9393296,0.0815268902834768,0.0050625326053111,immune,nerve,immune-nerve,immune_to_nerve,nerve_c11,dendritic,0.1876,18.0,0.5976,True,0.0815,25.0,0.7859,True,True
nerve_c7,immune_t_cell,SPP1,ITGA4_ITGB1,1.9390659,0.0,2.0080812,0.6686455121342311,0.1034165186832145,0.020986903,0.92901355,0.376604487476556,0.0050625326053111,nerve,immune,immune-nerve,nerve_to_immune,nerve_c7,t_cell,0.1793,26.0,0.7072,True,0.0821,23.0,0.7277,True,True
immune_t_cell,nerve_neuron,CALM1,GRM5,1.7185524,0.0,2.8230865,2.880809487826277,1.732555073606933,0.12089762,0.93945765,0.0002675959839206,0.0050708085485924,immune,nerve,immune-nerve,immune_to_nerve,nerve_neuron,t_cell,0.4,10.0,0.5084,True,0.0821,23.0,0.7277,True,True
nerve_c9,immune_t_cell,SPP1,PTGER4,2.0732684,0.0,2.0072253,0.5510203017671091,-0.0262003967872619,0.020056562,0.9289995,0.4069164897766191,0.0050873803761572,nerve,immune,immune-nerve,nerve_to_immune,nerve_c9,t_cell,0.8791,5.0,0.1446,False,0.0821,23.0,0.7277,True,False
nerve_c10,malignant,IL1RAPL1,PTPRS,2.1591518,0.0,2.0069845,2.141586831200423,2.7524256305507215,0.06484963,0.9289955,0.0028067191253142,0.0050956770448342,nerve,tumor,nerve-tumor,nerve_to_tumor,nerve_c10,,0.2572,14.0,0.5531,True,,,,,True
immune_tam,nerve_c2,HBEGF,CD9,1.7168033,0.0,2.2191508,1.42061865111049,1.629597631992071,0.043613747,0.93223923,0.0230823028261365,0.0051039795754638,immune,nerve,immune-nerve,immune_to_nerve,nerve_c2,tam,0.25,13.0,0.5666,True,0.1165,25.0,0.7417,True,True
nerve_c2,immune_tam,TF,TFRC,1.9180056,0.0,2.0065327,2.753833371038117,2.280078534336182,0.023746246,0.9289881,0.0008092435796157,0.0051122887520858,nerve,immune,immune-nerve,nerve_to_immune,nerve_c2,tam,0.25,13.0,0.5666,True,0.1165,25.0,0.7417,True,True
nerve_c21,malignant,NCAM1,PTPRZ1,1.7167964,0.0,2.4460602,0.7756329594427627,2.111473134365366,0.022385964,0.9352502,0.0432774260187414,0.0051122887520858,nerve,tumor,nerve-tumor,nerve_to_tumor,nerve_c21,,0.8488,6.0,0.1222,False,,,,,False
immune_tam,nerve_c12,JAG1,NOTCH4,0.08301611,0.128,0.006535125,0.0594900823914282,-0.0403283092651518,0.015424262,0.42745605,1.0,0.0051371873997149,immune,nerve,immune-nerve,immune_to_nerve,nerve_c12,tam,0.8072,7.0,0.2013,False,0.1165,25.0,0.7417,True,False
immune_nk_cell,nerve_c17,CALM1,PDE1C,1.7146122,0.0,2.696946,1.4225226054806848,1.14252084288907,0.012106851,0.93814456,0.1518242346483649,0.0051372561551569,immune,nerve,immune-nerve,immune_to_nerve,nerve_c17,nk_cell,0.6072,12.0,0.3472,False,0.0794,26.0,0.7523,True,False
immune_tam,nerve_c5,FN1,MAG,1.7134953,0.0,2.1310976,3.1405014037929826,2.679966501079367,0.042676955,0.9309492,6.0942890847771026e-05,0.005145591912999,immune,nerve,immune-nerve,immune_to_nerve,nerve_c5,tam,0.226,19.0,0.6259,True,0.1165,25.0,0.7417,True,True
nerve_c2,immune_microglia,MIF,CD74_CXCR4,1.7132401,0.0,2.630532,0.7718640821814338,1.1027775930463035,0.014864047,0.93741715,0.1111835223571675,0.0051539343154587,nerve,immune,immune-nerve,nerve_to_immune,nerve_c2,microglia,0.25,13.0,0.5666,True,0.0187,44.0,0.9088,True,True
nerve_c14,malignant,VCAN,EGFR,1.7130421,0.0,2.913841,1.1641027046442476,2.8635724550785753,0.1535658,0.94035125,0.0025208442532138,0.0051622833622611,nerve,tumor,nerve-tumor,nerve_to_tumor,nerve_c14,,0.4198,6.0,0.3596,True,,,,,True
nerve_c3,immune_microglia,LRP1B,PLAUR,1.7126014,0.0,2.584901,1.077867465020631,1.707719379047071,0.02523211,0.93690187,0.0432774260187414,0.005170639843731,nerve,immune,immune-nerve,nerve_to_immune,nerve_c3,microglia,0.3912,13.0,0.4608,True,0.0187,44.0,0.9088,True,True
nerve_c5,immune_microglia,SPP1,CD44,2.2107368,0.0,1.9998283,0.28425705018098,-0.3974268354340555,0.00659911,0.9288776,1.0,0.0051790021790221,nerve,immune,immune-nerve,nerve_to_immune,nerve_c5,microglia,0.226,19.0,0.6259,True,0.0187,44.0,0.9088,True,True
malignant,immune_t_cell,APP,CD74,1.7120353,0.0,2.6928194,0.2936230948120624,-0.1123156592723271,0.0027940196,0.9381001,1.0,0.0051790021790221,tumor,immune,immune-tumor,tumor_to_immune,,t_cell,,,,,0.0821,23.0,0.7277,True,True
nerve_c15,immune_nk_cell,HMGB1,CXCR4,1.7113371,0.004,2.6989748,0.3775601840700219,0.193493671636374,0.009978677,0.9381664,0.7890102990574948,0.0051957467798822,nerve,immune,immune-nerve,nerve_to_immune,nerve_c15,nk_cell,0.9903,1.0,0.0149,False,0.0794,26.0,0.7523,True,False
nerve_neuron,malignant,NRG3,EGFR,1.7102456,0.0,2.9050639,2.4001025246210217,3.921208706392009,0.39165828,0.9402666,9.523840808430367e-06,0.0052125179526134,nerve,tumor,nerve-tumor,nerve_to_tumor,nerve_neuron,,0.4,10.0,0.5084,True,,,,,True
nerve_c7,immune_microglia,SPP1,ITGAV_ITGB1,1.937436,0.0,1.9974456,0.2562190419421786,-0.3187817951363051,0.020650214,0.9288382,1.0,0.0052293156950157,nerve,immune,immune-nerve,nerve_to_immune,nerve_c7,microglia,0.1793,26.0,0.7072,True,0.0187,44.0,0.9088,True,True
malignant,nerve_c22,PTN,PTPRZ1,1.7098103,0.0,2.580577,0.5346064700731132,1.5787171517881364,0.05648957,0.9368524,0.0432774260187414,0.0052293156950157,tumor,nerve,nerve-tumor,tumor_to_nerve,nerve_c22,,0.2879,24.0,0.4767,True,,,,,True
immune_dendritic,nerve_c19,APOE,ABCA1,1.7094976,0.0,2.7687724,0.6934690767414082,0.3358654897363569,0.017736074,0.9389028,0.097279789376684,0.0052461408011438,immune,nerve,immune-nerve,immune_to_nerve,nerve_c19,dendritic,0.9467,4.0,0.054,False,0.0815,25.0,0.7859,True,False
nerve_c10,malignant,IL1RAPL1,PTPRD,2.1574304,0.0,1.9939419,2.0380318629386016,2.382783713393598,0.06953589,0.9287802,0.0019118955466351,0.0052714270770356,nerve,tumor,nerve-tumor,nerve_to_tumor,nerve_c10,,0.2572,14.0,0.5531,True,,,,,True
nerve_c17,immune_tam,TIMP2,CD44,1.7077341,0.0,2.9163554,1.374869083829771,1.3838075412879334,0.026548926,0.94037545,0.0432774260187414,0.00528831779722,nerve,immune,immune-nerve,nerve_to_immune,nerve_c17,tam,0.6072,12.0,0.3472,False,0.1165,25.0,0.7417,True,False
nerve_c17,immune_microglia,SPP1,CD44,2.2035625,0.0,1.9924895,0.2808414583874459,-0.4887477953131118,0.0065748934,0.92875606,1.0,0.0052967731173642,nerve,immune,immune-nerve,nerve_to_immune,nerve_c17,microglia,0.6072,12.0,0.3472,False,0.0187,44.0,0.9088,True,False
malignant,nerve_c15,HEBP1,GRM7,0.08362756,0.242,0.0065514734,-0.0192146426397783,-0.1302796669713862,0.002498633,0.42776185,1.0,0.0053142273298726,tumor,nerve,nerve-tumor,tumor_to_nerve,nerve_c15,,0.9903,1.0,0.0149,False,,,,,False
nerve_c17,immune_dendritic,MIF,CD74_CXCR4,1.7065626,0.0,2.896564,0.7275441426304563,0.7728080186841539,0.016367283,0.94018424,0.0781854146965986,0.0053221797166119,nerve,immune,immune-nerve,nerve_to_immune,nerve_c17,dendritic,0.6072,12.0,0.3472,False,0.0815,25.0,0.7859,True,False
nerve_c15,immune_t_cell,VCAN,CD44,1.7056396,0.0,2.7786176,1.2758051501225114,1.4823430280643255,0.052735277,0.93900454,0.0092305918172107,0.0053306615944065,nerve,immune,immune-nerve,nerve_to_immune,nerve_c15,t_cell,0.9903,1.0,0.0149,False,0.0821,23.0,0.7277,True,False
nerve_c22,immune_microglia,TIMP1,CD63,1.7051122,0.0,2.8525672,0.4041079645367276,0.838828134823828,0.033138603,0.9397524,0.0641399045687116,0.0053391501107691,nerve,immune,immune-nerve,nerve_to_immune,nerve_c22,microglia,0.2879,24.0,0.4767,True,0.0187,44.0,0.9088,True,True
immune_tam,nerve_c10,CALM1,PDE1C,1.704937,0.0,2.878027,1.7712623154222784,1.428955124096892,0.012919741,0.94000345,0.0541769688364469,0.005347645265425,immune,nerve,immune-nerve,immune_to_nerve,nerve_c10,tam,0.2572,14.0,0.5531,True,0.1165,25.0,0.7417,True,True
malignant,nerve_c14,PTN,PTPRS,1.7042587,0.0,2.5550907,1.1974810821631898,2.539608006423215,0.07568435,0.9365581,0.0075832897139537,0.0053731705564019,tumor,nerve,nerve-tumor,tumor_to_nerve,nerve_c14,,0.4198,6.0,0.3596,True,,,,,True
nerve_c9,immune_t_cell,COPA,CD74,1.7034084,0.0,2.6548584,0.5844857296452679,-0.2634595315771308,0.009950248,0.9376866,1.0,0.0053987563896751,nerve,immune,immune-nerve,nerve_to_immune,nerve_c9,t_cell,0.8791,5.0,0.1446,False,0.0821,23.0,0.7277,True,False
immune_t_cell,nerve_c3,HSPA8,LRP2,1.7030215,0.0,2.8521633,2.930809574181674,1.75883859206306,0.02234935,0.9397484,0.0136320332834091,0.0054072980053116,immune,nerve,immune-nerve,immune_to_nerve,nerve_c3,t_cell,0.3912,13.0,0.4608,True,0.0821,23.0,0.7277,True,True
immune_t_cell,nerve_c3,CALM1,INSR,1.6988089,0.0,2.7409706,1.3632370549916637,1.2483179366776769,0.01760927,0.9386127,0.0587258792414813,0.0054501056193955,immune,nerve,immune-nerve,immune_to_nerve,nerve_c3,t_cell,0.3912,13.0,0.4608,True,0.0821,23.0,0.7277,True,True
immune_t_cell,nerve_c3,CALM1,PTPRA,1.6980546,0.0,2.7378335,0.8956961223994124,0.947046427034396,0.016146503,0.93857974,0.0826771468997732,0.0054586870474677,immune,nerve,immune-nerve,immune_to_nerve,nerve_c3,t_cell,0.3912,13.0,0.4608,True,0.0821,23.0,0.7277,True,True
malignant,immune_nk_cell,LGALS1,PTPRC,1.6973774,0.0,2.6896448,0.5825553115140683,0.7335170397029973,0.019265868,0.9380659,0.0432774260187414,0.0054672751099835,tumor,immune,immune-tumor,tumor_to_immune,,nk_cell,,,,,0.0794,26.0,0.7523,True,True
nerve_c22,immune_nk_cell,HMGB1,CXCR4,1.6970708,0.0,2.636471,0.3641796695181195,0.5650811651654215,0.009747587,0.93748325,0.4574954689566651,0.005484471951078,nerve,immune,immune-nerve,nerve_to_immune,nerve_c22,nk_cell,0.2879,24.0,0.4767,True,0.0794,26.0,0.7523,True,True
nerve_c2,malignant,CALM1,PTPRA,1.6970719,0.0,1.9748421,0.7459889071314082,0.9749169174327964,0.023117863,0.9284612,0.0432774260187414,0.005493079915902,nerve,tumor,nerve-tumor,nerve_to_tumor,nerve_c2,,0.25,13.0,0.5666,True,,,,,True
nerve_c13,immune_t_cell,VIM,CD44,1.6967418,0.0,2.754696,0.4359167707579541,0.899180547440899,0.02909859,0.93875647,0.0488287681496559,0.0055016945140697,nerve,immune,immune-nerve,nerve_to_immune,nerve_c13,t_cell,0.9595,1.0,0.0572,False,0.0821,23.0,0.7277,True,False
malignant,nerve_c19,CALM1,PDE1C,1.6965477,0.0,2.8328173,1.783029223816644,1.553015801325897,0.012816834,0.9395554,0.0336762387485831,0.005510315745306,tumor,nerve,nerve-tumor,tumor_to_nerve,nerve_c19,,0.9467,4.0,0.054,False,,,,,False
nerve_c22,immune_t_cell,SPP1,ITGA4_ITGB1,1.9106927,0.0,1.9731553,0.6551334692357367,0.5586245257348514,0.020621883,0.9284328,0.0432774260187414,0.005510315745306,nerve,immune,immune-nerve,nerve_to_immune,nerve_c22,t_cell,0.2879,24.0,0.4767,True,0.0821,23.0,0.7277,True,True
immune_dendritic,malignant,S100A4,EGFR,1.6962633,0.0,2.86118,0.7879111846582225,2.5104887317503755,0.04913499,0.9398377,0.0432774260187414,0.005518943609336,immune,tumor,immune-tumor,immune_to_tumor,,dendritic,,,,,0.0815,25.0,0.7859,True,True
immune_tam,nerve_c4,CALM1,PDE1C,1.6958845,0.0,2.850231,1.7532804667128843,1.2765556807717138,0.012794962,0.9397292,0.0930678064153098,0.0055275781058847,immune,nerve,immune-nerve,immune_to_nerve,nerve_c4,tam,0.1409,18.0,0.5987,True,0.1165,25.0,0.7417,True,True
nerve_c11,immune_dendritic,LAMA2,RPSA,1.6935787,0.0,2.1303496,1.1230721563516364,1.2850980860908074,0.038707975,0.93093795,0.0393294639468631,0.0055448669954384,nerve,immune,immune-nerve,nerve_to_immune,nerve_c11,dendritic,0.1876,18.0,0.5976,True,0.0815,25.0,0.7859,True,True
immune_microglia,nerve_c2,C1QB,C1QBP,1.8620232,0.0,1.9692117,0.578225633902998,2.089992954728862,0.045378093,0.9283663,0.0432774260187414,0.0055448669954384,immune,nerve,immune-nerve,immune_to_nerve,nerve_c2,microglia,0.25,13.0,0.5666,True,0.0187,44.0,0.9088,True,True
nerve_c14,malignant,BCAN,EGFR,1.6913717,0.0,2.8458276,1.11597785689497,2.8306633639199843,0.24818353,0.9396854,0.0002031006775721,0.005579525173404,nerve,tumor,nerve-tumor,nerve_to_tumor,nerve_c14,,0.4198,6.0,0.3596,True,,,,,True
nerve_c15,immune_microglia,LAMB1,ITGA6_ITGB1,0.09249762,0.335,0.0065928665,0.0032312545093952,-0.0208783129448467,0.010531409,0.42853287,1.0,0.0055797736196331,nerve,immune,immune-nerve,nerve_to_immune,nerve_c15,microglia,0.9903,1.0,0.0149,False,0.0187,44.0,0.9088,True,False
nerve_c15,immune_microglia,LAMC1,ITGA6_ITGB1,0.09249762,0.518,0.0065928665,-0.0551879478731535,-0.0950100676048743,0.00551145,0.42853287,1.0,0.0055797736196331,nerve,immune,immune-nerve,nerve_to_immune,nerve_c15,microglia,0.9903,1.0,0.0149,False,0.0187,44.0,0.9088,True,False
nerve_c13,immune_nk_cell,PTN,NCL,1.6907854,0.0,2.7372682,0.6887018975284911,0.9310855075339955,0.0153609095,0.9385738,0.098841544883446,0.0055968936379383,nerve,immune,immune-nerve,nerve_to_immune,nerve_c13,nk_cell,0.9595,1.0,0.0572,False,0.0794,26.0,0.7523,True,False
malignant,immune_dendritic,COPA,CD74,2.455071,0.0,1.9665947,0.5620725471299981,0.8185449917476405,0.0048110555,0.9283221,0.4069164897766191,0.0056055878154089,tumor,immune,immune-tumor,tumor_to_immune,,dendritic,,,,,0.0815,25.0,0.7859,True,True
immune_nk_cell,nerve_c1,CALM1,INSR,1.6901562,0.0,2.5889723,1.2812928378631276,1.2425784051562183,0.016632764,0.9369484,0.0737687922265877,0.0056229960593821,immune,nerve,immune-nerve,immune_to_nerve,nerve_c1,nk_cell,0.1983,17.0,0.5642,True,0.0794,26.0,0.7523,True,True
malignant,nerve_neuron,BCAN,NRCAM,1.6899054,0.0,2.5273898,1.2670888838359358,2.3205243654930374,0.1727715,0.9362335,0.0015781393462416,0.0056317109498292,tumor,nerve,nerve-tumor,tumor_to_nerve,nerve_neuron,,0.4,10.0,0.5084,True,,,,,True
nerve_c22,immune_microglia,SPP1,ITGAV_ITGB1,1.9090627,0.0,1.9627045,0.2427069990436842,0.1364262119153317,0.020291049,0.92825615,0.3183106804538253,0.0056404316453529,nerve,immune,immune-nerve,nerve_to_immune,nerve_c22,microglia,0.2879,24.0,0.4767,True,0.0187,44.0,0.9088,True,True
immune_microglia,nerve_c11,PSAP,GPR37,1.6896021,0.0,2.4158554,1.6608130285021545,1.8728716104080283,0.018140184,0.934873,0.0339455442438708,0.0056491589695456,immune,nerve,immune-nerve,immune_to_nerve,nerve_c11,microglia,0.1876,18.0,0.5976,True,0.0187,44.0,0.9088,True,True
immune_microglia,nerve_c17,C1QB,C1QBP,1.8609135,0.0,1.9623626,0.5765800323677749,2.031576873515189,0.045220263,0.9282504,0.0432774260187414,0.0056578929221324,immune,nerve,immune-nerve,immune_to_nerve,nerve_c17,microglia,0.6072,12.0,0.3472,False,0.0187,44.0,0.9088,True,False
nerve_c7,immune_nk_cell,SPP1,ITGA4_ITGB1,1.9317496,0.0,1.9603406,0.6534828376406006,-0.0257612939239332,0.020487955,0.92821604,0.4069164897766191,0.0056753807113884,nerve,immune,immune-nerve,nerve_to_immune,nerve_c7,nk_cell,0.1793,26.0,0.7072,True,0.0794,26.0,0.7523,True,True
nerve_c7,immune_t_cell,HLA-A,CD8B,1.6885818,0.0,1.9992452,1.0067188366404496,1.0684765254071444,0.06644271,0.928868,0.0202239509826041,0.0056753807113884,nerve,immune,immune-nerve,nerve_to_immune,nerve_c7,t_cell,0.1793,26.0,0.7072,True,0.0821,23.0,0.7277,True,True
immune_tam,nerve_c12,S100A4,ERBB3,1.7607136,0.0,1.9593782,1.8691707103046244,1.6380926389984585,0.015083242,0.92819965,0.0233740725768325,0.0056841345475077,immune,nerve,immune-nerve,immune_to_nerve,nerve_c12,tam,0.8072,7.0,0.2013,False,0.1165,25.0,0.7417,True,False
nerve_c2,immune_nk_cell,MIF,CD44_CD74,1.6882749,0.0,2.5174286,0.891373886818584,1.1765800307332102,0.02017311,0.93611556,0.0432774260187414,0.0056841345475077,nerve,immune,immune-nerve,nerve_to_immune,nerve_c2,nk_cell,0.25,13.0,0.5666,True,0.0794,26.0,0.7523,True,True
nerve_c0,immune_t_cell,SPP1,PTGER4,2.0280724,0.0,1.9566425,0.5294983881637844,-0.0340052651592515,0.01955113,0.9281531,0.4069164897766191,0.0056928950109212,nerve,immune,immune-nerve,nerve_to_immune,nerve_c0,t_cell,0.4029,19.0,0.5772,True,0.0821,23.0,0.7277,True,True
nerve_c19,immune_tam,PSEN1,CD44,1.6880164,0.0,2.8489883,1.7873163905513758,1.7937055355616591,0.023253832,0.9397169,0.0233740725768325,0.0057016621013539,nerve,immune,immune-nerve,nerve_to_immune,nerve_c19,tam,0.9467,4.0,0.054,False,0.1165,25.0,0.7417,True,False
immune_t_cell,nerve_c4,CALM1,GRM3,1.686904,0.0,2.6914563,2.341149867746309,1.5339301129639795,0.01839513,0.93808544,0.0362754630626055,0.0057192169929402,immune,nerve,immune-nerve,immune_to_nerve,nerve_c4,t_cell,0.1409,18.0,0.5987,True,0.0821,23.0,0.7277,True,True
immune_t_cell,nerve_c19,HSPA8,LRP2,1.6846223,0.0,2.7814226,2.8632669629085785,1.8206948853820992,0.02179503,0.93903345,0.010455832488175,0.0057367975597942,immune,nerve,immune-nerve,immune_to_nerve,nerve_c19,t_cell,0.9467,4.0,0.054,False,0.0821,23.0,0.7277,True,False
immune_microglia,nerve_c6,APOE,SORL1,2.1914556,0.0,1.9533516,0.3572654136922671,1.5682738523957198,0.018297305,0.92809695,0.0951054339061571,0.0057367975597942,immune,nerve,immune-nerve,immune_to_nerve,nerve_c6,microglia,0.2107,18.0,0.6248,True,0.0187,44.0,0.9088,True,True
immune_t_cell,nerve_c3,CALM1,GRM3,1.6840855,0.0,2.6797338,2.3318569011514887,1.4929017957388124,0.018315012,0.93795854,0.0426801250930852,0.0057544046292257,immune,nerve,immune-nerve,immune_to_nerve,nerve_c3,t_cell,0.3912,13.0,0.4608,True,0.0821,23.0,0.7277,True,True
nerve_c9,immune_t_cell,HLA-A,CD8A,1.6839046,0.0,2.4785748,0.9666714960181992,1.0361412245627373,0.052624572,0.93564886,0.0245153177558383,0.0057632181017205,nerve,immune,immune-nerve,nerve_to_immune,nerve_c9,t_cell,0.8791,5.0,0.1446,False,0.0821,23.0,0.7277,True,False
immune_tam,nerve_c15,SPP1,ITGAV_ITGB1,1.6839019,0.058,2.2656257,0.2400918226687358,-0.0225455448157918,0.016056597,0.93289095,1.0,0.0057720381990348,immune,nerve,immune-nerve,immune_to_nerve,nerve_c15,tam,0.9903,1.0,0.0149,False,0.1165,25.0,0.7417,True,False
nerve_c9,immune_tam,JAM3,ITGB1,1.6835126,0.0,2.0724466,2.541048745272573,1.918896561233624,0.023512462,0.93004686,0.006393849862446,0.0057808649208935,nerve,immune,immune-nerve,nerve_to_immune,nerve_c9,tam,0.8791,5.0,0.1446,False,0.1165,25.0,0.7417,True,False
immune_tam,nerve_c3,LGALS9,PTPRK,1.8870763,0.0,1.9467735,2.4265630573206463,2.1064057679634423,0.028593814,0.9279843,0.0022512643714136,0.0058073856680158,immune,nerve,immune-nerve,immune_to_nerve,nerve_c3,tam,0.3912,13.0,0.4608,True,0.1165,25.0,0.7417,True,True
immune_tam,nerve_c6,PSAP,GPR37,1.6818441,0.0,1.9873464,1.381317526767325,1.3064105448985663,0.014922597,0.9286705,0.0830528797889471,0.0058428382775869,immune,nerve,immune-nerve,immune_to_nerve,nerve_c6,tam,0.2107,18.0,0.6248,True,0.1165,25.0,0.7417,True,True
immune_microglia,nerve_c5,SPP1,ITGAV_ITGB1,2.2627156,0.0,1.9440019,0.3582100227046167,1.7949831523322874,0.012945698,0.9279367,0.1845444620530295,0.0058428382775869,immune,nerve,immune-nerve,immune_to_nerve,nerve_c5,microglia,0.226,19.0,0.6259,True,0.0187,44.0,0.9088,True,True
immune_dendritic,nerve_c12,SEMA7A,PLXNC1,0.08529657,0.93,0.0066029923,0.0817253273945044,-0.0749868889563405,0.027724333,0.4287208,1.0,0.0058453042111597,immune,nerve,immune-nerve,immune_to_nerve,nerve_c12,dendritic,0.8072,7.0,0.2013,False,0.0815,25.0,0.7859,True,False
immune_tam,nerve_c9,SPP1,ITGAV_ITGB1,1.6817186,0.0,2.2549765,0.2600400243729524,-0.1719823012854608,0.0150165735,0.9327433,1.0,0.0058517179865288,immune,nerve,immune-nerve,immune_to_nerve,nerve_c9,tam,0.8791,5.0,0.1446,False,0.1165,25.0,0.7417,True,False
nerve_c20,immune_t_cell,SPP1,ITGA4_ITGB1,1.8830631,0.0,1.9391448,0.6419759563382674,0.1711665405804907,0.020266434,0.927853,0.2633150576258152,0.0058783976867125,nerve,immune,immune-nerve,nerve_to_immune,nerve_c20,t_cell,0.3415,15.0,0.5197,True,0.0821,23.0,0.7277,True,True
immune_t_cell,nerve_neuron,CALM1,RYR2,1.6804004,0.0,2.6644065,2.493666969523226,1.989955644411698,0.045175083,0.9377914,0.0045285741239314,0.0058873038829096,immune,nerve,immune-nerve,immune_to_nerve,nerve_neuron,t_cell,0.4,10.0,0.5084,True,0.0821,23.0,0.7277,True,True
immune_tam,nerve_c9,S100A4,ERBB3,1.756887,0.0,1.9377286,1.856457137572052,1.6215747752902046,0.014916583,0.92782855,0.0253913800668532,0.0059051361379383,immune,nerve,immune-nerve,immune_to_nerve,nerve_c9,tam,0.8791,5.0,0.1446,False,0.1165,25.0,0.7417,True,False
nerve_c22,immune_tam,LGALS1,PTPRC,1.6802871,0.0,2.6905453,0.4858001443036711,0.79324649092323,0.02252982,0.9380756,0.0432774260187414,0.0059051361379383,nerve,immune,immune-nerve,nerve_to_immune,nerve_c22,tam,0.2879,24.0,0.4767,True,0.1165,25.0,0.7417,True,True
nerve_c7,immune_nk_cell,LGALS1,PTPRC,1.6801252,0.0,2.6159804,0.5699790817170973,0.5348916114659061,0.021905435,0.93725425,0.0432774260187414,0.0059140621962199,nerve,immune,immune-nerve,nerve_to_immune,nerve_c7,nk_cell,0.1793,26.0,0.7072,True,0.0794,26.0,0.7523,True,True
malignant,immune_t_cell,PTN,NCL,1.6799653,0.0,2.443566,0.6234323295717958,2.0348386707605144,0.004695812,0.9352193,0.1881691919405522,0.0059229948746463,tumor,immune,immune-tumor,tumor_to_immune,,t_cell,,,,,0.0821,23.0,0.7277,True,True
immune_tam,nerve_c3,NAMPT,INSR,1.6799384,0.0,2.6912265,1.597268379752684,1.5905735738499525,0.030798445,0.93808293,0.0408581869200211,0.0059319341729427,immune,nerve,immune-nerve,immune_to_nerve,nerve_c3,tam,0.3912,13.0,0.4608,True,0.1165,25.0,0.7417,True,True
malignant,nerve_c14,NCAM1,NCAM2,1.679581,0.0,2.5007675,1.4523005185823956,2.0799292639211937,0.044039052,0.9359167,0.0220327086977589,0.005940880090834,tumor,nerve,nerve-tumor,tumor_to_nerve,nerve_c14,,0.4198,6.0,0.3596,True,,,,,True
nerve_c19,immune_t_cell,CD22,PTPRC,1.6792581,0.0,2.5216758,2.890321960329123,2.0939553611910946,0.032196563,0.9361659,0.0024638359917724,0.0059498334750941,nerve,immune,immune-nerve,nerve_to_immune,nerve_c19,t_cell,0.9467,4.0,0.054,False,0.0821,23.0,0.7277,True,False
immune_microglia,nerve_c22,APOE,ABCA1,2.1886942,0.0,1.9319263,0.3901226562403478,1.610976369220208,0.012375443,0.92772806,0.2149285594991593,0.0059587926319764,immune,nerve,immune-nerve,immune_to_nerve,nerve_c22,microglia,0.2879,24.0,0.4767,True,0.0187,44.0,0.9088,True,True
nerve_c15,immune_nk_cell,PTN,NCL,1.6790953,0.001,2.7058864,0.6802491236298558,1.1714422036777012,0.015184801,0.9382405,0.7156879396163709,0.0059677584076287,nerve,immune,immune-nerve,nerve_to_immune,nerve_c15,nk_cell,0.9903,1.0,0.0149,False,0.0794,26.0,0.7523,True,False
nerve_c12,immune_microglia,SPP1,CD44,2.1432698,0.0,1.9308145,0.2521295665475206,-0.5052576641903759,0.0063713756,0.92770875,1.0,0.005976730801776,nerve,immune,immune-nerve,nerve_to_immune,nerve_c12,microglia,0.8072,7.0,0.2013,False,0.0187,44.0,0.9088,True,False
malignant,nerve_c10,CALM1,PDE1C,1.678967,0.0,2.780661,1.7481074108416903,1.661994498012339,0.012580859,0.9390256,0.0264597954226922,0.005976730801776,tumor,nerve,nerve-tumor,tumor_to_nerve,nerve_c10,,0.2572,14.0,0.5531,True,,,,,True
immune_microglia,nerve_c13,APOE,LRP1,2.1885285,0.0,1.9306412,0.4074746528568772,1.6112173362254016,0.050711542,0.92770576,0.0620225998408019,0.0059857098141433,immune,nerve,immune-nerve,immune_to_nerve,nerve_c13,microglia,0.9595,1.0,0.0572,False,0.0187,44.0,0.9088,True,False
nerve_c2,immune_tam,MIF,CD74_CXCR4,1.6788001,0.0,2.4745045,0.7437378493801217,0.744245877017516,0.013982401,0.9355994,0.1396786201750534,0.0059857098141433,nerve,immune,immune-nerve,nerve_to_immune,nerve_c2,tam,0.25,13.0,0.5666,True,0.1165,25.0,0.7417,True,True
immune_nk_cell,nerve_c19,CALM1,PTPRA,1.6785198,0.0,2.5375974,0.8347373294071179,0.9323932529797222,0.014965603,0.93635374,0.1083158602118058,0.0060036876924383,immune,nerve,immune-nerve,immune_to_nerve,nerve_c19,nk_cell,0.9467,4.0,0.054,False,0.0794,26.0,0.7523,True,False
nerve_c20,immune_microglia,SPP1,ITGAV_ITGB1,1.8814332,0.0,1.9288743,0.229549486146215,-0.2510317732390289,0.019941302,0.92767507,1.0,0.006012686557816,nerve,immune,immune-nerve,nerve_to_immune,nerve_c20,microglia,0.3415,15.0,0.5197,True,0.0187,44.0,0.9088,True,True
immune_dendritic,nerve_c15,SEMA4A,PLXNB3,0.09333962,0.009,0.006674023,0.5091912936812564,0.1127061088537905,0.024630599,0.4300316,0.8484742090346975,0.0060223162332774,immune,nerve,immune-nerve,immune_to_nerve,nerve_c15,dendritic,0.9903,1.0,0.0149,False,0.0815,25.0,0.7859,True,False
nerve_c10,immune_nk_cell,APP,CD74,1.6775354,0.0,2.8123262,0.4022411205838824,-0.3309456021309466,0.004470489,0.93934894,1.0,0.0060307049923391,nerve,immune,immune-nerve,nerve_to_immune,nerve_c10,nk_cell,0.2572,14.0,0.5531,True,0.0794,26.0,0.7523,True,True
nerve_c22,immune_nk_cell,SPP1,ITGA4_ITGB1,1.9033763,0.0,1.926245,0.639970794742106,0.4294467131277036,0.020131612,0.9276293,0.0527855825879911,0.006057780990567,nerve,immune,immune-nerve,nerve_to_immune,nerve_c22,nk_cell,0.2879,24.0,0.4767,True,0.0794,26.0,0.7523,True,True
immune_dendritic,nerve_c12,IL18,IL1RAPL1,1.7627577,0.0,1.9256119,1.5695291627874772,1.6243713892937772,0.019284245,0.92761827,0.0432774260187414,0.0060668195551668,immune,nerve,immune-nerve,immune_to_nerve,nerve_c12,dendritic,0.8072,7.0,0.2013,False,0.0815,25.0,0.7859,True,False
malignant,immune_t_cell,VIM,CD44,1.6762724,0.0,2.699663,0.4226229228093126,0.8849615390276458,0.015908416,0.9381738,0.0872344477523385,0.0060668195551668,tumor,immune,immune-tumor,tumor_to_immune,,t_cell,,,,,0.0821,23.0,0.7277,True,True
malignant,nerve_c17,NCAM1,FGFR2,1.6751256,0.0,2.4908435,2.744271681720965,2.3018877682844394,0.0600182,0.9357974,0.000658946492326,0.0060758647352369,tumor,nerve,nerve-tumor,tumor_to_nerve,nerve_c17,,0.6072,12.0,0.3472,False,,,,,False
nerve_c2,immune_t_cell,HLA-C,CD8A,1.6745124,0.0,2.4581664,1.068177455747159,1.267494434711218,0.066024445,0.93539953,0.0145066815411323,0.0060939749406883,nerve,immune,immune-nerve,nerve_to_immune,nerve_c2,t_cell,0.25,13.0,0.5666,True,0.0821,23.0,0.7277,True,True
nerve_c21,immune_microglia,RPS19,C5AR1,1.6744744,0.031,2.0219388,0.2256030072096325,0.3548624329365628,0.03399683,0.9292399,0.956501210449011,0.0061030408232073,nerve,immune,immune-nerve,nerve_to_immune,nerve_c21,microglia,0.8488,6.0,0.1222,False,0.0187,44.0,0.9088,True,False
immune_nk_cell,nerve_c6,CALM1,PDE1C,1.6743724,0.0,2.5192864,1.3425902560564469,1.398930643099633,0.01130932,0.9361376,0.0854176445704035,0.0061121124630345,immune,nerve,immune-nerve,immune_to_nerve,nerve_c6,nk_cell,0.2107,18.0,0.6248,True,0.0794,26.0,0.7523,True,True
malignant,nerve_c13,BCAN,NRCAM,1.6741438,0.0,2.4921827,1.2509400433374336,2.3919153047908015,0.17036475,0.93581355,0.0016316561607311,0.0061211907169572,tumor,nerve,nerve-tumor,tumor_to_nerve,nerve_c13,,0.9595,1.0,0.0572,False,,,,,False
immune_tam,nerve_c13,PSAP,SORT1,1.6724229,0.0,1.9383744,0.7477195604762084,0.8111539052314698,0.00846659,0.9278397,0.4069164897766191,0.0061484651605481,immune,nerve,immune-nerve,immune_to_nerve,nerve_c13,tam,0.9595,1.0,0.0572,False,0.1165,25.0,0.7417,True,False
malignant,nerve_c9,TIMP1,CD63,1.6722474,0.0,2.4256787,0.3451755778799892,0.4235212443481666,0.011226729,0.93499637,0.3005650620878029,0.0061575698681028,tumor,nerve,nerve-tumor,tumor_to_nerve,nerve_c9,,0.8791,5.0,0.1446,False,,,,,False
immune_t_cell,nerve_c10,CALM1,GRM3,1.670663,0.0,2.6239078,2.287611044641547,1.6357211528671416,0.01793346,0.9373432,0.0237142378341231,0.0061666811883781,immune,nerve,immune-nerve,immune_to_nerve,nerve_c10,t_cell,0.2572,14.0,0.5531,True,0.0821,23.0,0.7277,True,True
immune_microglia,malignant,C1QB,C1QBP,1.8538086,0.0,1.918513,0.5660455070953334,2.284294362227586,0.027232833,0.92749417,0.0432774260187414,0.006175799121099,immune,tumor,immune-tumor,immune_to_tumor,,microglia,,,,,0.0187,44.0,0.9088,True,True
malignant,nerve_c4,CALM1,PDE1C,1.6699147,0.0,2.7538054,1.7301255621322964,1.5095950546871604,0.012459353,0.93874717,0.0402348044428515,0.0061849245293075,tumor,nerve,nerve-tumor,tumor_to_nerve,nerve_c4,,0.1409,18.0,0.5987,True,,,,,True
nerve_c19,immune_tam,SPP1,CD44,1.6698078,0.024,2.7867773,0.3700776872514596,-1.000697593332606,0.0091959145,0.93908846,1.0,0.00619405568672,nerve,immune,immune-nerve,nerve_to_immune,nerve_c19,tam,0.9467,4.0,0.054,False,0.1165,25.0,0.7417,True,False
nerve_c15,immune_dendritic,IL23A,LILRB2,0.084387556,0.075,0.0067715547,0.2090331211102272,0.0459655208543871,0.074111916,0.43181047,0.6659846630984891,0.0061993212787185,nerve,immune,immune-nerve,nerve_to_immune,nerve_c15,dendritic,0.9903,1.0,0.0149,False,0.0815,25.0,0.7859,True,False
nerve_c19,immune_tam,JAM3,ITGB1,1.6696243,0.0,2.0499277,2.5132149202844434,2.027988485804425,0.023256978,0.9296906,0.0035314506455233,0.0062031934557532,nerve,immune,immune-nerve,nerve_to_immune,nerve_c19,tam,0.9467,4.0,0.054,False,0.1165,25.0,0.7417,True,False
immune_microglia,nerve_c13,APOE,LRP4,2.1864455,0.0,1.9144791,0.7418675079724156,1.994591302987659,0.02453593,0.92742336,0.0432774260187414,0.006212337836132,immune,nerve,immune-nerve,immune_to_nerve,nerve_c13,microglia,0.9595,1.0,0.0572,False,0.0187,44.0,0.9088,True,False
immune_tam,nerve_c19,GRN,SORT1,1.6691625,0.0,2.7809803,1.529614825205317,1.6399470801902185,0.021338884,0.93902886,0.0432774260187414,0.0062306464298269,immune,nerve,immune-nerve,immune_to_nerve,nerve_c19,tam,0.9467,4.0,0.054,False,0.1165,25.0,0.7417,True,False
immune_t_cell,nerve_neuron,CALM1,KCNQ3,1.6688112,0.0,2.616206,0.9888195232763544,1.17895983645916,0.089046896,0.93725675,0.0218681200091361,0.006239810642593,immune,nerve,immune-nerve,immune_to_nerve,nerve_neuron,t_cell,0.4,10.0,0.5084,True,0.0821,23.0,0.7277,True,True
immune_nk_cell,nerve_c19,CALM1,INSR,1.6687778,0.0,2.4945862,1.240380388833339,1.2225045958920553,0.016026383,0.93584245,0.0851082827403847,0.0062489814656049,immune,nerve,immune-nerve,immune_to_nerve,nerve_c19,nk_cell,0.9467,4.0,0.054,False,0.0794,26.0,0.7523,True,False
nerve_c2,immune_t_cell,HLA-A,CD8B,1.668717,0.0,1.9688319,0.9918138677783106,0.9737824434261024,0.06543196,0.92835987,0.0241518546669348,0.0062581588985876,nerve,immune,immune-nerve,nerve_to_immune,nerve_c2,t_cell,0.25,13.0,0.5666,True,0.0821,23.0,0.7277,True,True
nerve_c5,immune_tam,TF,TFRC,1.8424673,0.0,1.9121301,2.627048901221626,2.174337296757042,0.022629043,0.92738205,0.0014737541910328,0.0062581588985876,nerve,immune,immune-nerve,nerve_to_immune,nerve_c5,tam,0.226,19.0,0.6259,True,0.1165,25.0,0.7417,True,True
immune_tam,nerve_c2,S100A4,ERBB3,1.752189,0.0,1.9111505,1.8408488444287676,1.6850625747981414,0.014711985,0.92736477,0.0197095120118157,0.006276534462935,immune,nerve,immune-nerve,immune_to_nerve,nerve_c2,tam,0.25,13.0,0.5666,True,0.1165,25.0,0.7417,True,True
immune_microglia,nerve_c7,C1QB,C1QBP,1.8525469,0.0,1.9107255,0.5641731683190704,2.135668017272716,0.04403035,0.92735726,0.0432774260187414,0.0062857317248055,immune,nerve,immune-nerve,immune_to_nerve,nerve_c7,microglia,0.1793,26.0,0.7072,True,0.0187,44.0,0.9088,True,True
nerve_c11,immune_tam,COL4A5,CD44,1.6660869,0.0,2.7740648,2.540169931182255,1.994220049035332,0.028241,0.9389576,0.0044271742099814,0.0062949355955469,nerve,immune,immune-nerve,nerve_to_immune,nerve_c11,tam,0.1876,18.0,0.5976,True,0.1165,25.0,0.7417,True,True
immune_microglia,nerve_c2,TIMP1,CD63,1.824404,0.0,1.9055258,0.4280560691533545,0.1076384110042015,0.01049641,0.9272654,0.3706946795676302,0.0063502984654555,immune,nerve,immune-nerve,immune_to_nerve,nerve_c2,microglia,0.25,13.0,0.5666,True,0.0187,44.0,0.9088,True,True
nerve_c7,malignant,SPP1,CD44,1.9232051,0.0,1.9045851,0.1680749042926577,-0.5579200505557392,0.0052990145,0.9272488,1.0,0.006359548591219,nerve,tumor,nerve-tumor,nerve_to_tumor,nerve_c7,,0.1793,26.0,0.7072,True,,,,,True
nerve_c5,immune_t_cell,LGALS1,PTPRC,1.6640227,0.0,2.4538677,0.5675539520940884,0.7284830473563124,0.020547953,0.9353466,0.0432774260187414,0.0063688053236537,nerve,immune,immune-nerve,nerve_to_immune,nerve_c5,t_cell,0.226,19.0,0.6259,True,0.0821,23.0,0.7277,True,True
nerve_c9,immune_tam,FADD,TRADD,0.093389004,0.152,0.006800228,0.0040132884187394,-0.0333405011349778,0.0067423666,0.4323289,1.0,0.006376318824494,nerve,immune,immune-nerve,nerve_to_immune,nerve_c9,tam,0.8791,5.0,0.1446,False,0.1165,25.0,0.7417,True,False
immune_microglia,nerve_neuron,C1QB,LRP1,1.8504249,0.0,1.8976288,0.5238375173489039,2.0948301139136727,0.074047856,0.9271253,0.0432774260187414,0.006405898314604,immune,nerve,immune-nerve,immune_to_nerve,nerve_neuron,microglia,0.4,10.0,0.5084,True,0.0187,44.0,0.9088,True,True
immune_nk_cell,nerve_c9,CALM1,PTPRA,1.6630759,0.0,2.469412,0.8129136183646174,0.7476891875400681,0.014563478,0.9355373,0.1194257227961842,0.006405898314604,immune,nerve,immune-nerve,immune_to_nerve,nerve_c9,nk_cell,0.8791,5.0,0.1446,False,0.0794,26.0,0.7523,True,False
immune_microglia,nerve_c7,PSAP,GPR37,1.6621993,0.0,2.2869473,1.5821007946961636,1.7873441944828563,0.017172242,0.9331836,0.0427928820672332,0.0064337882945823,immune,nerve,immune-nerve,immune_to_nerve,nerve_c7,microglia,0.1793,26.0,0.7072,True,0.0187,44.0,0.9088,True,True
nerve_c13,immune_microglia,LRP1B,PLAUR,1.6604266,0.0,2.4677587,1.0314004548523728,2.0140936175481032,0.024088643,0.9355171,0.0432774260187414,0.0064430978711116,nerve,immune,immune-nerve,nerve_to_immune,nerve_c13,microglia,0.9595,1.0,0.0572,False,0.0187,44.0,0.9088,True,False
immune_t_cell,nerve_c17,S100A4,ERBB3,1.6600852,0.0,2.48639,2.348399755445678,1.770787630899716,0.019140165,0.93574363,0.0129429754027512,0.0064524140518372,immune,nerve,immune-nerve,immune_to_nerve,nerve_c17,t_cell,0.6072,12.0,0.3472,False,0.0821,23.0,0.7277,True,False
immune_t_cell,nerve_c9,HSPA8,LRP2,1.6599923,0.0,2.6867263,2.7728486580362897,1.6333516022955288,0.021052998,0.9380343,0.0239995000652376,0.0064617368364843,immune,nerve,immune-nerve,immune_to_nerve,nerve_c9,t_cell,0.8791,5.0,0.1446,False,0.0821,23.0,0.7277,True,False
nerve_c20,immune_nk_cell,SPP1,ITGA4_ITGB1,1.875747,0.0,1.893043,0.6268132818446369,0.0419887279733429,0.019784613,0.9270435,0.4069164897766191,0.0064710662247777,nerve,immune,immune-nerve,nerve_to_immune,nerve_c20,nk_cell,0.3415,15.0,0.5197,True,0.0794,26.0,0.7523,True,True
immune_tam,nerve_c0,HBEGF,CD9,1.6591566,0.0,2.1196039,1.3595704626840004,1.624939130056975,0.041657317,0.9307752,0.0288779175652642,0.0064804022164426,immune,nerve,immune-nerve,immune_to_nerve,nerve_c0,tam,0.4029,19.0,0.5772,True,0.1165,25.0,0.7417,True,True
nerve_c21,malignant,PTN,PTPRZ1,1.6591252,0.0,2.166373,0.4881247604622603,1.259064770079847,0.026812911,0.93147504,0.0432774260187414,0.0064897448112039,nerve,tumor,nerve-tumor,nerve_to_tumor,nerve_c21,,0.8488,6.0,0.1222,False,,,,,False
immune_microglia,nerve_c10,APOE,ABCA1,2.1833186,0.0,1.8902183,0.3837534767457008,1.6194852293922453,0.012108272,0.92699295,0.2324612842177184,0.0064990940087868,immune,nerve,immune-nerve,immune_to_nerve,nerve_c10,microglia,0.2572,14.0,0.5531,True,0.0187,44.0,0.9088,True,True
nerve_c11,immune_t_cell,SPP1,CD44,1.6591042,0.0,2.6535058,0.2605292580017408,-0.5555432242332855,0.008756139,0.9376717,1.0,0.0064990940087868,nerve,immune,immune-nerve,nerve_to_immune,nerve_c11,t_cell,0.1876,18.0,0.5976,True,0.0821,23.0,0.7277,True,True
malignant,nerve_c4,NCAM1,FGFR2,1.6581616,0.0,2.453058,2.7057767196217606,2.439215039829089,0.05910774,0.93533665,0.0002968518879698,0.0065178130971303,tumor,nerve,nerve-tumor,tumor_to_nerve,nerve_c4,,0.1409,18.0,0.5987,True,,,,,True
immune_t_cell,nerve_c12,CALM1,GRM3,1.6580582,0.0,2.5714824,2.2460590104261424,1.3698200913731453,0.017575152,0.93674785,0.0592191612539882,0.0065271821021522,immune,nerve,immune-nerve,immune_to_nerve,nerve_c12,t_cell,0.8072,7.0,0.2013,False,0.0821,23.0,0.7277,True,False
nerve_c20,immune_t_cell,MIF,CD44_CD74,1.6578822,0.0,2.6502204,0.8770443687156303,1.521511918034201,0.02123722,0.93763554,0.0432774260187414,0.0065365577088957,nerve,immune,immune-nerve,nerve_to_immune,nerve_c20,t_cell,0.3415,15.0,0.5197,True,0.0821,23.0,0.7277,True,True
nerve_c1,immune_dendritic,LAMA2,RPSA,1.6578337,0.0,1.9478663,1.0491755825474365,1.1766691543694296,0.035392296,0.9280031,0.0432774260187414,0.0065459399170858,nerve,immune,immune-nerve,nerve_to_immune,nerve_c1,dendritic,0.1983,17.0,0.5642,True,0.0815,25.0,0.7859,True,True
immune_dendritic,nerve_c9,SEMA4A,PLXNB3,0.094005436,0.0,0.006858434,0.5200939650225166,0.1163330005578242,0.02531117,0.4333751,0.3546090839907852,0.006553309917015,immune,nerve,immune-nerve,immune_to_nerve,nerve_c9,dendritic,0.8791,5.0,0.1446,False,0.0815,25.0,0.7859,True,False
nerve_c5,immune_tam,COPA,CD74,1.8709946,0.0,1.8826119,0.3540697189272589,0.275298339597555,0.007055916,0.9268564,0.8760493578581565,0.0065553287264476,nerve,immune,immune-nerve,nerve_to_immune,nerve_c5,tam,0.226,19.0,0.6259,True,0.1165,25.0,0.7417,True,True
immune_microglia,malignant,APOE,ABCA1,2.1821191,0.0,1.8809125,0.3823318466754699,1.5100301075791045,0.0044070394,0.9268258,0.59871399822786,0.006564724136706,immune,tumor,immune-tumor,immune_to_tumor,,microglia,,,,,0.0187,44.0,0.9088,True,True
nerve_c22,immune_microglia,APOE,SORL1,1.657781,0.031,2.195012,0.226801384074102,0.3582244534765526,0.041279007,0.931893,0.956501210449011,0.006564724136706,nerve,immune,immune-nerve,nerve_to_immune,nerve_c22,microglia,0.2879,24.0,0.4767,True,0.0187,44.0,0.9088,True,True
malignant,immune_dendritic,PTN,NCL,1.6573405,0.0,2.339702,0.5977089874301227,1.89384072087395,0.004496216,0.93389106,0.2740508798279811,0.0065835347588129,tumor,immune,immune-tumor,tumor_to_immune,,dendritic,,,,,0.0815,25.0,0.7859,True,True
immune_tam,nerve_neuron,CXCL8,GRM7,1.6563988,0.0,2.714046,2.9120728210189055,2.437091697825001,0.18900463,0.9383277,4.213814508011121e-06,0.006602372672639,immune,nerve,immune-nerve,immune_to_nerve,nerve_neuron,tam,0.4,10.0,0.5084,True,0.1165,25.0,0.7417,True,True
nerve_c22,immune_dendritic,LGALS1,PTPRC,1.6560562,0.0,2.5914533,0.4631566717616159,0.7552999840536405,0.021700054,0.9369767,0.0432774260187414,0.0066118010838804,nerve,immune,immune-nerve,nerve_to_immune,nerve_c22,dendritic,0.2879,24.0,0.4767,True,0.0815,25.0,0.7859,True,True
nerve_c1,immune_t_cell,COL4A5,CD44,1.6559281,0.0,2.6449666,2.792305686460947,1.9917237119581,0.026926735,0.9375775,0.0044904171529441,0.0066212360943686,nerve,immune,immune-nerve,nerve_to_immune,nerve_c1,t_cell,0.1983,17.0,0.5642,True,0.0821,23.0,0.7277,True,True
immune_microglia,nerve_c7,TIMP1,CD63,1.8020755,0.0,1.877323,0.4107034971516692,0.1189919537191016,0.010341058,0.926761,0.386774738982612,0.0066306777038286,immune,nerve,immune-nerve,immune_to_nerve,nerve_c7,microglia,0.1793,26.0,0.7072,True,0.0187,44.0,0.9088,True,True
immune_microglia,nerve_c11,CALM1,PDE1C,1.6554421,0.0,2.543242,1.8502693095698444,1.197917979036105,0.011416858,0.9364199,0.1247286803554759,0.0066401259119855,immune,nerve,immune-nerve,immune_to_nerve,nerve_c11,microglia,0.1876,18.0,0.5976,True,0.0187,44.0,0.9088,True,True
immune_microglia,nerve_c11,APOE,SORL1,2.1815596,0.0,1.8765697,0.3455713823775735,1.4780383425152797,0.01757808,0.9267474,0.1052361829375031,0.0066401259119855,immune,nerve,immune-nerve,immune_to_nerve,nerve_c11,microglia,0.1876,18.0,0.5976,True,0.0187,44.0,0.9088,True,True
immune_dendritic,nerve_c4,PSAP,SORT1,1.6552066,0.0,2.7071974,1.1810440794046302,0.8070764966918185,0.011824719,0.93825454,0.2520742883198156,0.0066495807185643,immune,nerve,immune-nerve,immune_to_nerve,nerve_c4,dendritic,0.1409,18.0,0.5987,True,0.0815,25.0,0.7859,True,True
immune_tam,nerve_c22,HLA-A,APLP2,1.6550713,0.0,1.8760719,0.1846593951333231,0.1025918822977394,0.014909003,0.9267384,0.3782137914493474,0.0066590421232901,immune,nerve,immune-nerve,immune_to_nerve,nerve_c22,tam,0.2879,24.0,0.4767,True,0.1165,25.0,0.7417,True,True
immune_tam,malignant,GRN,EGFR,1.6550007,0.0,2.731676,0.8712834418013773,2.600735905308873,0.051007215,0.93851477,0.031417367177129,0.0066685101258878,immune,tumor,immune-tumor,immune_to_tumor,,tam,,,,,0.1165,25.0,0.7417,True,True
malignant,nerve_c21,TIMP1,CD63,1.654939,0.0,2.3888686,0.3317231480124341,0.7058442852978155,0.01105636,0.93453014,0.3157219890179974,0.0066779847260825,tumor,nerve,nerve-tumor,tumor_to_nerve,nerve_c21,,0.8488,6.0,0.1222,False,,,,,False
immune_microglia,nerve_c22,SPP1,ITGAV_ITGB1,2.2541375,0.0,1.8746073,0.3162197654239657,1.848488206200396,0.01328543,0.92671186,0.1675664497456775,0.0066969546158356,immune,nerve,immune-nerve,immune_to_nerve,nerve_c22,microglia,0.2879,24.0,0.4767,True,0.0187,44.0,0.9088,True,True
nerve_c11,immune_tam,LRP1B,PLAUR,1.6545246,0.0,2.6980448,1.0684876884486385,1.307816946403957,0.026336543,0.93815637,0.0432774260187414,0.0066969546158356,nerve,immune,immune-nerve,nerve_to_immune,nerve_c11,tam,0.1876,18.0,0.5976,True,0.1165,25.0,0.7417,True,True
malignant,nerve_c11,NRXN1,NLGN1,1.6544821,0.0,2.4116666,1.001373867608674,2.2118806003713543,0.06423259,0.9348201,0.0206167073746976,0.0067111982281745,tumor,nerve,nerve-tumor,tumor_to_nerve,nerve_c11,,0.1876,18.0,0.5976,True,,,,,True
nerve_c11,malignant,NLGN1,NRXN1,1.6544821,0.0,2.4116666,1.001373867608674,2.2118806003713543,0.06423259,0.9348201,0.0206167073746976,0.0067111982281745,nerve,tumor,nerve-tumor,nerve_to_tumor,nerve_c11,,0.1876,18.0,0.5976,True,,,,,True
immune_tam,nerve_c12,APOE,ABCA1,1.6544778,0.0,2.7237914,0.4741959207356594,0.4023811031723751,0.017447935,0.9384313,0.0632500424169473,0.0067254575809311,immune,nerve,immune-nerve,immune_to_nerve,nerve_c12,tam,0.8072,7.0,0.2013,False,0.1165,25.0,0.7417,True,False
nerve_c17,immune_tam,PROS1,AXL,0.086921684,1.0,0.006872558,-0.2122492482735794,-0.3850927319560427,0.0019619938,0.43362764,1.0,0.0067302935101867,nerve,immune,immune-nerve,nerve_to_immune,nerve_c17,tam,0.6072,12.0,0.3472,False,0.1165,25.0,0.7417,True,False
nerve_c14,immune_tam,COPA,CD74,1.8695776,0.0,1.8737059,0.3519029575471927,0.2887811156407628,0.007022536,0.9266955,0.8342705653682988,0.0067349717615571,nerve,immune,immune-nerve,nerve_to_immune,nerve_c14,tam,0.4198,6.0,0.3596,True,0.1165,25.0,0.7417,True,True
nerve_c22,malignant,SPP1,CD44,1.8948319,0.002,1.8714592,0.1545628613941632,-0.1027120435041023,0.0052068504,0.92665476,1.0,0.0067730953406965,nerve,tumor,nerve-tumor,nerve_to_tumor,nerve_c22,,0.2879,24.0,0.4767,True,,,,,True
immune_microglia,nerve_neuron,IL18,IL1RAPL1,1.6519674,0.0,2.0854084,1.472383683219989,1.9685077077255304,0.020884546,0.9302494,0.0432774260187414,0.0067921962487155,immune,nerve,immune-nerve,immune_to_nerve,nerve_neuron,microglia,0.4,10.0,0.5084,True,0.0187,44.0,0.9088,True,True
nerve_neuron,immune_t_cell,HMGB1,CXCR4,1.651608,0.0,2.3519738,0.3170571939922232,0.4831425183410813,0.00869574,0.93405235,0.6188093266736024,0.0068017565938959,nerve,immune,immune-nerve,nerve_to_immune,nerve_neuron,t_cell,0.4,10.0,0.5084,True,0.0821,23.0,0.7277,True,True
immune_t_cell,nerve_c17,CALM1,PDE1C,1.6506431,0.0,2.5406423,1.3654830978622583,1.1128669888782057,0.011405189,0.9363895,0.1688461857103932,0.0068113235328237,immune,nerve,immune-nerve,immune_to_nerve,nerve_c17,t_cell,0.6072,12.0,0.3472,False,0.0821,23.0,0.7277,True,False
nerve_c17,immune_nk_cell,MIF,CD74_CXCR4,1.6504232,0.005,2.7190628,0.1938386426454995,-0.7949713438729633,0.00839526,0.93838114,1.0,0.0068208970652238,nerve,immune,immune-nerve,nerve_to_immune,nerve_c17,nk_cell,0.6072,12.0,0.3472,False,0.0794,26.0,0.7523,True,False
nerve_c9,immune_t_cell,MIF,CD74_CXCR4,1.6502972,0.0,2.4211547,0.0895976935788936,-0.8522943357932453,0.0074754516,0.9349396,1.0,0.0068304771908214,nerve,immune,immune-nerve,nerve_to_immune,nerve_c9,t_cell,0.8791,5.0,0.1446,False,0.0821,23.0,0.7277,True,False
malignant,nerve_c17,TIMP1,FGFR2,1.6499618,0.0,2.3782833,2.549422119537777,1.8542240280274096,0.015840013,0.9343942,0.008870064002038,0.0068400639093413,tumor,nerve,nerve-tumor,tumor_to_nerve,nerve_c17,,0.6072,12.0,0.3472,False,,,,,False
nerve_c11,immune_t_cell,HMGB1,CXCR4,1.6482496,0.0,2.3367627,0.3139075812872262,0.5530330548579239,0.008639501,0.93385226,0.6275608585990307,0.0068592580323244,nerve,immune,immune-nerve,nerve_to_immune,nerve_c11,t_cell,0.1876,18.0,0.5976,True,0.0821,23.0,0.7277,True,True
immune_nk_cell,nerve_c12,CALM1,PTPRA,1.648031,0.0,2.4029884,0.7916535535110795,0.7293476609711564,0.01417174,0.9347102,0.1319290956689711,0.0068688645285852,immune,nerve,immune-nerve,immune_to_nerve,nerve_c12,nk_cell,0.8072,7.0,0.2013,False,0.0794,26.0,0.7523,True,False
malignant,nerve_c14,NCAM1,PTPRZ1,1.6478503,0.0,2.4300907,0.7468482671635465,1.0998759099944948,0.08774282,0.9350516,0.0432774260187414,0.0068784776166686,tumor,nerve,nerve-tumor,tumor_to_nerve,nerve_c14,,0.4198,6.0,0.3596,True,,,,,True
immune_tam,malignant,VIM,CD44,1.8897806,0.0,1.8655618,0.4090476946882806,0.4205085677177004,0.012415647,0.9265474,0.212268346347493,0.0068784776166686,immune,tumor,immune-tumor,immune_to_tumor,,tam,,,,,0.1165,25.0,0.7417,True,True
nerve_neuron,immune_nk_cell,APP,CD74,1.6471541,0.0,2.7078176,0.368568266159087,-0.5508675425366254,0.0043043615,0.9382612,1.0,0.0068880972962995,nerve,immune,immune-nerve,nerve_to_immune,nerve_neuron,nk_cell,0.4,10.0,0.5084,True,0.0794,26.0,0.7523,True,True
nerve_c11,malignant,IL1RAPL1,PTPRS,2.0256293,0.0,1.8655176,1.995571852879104,2.80464562496842,0.060278554,0.92654663,0.0043404625005365,0.0068880972962995,nerve,tumor,nerve-tumor,nerve_to_tumor,nerve_c11,,0.1876,18.0,0.5976,True,,,,,True
nerve_c9,immune_t_cell,LGALS1,PTPRC,1.646744,0.0,2.376965,0.5549632541066938,0.5512374357525605,0.019903993,0.93437713,0.0432774260187414,0.0068977235672029,nerve,immune,immune-nerve,nerve_to_immune,nerve_c9,t_cell,0.8791,5.0,0.1446,False,0.0821,23.0,0.7277,True,False
immune_microglia,nerve_c9,VCL,ITGB5,0.087215915,1.0,0.0068819905,-0.0999625244678465,-0.1783562579775296,0.0048517394,0.43379614,1.0,0.0069072706503376,immune,nerve,immune-nerve,immune_to_nerve,nerve_c9,microglia,0.8791,5.0,0.1446,False,0.0187,44.0,0.9088,True,False
immune_microglia,nerve_c19,LGALS9,PTPRK,1.6827447,0.0,1.8638165,2.115635566429342,2.2658639917694487,0.027375357,0.9265156,0.0076072828524397,0.006926641924799,immune,nerve,immune-nerve,immune_to_nerve,nerve_c19,microglia,0.9467,4.0,0.054,False,0.0187,44.0,0.9088,True,False
nerve_c12,immune_t_cell,MIF,CD74_CXCR4,1.6463481,0.0,2.4037774,0.085923807977732,-0.8710060959304224,0.007421799,0.9347202,1.0,0.006926641924799,nerve,immune,immune-nerve,nerve_to_immune,nerve_c12,t_cell,0.8072,7.0,0.2013,False,0.0821,23.0,0.7277,True,False
immune_dendritic,nerve_c12,PSAP,SORT1,1.6451883,0.0,2.677646,1.164919250558052,0.6937887567413468,0.011695641,0.9379358,0.2612327593189695,0.0069459546950709,immune,nerve,immune-nerve,immune_to_nerve,nerve_c12,dendritic,0.8072,7.0,0.2013,False,0.0815,25.0,0.7859,True,False
nerve_c21,immune_tam,HSPA1A,TLR4,2.7616284,0.0,1.8619508,1.4270666779595924,2.133665598980418,0.10193313,0.9264815,0.0025125779569785,0.0069556205084586,nerve,immune,immune-nerve,nerve_to_immune,nerve_c21,tam,0.8488,6.0,0.1222,False,0.1165,25.0,0.7417,True,False
immune_microglia,malignant,C1QB,LRP1,1.844638,0.0,1.8619126,0.5158207392158553,2.174173868776601,0.044754308,0.92648077,0.0432774260187414,0.0069652929111941,immune,tumor,immune-tumor,immune_to_tumor,,microglia,,,,,0.0187,44.0,0.9088,True,True
nerve_c17,immune_tam,MIF,CD44_CD74,1.6445934,0.0,2.70063,0.8864743448216132,0.9712493642890448,0.021641172,0.93818414,0.0432774260187414,0.0069652929111941,nerve,immune,immune-nerve,nerve_to_immune,nerve_c17,tam,0.6072,12.0,0.3472,False,0.1165,25.0,0.7417,True,False
immune_nk_cell,nerve_c10,CALM1,INSR,1.6435239,0.0,2.3830895,1.1920498939272446,1.3253189080500063,0.015310077,0.934456,0.1000647801559222,0.0069749719030023,immune,nerve,immune-nerve,immune_to_nerve,nerve_c10,nk_cell,0.2572,14.0,0.5531,True,0.0794,26.0,0.7523,True,True
nerve_c22,malignant,MDK,PTPRZ1,1.6431692,0.0,2.0889914,0.8994287356087796,2.465155602209795,0.16304773,0.93030506,0.0019291736587099,0.0069846574836083,nerve,tumor,nerve-tumor,nerve_to_tumor,nerve_c22,,0.2879,24.0,0.4767,True,,,,,True
nerve_c9,immune_tam,TF,TFRC,1.8012296,0.0,1.8605942,2.5578309222444218,2.0200022043754045,0.022019142,0.92645663,0.0037373596384383,0.0070040484101138,nerve,immune,immune-nerve,nerve_to_immune,nerve_c9,tam,0.8791,5.0,0.1446,False,0.1165,25.0,0.7417,True,False
immune_microglia,nerve_c15,IL18,IL1RAPL1,1.6426651,0.0,2.0695999,1.4622110601183496,1.9992824429901312,0.020726226,0.9300021,0.0432774260187414,0.0070234656885109,immune,nerve,immune-nerve,immune_to_nerve,nerve_c15,microglia,0.9903,1.0,0.0149,False,0.0187,44.0,0.9088,True,False
immune_microglia,nerve_c20,PSAP,SORT1,1.6425014,0.0,2.1942842,0.8008407454750137,1.5965916488291514,0.009584374,0.93188244,0.4069164897766191,0.0070331851284757,immune,nerve,immune-nerve,immune_to_nerve,nerve_c20,microglia,0.3415,15.0,0.5197,True,0.0187,44.0,0.9088,True,True
immune_microglia,nerve_neuron,C3,GRM7,1.6424942,0.0,2.672768,2.792890607468843,2.833917217091714,0.23470488,0.9378828,6.874411867055991e-07,0.0070429102367171,immune,nerve,immune-nerve,immune_to_nerve,nerve_neuron,microglia,0.4,10.0,0.5084,True,0.0187,44.0,0.9088,True,True
immune_microglia,nerve_c14,APOE,SCARB1,2.1793144,0.0,1.8591505,0.7868493286593794,2.0599297029830765,0.05740934,0.92643017,0.0432774260187414,0.0070429102367171,immune,nerve,immune-nerve,immune_to_nerve,nerve_c14,microglia,0.4198,6.0,0.3596,True,0.0187,44.0,0.9088,True,True
nerve_c12,immune_t_cell,COPA,CD74,1.6419634,0.0,2.3844833,0.4905388559423878,-0.35654024989738,0.008936899,0.93447393,1.0,0.0070526419318315,nerve,immune,immune-nerve,nerve_to_immune,nerve_c12,t_cell,0.8072,7.0,0.2013,False,0.0821,23.0,0.7277,True,False
immune_microglia,nerve_c5,APOE,LRP2,2.1792295,0.0,1.8584919,1.205028569016636,2.1706580491820597,0.013150506,0.9264181,0.1273284662351416,0.0070526419318315,immune,nerve,immune-nerve,immune_to_nerve,nerve_c5,microglia,0.226,19.0,0.6259,True,0.0187,44.0,0.9088,True,True
nerve_c9,immune_t_cell,JAM3,ITGB1,1.6416615,0.0,1.8584783,2.485981969451387,1.976004828836075,0.021084934,0.9264179,0.0049055832279298,0.0070623802135439,nerve,immune,immune-nerve,nerve_to_immune,nerve_c9,t_cell,0.8791,5.0,0.1446,False,0.0821,23.0,0.7277,True,False
nerve_c5,malignant,GSTP1,EGFR,1.6416239,0.0,2.6896927,0.7632106614300298,2.454369238476751,0.06207726,0.93806636,0.0432774260187414,0.0070721250815793,nerve,tumor,nerve-tumor,nerve_to_tumor,nerve_c5,,0.226,19.0,0.6259,True,,,,,True
immune_dendritic,nerve_c9,VCL,ITGB5,0.08746822,1.0,0.0069124177,-0.0993575038767536,-0.1769398348310322,0.00487319,0.43433797,1.0,0.0070842402914554,immune,nerve,immune-nerve,immune_to_nerve,nerve_c9,dendritic,0.8791,5.0,0.1446,False,0.0815,25.0,0.7859,True,False
immune_microglia,nerve_c3,APOE,LRP6,2.178884,0.0,1.8558121,0.7482755641342329,1.9090830199356936,0.017403387,0.9263689,0.061787554724291,0.0071111713359295,immune,nerve,immune-nerve,immune_to_nerve,nerve_c3,microglia,0.3912,13.0,0.4608,True,0.0187,44.0,0.9088,True,True
nerve_c0,immune_tam,TF,TFRC,1.7971104,0.0,1.8554463,2.550915704665115,2.1347161895570643,0.02195822,0.9263622,0.0019041341970326,0.0071307335129002,nerve,immune,immune-nerve,nerve_to_immune,nerve_c0,tam,0.4029,19.0,0.5772,True,0.1165,25.0,0.7417,True,True
nerve_c11,immune_t_cell,LAMA2,RPSA,1.638803,0.0,2.038919,1.0796445956836278,1.4105725066061572,0.0370467,0.9295144,0.0432774260187414,0.0071405244781204,nerve,immune,immune-nerve,nerve_to_immune,nerve_c11,t_cell,0.1876,18.0,0.5976,True,0.0821,23.0,0.7277,True,True
nerve_c2,immune_microglia,SPP1,CD44,2.0694249,0.0,1.8552765,0.2169635690191009,-0.5869346729364464,0.006122112,0.92635906,1.0,0.0071405244781204,nerve,immune,immune-nerve,nerve_to_immune,nerve_c2,microglia,0.25,13.0,0.5666,True,0.0187,44.0,0.9088,True,True
nerve_c2,malignant,GSTP1,EGFR,1.638581,0.0,2.6801429,0.7600554594973535,2.3346441127262603,0.06185686,0.937963,0.0432774260187414,0.0071503220274638,nerve,tumor,nerve-tumor,nerve_to_tumor,nerve_c2,,0.25,13.0,0.5666,True,,,,,True
immune_tam,nerve_c3,APOE,ABCA1,1.6374168,0.0,2.663372,0.4539814651539025,0.5808957385042193,0.017060904,0.9377801,0.0669538310059267,0.0071699368774203,immune,nerve,immune-nerve,immune_to_nerve,nerve_c3,tam,0.3912,13.0,0.4608,True,0.1165,25.0,0.7417,True,True
malignant,nerve_c7,PTN,NCL,1.636794,0.0,2.2453785,0.5743498485692594,1.9096347113657592,0.049166054,0.93260944,0.0432774260187414,0.0071895780605702,tumor,nerve,nerve-tumor,tumor_to_nerve,nerve_c7,,0.1793,26.0,0.7072,True,,,,,True
nerve_c11,malignant,IL1RAPL1,PTPRD,2.023908,0.0,1.8533943,1.892016884617283,2.4350037078112963,0.064634494,0.9263244,0.0028500817557356,0.0071895780605702,nerve,tumor,nerve-tumor,nerve_to_tumor,nerve_c11,,0.1876,18.0,0.5976,True,,,,,True
malignant,nerve_c4,PTN,PTPRS,1.6361257,0.0,2.2423108,1.087444808501727,2.3677778659363407,0.066419505,0.93256646,0.0129828474366502,0.0072092465054181,tumor,nerve,nerve-tumor,tumor_to_nerve,nerve_c4,,0.1409,18.0,0.5987,True,,,,,True
nerve_c12,immune_t_cell,HLA-A,CD8A,1.6358857,0.0,2.374235,0.9306402119174808,1.000756434795369,0.050409254,0.9343419,0.0298835188894914,0.0072190901365474,nerve,immune,immune-nerve,nerve_to_immune,nerve_c12,t_cell,0.8072,7.0,0.2013,False,0.0821,23.0,0.7277,True,False
nerve_c3,immune_dendritic,LRP1B,PLAUR,1.635174,0.0,2.228332,0.9999417327647868,1.045850361926536,0.021751516,0.93236953,0.0432774260187414,0.0072289403496002,nerve,immune,immune-nerve,nerve_to_immune,nerve_c3,dendritic,0.3912,13.0,0.4608,True,0.0815,25.0,0.7859,True,True
immune_microglia,nerve_c22,APOE,SORL1,2.1782556,0.0,1.850936,0.3416672511486988,1.7380943357659215,0.017337967,0.9262791,0.1086317187475143,0.0072289403496002,immune,nerve,immune-nerve,immune_to_nerve,nerve_c22,microglia,0.2879,24.0,0.4767,True,0.0187,44.0,0.9088,True,True
malignant,nerve_c2,PTN,NCL,1.6351181,0.0,2.2376852,0.5724451687394484,1.8005432834784458,0.048997596,0.9325015,0.0432774260187414,0.0072387971443014,tumor,nerve,nerve-tumor,tumor_to_nerve,nerve_c2,,0.25,13.0,0.5666,True,,,,,True
immune_dendritic,nerve_c17,PSAP,GPR37,1.6346557,0.0,2.646577,2.4166333197688137,0.9066506922832198,0.01987263,0.9375953,0.0432774260187414,0.0072486605203761,immune,nerve,immune-nerve,immune_to_nerve,nerve_c17,dendritic,0.6072,12.0,0.3472,False,0.0815,25.0,0.7859,True,False
nerve_c15,immune_microglia,TGFB1,SDC2,0.09596434,0.948,0.006927007,-0.2418164888277616,-0.4222941220285756,0.00749119,0.434597,1.0,0.0072612034797861,nerve,immune,immune-nerve,nerve_to_immune,nerve_c15,microglia,0.9903,1.0,0.0149,False,0.0187,44.0,0.9088,True,False
nerve_c19,immune_nk_cell,CD22,PTPRC,1.6340373,0.0,2.4191916,2.848061407864301,1.8830507864225716,0.03088805,0.93491495,0.0077392446396214,0.0072684070155462,nerve,immune,immune-nerve,nerve_to_immune,nerve_c19,nk_cell,0.9467,4.0,0.054,False,0.0794,26.0,0.7523,True,False
nerve_c4,immune_t_cell,CD22,PTPRC,1.6337405,0.0,2.31909,2.704051791120144,1.970147577655364,0.02960996,0.9336174,0.0050659071667905,0.0072782901340915,nerve,immune,immune-nerve,nerve_to_immune,nerve_c4,t_cell,0.1409,18.0,0.5987,True,0.0821,23.0,0.7277,True,True
immune_tam,nerve_c7,VIM,CD44,1.8869396,0.0,1.8474032,0.4060632790519073,0.3448300526310945,0.022735735,0.92621386,0.0916060364547135,0.0072782901340915,immune,nerve,immune-nerve,immune_to_nerve,nerve_c7,tam,0.1793,26.0,0.7072,True,0.1165,25.0,0.7417,True,True
immune_nk_cell,nerve_c4,CALM1,PTPRA,1.6330265,0.0,2.3367434,0.7704521028902738,0.8737634479605658,0.013781057,0.933852,0.1466790391213521,0.0072881807685947,immune,nerve,immune-nerve,immune_to_nerve,nerve_c4,nk_cell,0.1409,18.0,0.5987,True,0.0794,26.0,0.7523,True,True
malignant,nerve_c4,TIMP1,FGFR2,1.6329979,0.0,2.3422053,2.510927157438572,1.9915512995720588,0.015599723,0.9339241,0.0045031185457115,0.0072980770480346,tumor,nerve,nerve-tumor,tumor_to_nerve,nerve_c4,,0.1409,18.0,0.5987,True,,,,,True
nerve_c6,immune_tam,LRP1B,PLAUR,1.6327741,0.0,2.6174362,1.049117153919873,1.300972287205827,0.025549693,0.9372706,0.0432774260187414,0.0073079799071982,nerve,immune,immune-nerve,nerve_to_immune,nerve_c6,tam,0.2107,18.0,0.6248,True,0.1165,25.0,0.7417,True,True
nerve_c7,immune_tam,COPA,CD74,1.8646772,0.0,1.8429008,0.3444106246930322,0.2208055783697179,0.0069070808,0.9261305,1.0,0.0073278053635964,nerve,immune,immune-nerve,nerve_to_immune,nerve_c7,tam,0.1793,26.0,0.7072,True,0.1165,25.0,0.7417,True,True
nerve_c5,immune_microglia,MIF,CD74_CXCR4,1.6310701,0.0,2.4396873,0.6954196359996674,1.040961088458151,0.013785662,0.9351712,0.1464942923731432,0.0073476571355894,nerve,immune,immune-nerve,nerve_to_immune,nerve_c5,microglia,0.226,19.0,0.6259,True,0.0187,44.0,0.9088,True,True
nerve_c22,malignant,TIMP1,CD63,1.630014,0.0,2.631638,0.3457427428822905,1.013165915344988,0.021759484,0.9374295,0.1051127327141877,0.0073575928892466,nerve,tumor,nerve-tumor,nerve_to_tumor,nerve_c22,,0.2879,24.0,0.4767,True,,,,,True
nerve_c7,immune_microglia,APOE,TREM2,1.6300116,0.0,2.646813,0.2305883243035639,0.4682452896486258,0.051501416,0.93759793,0.2590819136208246,0.0073675352209776,nerve,immune,immune-nerve,nerve_to_immune,nerve_c7,microglia,0.1793,26.0,0.7072,True,0.0187,44.0,0.9088,True,True
immune_microglia,nerve_neuron,APOE,ABCA1,2.1769001,0.0,1.8404193,0.3761484565667934,1.4779260840885091,0.011789273,0.92608434,0.2547002472348745,0.0073675352209776,immune,nerve,immune-nerve,immune_to_nerve,nerve_neuron,microglia,0.4,10.0,0.5084,True,0.0187,44.0,0.9088,True,True
malignant,nerve_c5,TIMP1,CD63,1.6298733,0.0,2.33556,0.312242042529869,0.4688158921339789,0.010809634,0.93383634,0.3398950491233271,0.0073774850717917,tumor,nerve,nerve-tumor,tumor_to_nerve,nerve_c5,,0.226,19.0,0.6259,True,,,,,True
nerve_c20,malignant,SPP1,CD44,1.8672024,0.0,1.8392017,0.1414053484966941,-0.490170028658463,0.005117102,0.9260617,1.0,0.0073774850717917,nerve,tumor,nerve-tumor,nerve_to_tumor,nerve_c20,,0.3415,15.0,0.5197,True,,,,,True
immune_nk_cell,nerve_neuron,GZMB,CHRM3,1.6298523,0.0,2.6499028,3.5275033598037675,2.998674900169344,0.1902209,0.937632,1.823784699616656e-06,0.0073874405594675,immune,nerve,immune-nerve,immune_to_nerve,nerve_neuron,nk_cell,0.4,10.0,0.5084,True,0.0794,26.0,0.7523,True,True
nerve_c22,malignant,NCAM1,PTPRZ1,1.6296046,0.0,2.0232074,0.6806269468214898,2.0803898278214072,0.01851608,0.92926055,0.0486323382962082,0.0073974026243921,nerve,tumor,nerve-tumor,nerve_to_tumor,nerve_c22,,0.2879,24.0,0.4767,True,,,,,True
immune_microglia,nerve_c4,LGALS9,PTPRK,1.6643715,0.0,1.838132,2.087710553509313,2.2570648267026554,0.026998108,0.9260418,0.0084674703972465,0.0074073712662906,immune,nerve,immune-nerve,immune_to_nerve,nerve_c4,microglia,0.1409,18.0,0.5987,True,0.0187,44.0,0.9088,True,True
immune_microglia,nerve_c7,PSAP,SORT1,1.629482,0.0,2.1330388,0.779885486823837,1.4575390785369495,0.009316861,0.9309785,0.4069164897766191,0.0074173464848881,immune,nerve,immune-nerve,immune_to_nerve,nerve_c7,microglia,0.1793,26.0,0.7072,True,0.0187,44.0,0.9088,True,True
nerve_c9,immune_microglia,SPP1,CD44,2.0492043,0.0,1.8345925,0.2073343288100124,-0.6574516618608617,0.0060538584,0.92597574,1.0,0.0074273282799095,nerve,immune,immune-nerve,nerve_to_immune,nerve_c9,microglia,0.8791,5.0,0.1446,False,0.0187,44.0,0.9088,True,False
immune_tam,nerve_c3,GRN,SORT1,1.6280152,0.0,2.6377268,1.4633867529878335,1.4791281439703674,0.02023968,0.93749726,0.0432774260187414,0.0074473115981244,immune,nerve,immune-nerve,immune_to_nerve,nerve_c3,tam,0.3912,13.0,0.4608,True,0.1165,25.0,0.7417,True,True
immune_dendritic,nerve_c13,VIM,CD44,1.6295254,0.001,1.8331432,0.2678084329574514,0.1275455254091084,0.02256024,0.9259487,0.7156879396163709,0.0074573131207678,immune,nerve,immune-nerve,immune_to_nerve,nerve_c13,dendritic,0.9595,1.0,0.0572,False,0.0815,25.0,0.7859,True,False
nerve_c0,immune_tam,RPS19,C5AR1,1.6278572,0.0,2.5273314,0.353882756462598,-0.0998598413735439,0.04249449,0.93623286,0.6959245568080002,0.0074573131207678,nerve,immune,immune-nerve,nerve_to_immune,nerve_c0,tam,0.4029,19.0,0.5772,True,0.1165,25.0,0.7417,True,True
nerve_c19,immune_t_cell,JAM3,ITGB1,1.6277733,0.0,1.8382843,2.458148144463258,2.0850967534068756,0.020855827,0.92604464,0.0025978550587956,0.0074673221656176,nerve,immune,immune-nerve,nerve_to_immune,nerve_c19,t_cell,0.9467,4.0,0.054,False,0.0821,23.0,0.7277,True,False
nerve_c7,malignant,HLA-A,APLP2,1.6566408,0.0,1.8324074,0.180708522524568,-0.0399737945744197,0.010667171,0.9259349,0.7305167805734613,0.0074873580876686,nerve,tumor,nerve-tumor,nerve_to_tumor,nerve_c7,,0.1793,26.0,0.7072,True,,,,,True
immune_tam,nerve_c3,APOE,LRP2,1.6271763,0.0,2.6271062,2.5167657297905572,1.0781451244920532,0.018589145,0.93737894,0.0479666233932674,0.0074873580876686,immune,nerve,immune-nerve,immune_to_nerve,nerve_c3,tam,0.3912,13.0,0.4608,True,0.1165,25.0,0.7417,True,True
malignant,nerve_c12,TIMP1,CD63,1.626793,0.0,2.3290093,0.3098481298735537,0.3552454108909297,0.010779315,0.93374956,0.3428803857125848,0.0074973859105803,tumor,nerve,nerve-tumor,tumor_to_nerve,nerve_c12,,0.8072,7.0,0.2013,False,,,,,False
nerve_c13,immune_nk_cell,APP,CD74,1.6266768,0.025,2.6373773,0.3458728070179586,-0.5536158721950355,0.004192389,0.9374933,1.0,0.0075074203077162,nerve,immune,immune-nerve,nerve_to_immune,nerve_c13,nk_cell,0.9595,1.0,0.0572,False,0.0794,26.0,0.7523,True,False
nerve_c5,immune_nk_cell,SPP1,PTGER4,2.188935,0.0,1.829338,0.5480305850451738,0.0826697183172723,0.018279077,0.9258774,0.4192201364238991,0.0075174612788012,nerve,immune,immune-nerve,nerve_to_immune,nerve_c5,nk_cell,0.226,19.0,0.6259,True,0.0794,26.0,0.7523,True,True
nerve_c20,malignant,NCAM1,PTPRZ1,1.6264706,0.0,2.008008,0.6772120791139954,1.9615580927449017,0.018376976,0.9290123,0.0501142052231561,0.0075174612788012,nerve,tumor,nerve-tumor,nerve_to_tumor,nerve_c20,,0.3415,15.0,0.5197,True,,,,,True
immune_t_cell,nerve_c1,CALM1,INSR,1.6261872,0.0,2.4389265,1.2242533302447012,1.212924551145354,0.015668798,0.9351617,0.0921079225067011,0.007537562941719,immune,nerve,immune-nerve,immune_to_nerve,nerve_c1,t_cell,0.1983,17.0,0.5642,True,0.0821,23.0,0.7277,True,True
nerve_c22,immune_dendritic,VIM,CD44,1.6260253,0.0,2.0375278,0.2904674184889005,0.2661528790465929,0.02152295,0.92949206,0.1653310520574774,0.0075576918496119,nerve,immune,immune-nerve,nerve_to_immune,nerve_c22,dendritic,0.2879,24.0,0.4767,True,0.0815,25.0,0.7859,True,True
nerve_c7,immune_t_cell,SPP1,PTGER4,1.9111247,0.0,1.8257568,0.4738061678629172,-0.1149523047690773,0.018243294,0.9258101,0.456888300870412,0.0075576918496119,nerve,immune,immune-nerve,nerve_to_immune,nerve_c7,t_cell,0.1793,26.0,0.7072,True,0.0821,23.0,0.7277,True,True
nerve_c2,immune_nk_cell,PTN,NCL,1.6251569,0.0,2.5610902,0.6412484842612545,0.4084479235559515,0.01437224,0.9366278,0.1251851541608683,0.0075677656869399,nerve,immune,immune-nerve,nerve_to_immune,nerve_c2,nk_cell,0.25,13.0,0.5666,True,0.0794,26.0,0.7523,True,True
nerve_c21,immune_t_cell,MIF,CD44_CD74,1.624583,0.0,2.560694,0.8460644225273193,1.136065897739739,0.020519814,0.9366232,0.0432774260187414,0.0075778460965673,nerve,immune,immune-nerve,nerve_to_immune,nerve_c21,t_cell,0.8488,6.0,0.1222,False,0.0821,23.0,0.7277,True,False
immune_dendritic,nerve_c19,CALM1,PDE1C,1.6241627,0.0,2.5563424,1.7184845114088831,1.1642366908859467,0.011475667,0.93657273,0.1405261575947014,0.007587933078219,immune,nerve,immune-nerve,immune_to_nerve,nerve_c19,dendritic,0.9467,4.0,0.054,False,0.0815,25.0,0.7859,True,False
nerve_c17,immune_nk_cell,SPP1,PTGER4,2.1817605,0.0,1.8226248,0.5446149932516398,-0.0086512415617839,0.018211998,0.92575115,0.4587394446545409,0.0075980266316201,nerve,immune,immune-nerve,nerve_to_immune,nerve_c17,nk_cell,0.6072,12.0,0.3472,False,0.0794,26.0,0.7523,True,False
immune_dendritic,nerve_c13,TXLNA,STX4,0.08442602,0.995,0.0070453724,-0.2152158535857323,-0.3434689041782848,0.0013111314,0.43667978,1.0,0.0076151084064604,immune,nerve,immune-nerve,immune_to_nerve,nerve_c13,dendritic,0.9595,1.0,0.0572,False,0.0815,25.0,0.7859,True,False
nerve_c10,immune_tam,COL4A5,CD44,1.6238768,0.0,2.6298504,2.431296138012952,2.040708668283204,0.026772847,0.9374096,0.0032549892890894,0.0076182334525705,nerve,immune,immune-nerve,nerve_to_immune,nerve_c10,tam,0.2572,14.0,0.5531,True,0.1165,25.0,0.7417,True,True
immune_nk_cell,nerve_c11,CALM1,INSR,1.623174,0.0,2.2932446,1.1531040679871252,1.1440877451737343,0.014732869,0.93326926,0.1146116471689894,0.0076283467195699,immune,nerve,immune-nerve,immune_to_nerve,nerve_c11,nk_cell,0.1876,18.0,0.5976,True,0.0794,26.0,0.7523,True,True
nerve_c6,immune_nk_cell,SPP1,CD44,1.622735,0.0,2.3717537,0.176375768172156,-0.6839511382178153,0.007826403,0.93430984,1.0,0.0076485939233141,nerve,immune,immune-nerve,nerve_to_immune,nerve_c6,nk_cell,0.2107,18.0,0.6248,True,0.0794,26.0,0.7523,True,True
malignant,nerve_c1,NLGN1,NRXN3,1.6225743,0.0,2.5201886,1.4244814236983878,2.492032599014033,0.085903026,0.93614835,0.0025380717616688,0.0076637953756302,tumor,nerve,nerve-tumor,tumor_to_nerve,nerve_c1,,0.1983,17.0,0.5642,True,,,,,True
nerve_c1,malignant,NRXN3,NLGN1,1.6225743,0.0,2.5201886,1.4244814236983878,2.492032599014033,0.085903026,0.93614835,0.0025380717616688,0.0076637953756302,nerve,tumor,nerve-tumor,nerve_to_tumor,nerve_c1,,0.1983,17.0,0.5642,True,,,,,True
nerve_c4,immune_t_cell,PSEN1,CD44,1.6224312,0.0,2.5549088,1.8002721481504,1.7034097430650212,0.020853516,0.93655604,0.022395338899039,0.0076790125687461,nerve,immune,immune-nerve,nerve_to_immune,nerve_c4,t_cell,0.1409,18.0,0.5987,True,0.0821,23.0,0.7277,True,True
nerve_c4,malignant,PTN,PTPRZ1,1.6218405,0.0,1.9855537,0.461165179500454,1.1038506025133716,0.024574935,0.9286406,0.0432774260187414,0.0076993245125321,nerve,tumor,nerve-tumor,nerve_to_tumor,nerve_c4,,0.1409,18.0,0.5987,True,,,,,True
immune_dendritic,nerve_c11,PSAP,SORT1,1.6207594,0.0,2.6055853,1.1255994351639496,0.7527022851328629,0.011380888,0.93713707,0.2877071150171846,0.0077400281862639,immune,nerve,immune-nerve,immune_to_nerve,nerve_c11,dendritic,0.1876,18.0,0.5976,True,0.0815,25.0,0.7859,True,True
nerve_c13,immune_microglia,COPA,CD74,2.1888149,0.0,1.8144387,0.4420277560403822,1.570815201323303,0.0068004066,0.9255963,0.4246261677839824,0.0077400281862639,nerve,immune,immune-nerve,nerve_to_immune,nerve_c13,microglia,0.9595,1.0,0.0572,False,0.0187,44.0,0.9088,True,False
immune_microglia,nerve_c15,APOE,LRP1,2.1735423,0.0,1.8143669,0.3867134065012924,1.438594115062585,0.047657397,0.9255949,0.0745127464842537,0.0077502202841515,immune,nerve,immune-nerve,immune_to_nerve,nerve_c15,microglia,0.9903,1.0,0.0149,False,0.0187,44.0,0.9088,True,False
immune_microglia,nerve_c14,IL18,IL1RAPL1,1.6205186,0.0,2.0319626,1.4379927352903066,1.99396754972627,0.020349307,0.92940235,0.0432774260187414,0.0077502202841515,immune,nerve,immune-nerve,immune_to_nerve,nerve_c14,microglia,0.4198,6.0,0.3596,True,0.0187,44.0,0.9088,True,True
nerve_neuron,malignant,PTN,PTPRZ1,1.6204016,0.0,1.9785761,0.4601248129941236,1.268510905530563,0.024488574,0.9285239,0.0432774260187414,0.0077604189493889,nerve,tumor,nerve-tumor,nerve_to_tumor,nerve_neuron,,0.4,10.0,0.5084,True,,,,,True
nerve_c10,malignant,PTN,PTPRZ1,1.6201613,0.0,1.9774101,0.459951036362139,1.2539225649344066,0.024474142,0.92850435,0.0432774260187414,0.0077706241817012,nerve,tumor,nerve-tumor,nerve_to_tumor,nerve_c10,,0.2572,14.0,0.5531,True,,,,,True
immune_tam,malignant,HLA-A,APLP2,1.642889,0.0,1.8131102,0.1703908131185633,-0.080026839619184,0.0055273823,0.9255711,1.0,0.0077706241817012,immune,tumor,immune-tumor,immune_to_tumor,,tam,,,,,0.1165,25.0,0.7417,True,True
malignant,nerve_c15,NCAM1,NCAM2,1.6199505,0.0,2.3679469,1.3822143089475627,1.795385798036338,0.041700054,0.93426055,0.0287081113216107,0.0077910543464502,tumor,nerve,nerve-tumor,tumor_to_nerve,nerve_c15,,0.9903,1.0,0.0149,False,,,,,False
immune_dendritic,nerve_c9,APOE,ABCA1,1.6195645,0.0,2.531787,0.586910931902811,0.0284058614741204,0.016218001,0.93628544,0.5481361015773085,0.0078012792783371,immune,nerve,immune-nerve,immune_to_nerve,nerve_c9,dendritic,0.8791,5.0,0.1446,False,0.0815,25.0,0.7859,True,False
nerve_c5,immune_nk_cell,LGALS1,PTPRC,1.6188018,0.0,2.3541393,0.5252933996292666,0.5175784725877894,0.019712856,0.9340807,0.0432774260187414,0.0078217488397607,nerve,immune,immune-nerve,nerve_to_immune,nerve_c5,nk_cell,0.226,19.0,0.6259,True,0.0794,26.0,0.7523,True,True
nerve_c12,immune_tam,TF,TFRC,1.7593373,0.0,1.80824,2.48751779426063,2.0171833003764,0.021399561,0.92547834,0.0037955740342027,0.0078217488397607,nerve,immune,immune-nerve,nerve_to_immune,nerve_c12,tam,0.8072,7.0,0.2013,False,0.1165,25.0,0.7417,True,False
immune_tam,nerve_c19,S100A4,ERBB3,1.7337979,0.0,1.8071017,1.7797469605983849,1.7329582550356788,0.013911021,0.92545664,0.0238851998714711,0.0078422456327582,immune,nerve,immune-nerve,immune_to_nerve,nerve_c19,tam,0.9467,4.0,0.054,False,0.1165,25.0,0.7417,True,False
nerve_c20,immune_microglia,HMGB1,CXCR4,1.6179352,0.0,2.4091804,0.3523067452675567,0.6251142195032537,0.0089072455,0.9347887,0.580925385544811,0.0078422456327582,nerve,immune,immune-nerve,nerve_to_immune,nerve_c20,microglia,0.3415,15.0,0.5197,True,0.0187,44.0,0.9088,True,True
nerve_c14,immune_t_cell,HMGB1,CXCR4,1.6175873,0.0,2.1978834,0.2851493805118568,0.5183778631517417,0.008126036,0.9319345,0.7354589483687538,0.007852503392391,nerve,immune,immune-nerve,nerve_to_immune,nerve_c14,t_cell,0.4198,6.0,0.3596,True,0.0821,23.0,0.7277,True,True
nerve_c2,malignant,HLA-A,APLP2,1.636776,0.0,1.804532,0.165803553662429,-0.1346678765554617,0.010504899,0.9254075,1.0,0.0078627677166238,nerve,tumor,nerve-tumor,nerve_to_tumor,nerve_c2,,0.25,13.0,0.5666,True,,,,,True
nerve_c6,immune_t_cell,HMGB1,CXCR4,1.6170803,0.0,2.1955867,0.2846737887889126,0.6053360818221711,0.008117545,0.9319013,0.7375846788748406,0.0078627677166238,nerve,immune,immune-nerve,nerve_to_immune,nerve_c6,t_cell,0.2107,18.0,0.6248,True,0.0821,23.0,0.7277,True,True
nerve_c4,immune_t_cell,COPA,CD74,1.6170402,0.0,2.2748144,0.4524329458022716,-0.2350050156784188,0.008525866,0.93301755,1.0,0.0078730386051816,nerve,immune,immune-nerve,nerve_to_immune,nerve_c4,t_cell,0.1409,18.0,0.5987,True,0.0821,23.0,0.7277,True,True
immune_microglia,nerve_c22,C3,CD81,1.6167114,0.0,2.579916,0.5910925970930762,1.7239054361769173,0.04859262,0.9368448,0.0432774260187414,0.0078936000741727,immune,nerve,immune-nerve,immune_to_nerve,nerve_c22,microglia,0.2879,24.0,0.4767,True,0.0187,44.0,0.9088,True,True
nerve_c11,immune_tam,PSEN1,CD44,1.616232,0.0,2.6037314,1.6614849896327977,1.682379151203142,0.02125201,0.9371161,0.033878122888528,0.007903890654056,nerve,immune,immune-nerve,nerve_to_immune,nerve_c11,tam,0.1876,18.0,0.5976,True,0.1165,25.0,0.7417,True,True
immune_tam,nerve_c15,PSAP,SORT1,1.6460594,0.0,1.8013344,0.7052862223577234,0.6551339714724516,0.007868016,0.9253463,0.4069164897766191,0.007903890654056,immune,nerve,immune-nerve,immune_to_nerve,nerve_c15,tam,0.9903,1.0,0.0149,False,0.1165,25.0,0.7417,True,False
immune_dendritic,nerve_c9,TIMP1,CD63,1.6160768,0.0,2.1694143,0.2923179239632724,0.0419742932098519,0.011950015,0.9315198,0.5151949167629924,0.0079141877971645,immune,nerve,immune-nerve,immune_to_nerve,nerve_c9,dendritic,0.8791,5.0,0.1446,False,0.0815,25.0,0.7859,True,False
immune_nk_cell,nerve_c17,CALM1,GRM3,1.6158468,0.0,2.2608945,1.9530813192796057,1.1433114611525586,0.015452397,0.9328255,0.0965444737601746,0.0079348027474183,immune,nerve,immune-nerve,immune_to_nerve,nerve_c17,nk_cell,0.6072,12.0,0.3472,False,0.0794,26.0,0.7523,True,False
nerve_c17,immune_microglia,TF,TFRC,2.0130363,0.0,1.7990248,2.930154301073825,2.6621817256192832,0.021290503,0.92530197,7.029477236172512e-05,0.0079657729287838,nerve,immune,immune-nerve,nerve_to_immune,nerve_c17,microglia,0.6072,12.0,0.3472,False,0.0187,44.0,0.9088,True,False
nerve_c15,immune_tam,BMP1,BMPR2,0.097869955,1.0,0.007110679,-0.1612368552685689,-0.351733284293322,0.0030346958,0.43781492,1.0,0.0079689854314605,nerve,immune,immune-nerve,nerve_to_immune,nerve_c15,tam,0.9903,1.0,0.0149,False,0.1165,25.0,0.7417,True,False
nerve_c0,malignant,GSTP1,EGFR,1.614685,0.0,2.6051447,0.7352782263464698,2.3785181421444976,0.060125917,0.93713206,0.0432774260187414,0.0079761094460897,nerve,tumor,nerve-tumor,nerve_to_tumor,nerve_c0,,0.4029,19.0,0.5772,True,,,,,True
nerve_neuron,immune_nk_cell,HMGB1,CXCR4,1.6145806,0.0,2.275064,0.2868121937020721,0.2074120820523699,0.008411389,0.933021,0.6745414556950737,0.0079864525246959,nerve,immune,immune-nerve,nerve_to_immune,nerve_neuron,nk_cell,0.4,10.0,0.5084,True,0.0794,26.0,0.7523,True,True
immune_tam,nerve_c1,LGALS9,PTPRK,1.7662351,0.0,1.7977687,2.2428957501692848,1.968475342935343,0.026405262,0.9252778,0.005174192851811,0.0079968021643274,immune,nerve,immune-nerve,immune_to_nerve,nerve_c1,tam,0.1983,17.0,0.5642,True,0.1165,25.0,0.7417,True,True
immune_t_cell,nerve_c19,CALM1,PTPRA,1.6145508,0.0,2.3905292,0.7776978217886914,0.902739398968858,0.01409826,0.9345514,0.1348304192119596,0.0079968021643274,immune,nerve,immune-nerve,immune_to_nerve,nerve_c19,t_cell,0.9467,4.0,0.054,False,0.0821,23.0,0.7277,True,False
immune_microglia,nerve_c2,C3,CD81,1.614539,0.0,2.5720923,0.5890275411668899,1.4729028228243002,0.048445262,0.9367549,0.0432774260187414,0.0080071583647095,immune,nerve,immune-nerve,immune_to_nerve,nerve_c2,microglia,0.25,13.0,0.5666,True,0.0187,44.0,0.9088,True,True
nerve_c1,immune_microglia,EDIL3,ITGAV,1.7740446,0.0,1.7973845,2.543580847296964,2.120481204051067,0.023335986,0.92527044,0.0020567934022312,0.0080071583647095,nerve,immune,immune-nerve,nerve_to_immune,nerve_c1,microglia,0.1983,17.0,0.5642,True,0.0187,44.0,0.9088,True,True
immune_t_cell,nerve_c4,HSPA8,LRP2,1.613193,0.0,2.5067942,2.601047066837173,1.683795384972098,0.01964306,0.93598884,0.0188593038727012,0.0080486497505294,immune,nerve,immune-nerve,immune_to_nerve,nerve_c4,t_cell,0.1409,18.0,0.5987,True,0.0821,23.0,0.7277,True,True
nerve_c22,immune_t_cell,SPP1,PTGER4,1.8827515,0.0,1.7940019,0.4602941249644227,0.3402557022825596,0.017925993,0.9252053,0.0946483573034057,0.0080590387511594,nerve,immune,immune-nerve,nerve_to_immune,nerve_c22,t_cell,0.2879,24.0,0.4767,True,0.0821,23.0,0.7277,True,True
nerve_c10,immune_tam,PSEN1,CD44,1.6131301,0.0,2.5931332,1.656048902487147,1.8014647212446868,0.021165509,0.9369958,0.0344532214157544,0.0080590387511594,nerve,immune,immune-nerve,nerve_to_immune,nerve_c10,tam,0.2572,14.0,0.5531,True,0.1165,25.0,0.7417,True,True
nerve_c1,malignant,NCAM1,PTPRA,1.612941,0.0,1.8493783,1.2705722890011093,1.5382281572369705,0.02249935,0.9262504,0.0432774260187414,0.0080694343108899,nerve,tumor,nerve-tumor,nerve_to_tumor,nerve_c1,,0.1983,17.0,0.5642,True,,,,,True
nerve_c13,immune_microglia,TIMP1,CD63,1.6126835,0.0,2.4940743,0.3171267164808259,0.2844924479405994,0.02897395,0.9358363,0.1335214256752731,0.0080902451065528,nerve,immune,immune-nerve,nerve_to_immune,nerve_c13,microglia,0.9595,1.0,0.0572,False,0.0187,44.0,0.9088,True,False
immune_dendritic,nerve_c22,HLA-A,APLP2,1.6120718,0.0,1.8136373,0.1523952580837573,0.0671861110153619,0.014412838,0.9255811,0.4573095802012971,0.008131946382236,immune,nerve,immune-nerve,immune_to_nerve,nerve_c22,dendritic,0.2879,24.0,0.4767,True,0.0815,25.0,0.7859,True,True
nerve_c11,immune_nk_cell,HMGB1,CXCR4,1.6112223,0.0,2.2603502,0.2836625809970751,0.2773026185692124,0.008356989,0.93281794,0.6851342346178271,0.0081423878485915,nerve,immune,immune-nerve,nerve_to_immune,nerve_c11,nk_cell,0.1876,18.0,0.5976,True,0.0794,26.0,0.7523,True,True
immune_tam,nerve_c15,TXLNA,STX3,0.088356316,0.49,0.007143528,-0.03932361703878,-0.0874286574457058,0.0039183665,0.4383822,1.0,0.0081459137426365,immune,nerve,immune-nerve,immune_to_nerve,nerve_c15,tam,0.9903,1.0,0.0149,False,0.1165,25.0,0.7417,True,False
nerve_c0,immune_microglia,SPP1,CD44,2.0040083,0.0,1.78836,0.1858124152066877,-0.6652565302328513,0.005901299,0.9250962,1.0,0.0081632904517298,nerve,immune,immune-nerve,nerve_to_immune,nerve_c0,microglia,0.4029,19.0,0.5772,True,0.0187,44.0,0.9088,True,True
immune_tam,nerve_c13,SPP1,ITGAV_ITGB1,1.6105942,0.031,1.9080572,0.1689813535554746,0.005065336217276,0.012706332,0.92731017,0.956501210449011,0.0081737515879627,immune,nerve,immune-nerve,immune_to_nerve,nerve_c13,tam,0.9595,1.0,0.0572,False,0.1165,25.0,0.7417,True,False
nerve_c22,immune_t_cell,MIF,CD44_CD74,1.6105869,0.0,2.523065,0.8330431289549707,1.588338135939103,0.020218277,0.9361824,0.0432774260187414,0.0081842192802715,nerve,immune,immune-nerve,nerve_to_immune,nerve_c22,t_cell,0.2879,24.0,0.4767,True,0.0821,23.0,0.7277,True,True
immune_tam,malignant,ANXA1,EGFR,1.6104734,0.0,2.5919263,0.8551880503253796,2.5634314486130205,0.06834258,0.9369821,0.0373656810112938,0.0082051753236067,immune,tumor,immune-tumor,immune_to_tumor,,tam,,,,,0.1165,25.0,0.7417,True,True
malignant,immune_tam,TIMP1,CD63,1.610455,0.0,2.2942626,0.2971528730525523,0.4712183660433515,0.006807507,0.9332831,0.9394995048272335,0.0082156626831132,tumor,immune,immune-tumor,tumor_to_immune,,tam,,,,,0.1165,25.0,0.7417,True,True
immune_t_cell,nerve_c6,CALM1,PDE1C,1.6104033,0.0,2.373279,1.2855507484380204,1.369276789088769,0.0106538795,0.93432957,0.1010682607451089,0.0082261565975957,immune,nerve,immune-nerve,immune_to_nerve,nerve_c6,t_cell,0.2107,18.0,0.6248,True,0.0821,23.0,0.7277,True,True
malignant,nerve_neuron,NCAM1,PTPRZ1,1.6094627,0.0,2.3445864,0.7196725018679431,1.5392802657580302,0.08465554,0.93395543,0.0354448100484716,0.008257677668149,tumor,nerve,nerve-tumor,tumor_to_nerve,nerve_neuron,,0.4,10.0,0.5084,True,,,,,True
immune_tam,nerve_c4,CALM1,PDE1A,1.6092772,0.0,2.5842981,2.4484590357299187,1.3746467418852415,0.022039967,0.936895,0.0432774260187414,0.0082787244850231,immune,nerve,immune-nerve,immune_to_nerve,nerve_c4,tam,0.1409,18.0,0.5987,True,0.1165,25.0,0.7417,True,True
immune_tam,nerve_c1,IL18,IL1RAPL1,2.3634028,0.0,1.7835987,2.1901899668721585,2.2618752596418963,0.017862039,0.9250038,0.0056895920491537,0.0082892587201361,immune,nerve,immune-nerve,immune_to_nerve,nerve_c1,tam,0.1983,17.0,0.5642,True,0.1165,25.0,0.7417,True,True
immune_tam,nerve_c19,APOE,LRP2,1.608777,0.0,2.5619473,2.4492231185174616,1.1400014178110929,0.018128088,0.9366377,0.0527733150732794,0.0083208977548935,immune,nerve,immune-nerve,immune_to_nerve,nerve_c19,tam,0.9467,4.0,0.054,False,0.1165,25.0,0.7417,True,False
nerve_c17,malignant,ADM,RAMP2,0.08954082,1.0,0.0072161113,0.0122905506942836,-0.3188950132397002,0.017125938,0.43962714,1.0,0.0083228350787859,nerve,tumor,nerve-tumor,nerve_to_tumor,nerve_c17,,0.6072,12.0,0.3472,False,,,,,False
nerve_c19,immune_t_cell,COPA,CD74,1.6086314,0.0,2.237813,0.4395763449361779,-0.2487575848313047,0.0083871875,0.9325033,1.0,0.0083314572046317,nerve,immune,immune-nerve,nerve_to_immune,nerve_c19,t_cell,0.9467,4.0,0.054,False,0.0821,23.0,0.7277,True,False
immune_microglia,nerve_c4,APOE,LRP6,2.168932,0.0,1.7785963,0.7267107518514959,1.9442140536629693,0.016679272,0.9249063,0.0729522003652312,0.0083420232063211,immune,nerve,immune-nerve,immune_to_nerve,nerve_c4,microglia,0.1409,18.0,0.5987,True,0.0187,44.0,0.9088,True,True
malignant,nerve_c0,TIMP1,CD63,1.6080928,0.0,2.2892387,0.2953146718058728,0.4118162446335469,0.010595245,0.9332148,0.3604813350946958,0.0083631748644538,tumor,nerve,nerve-tumor,tumor_to_nerve,nerve_c0,,0.4029,19.0,0.5772,True,,,,,True
immune_tam,nerve_c1,NAMPT,INSR,1.6073167,0.0,2.3946638,1.4582846550057216,1.5551801883176295,0.027404578,0.9346042,0.0432774260187414,0.0084055577954007,immune,nerve,immune-nerve,immune_to_nerve,nerve_c1,tam,0.1983,17.0,0.5642,True,0.1165,25.0,0.7417,True,True
immune_tam,nerve_c0,GRN,SORT1,1.607197,0.0,2.5652492,1.4298787394496513,1.5307317885098684,0.019683545,0.9366759,0.0432774260187414,0.0084161696536691,immune,nerve,immune-nerve,immune_to_nerve,nerve_c0,tam,0.4029,19.0,0.5772,True,0.1165,25.0,0.7417,True,True
immune_tam,nerve_c1,CALM1,GRM3,1.6069037,0.0,2.5770097,2.7318753728666216,1.3605596916781226,0.017612929,0.93681145,0.0498665879339258,0.0084374130191851,immune,nerve,immune-nerve,immune_to_nerve,nerve_c1,tam,0.1983,17.0,0.5642,True,0.1165,25.0,0.7417,True,True
nerve_c13,immune_t_cell,LGALS1,PTPRC,1.6068953,0.0,2.199609,0.5259259641819208,0.676818190514006,0.018418867,0.93195933,0.0495970229580325,0.0084480445258829,nerve,immune,immune-nerve,nerve_to_immune,nerve_c13,t_cell,0.9595,1.0,0.0572,False,0.0821,23.0,0.7277,True,False
nerve_c9,immune_microglia,HLA-A,APLP2,1.606697,0.0,2.1262965,0.191723514998481,0.0613517907328085,0.01791234,0.9308767,0.4666736582536205,0.0084586825815072,nerve,immune,immune-nerve,nerve_to_immune,nerve_c9,microglia,0.8791,5.0,0.1446,False,0.0187,44.0,0.9088,True,False
immune_dendritic,nerve_c10,CALM1,PDE1C,1.6065822,0.0,2.5092766,1.6835626984339294,1.2732153875723884,0.011264385,0.9360185,0.0938760791899307,0.0084693271857831,immune,nerve,immune-nerve,immune_to_nerve,nerve_c10,dendritic,0.2572,14.0,0.5531,True,0.0815,25.0,0.7859,True,True
nerve_c5,immune_nk_cell,MIF,CD44_CD74,1.6061049,0.0,2.3347895,0.8149294406368176,1.1147635261450577,0.018709553,0.93382615,0.0467228591860482,0.0084906370475102,nerve,immune,immune-nerve,nerve_to_immune,nerve_c5,nk_cell,0.226,19.0,0.6259,True,0.0794,26.0,0.7523,True,True
nerve_c22,immune_microglia,RPS19,C5AR1,1.6057897,0.13,1.9133884,0.1829986355095462,0.6288507695030958,0.032171667,0.92740417,0.9500097748228504,0.0085013012967102,nerve,immune,immune-nerve,nerve_to_immune,nerve_c22,microglia,0.2879,24.0,0.4767,True,0.0187,44.0,0.9088,True,True
nerve_c17,immune_t_cell,LGALS1,PTPRC,1.6057768,0.0,2.1946306,0.5251109011351417,0.5826210012937447,0.01837718,0.9318875,0.0501024063579733,0.0085119720934618,nerve,immune,immune-nerve,nerve_to_immune,nerve_c17,t_cell,0.6072,12.0,0.3472,False,0.0821,23.0,0.7277,True,False
nerve_c12,immune_nk_cell,SPP1,PTGER4,2.121468,0.0,1.7662077,0.5159031014117145,-0.0251611104390479,0.01764827,0.92466325,0.4963448473133083,0.0085226494374901,nerve,immune,immune-nerve,nerve_to_immune,nerve_c12,nk_cell,0.8072,7.0,0.2013,False,0.0794,26.0,0.7523,True,False
immune_t_cell,nerve_c19,CALM1,INSR,1.6048088,0.0,2.3500106,1.1833408812149122,1.1928507418811911,0.015097561,0.93402666,0.1047840630958963,0.0085654242808704,immune,nerve,immune-nerve,immune_to_nerve,nerve_c19,t_cell,0.9467,4.0,0.054,False,0.0821,23.0,0.7277,True,False
nerve_c2,immune_microglia,HMGB1,CXCR4,1.6046274,0.0,2.3782723,0.339824900453149,0.3767072354629486,0.008792972,0.934394,0.6021140458624696,0.0085868519929647,nerve,immune,immune-nerve,nerve_to_immune,nerve_c2,microglia,0.25,13.0,0.5666,True,0.0187,44.0,0.9088,True,True
nerve_c20,immune_t_cell,SPP1,PTGER4,1.8551221,0.0,1.7630794,0.4471366120669535,-0.0472022828718011,0.017617011,0.9246015,0.4983580107958952,0.0085975751608495,nerve,immune,immune-nerve,nerve_to_immune,nerve_c20,t_cell,0.3415,15.0,0.5197,True,0.0821,23.0,0.7277,True,True
immune_tam,nerve_c21,TIMP1,FGFR2,1.6043123,0.0,1.8593377,1.5254295014421269,2.1104654150753044,0.012351816,0.9264336,0.0501759792877084,0.0085975751608495,immune,nerve,immune-nerve,immune_to_nerve,nerve_c21,tam,0.8488,6.0,0.1222,False,0.1165,25.0,0.7417,True,False
immune_tam,nerve_c17,VCAN,ITGB1,1.6042447,0.0,2.264687,1.275892903763936,1.6252617997527756,0.05214876,0.93287796,0.0096758059579213,0.0086083038586797,immune,nerve,immune-nerve,immune_to_nerve,nerve_c17,tam,0.6072,12.0,0.3472,False,0.1165,25.0,0.7417,True,False
nerve_c20,immune_nk_cell,LGALS1,CD69,1.6037567,0.0,2.534661,0.7593565786490316,1.084921801319268,0.034228936,0.93631923,0.0432774260187414,0.0086190411315748,nerve,immune,immune-nerve,nerve_to_immune,nerve_c20,nk_cell,0.3415,15.0,0.5197,True,0.0794,26.0,0.7523,True,True
nerve_c1,immune_t_cell,LAMA2,RPSA,1.603058,0.0,1.8642675,1.005748021879428,1.3021435748847798,0.033873323,0.9265238,0.0432774260187414,0.0086512901885346,nerve,immune,immune-nerve,nerve_to_immune,nerve_c1,t_cell,0.1983,17.0,0.5642,True,0.0821,23.0,0.7277,True,True
nerve_c12,immune_microglia,EDIL3,ITGAV,1.7451386,0.0,1.7619913,2.492257072992232,2.013926290815009,0.022876464,0.92458,0.0039489997393383,0.0086620516051487,nerve,immune,immune-nerve,nerve_to_immune,nerve_c12,microglia,0.8072,7.0,0.2013,False,0.0187,44.0,0.9088,True,False
immune_nk_cell,nerve_c17,S100A4,ERBB3,1.6026816,0.0,2.3553998,2.301479180128424,1.4011294723556342,0.018131806,0.9340972,0.0527120095704115,0.0086728216016423,immune,nerve,immune-nerve,immune_to_nerve,nerve_c17,nk_cell,0.6072,12.0,0.3472,False,0.0794,26.0,0.7523,True,False
malignant,immune_tam,PTN,NCL,1.6026633,0.0,2.0886939,0.5355483251602122,1.8031863685174132,0.0040138527,0.9303004,0.3378721411989394,0.0086835961035978,tumor,immune,immune-tumor,tumor_to_immune,,tam,,,,,0.1165,25.0,0.7417,True,True
nerve_c9,immune_nk_cell,LGALS1,PTPRC,1.6015232,0.0,2.2803621,0.5127027016418718,0.3403328609840375,0.019095069,0.9330936,0.0945533407644697,0.0087159629434826,nerve,immune,immune-nerve,nerve_to_immune,nerve_c9,nk_cell,0.8791,5.0,0.1446,False,0.0794,26.0,0.7523,True,False
nerve_c4,immune_microglia,LRP1B,PLAUR,1.6014001,0.0,2.3352323,0.9788308746822814,1.59885238418583,0.022795005,0.933832,0.0432774260187414,0.0087267656566996,nerve,immune,immune-nerve,nerve_to_immune,nerve_c4,microglia,0.1409,18.0,0.5987,True,0.0187,44.0,0.9088,True,True
nerve_c13,immune_dendritic,HMGB1,CXCR4,1.6013482,0.0,2.5110102,0.2961082123771529,0.2954237165085014,0.009283732,0.9360392,0.5196807563385595,0.0087375728678155,nerve,immune,immune-nerve,nerve_to_immune,nerve_c13,dendritic,0.9595,1.0,0.0572,False,0.0815,25.0,0.7859,True,False
immune_microglia,nerve_c15,SPP1,ITGAV_ITGB5,2.239821,0.0,1.7587934,0.8227664267867316,2.1531926018183314,0.09007327,0.9245166,0.020418494585149,0.0087375728678155,immune,nerve,immune-nerve,immune_to_nerve,nerve_c15,microglia,0.9903,1.0,0.0149,False,0.0187,44.0,0.9088,True,False
immune_tam,nerve_c10,GRN,SORT1,1.60126,0.0,2.5445793,1.420322858926236,1.653972827027369,0.019524941,0.9364356,0.0432774260187414,0.0087592089581574,immune,nerve,immune-nerve,immune_to_nerve,nerve_c10,tam,0.2572,14.0,0.5531,True,0.1165,25.0,0.7417,True,True
nerve_c10,immune_tam,LRP1B,PLAUR,1.6012311,0.0,2.5005357,1.0210252157027124,1.2254964201118796,0.024408588,0.9359139,0.0432774260187414,0.008770037839308,nerve,immune,immune-nerve,nerve_to_immune,nerve_c10,tam,0.2572,14.0,0.5531,True,0.1165,25.0,0.7417,True,True
nerve_c9,immune_microglia,JAM3,ITGB1,1.6215881,0.0,1.7558506,2.4595665839292433,1.943049267457864,0.019920593,0.92445815,0.0056895920491537,0.0087808712123083,nerve,immune,immune-nerve,nerve_to_immune,nerve_c9,microglia,0.8791,5.0,0.1446,False,0.0187,44.0,0.9088,True,False
malignant,nerve_c19,APOE,ABCA1,1.6008854,0.0,2.312291,0.6386444754808329,-0.2091541537610863,0.013848382,0.93352634,0.8909752874544843,0.0088025596280686,tumor,nerve,nerve-tumor,tumor_to_nerve,nerve_c19,,0.9467,4.0,0.054,False,,,,,False
nerve_c14,immune_t_cell,VCAN,CD44,1.6005452,0.0,2.4960675,1.1569151867518896,1.3897185441010804,0.047372766,0.9358603,0.0159802833425142,0.0088134146727529,nerve,immune,immune-nerve,nerve_to_immune,nerve_c14,t_cell,0.4198,6.0,0.3596,True,0.0821,23.0,0.7277,True,True
nerve_c10,immune_tam,SPP1,CD44,1.6003599,0.028,2.5495028,0.3370056732288305,-0.6623813616770506,0.008412947,0.9364931,1.0,0.0088242762582517,nerve,immune,immune-nerve,nerve_to_immune,nerve_c10,tam,0.2572,14.0,0.5531,True,0.1165,25.0,0.7417,True,True
immune_dendritic,malignant,HLA-A,APLP2,1.5998894,0.0,1.7527708,0.1381266760689975,-0.1154326109015614,0.005343434,0.9243968,1.0,0.0088460169931052,immune,tumor,immune-tumor,immune_to_tumor,,dendritic,,,,,0.0815,25.0,0.7859,True,True
nerve_c15,immune_dendritic,BMP1,BMPR2,0.09928271,1.0,0.0072468477,-0.1591654273721138,-0.3359723148418037,0.0030928098,0.44015074,1.0,0.0088535567156108,nerve,immune,immune-nerve,nerve_to_immune,nerve_c15,dendritic,0.9903,1.0,0.0149,False,0.0815,25.0,0.7859,True,False
immune_t_cell,nerve_c9,CALM1,PTPRA,1.5991068,0.0,2.3262954,0.7558741107461909,0.7180353335292039,0.0137194395,0.93371344,0.1492036345624174,0.008856896139436,immune,nerve,immune-nerve,immune_to_nerve,nerve_c9,t_cell,0.8791,5.0,0.1446,False,0.0821,23.0,0.7277,True,False
immune_dendritic,nerve_c21,TIMP1,CD63,1.5987685,0.0,2.136493,0.2788654940957173,0.3242973341595008,0.01176867,0.93103045,0.2560609934867413,0.0088677838829684,immune,nerve,immune-nerve,immune_to_nerve,nerve_c21,dendritic,0.8488,6.0,0.1222,False,0.0815,25.0,0.7859,True,False
nerve_c19,malignant,PTN,PTPRZ1,1.5982044,0.0,1.8709264,0.444074860351898,1.0681813763557324,0.023156207,0.9266451,0.0455363778453863,0.0088786761047425,nerve,tumor,nerve-tumor,nerve_to_tumor,nerve_c19,,0.9467,4.0,0.054,False,,,,,False
nerve_c3,immune_tam,PSEN1,CD44,1.5977926,0.0,2.5407317,1.6291634278579623,1.5727736639959642,0.020737799,0.9363905,0.0371855622326076,0.0088895769256417,nerve,immune,immune-nerve,nerve_to_immune,nerve_c3,tam,0.3912,13.0,0.4608,True,0.1165,25.0,0.7417,True,True
immune_dendritic,nerve_c4,CALM1,PDE1C,1.5975296,0.0,2.4850419,1.6655808497245357,1.12081594424721,0.011155593,0.9357273,0.163913186047486,0.0089004822217592,immune,nerve,immune-nerve,immune_to_nerve,nerve_c4,dendritic,0.1409,18.0,0.5987,True,0.0815,25.0,0.7859,True,True
nerve_c7,immune_tam,PSAP,LRP1,1.6587104,0.0,1.748375,0.5414006059899973,0.5096220189089933,0.027592411,0.924309,0.0432774260187414,0.0089113961189253,nerve,immune,immune-nerve,nerve_to_immune,nerve_c7,tam,0.1793,26.0,0.7072,True,0.1165,25.0,0.7417,True,True
immune_nk_cell,nerve_c15,CALM1,PTPRA,1.5972011,0.0,2.1785738,0.7198274742812576,0.7576084582470096,0.012848245,0.93165404,0.1893907385534087,0.0089223165544306,immune,nerve,immune-nerve,immune_to_nerve,nerve_c15,nk_cell,0.9903,1.0,0.0149,False,0.0794,26.0,0.7523,True,False
nerve_c11,immune_nk_cell,B2M,KLRD1,1.5971742,1.0,2.4397125,1.9766515289340367,0.3784873659239092,0.020229038,0.9351715,0.3575920105334808,0.0089332414606193,nerve,immune,immune-nerve,nerve_to_immune,nerve_c11,nk_cell,0.1876,18.0,0.5976,True,0.0794,26.0,0.7523,True,True
nerve_c1,immune_t_cell,CD22,PTPRC,1.5968927,0.0,2.15509,2.5532555341125653,1.913350299892544,0.027516022,0.9313082,0.0065608953183971,0.0089441749707414,nerve,immune,immune-nerve,nerve_to_immune,nerve_c1,t_cell,0.1983,17.0,0.5642,True,0.0821,23.0,0.7277,True,True
nerve_c5,immune_tam,MIF,CD74_CXCR4,1.5966301,0.0,2.2949796,0.6672934031983553,0.6824293724293633,0.01296798,0.9332928,0.1833241565443038,0.0089551129485241,nerve,immune,immune-nerve,nerve_to_immune,nerve_c5,tam,0.226,19.0,0.6259,True,0.1165,25.0,0.7417,True,True
nerve_c22,immune_microglia,LGALS1,PTPRC,1.5958748,0.0,2.3453438,0.4069153029985795,0.8371391910342433,0.019639207,0.9339654,0.0623416686706126,0.008966059532163,nerve,immune,immune-nerve,nerve_to_immune,nerve_c22,microglia,0.2879,24.0,0.4767,True,0.0187,44.0,0.9088,True,True
nerve_c0,immune_dendritic,MIF,CD74_CXCR4,1.5947518,0.0,2.4868383,0.6235204884917643,0.6809565206826964,0.014052093,0.935749,0.1370250704537998,0.0089770105804398,nerve,immune,immune-nerve,nerve_to_immune,nerve_c0,dendritic,0.4029,19.0,0.5772,True,0.0815,25.0,0.7859,True,True
immune_microglia,nerve_c5,APOE,SORL1,2.1645777,0.0,1.7448121,0.3255041870071649,1.44257261369407,0.01634389,0.92423767,0.1244132208177333,0.0089770105804398,immune,nerve,immune-nerve,immune_to_nerve,nerve_c5,microglia,0.226,19.0,0.6259,True,0.0187,44.0,0.9088,True,True
immune_dendritic,nerve_c1,PSAP,SORT1,1.5944309,0.0,2.5279217,1.0832221793494905,0.738421543758472,0.011041662,0.93623984,0.3174617266740256,0.0089989343541667,immune,nerve,immune-nerve,immune_to_nerve,nerve_c1,dendritic,0.1983,17.0,0.5642,True,0.0815,25.0,0.7859,True,True
immune_tam,nerve_c22,VIM,CD44,1.8703866,0.0,1.7416024,0.3886810406640664,0.3697833358251964,0.02143366,0.9241732,0.078053720164792,0.0090208863447758,immune,nerve,immune-nerve,immune_to_nerve,nerve_c22,tam,0.2879,24.0,0.4767,True,0.1165,25.0,0.7417,True,True
immune_tam,nerve_c2,VCAN,ITGB1,1.5938885,0.0,2.2199476,1.2622660775074277,1.687877661549091,0.05111855,0.93225056,0.010648796177543,0.0090208863447758,immune,nerve,immune-nerve,immune_to_nerve,nerve_c2,tam,0.25,13.0,0.5666,True,0.1165,25.0,0.7417,True,True
nerve_c12,malignant,ANGPTL4,SDC4,0.08759786,0.666,0.007267604,0.0184381827067344,-0.1137051831293339,0.009928572,0.44050318,1.0,0.0090304491074146,nerve,tumor,nerve-tumor,nerve_to_tumor,nerve_c12,,0.8072,7.0,0.2013,False,,,,,False
immune_dendritic,nerve_c17,TIMP1,FGFR2,1.5937912,0.0,2.1270258,2.4965644656210597,1.4726770768890949,0.0141301025,0.93088776,0.0461622638232035,0.0090428623979977,immune,nerve,immune-nerve,immune_to_nerve,nerve_c17,dendritic,0.6072,12.0,0.3472,False,0.0815,25.0,0.7859,True,False
immune_microglia,nerve_c2,SPP1,CD44,2.2371883,0.0,1.7374959,0.2733491473148682,1.4769696086141306,0.026040748,0.9240904,0.1887518767895145,0.0090538591849612,immune,nerve,immune-nerve,immune_to_nerve,nerve_c2,microglia,0.25,13.0,0.5666,True,0.0187,44.0,0.9088,True,True
nerve_c19,immune_microglia,JAM3,ITGB1,1.6076999,0.0,1.7367717,2.4317327589411137,2.0521411920286647,0.019704139,0.9240758,0.0031156123380377,0.0090648645864313,nerve,immune,immune-nerve,nerve_to_immune,nerve_c19,microglia,0.9467,4.0,0.054,False,0.0187,44.0,0.9088,True,False
immune_tam,nerve_c7,TIMP1,FGFR2,1.5924969,0.0,1.8014517,1.4986201385578926,2.02458695996858,0.011967272,0.9253486,0.0536742779113445,0.0090868929078767,immune,nerve,immune-nerve,immune_to_nerve,nerve_c7,tam,0.1793,26.0,0.7072,True,0.1165,25.0,0.7417,True,True
nerve_c21,immune_t_cell,LGALS1,PTPRC,1.592435,0.0,2.13525,0.5153888506262948,0.6169234296297228,0.017879944,0.9310118,0.0556006213190077,0.0090979158248305,nerve,immune,immune-nerve,nerve_to_immune,nerve_c21,t_cell,0.8488,6.0,0.1222,False,0.0821,23.0,0.7277,True,False
nerve_c10,immune_t_cell,CD22,PTPRC,1.5922484,0.0,2.13442,2.534252204334382,2.0553764672258517,0.027252108,0.9309993,0.0030522971699884,0.0091089473601343,nerve,immune,immune-nerve,nerve_to_immune,nerve_c10,t_cell,0.2572,14.0,0.5531,True,0.0821,23.0,0.7277,True,True
nerve_c17,immune_microglia,HMGB1,CXCR4,1.5919886,0.0,2.3489177,0.3279711952073846,0.2941662147556279,0.008684441,0.9340123,0.6202874744235999,0.0091199854288268,nerve,immune,immune-nerve,nerve_to_immune,nerve_c17,microglia,0.6072,12.0,0.3472,False,0.0187,44.0,0.9088,True,False
nerve_c6,immune_tam,HLA-A,APLP2,1.5919547,0.0,2.5330887,0.3121831286558001,0.2103895427007061,0.021339236,0.93630075,0.2085306182032832,0.0091420790744135,nerve,immune,immune-nerve,nerve_to_immune,nerve_c6,tam,0.2107,18.0,0.6248,True,0.1165,25.0,0.7417,True,True
nerve_c21,immune_t_cell,SPP1,ITGA4_ITGB1,1.7168102,0.0,1.734496,0.5628045194248575,-0.1487327892542105,0.018127602,0.92402977,0.4646051411541962,0.0091531346482867,nerve,immune,immune-nerve,nerve_to_immune,nerve_c21,t_cell,0.8488,6.0,0.1222,False,0.0821,23.0,0.7277,True,False
immune_tam,nerve_c15,APOE,LRP6,1.5913987,0.0,2.5004041,1.2277007106246574,0.7477916604650923,0.023448221,0.9359124,0.0432774260187414,0.0091641988453127,immune,nerve,immune-nerve,immune_to_nerve,nerve_c15,tam,0.9903,1.0,0.0149,False,0.1165,25.0,0.7417,True,False
nerve_c17,malignant,FGF2,SDC4,0.08770165,0.001,0.007289968,0.0826157785055344,0.0612716244350639,0.012216497,0.44088182,0.7365212384437418,0.0092073355705546,nerve,tumor,nerve-tumor,nerve_to_tumor,nerve_c17,,0.6072,12.0,0.3472,False,,,,,False
immune_tam,nerve_c3,CALM1,PDE1C,1.590682,0.0,2.5272002,1.5443031957575304,1.075384163005893,0.011344845,0.9362313,0.1951101284619006,0.0092085167542499,immune,nerve,immune-nerve,immune_to_nerve,nerve_c3,tam,0.3912,13.0,0.4608,True,0.1165,25.0,0.7417,True,True
nerve_c7,malignant,GSTP1,EGFR,1.589997,0.0,2.5276608,0.7096810886229135,2.322232726972158,0.058337618,0.93623674,0.0432774260187414,0.0092196136061231,nerve,tumor,nerve-tumor,nerve_to_tumor,nerve_c7,,0.1793,26.0,0.7072,True,,,,,True
nerve_c15,immune_nk_cell,VCAN,CD44,1.5891795,0.0,2.29717,1.1535117715573888,1.3457069118232994,0.043597896,0.9333225,0.0231617245322896,0.0092418247995283,nerve,immune,immune-nerve,nerve_to_immune,nerve_c15,nk_cell,0.9903,1.0,0.0149,False,0.0794,26.0,0.7523,True,False
malignant,nerve_c3,PTN,PTPRS,1.5891168,0.0,2.0265055,1.0115246541121112,2.213268366674717,0.060027134,0.9293141,0.019759049761263,0.0092529391380401,tumor,nerve,nerve-tumor,tumor_to_nerve,nerve_c3,,0.3912,13.0,0.4608,True,,,,,True
immune_microglia,nerve_c22,APOE,LRP1,2.162586,0.0,1.7293586,0.3715348289276328,1.639876775211159,0.045424514,0.9239256,0.0851258385318309,0.0092640621083469,immune,nerve,immune-nerve,immune_to_nerve,nerve_c22,microglia,0.2879,24.0,0.4767,True,0.0187,44.0,0.9088,True,True
immune_dendritic,nerve_c9,PSAP,SORT1,1.5885599,0.0,2.5106034,1.0737718239421696,0.5977718175674123,0.010966018,0.9360343,0.3245405750585072,0.0092863255303793,immune,nerve,immune-nerve,immune_to_nerve,nerve_c9,dendritic,0.8791,5.0,0.1446,False,0.0815,25.0,0.7859,True,False
nerve_c4,immune_nk_cell,CD22,PTPRC,1.5885197,0.0,2.224839,2.661791238655322,1.759243002886841,0.028406572,0.93232006,0.0135667005976727,0.0092974659790852,nerve,immune,immune-nerve,nerve_to_immune,nerve_c4,nk_cell,0.1409,18.0,0.5987,True,0.0794,26.0,0.7523,True,True
malignant,nerve_c19,PTN,PTPRS,1.5873088,0.0,2.0182052,1.0086039641789677,2.3340210287209016,0.05978127,0.9291792,0.0200475023392051,0.0093197706762043,tumor,nerve,nerve-tumor,tumor_to_nerve,nerve_c19,,0.9467,4.0,0.054,False,,,,,False
nerve_c13,malignant,CNTN1,PTPRZ1,1.5871639,0.0,1.817383,1.1168884997027928,2.4044355103432844,0.0999817,0.9256521,0.0111936744949177,0.0093532724537611,nerve,tumor,nerve-tumor,nerve_to_tumor,nerve_c13,,0.9595,1.0,0.0572,False,,,,,False
immune_nk_cell,nerve_c6,CALM1,GRM3,1.5871414,0.0,2.1341596,1.8584542652162148,1.45072102396815,0.014586208,0.93099535,0.0501759792877084,0.0093644541750733,immune,nerve,immune-nerve,immune_to_nerve,nerve_c6,nk_cell,0.2107,18.0,0.6248,True,0.0794,26.0,0.7523,True,True
nerve_c2,immune_tam,RPS19,C5AR1,1.58675,0.0,2.4222834,0.3283834720986249,-0.217491956446581,0.040728215,0.9349538,0.7991598080724986,0.0093868350805797,nerve,immune,immune-nerve,nerve_to_immune,nerve_c2,tam,0.25,13.0,0.5666,True,0.1165,25.0,0.7417,True,True
nerve_c21,immune_microglia,SPP1,ITGAV_ITGB1,1.7151803,0.017,1.7253094,0.1503780492328051,-0.5709311030737302,0.017836783,0.92384315,1.0,0.0094092420872009,nerve,immune,immune-nerve,nerve_to_immune,nerve_c21,microglia,0.8488,6.0,0.1222,False,0.0187,44.0,0.9088,True,False
immune_tam,nerve_c19,NAMPT,INSR,1.5859383,0.0,2.3073616,1.4173722059759326,1.5351063790534667,0.026405491,0.9334601,0.0432774260187414,0.0094092420872009,immune,nerve,immune-nerve,immune_to_nerve,nerve_c19,tam,0.9467,4.0,0.054,False,0.1165,25.0,0.7417,True,False
nerve_c11,malignant,NCAM1,PTPRA,1.5854245,0.0,1.8083433,1.2405902002880498,1.535148896482624,0.022000121,0.9254803,0.0432774260187414,0.0094204564386098,nerve,tumor,nerve-tumor,nerve_to_tumor,nerve_c11,,0.1876,18.0,0.5976,True,,,,,True
malignant,nerve_c2,NCAM1,FGFR2,1.5842627,0.0,2.2884562,2.5380981133329343,2.322514239921068,0.05514157,0.9332041,0.0010540192065835,0.0094429025940129,tumor,nerve,nerve-tumor,tumor_to_nerve,nerve_c2,,0.25,13.0,0.5666,True,,,,,True
immune_t_cell,nerve_c12,CALM1,PTPRA,1.5840619,0.0,2.2637212,0.734614045892653,0.6996938069602923,0.013350405,0.9328646,0.1648405521208419,0.0094766196917562,immune,nerve,immune-nerve,immune_to_nerve,nerve_c12,t_cell,0.8072,7.0,0.2013,False,0.0821,23.0,0.7277,True,False
nerve_c20,immune_tam,HMGB1,CXCR4,1.5834951,0.0,2.2662823,0.3241805124662446,0.266582503474466,0.008378921,0.9329,0.6808655636651169,0.0094991310808393,nerve,immune,immune-nerve,nerve_to_immune,nerve_c20,tam,0.3415,15.0,0.5197,True,0.1165,25.0,0.7417,True,True
malignant,immune_microglia,COPA,CD74,2.1769967,0.0,1.7219263,0.4239584971228304,1.5335620662886855,0.0042125015,0.92377406,0.4730467089301037,0.0095103976251153,tumor,immune,immune-tumor,tumor_to_immune,,microglia,,,,,0.0187,44.0,0.9088,True,True
nerve_c19,immune_t_cell,HMGB1,CXCR4,1.5833924,0.0,2.0430033,0.2530778350860775,0.4500263637764984,0.007553412,0.9295799,0.8683725195969335,0.0095103976251153,nerve,immune,immune-nerve,nerve_to_immune,nerve_c19,t_cell,0.9467,4.0,0.054,False,0.0821,23.0,0.7277,True,False
malignant,nerve_c4,CALM1,PDE1A,1.5833075,0.0,2.4968693,2.42530413114933,1.6076861158006883,0.021373224,0.93586993,0.0268507597413305,0.0095216706928791,tumor,nerve,nerve-tumor,tumor_to_nerve,nerve_c4,,0.1409,18.0,0.5987,True,,,,,True
nerve_c13,immune_dendritic,LRP1B,PLAUR,1.5829992,0.0,2.1273487,0.9534747225965284,1.3522246004275686,0.020765781,0.9308926,0.0432774260187414,0.0095442342624618,nerve,immune,immune-nerve,nerve_to_immune,nerve_c13,dendritic,0.9595,1.0,0.0572,False,0.0815,25.0,0.7859,True,False
immune_dendritic,nerve_c9,POMC,GRM7,0.08603556,0.0,0.007359228,0.1642444259723821,0.0357628914860045,0.0048835096,0.44204763,1.0,0.0095610875743668,immune,nerve,immune-nerve,immune_to_nerve,nerve_c9,dendritic,0.8791,5.0,0.1446,False,0.0815,25.0,0.7859,True,False
nerve_c9,immune_microglia,EDIL3,ITGAV,1.7097687,0.0,1.7186831,2.4294530628351465,1.9343901629748537,0.022314183,0.92370766,0.0059489798404675,0.0095668239177607,nerve,immune,immune-nerve,nerve_to_immune,nerve_c9,microglia,0.8791,5.0,0.1446,False,0.0187,44.0,0.9088,True,False
nerve_c12,malignant,GSTP1,EGFR,1.5815221,0.0,2.501062,0.7008924522088985,2.208313664924503,0.05772372,0.93592024,0.0432774260187414,0.009578127457362,nerve,tumor,nerve-tumor,nerve_to_tumor,nerve_c12,,0.8072,7.0,0.2013,False,,,,,False
nerve_c22,immune_dendritic,COPA,CD74,2.4272306,0.0,1.7176883,0.5195057221617991,0.943888843664174,0.006437792,0.9236873,0.4069164897766191,0.0095894396565761,nerve,immune,immune-nerve,nerve_to_immune,nerve_c22,dendritic,0.2879,24.0,0.4767,True,0.0815,25.0,0.7859,True,True
malignant,nerve_c1,CALM1,GRM3,1.5809338,0.0,2.4898274,2.7087204682860335,1.5935990655935692,0.017024517,0.9357851,0.0284108438651752,0.0096007562358774,tumor,nerve,nerve-tumor,tumor_to_nerve,nerve_c1,,0.1983,17.0,0.5642,True,,,,,True
immune_tam,nerve_c13,SPP1,CD44,1.5807933,0.281,1.7626991,0.0449032306023362,-0.2937983864080873,0.026418483,0.924594,1.0,0.0096120814767083,immune,nerve,immune-nerve,immune_to_nerve,nerve_c13,tam,0.9595,1.0,0.0572,False,0.1165,25.0,0.7417,True,False
immune_microglia,nerve_c10,APOE,SORL1,2.161033,0.0,1.7173094,0.3213156478492202,1.571462477096764,0.016086267,0.92367953,0.1289309668787619,0.0096120814767083,immune,nerve,immune-nerve,immune_to_nerve,nerve_c10,microglia,0.2572,14.0,0.5531,True,0.0187,44.0,0.9088,True,True
nerve_c14,immune_nk_cell,HMGB1,CXCR4,1.58056,0.0,2.1260123,0.2549043802217057,0.2426474268630303,0.007860314,0.9308724,0.794770747696929,0.0096234132385518,nerve,immune,immune-nerve,nerve_to_immune,nerve_c14,nk_cell,0.4198,6.0,0.3596,True,0.0794,26.0,0.7523,True,True
nerve_c11,immune_microglia,EDIL3,ITGAV,1.7069814,0.0,1.7152704,2.42450763043666,2.0272922919127474,0.022269873,0.9236376,0.0035540461438878,0.0096234132385518,nerve,immune,immune-nerve,nerve_to_immune,nerve_c11,microglia,0.1876,18.0,0.5976,True,0.0187,44.0,0.9088,True,True
nerve_c13,immune_nk_cell,VIM,CD44,1.580282,0.008,2.277393,0.3136233921928316,0.7625444311998725,0.02405671,0.93305296,0.8386148925245904,0.0096460941777677,nerve,immune,immune-nerve,nerve_to_immune,nerve_c13,nk_cell,0.9595,1.0,0.0572,False,0.0794,26.0,0.7523,True,False
nerve_c14,malignant,CNTN1,PTPRZ1,1.5802598,0.0,1.7839004,1.103062663833669,2.414615718895385,0.09813969,0.92500967,0.0119997974186377,0.0096574433521238,nerve,tumor,nerve-tumor,nerve_to_tumor,nerve_c14,,0.4198,6.0,0.3596,True,,,,,True
nerve_c0,immune_tam,HLA-A,APLP2,1.5802462,0.0,2.4966314,0.3033973864735269,0.0877696891978654,0.021032112,0.9358671,0.4073340292644841,0.0096688011928008,nerve,immune,immune-nerve,nerve_to_immune,nerve_c0,tam,0.4029,19.0,0.5772,True,0.1165,25.0,0.7417,True,True
nerve_c6,immune_nk_cell,HMGB1,CXCR4,1.580053,0.0,2.1237907,0.2544287884987615,0.3296056455334597,0.007852101,0.93083876,0.797305712409181,0.0096915342814513,nerve,immune,immune-nerve,nerve_to_immune,nerve_c6,nk_cell,0.2107,18.0,0.6248,True,0.0794,26.0,0.7523,True,True
nerve_c19,malignant,NCAM1,PTPRA,1.5797592,0.0,1.7998946,1.2344169484653562,1.519819794031014,0.021897336,0.92531866,0.0432774260187414,0.0097029095264089,nerve,tumor,nerve-tumor,nerve_to_tumor,nerve_c19,,0.9467,4.0,0.054,False,,,,,False
immune_tam,malignant,GSTP1,EGFR,1.5796051,0.0,2.4950452,0.6989046222961903,2.316920905242984,0.01972932,0.935848,0.0432774260187414,0.0097142934415194,immune,tumor,immune-tumor,immune_to_tumor,,tam,,,,,0.1165,25.0,0.7417,True,True
immune_t_cell,nerve_c10,CALM1,INSR,1.5795548,0.0,2.2449758,1.135010386308818,1.2956650540391423,0.014422769,0.9326038,0.1237610514486534,0.0097256838751673,immune,nerve,immune-nerve,immune_to_nerve,nerve_c10,t_cell,0.2572,14.0,0.5531,True,0.0821,23.0,0.7277,True,True
malignant,nerve_c12,NCAM1,NCAM2,1.5787159,0.0,2.276101,1.333748812592147,1.774451580604583,0.04008263,0.9330352,0.0339404566634192,0.0097484821394701,tumor,nerve,nerve-tumor,tumor_to_nerve,nerve_c12,,0.8072,7.0,0.2013,False,,,,,False
malignant,nerve_c6,NRXN1,NLGN1,1.5780258,0.0,2.2459352,0.9371102181523968,2.172115849312873,0.05981848,0.9326172,0.0288713746836704,0.0097655984834147,tumor,nerve,nerve-tumor,tumor_to_nerve,nerve_c6,,0.2107,18.0,0.6248,True,,,,,True
nerve_c6,malignant,NLGN1,NRXN1,1.5780258,0.0,2.2459352,0.9371102181523968,2.172115849312873,0.05981848,0.9326172,0.0288713746836704,0.0097655984834147,nerve,tumor,nerve-tumor,nerve_to_tumor,nerve_c6,,0.2107,18.0,0.6248,True,,,,,True
nerve_c2,immune_microglia,APOE,TREM2,1.5776258,0.0,2.4865763,0.2041459507230177,0.4551388604848232,0.04838355,0.93574584,0.3135223741254426,0.0097941568636303,nerve,immune,immune-nerve,nerve_to_immune,nerve_c2,microglia,0.25,13.0,0.5666,True,0.0187,44.0,0.9088,True,True
nerve_c6,malignant,IL1RAPL1,PTPRS,1.8723612,0.0,1.7031301,1.827964201039491,2.581871936354367,0.055031493,0.92338675,0.00742457605545,0.0098055907519732,nerve,tumor,nerve-tumor,nerve_to_tumor,nerve_c6,,0.2107,18.0,0.6248,True,,,,,True
immune_dendritic,nerve_c4,TIMP1,FGFR2,1.5768273,0.0,2.0947595,2.4580695035218554,1.610004348433744,0.013915753,0.9303944,0.0265798015505134,0.0098170333190882,immune,nerve,immune-nerve,immune_to_nerve,nerve_c4,dendritic,0.1409,18.0,0.5987,True,0.0815,25.0,0.7859,True,True
immune_tam,nerve_c2,SPP1,ITGAV_ITGB1,1.5752233,0.0,1.735531,0.1236969172451679,-0.2828101460393692,0.011557428,0.9240507,1.0,0.0098628644057606,immune,nerve,immune-nerve,immune_to_nerve,nerve_c2,tam,0.25,13.0,0.5666,True,0.1165,25.0,0.7417,True,True
nerve_c17,malignant,MIF,EGFR,1.5750799,0.0,2.4808428,0.7025348988864422,2.252137913759336,0.05604634,0.9356764,0.0432774260187414,0.0098743395479711,nerve,tumor,nerve-tumor,nerve_to_tumor,nerve_c17,,0.6072,12.0,0.3472,False,,,,,False
nerve_c2,immune_tam,TIMP1,CD63,1.5743278,0.0,2.1383708,0.2631580436049349,-0.0459835420250287,0.024841702,0.93105865,0.7453291014327864,0.0098973072026528,nerve,immune,immune-nerve,nerve_to_immune,nerve_c2,tam,0.25,13.0,0.5666,True,0.1165,25.0,0.7417,True,True
immune_dendritic,nerve_c5,TIMP1,CD63,1.5737027,0.0,2.0888164,0.2593843886131521,0.0872689409956641,0.011506048,0.9303023,0.4085851328279635,0.00990879971211,immune,nerve,immune-nerve,immune_to_nerve,nerve_c5,dendritic,0.226,19.0,0.6259,True,0.0815,25.0,0.7859,True,True
nerve_c15,immune_dendritic,IGF2,INSR,0.10160036,0.209,0.007470234,0.1181918099431657,-0.0807625137583329,0.09911341,0.44389465,0.3789870651502715,0.0099148106370438,nerve,immune,immune-nerve,nerve_to_immune,nerve_c15,dendritic,0.9903,1.0,0.0149,False,0.0815,25.0,0.7859,True,False
nerve_c2,immune_nk_cell,SPP1,PTGER4,2.047623,0.0,1.6971095,0.4807371038832947,-0.1068381191851184,0.016957825,0.9232614,0.553151957374208,0.0099203009089541,nerve,immune,immune-nerve,nerve_to_immune,nerve_c2,nk_cell,0.25,13.0,0.5666,True,0.0794,26.0,0.7523,True,True
malignant,immune_t_cell,MIF,CD74_CXCR4,1.5729338,0.143,2.0807338,0.0176232076570425,-0.5609401208653442,0.0041933814,0.93017656,1.0,0.009931808619385,tumor,immune,immune-tumor,tumor_to_immune,,t_cell,,,,,0.0821,23.0,0.7277,True,True
immune_microglia,nerve_c4,GRN,SORT1,1.5719706,0.0,2.4016356,1.4997751912575836,1.9482001438517311,0.018428115,0.93469304,0.0494917307748014,0.009943320664675,immune,nerve,immune-nerve,immune_to_nerve,nerve_c4,microglia,0.1409,18.0,0.5987,True,0.0187,44.0,0.9088,True,True
immune_tam,nerve_c3,IL18,IL1RAPL1,2.2575312,0.0,1.6960403,2.0744111197157475,2.077051104440404,0.016985176,0.92323905,0.008905502082036,0.009943320664675,immune,nerve,immune-nerve,immune_to_nerve,nerve_c3,tam,0.3912,13.0,0.4608,True,0.1165,25.0,0.7417,True,True
immune_dendritic,nerve_c3,LGALS9,PTPRK,1.8471173,0.0,1.6944233,2.366177117849453,2.0267080865866935,0.024887344,0.92320526,0.0035653704612368,0.0099548414002227,immune,nerve,immune-nerve,immune_to_nerve,nerve_c3,dendritic,0.3912,13.0,0.4608,True,0.0815,25.0,0.7859,True,True
immune_nk_cell,nerve_c17,CALM1,INSR,1.570658,0.0,2.0613852,1.052599925650051,0.8624781991895757,0.013243296,0.9298726,0.1697065824403375,0.009966366467616,immune,nerve,immune-nerve,immune_to_nerve,nerve_c17,nk_cell,0.6072,12.0,0.3472,False,0.0794,26.0,0.7523,True,False
immune_dendritic,nerve_c12,TIMP1,CD63,1.5706224,0.0,2.0829575,0.256990475956837,-0.0263015402473849,0.011473776,0.93021125,0.6906881546321808,0.0099779002271804,immune,nerve,immune-nerve,immune_to_nerve,nerve_c12,dendritic,0.8072,7.0,0.2013,False,0.0815,25.0,0.7859,True,False
nerve_c21,immune_nk_cell,SPP1,ITGA4_ITGB1,1.7094939,0.0,1.6932596,0.547641844931227,-0.2779106018613583,0.017696632,0.9231809,0.4939647233878194,0.0099779002271804,nerve,immune,immune-nerve,nerve_to_immune,nerve_c21,nk_cell,0.8488,6.0,0.1222,False,0.0794,26.0,0.7523,True,False
nerve_c2,immune_tam,HMGB1,CXCR4,1.5701873,0.0,2.2372074,0.3116986676518369,0.0181755194341608,0.008271426,0.93249476,0.7041210562596741,0.0099894383155771,nerve,immune,immune-nerve,nerve_to_immune,nerve_c2,tam,0.25,13.0,0.5666,True,0.1165,25.0,0.7417,True,True
nerve_c9,immune_microglia,HMGB1,CXCR4,1.5696788,0.0,2.297102,0.3070472659175988,0.2838787204943382,0.008492867,0.9333216,0.6568080799095807,0.0100009850980583,nerve,immune,immune-nerve,nerve_to_immune,nerve_c9,microglia,0.8791,5.0,0.1446,False,0.0187,44.0,0.9088,True,False
malignant,nerve_c17,PSAP,SORT1,1.5695965,0.0,1.9906107,1.286475748334304,0.2869983396440397,0.008609675,0.9287248,0.6338685476929634,0.0100125362063586,tumor,nerve,nerve-tumor,tumor_to_nerve,nerve_c17,,0.6072,12.0,0.3472,False,,,,,False
nerve_c6,malignant,IL1RAPL1,PTPRD,1.8706399,0.0,1.6920621,1.7244092327776697,2.2122300191972433,0.059008263,0.9231558,0.0049024008161638,0.0100356623260661,nerve,tumor,nerve-tumor,nerve_to_tumor,nerve_c6,,0.2107,18.0,0.6248,True,,,,,True
immune_nk_cell,nerve_c3,HSPA8,LRP2,1.569157,0.0,2.4549441,2.8118718602676234,1.424840060023113,0.019236768,0.9353599,0.0364269184061551,0.0100356623260661,immune,nerve,immune-nerve,immune_to_nerve,nerve_c3,nk_cell,0.3912,13.0,0.4608,True,0.0794,26.0,0.7523,True,True
immune_t_cell,nerve_c4,CALM1,PTPRA,1.5690575,0.0,2.2013156,0.7134125952718473,0.8441095939497016,0.012982365,0.93198395,0.1823274087023248,0.0100472329627755,immune,nerve,immune-nerve,immune_to_nerve,nerve_c4,t_cell,0.1409,18.0,0.5987,True,0.0821,23.0,0.7277,True,True
immune_t_cell,nerve_c17,CD99,CD81,1.5687056,0.0,2.451203,0.6476578351227719,0.5922837097067994,0.02584553,0.93531376,0.0432774260187414,0.0100703959522154,immune,nerve,immune-nerve,immune_to_nerve,nerve_c17,t_cell,0.6072,12.0,0.3472,False,0.0821,23.0,0.7277,True,False
immune_tam,nerve_neuron,ANXA1,GRM7,1.568002,0.0,2.4516277,2.9048013197748723,2.0083218743996727,0.11508449,0.935319,9.883262567502173e-05,0.0100819883068584,immune,nerve,immune-nerve,immune_to_nerve,nerve_neuron,tam,0.4,10.0,0.5084,True,0.1165,25.0,0.7417,True,True
nerve_c20,immune_microglia,MIF,CD74_CXCR4,1.5663877,0.0,2.289458,0.6352411855133576,1.311073364106268,0.012936779,0.93321776,0.1850154287315906,0.0101749526590983,nerve,immune,immune-nerve,nerve_to_immune,nerve_c20,microglia,0.3415,15.0,0.5197,True,0.0187,44.0,0.9088,True,True
immune_tam,nerve_c22,S100A9,CD68,1.9096367,0.0,1.6822797,1.2799748356556706,2.047257516196228,0.2133119,0.9229499,0.0031475098263798,0.0101982588157128,immune,nerve,immune-nerve,immune_to_nerve,nerve_c22,tam,0.2879,24.0,0.4767,True,0.1165,25.0,0.7417,True,True
nerve_c4,immune_tam,SPP1,CD44,1.5655491,0.059,2.430569,0.3204282561577758,-0.970693350588362,0.008020485,0.9350576,1.0,0.0102449514062706,nerve,immune,immune-nerve,nerve_to_immune,nerve_c4,tam,0.1409,18.0,0.5987,True,0.1165,25.0,0.7417,True,True
immune_microglia,nerve_c17,APOE,VLDLR,2.1561444,0.0,1.6793797,1.405172765706652,1.9909128801265352,0.048344724,0.9228885,0.0144563485057245,0.0102566391590056,immune,nerve,immune-nerve,immune_to_nerve,nerve_c17,microglia,0.6072,12.0,0.3472,False,0.0187,44.0,0.9088,True,False
immune_nk_cell,nerve_c3,CALM1,PDE1A,1.565339,0.0,2.0379016,1.6253397919467971,1.260572380716174,0.017380074,0.9294981,0.0621750447815368,0.0102566391590056,immune,nerve,immune-nerve,immune_to_nerve,nerve_c3,nk_cell,0.3912,13.0,0.4608,True,0.0794,26.0,0.7523,True,True
nerve_c9,immune_nk_cell,SPP1,PTGER4,2.0274026,0.0,1.6781888,0.4711078636742062,-0.1773551081095337,0.016768768,0.9228633,0.5679618169159064,0.0102683356278133,nerve,immune,immune-nerve,nerve_to_immune,nerve_c9,nk_cell,0.8791,5.0,0.1446,False,0.0794,26.0,0.7523,True,False
nerve_c12,malignant,FGF2,SDC4,0.088688046,0.0,0.0075025205,0.0862257527011206,0.0673702538343538,0.012572692,0.44442704,0.7190529399595776,0.0102685068506241,nerve,tumor,nerve-tumor,nerve_to_tumor,nerve_c12,,0.8072,7.0,0.2013,False,,,,,False
malignant,nerve_c3,CALM1,PDE1C,1.5647123,0.0,2.441703,1.5211482911769425,1.3084235369213395,0.011047273,0.9351962,0.0824918582234695,0.0103034596319261,tumor,nerve,nerve-tumor,tumor_to_nerve,nerve_c3,,0.3912,13.0,0.4608,True,,,,,True
malignant,nerve_c19,PTN,NCL,1.5635414,0.0,1.9090959,0.4910700860480504,1.8782282837848112,0.041802622,0.9273285,0.0432774260187414,0.0103621326562141,tumor,nerve,nerve-tumor,tumor_to_nerve,nerve_c19,,0.9467,4.0,0.054,False,,,,,False
immune_nk_cell,nerve_c6,CALM1,INSR,1.5625939,0.0,2.025782,1.0371673483915276,1.1492132051600426,0.013014567,0.92930233,0.1805311695206955,0.0104209682342996,immune,nerve,immune-nerve,immune_to_nerve,nerve_c6,nk_cell,0.2107,18.0,0.6248,True,0.0794,26.0,0.7523,True,True
immune_microglia,nerve_c12,GRN,SORT1,1.5619524,0.0,2.3754196,1.4836503624110051,1.8349124039012596,0.018226955,0.9343572,0.0516538194921155,0.0104445475266231,immune,nerve,immune-nerve,immune_to_nerve,nerve_c12,microglia,0.8072,7.0,0.2013,False,0.0187,44.0,0.9088,True,False
nerve_c17,malignant,NRG2,LRRTM2,0.0937323,0.001,0.007514677,0.1176190223241987,0.0685393423714368,0.012195386,0.4446269,0.7156879396163709,0.0104453444972803,nerve,tumor,nerve-tumor,nerve_to_tumor,nerve_c17,,0.6072,12.0,0.3472,False,,,,,False
nerve_c10,malignant,NRXN3,NLGN1,1.5617969,0.0,2.3637383,1.3452549256275403,2.503246631961286,0.08057027,0.9342059,0.0036302291101057,0.010474057645552,nerve,tumor,nerve-tumor,nerve_to_tumor,nerve_c10,,0.2572,14.0,0.5531,True,,,,,True
malignant,nerve_c10,NLGN1,NRXN3,1.5617969,0.0,2.3637383,1.3452549256275403,2.503246631961286,0.08057027,0.9342059,0.0036302291101057,0.010474057645552,tumor,nerve,nerve-tumor,tumor_to_nerve,nerve_c10,,0.2572,14.0,0.5531,True,,,,,True
nerve_c13,immune_nk_cell,LGALS1,PTPRC,1.5616745,0.0,2.110214,0.4836654117170988,0.465913615745483,0.0176703,0.93063205,0.0581301022746975,0.0104917841088434,nerve,immune,immune-nerve,nerve_to_immune,nerve_c13,nk_cell,0.9595,1.0,0.0572,False,0.0794,26.0,0.7523,True,False
nerve_c12,immune_microglia,HMGB1,CXCR4,1.5609812,0.0,2.2769012,0.2988902045863659,0.2690659699223503,0.008418181,0.9330462,0.6735469542247009,0.0105036106210483,nerve,immune,immune-nerve,nerve_to_immune,nerve_c12,microglia,0.8072,7.0,0.2013,False,0.0187,44.0,0.9088,True,False
immune_tam,nerve_c10,NAMPT,INSR,1.5606844,0.0,2.204233,1.3690417110698383,1.637920691211418,0.025225284,0.9320259,0.0432774260187414,0.0105272809047123,immune,nerve,immune-nerve,immune_to_nerve,nerve_c10,tam,0.2572,14.0,0.5531,True,0.1165,25.0,0.7417,True,True
nerve_c17,immune_nk_cell,LGALS1,PTPRC,1.5605559,0.0,2.105438,0.4828503486703197,0.3717164265252217,0.017630307,0.93055886,0.0769410224503934,0.0105391269143695,nerve,immune,immune-nerve,nerve_to_immune,nerve_c17,nk_cell,0.6072,12.0,0.3472,False,0.0794,26.0,0.7523,True,False
nerve_c17,immune_microglia,EDIL3,ITGAV,1.6694754,0.0,1.669347,2.35791007851747,1.8308651132434663,0.021673637,0.922675,0.0099818008422152,0.0105509771806014,nerve,immune,immune-nerve,nerve_to_immune,nerve_c17,microglia,0.6072,12.0,0.3472,False,0.0187,44.0,0.9088,True,False
immune_microglia,nerve_c19,CALM1,PDE1C,1.5605357,0.0,2.313318,1.661745482584497,1.050764482008807,0.010384709,0.9335401,0.21368392789972,0.0105509771806014,immune,nerve,immune-nerve,immune_to_nerve,nerve_c19,microglia,0.9467,4.0,0.054,False,0.0187,44.0,0.9088,True,False
malignant,immune_nk_cell,VIM,CD44,1.5598123,0.0,2.2318954,0.3003295442441901,0.7483254227866193,0.013151985,0.9324199,0.1741984306609241,0.0105746994465157,tumor,immune,immune-tumor,tumor_to_immune,,nk_cell,,,,,0.0794,26.0,0.7523,True,True
nerve_c7,immune_microglia,SPP1,CD44,1.8870606,0.0,1.6687311,0.1301201949058205,-0.746203569842677,0.005506543,0.9226619,1.0,0.0105746994465157,nerve,immune,immune-nerve,nerve_to_immune,nerve_c7,microglia,0.1793,26.0,0.7072,True,0.0187,44.0,0.9088,True,True
nerve_c1,immune_t_cell,PSEN1,CD44,1.5596329,0.0,2.3860734,1.6901911302178605,1.6265296614238216,0.019475456,0.9344943,0.0309098594360698,0.0105984477002555,nerve,immune,immune-nerve,nerve_to_immune,nerve_c1,t_cell,0.1983,17.0,0.5642,True,0.0821,23.0,0.7277,True,True
nerve_c20,malignant,GSTP1,EGFR,1.5596154,0.0,2.432307,0.6781788453963988,2.5705296843043355,0.056136884,0.9350793,0.0351749754822329,0.0106103326961628,nerve,tumor,nerve-tumor,nerve_to_tumor,nerve_c20,,0.3415,15.0,0.5197,True,,,,,True
immune_dendritic,nerve_c9,TGS1,RXRA,0.095033914,1.0,0.00758266,-0.1311512008968959,-0.176388743769652,0.004851611,0.44573915,1.0,0.0106221751706972,immune,nerve,immune-nerve,immune_to_nerve,nerve_c9,dendritic,0.8791,5.0,0.1446,False,0.0815,25.0,0.7859,True,False
immune_t_cell,nerve_c11,CALM1,INSR,1.559205,0.0,2.1603377,1.0960645603686987,1.1144338911628702,0.013879014,0.93138593,0.1431208120612719,0.0106341199287451,immune,nerve,immune-nerve,immune_to_nerve,nerve_c11,t_cell,0.1876,18.0,0.5976,True,0.0821,23.0,0.7277,True,True
malignant,nerve_c2,TIMP1,FGFR2,1.559099,0.0,2.1850417,2.3432485511497463,1.8748504996640376,0.01455297,0.9317484,0.0080064855719862,0.0106460244146793,tumor,nerve,nerve-tumor,tumor_to_nerve,nerve_c2,,0.25,13.0,0.5666,True,,,,,True
nerve_c0,malignant,CALM1,PTPRA,1.5590307,0.0,1.7689822,0.62289867799031,0.8528894482218234,0.02070803,0.9247179,0.0432774260187414,0.0106579331436533,nerve,tumor,nerve-tumor,nerve_to_tumor,nerve_c0,,0.4029,19.0,0.5772,True,,,,,True
nerve_c4,immune_t_cell,COL4A5,CD44,1.5587106,0.0,2.3835933,2.5415507662250683,1.8611541217259795,0.024265857,0.9344625,0.0086239230967768,0.0106698506211542,nerve,immune,immune-nerve,nerve_to_immune,nerve_c4,t_cell,0.1409,18.0,0.5987,True,0.0821,23.0,0.7277,True,True
nerve_c12,immune_microglia,HLA-A,APLP2,1.558678,0.0,2.0367866,0.1556922308977624,0.0259670009654402,0.01715829,0.92948014,0.5534067743406357,0.0106817723386878,nerve,immune,immune-nerve,nerve_to_immune,nerve_c12,microglia,0.8072,7.0,0.2013,False,0.0187,44.0,0.9088,True,False
immune_microglia,nerve_c6,PSAP,GPR37,1.5583714,0.0,1.7985208,1.2838639834108356,1.7557618700823143,0.013504742,0.9252923,0.1015151884504886,0.0106937028066554,immune,nerve,immune-nerve,immune_to_nerve,nerve_c6,microglia,0.2107,18.0,0.6248,True,0.0187,44.0,0.9088,True,True
immune_dendritic,nerve_neuron,IL18,IL1RAPL1,1.5649514,0.0,1.658298,1.3532166443295983,1.3322914309447524,0.0166072,0.92243785,0.074227166180925,0.0107414851059373,immune,nerve,immune-nerve,immune_to_nerve,nerve_neuron,dendritic,0.4,10.0,0.5084,True,0.0815,25.0,0.7859,True,True
nerve_c17,immune_tam,HMGB1,CXCR4,1.5575484,0.0,2.2095938,0.2998449624060725,-0.0643655012731598,0.0081693325,0.9321028,0.8006950924893628,0.0107414851059373,nerve,immune,immune-nerve,nerve_to_immune,nerve_c17,tam,0.6072,12.0,0.3472,False,0.1165,25.0,0.7417,True,False
nerve_c1,immune_microglia,LRP1B,PLAUR,1.5565374,0.0,2.2345066,0.9388765063092546,1.6582089846938528,0.021811789,0.93245673,0.0432774260187414,0.0107893712949268,nerve,immune,immune-nerve,nerve_to_immune,nerve_c1,microglia,0.1983,17.0,0.5642,True,0.0187,44.0,0.9088,True,True
malignant,nerve_c17,SLIT1,FLRT3,0.0958977,0.0,0.0076178294,0.210666035869151,0.2055248063969991,0.050235003,0.44631082,0.2994360744639596,0.0107989978257902,tumor,nerve,nerve-tumor,tumor_to_nerve,nerve_c17,,0.6072,12.0,0.3472,False,,,,,False
nerve_c2,immune_dendritic,MIF,CD44_CD74,1.5562446,0.0,1.9192789,0.752728804387422,0.8433269197087966,0.01537991,0.9275076,0.0983319271518566,0.0108013602069962,nerve,immune,immune-nerve,nerve_to_immune,nerve_c2,dendritic,0.25,13.0,0.5666,True,0.0815,25.0,0.7859,True,True
immune_t_cell,nerve_c12,HSPA8,LRP2,1.5560594,0.0,2.2871282,2.3913073064773163,1.4499854857054348,0.017921776,0.93318605,0.0505411946765085,0.0108253552390485,immune,nerve,immune-nerve,immune_to_nerve,nerve_c12,t_cell,0.8072,7.0,0.2013,False,0.0821,23.0,0.7277,True,False
immune_nk_cell,nerve_c19,CALM1,GRM3,1.5557538,0.0,1.995583,1.7549878096720868,1.3073826172716532,0.013639089,0.9288074,0.082746654011636,0.0108493762358285,immune,nerve,immune-nerve,immune_to_nerve,nerve_c19,nk_cell,0.9467,4.0,0.054,False,0.0794,26.0,0.7523,True,False
immune_tam,nerve_c13,VCAN,ITGB1,1.5556512,0.0,2.0547588,1.2119547861037785,1.921598602747274,0.04731476,0.9297675,0.0160878044481149,0.0108613976074911,immune,nerve,immune-nerve,immune_to_nerve,nerve_c13,tam,0.9595,1.0,0.0572,False,0.1165,25.0,0.7417,True,False
nerve_c7,immune_microglia,HMGB1,CXCR4,1.5553238,0.0,2.2637615,0.2935836547401746,0.3912390595708197,0.008369602,0.9328652,0.6827044972941846,0.0108854575484656,nerve,immune,immune-nerve,nerve_to_immune,nerve_c7,microglia,0.1793,26.0,0.7072,True,0.0187,44.0,0.9088,True,True
nerve_c0,immune_microglia,HMGB1,CXCR4,1.5552248,0.0,2.2635317,0.2934913745585092,0.389421433767249,0.008368752,0.93286204,0.6828718575918098,0.0109095434486681,nerve,immune,immune-nerve,nerve_to_immune,nerve_c0,microglia,0.4029,19.0,0.5772,True,0.0187,44.0,0.9088,True,True
immune_tam,nerve_c3,GNAI2,IGF1R,1.5549351,0.0,2.3680556,1.8383016512740271,1.6186740672243058,0.03227306,0.9342619,0.0257451886884575,0.0109336553058989,immune,nerve,immune-nerve,immune_to_nerve,nerve_c3,tam,0.3912,13.0,0.4608,True,0.1165,25.0,0.7417,True,True
nerve_c17,malignant,PROS1,TYRO3,0.09305653,0.396,0.007618443,0.0181403739763073,-0.0119859028227912,0.017577287,0.44632077,1.0,0.0109758145531821,nerve,tumor,nerve-tumor,nerve_to_tumor,nerve_c17,,0.6072,12.0,0.3472,False,,,,,False
immune_dendritic,nerve_c4,GRN,SORT1,1.5540199,0.0,2.3357384,1.481394626671963,1.350921669153784,0.017922476,0.9338387,0.0550288156504283,0.0109819568826463,immune,nerve,immune-nerve,immune_to_nerve,nerve_c4,dendritic,0.1409,18.0,0.5987,True,0.0815,25.0,0.7859,True,True
immune_t_cell,nerve_c2,HLA-A,APLP2,1.9598361,0.0,1.6474245,0.3612950329344313,0.4746783827895142,0.013091958,0.92220217,0.1772218510590777,0.0110182523312106,immune,nerve,immune-nerve,immune_to_nerve,nerve_c2,t_cell,0.25,13.0,0.5666,True,0.0821,23.0,0.7277,True,True
immune_nk_cell,nerve_c17,CD99,CD81,1.5531696,0.0,2.399411,0.6312216910802659,0.4790674340767865,0.02529943,0.9346647,0.0432774260187414,0.0110182523312106,immune,nerve,immune-nerve,immune_to_nerve,nerve_c17,nk_cell,0.6072,12.0,0.3472,False,0.0794,26.0,0.7523,True,False
immune_microglia,nerve_c11,SPP1,ITGAV_ITGB1,2.2260294,0.0,1.6472244,0.2792359167533878,1.7104145176863077,0.011673957,0.9221978,0.2629057861933079,0.0110303622611097,immune,nerve,immune-nerve,immune_to_nerve,nerve_c11,microglia,0.1876,18.0,0.5976,True,0.0187,44.0,0.9088,True,True
immune_dendritic,nerve_c0,PSAP,GPR37,1.5528922,0.0,2.405391,2.181772039157228,0.9768510626239468,0.018061612,0.93474066,0.0535999789782449,0.0110303622611097,immune,nerve,immune-nerve,immune_to_nerve,nerve_c0,dendritic,0.4029,19.0,0.5772,True,0.0815,25.0,0.7859,True,True
nerve_c13,immune_t_cell,PTN,NCL,1.5519505,0.0,2.1710057,0.5308629708546955,0.7472454888997389,0.012183177,0.9315432,0.2271002536583864,0.011066735551866,nerve,immune,immune-nerve,nerve_to_immune,nerve_c13,t_cell,0.9595,1.0,0.0572,False,0.0821,23.0,0.7277,True,False
immune_dendritic,nerve_c0,TIMP1,CD63,1.5519222,0.0,2.0473888,0.242457017889156,0.0302692934952322,0.011277848,0.92965007,0.5426918147744808,0.0110788737201559,immune,nerve,immune-nerve,immune_to_nerve,nerve_c0,dendritic,0.4029,19.0,0.5772,True,0.0815,25.0,0.7859,True,True
immune_t_cell,nerve_c17,CALM1,GRM3,1.5518777,0.0,2.1298625,1.8960418116611792,1.1136576071416946,0.014556841,0.9309306,0.1196522080783231,0.0110910160773881,immune,nerve,immune-nerve,immune_to_nerve,nerve_c17,t_cell,0.6072,12.0,0.3472,False,0.0821,23.0,0.7277,True,False
immune_dendritic,nerve_c15,IL18,IL1RAPL1,1.5556492,0.0,1.645727,1.3430440212279589,1.3630661662093533,0.016481308,0.92216516,0.0762274090165511,0.0110910160773881,immune,nerve,immune-nerve,immune_to_nerve,nerve_c15,dendritic,0.9903,1.0,0.0149,False,0.0815,25.0,0.7859,True,False
nerve_c21,malignant,SPP1,CD44,1.7009494,0.054,1.6451005,0.0622339115832842,-0.8100693584931643,0.0045770654,0.9221515,1.0,0.01111532254344,nerve,tumor,nerve-tumor,nerve_to_tumor,nerve_c21,,0.8488,6.0,0.1222,False,,,,,False
nerve_c1,immune_nk_cell,CD22,PTPRC,1.5516719,0.0,2.0675044,2.5109949816477433,1.7024457251240208,0.026397735,0.92996913,0.0174577572829506,0.01111532254344,nerve,immune,immune-nerve,nerve_to_immune,nerve_c1,nk_cell,0.1983,17.0,0.5642,True,0.0794,26.0,0.7523,True,True
nerve_c1,immune_t_cell,COPA,CD74,1.5516343,0.0,1.9870105,0.3524299120050534,-0.3340768742151867,0.007447195,0.9286649,1.0,0.0111274866541633,nerve,immune,immune-nerve,nerve_to_immune,nerve_c1,t_cell,0.1983,17.0,0.5642,True,0.0821,23.0,0.7277,True,True
immune_tam,nerve_c19,LGALS9,PTPRK,1.6415257,0.0,1.6439941,2.0533437313665455,1.783066747760581,0.02414665,0.92212737,0.0122919442247278,0.0111396549478222,immune,nerve,immune-nerve,immune_to_nerve,nerve_c19,tam,0.9467,4.0,0.054,False,0.1165,25.0,0.7417,True,False
nerve_c2,immune_microglia,TF,TFRC,1.8615432,0.0,1.6439142,2.6758784606483306,2.565292928774788,0.01945485,0.9221256,0.0003593854498356,0.0111518320281121,nerve,immune,immune-nerve,nerve_to_immune,nerve_c2,microglia,0.25,13.0,0.5666,True,0.0187,44.0,0.9088,True,True
immune_nk_cell,nerve_c19,HSPA8,LRP2,1.5507578,0.0,2.3940554,2.7443292489945277,1.4866963533421524,0.018759647,0.9345965,0.0437379395165799,0.0111518320281121,immune,nerve,immune-nerve,immune_to_nerve,nerve_c19,nk_cell,0.9467,4.0,0.054,False,0.0794,26.0,0.7523,True,False
immune_microglia,nerve_c6,LGALS9,PTPRK,1.5498354,0.0,1.6780175,1.9136253832413856,2.303866020773733,0.024646379,0.92285967,0.0151994230189441,0.0111762033370912,immune,nerve,immune-nerve,immune_to_nerve,nerve_c6,microglia,0.2107,18.0,0.6248,True,0.0187,44.0,0.9088,True,True
nerve_c19,immune_tam,COL4A5,CD44,1.5496588,0.0,2.3762782,2.239863929213811,1.911704908939804,0.024191387,0.9343683,0.0066837044734199,0.0111883998702819,nerve,immune,immune-nerve,nerve_to_immune,nerve_c19,tam,0.9467,4.0,0.054,False,0.1165,25.0,0.7417,True,False
immune_nk_cell,nerve_c12,CALM1,INSR,1.5496293,0.0,1.968543,1.012355546290573,0.8742137327644819,0.012646836,0.928355,0.1996017850031113,0.011200600578901,immune,nerve,immune-nerve,immune_to_nerve,nerve_c12,nk_cell,0.8072,7.0,0.2013,False,0.0794,26.0,0.7523,True,False
nerve_c1,malignant,EDIL3,ITGAV,1.7473729,0.0,1.6407744,2.509435359309947,1.9408977018314153,0.021311343,0.9220569,0.0058041771353387,0.0112128100789083,nerve,tumor,nerve-tumor,nerve_to_tumor,nerve_c1,,0.1983,17.0,0.5642,True,,,,,True
nerve_c22,immune_microglia,SPP1,CD44,1.8586874,0.009,1.6397073,0.1166081520073261,-0.2909955627910401,0.005410769,0.92203355,1.0,0.0112372462170656,nerve,immune,immune-nerve,nerve_to_immune,nerve_c22,microglia,0.2879,24.0,0.4767,True,0.0187,44.0,0.9088,True,True
immune_nk_cell,nerve_c0,CALM1,PDE1C,1.5489573,0.0,1.9655764,1.0934626829811254,1.1025500458584565,0.008823663,0.92830485,0.188906333302899,0.0112372462170656,immune,nerve,immune-nerve,immune_to_nerve,nerve_c0,nk_cell,0.4029,19.0,0.5772,True,0.0794,26.0,0.7523,True,True
immune_microglia,nerve_c13,PSAP,SORT1,1.5489502,0.0,1.7542018,0.650266017119719,1.2605052304152176,0.0076621454,0.9244253,0.4069164897766191,0.0112494728522132,immune,nerve,immune-nerve,immune_to_nerve,nerve_c13,microglia,0.9595,1.0,0.0572,False,0.0187,44.0,0.9088,True,False
malignant,immune_microglia,PTN,NCL,1.5486193,0.0,1.8405925,0.4741031541265345,1.8079427858555672,0.003537075,0.92608756,0.3355121901813416,0.0112739478793162,tumor,immune,immune-tumor,tumor_to_immune,,microglia,,,,,0.0187,44.0,0.9088,True,True
immune_t_cell,nerve_neuron,HLA-A,APLP2,1.9585469,0.0,1.6385521,0.3597846970638986,0.5492098405258925,0.01302145,0.9220082,0.1802228196708475,0.0112861962731735,immune,nerve,immune-nerve,immune_to_nerve,nerve_neuron,t_cell,0.4,10.0,0.5084,True,0.0821,23.0,0.7277,True,True
immune_t_cell,nerve_c0,S100A4,ERBB3,1.548562,0.0,2.000325,1.9778815712974875,1.7862439195566702,0.015398449,0.9288858,0.0123750346541264,0.0112861962731735,immune,nerve,immune-nerve,immune_to_nerve,nerve_c0,t_cell,0.4029,19.0,0.5772,True,0.0821,23.0,0.7277,True,True
immune_nk_cell,nerve_c2,HLA-A,APLP2,1.9501257,0.0,1.6381261,0.3540129429052057,0.2587824584551094,0.013018065,0.92199886,0.1803769451786215,0.0112984511489897,immune,nerve,immune-nerve,immune_to_nerve,nerve_c2,nk_cell,0.25,13.0,0.5666,True,0.0794,26.0,0.7523,True,True
immune_tam,nerve_c5,GRN,SORT1,1.548296,0.0,2.3601863,1.335074738059201,1.4876567743699018,0.018110069,0.93415964,0.0530683261903117,0.0113107101867246,immune,nerve,immune-nerve,immune_to_nerve,nerve_c5,tam,0.226,19.0,0.6259,True,0.1165,25.0,0.7417,True,True
immune_nk_cell,nerve_neuron,CALM1,PTPRA,1.5482712,0.0,1.9625466,0.6506858282272967,0.7270157061725013,0.011574213,0.9282535,0.2707639830896289,0.0113229780244075,immune,nerve,immune-nerve,immune_to_nerve,nerve_neuron,nk_cell,0.4,10.0,0.5084,True,0.0794,26.0,0.7523,True,True
nerve_c9,malignant,IL1RAPL1,PTPRS,1.8099916,0.0,1.6370497,1.7597594116625634,2.146647128908997,0.052896302,0.9219752,0.0090501244563929,0.0113229780244075,nerve,tumor,nerve-tumor,nerve_to_tumor,nerve_c9,,0.8791,5.0,0.1446,False,,,,,False
immune_tam,nerve_c15,SEMA4A,PLXNB3,0.10396406,0.007,0.0076980595,0.5483425553344806,0.1411350192472933,0.028409822,0.44760567,0.8274682801762152,0.0113294270896229,immune,nerve,immune-nerve,immune_to_nerve,nerve_c15,tam,0.9903,1.0,0.0149,False,0.1165,25.0,0.7417,True,False
nerve_neuron,immune_tam,COPA,CD74,1.8318034,0.0,1.6362567,0.294147915061445,0.1476600299163589,0.006132591,0.9219578,1.0,0.011347530819457,nerve,immune,immune-nerve,nerve_to_immune,nerve_neuron,tam,0.4,10.0,0.5084,True,0.1165,25.0,0.7417,True,True
nerve_c11,malignant,NRXN3,NLGN1,1.547628,0.0,2.3272655,1.3267847164420157,2.485513942945329,0.07932706,0.9337264,0.0040175697947156,0.0113536724868903,nerve,tumor,nerve-tumor,nerve_to_tumor,nerve_c11,,0.1876,18.0,0.5976,True,,,,,True
malignant,nerve_c11,NLGN1,NRXN3,1.547628,0.0,2.3272655,1.3267847164420157,2.485513942945329,0.07932706,0.9337264,0.0040175697947156,0.0113536724868903,tumor,nerve,nerve-tumor,tumor_to_nerve,nerve_c11,,0.1876,18.0,0.5976,True,,,,,True
nerve_c0,immune_nk_cell,SPP1,PTGER4,1.9822065,0.0,1.6358979,0.4495859500708815,-0.1851599764815233,0.01634619,0.9219499,0.6042561002538036,0.0113721095319385,nerve,immune,immune-nerve,nerve_to_immune,nerve_c0,nk_cell,0.4029,19.0,0.5772,True,0.0794,26.0,0.7523,True,True
nerve_c21,immune_nk_cell,LGALS1,PTPRC,1.5472142,0.0,2.0484707,0.4731282981614728,0.4060188548611998,0.01715328,0.92966735,0.0654706304859109,0.0113844074429695,nerve,immune,immune-nerve,nerve_to_immune,nerve_c21,nk_cell,0.8488,6.0,0.1222,False,0.0794,26.0,0.7523,True,False
nerve_c10,immune_nk_cell,CD22,PTPRC,1.5470276,0.0,2.0476744,2.4919916518695597,1.8444718924573285,0.026144546,0.92965466,0.0094088476383499,0.0113967141596523,nerve,immune,immune-nerve,nerve_to_immune,nerve_c10,nk_cell,0.2572,14.0,0.5531,True,0.0794,26.0,0.7523,True,True
nerve_c19,immune_nk_cell,HMGB1,CXCR4,1.546365,0.0,1.9761968,0.2228328347959264,0.174295927487787,0.0073064147,0.92848396,0.9325107705453742,0.0114213447003985,nerve,immune,immune-nerve,nerve_to_immune,nerve_c19,nk_cell,0.9467,4.0,0.054,False,0.0794,26.0,0.7523,True,False
malignant,nerve_c20,TIMP1,CD63,1.5460182,0.0,2.1572223,0.247068712705882,0.5864290698507242,0.009984236,0.9313398,0.4288203203862379,0.0114706835121892,tumor,nerve,nerve-tumor,tumor_to_nerve,nerve_c20,,0.3415,15.0,0.5197,True,,,,,True
immune_microglia,nerve_c13,TXLNA,STX4,0.08887827,0.992,0.0077163223,-0.2027035743334488,-0.3293433443669509,0.001435994,0.44789863,1.0,0.0115062228989467,immune,nerve,immune-nerve,immune_to_nerve,nerve_c13,microglia,0.9595,1.0,0.0572,False,0.0187,44.0,0.9088,True,False
nerve_c12,immune_t_cell,LGALS1,PTPRC,1.545245,0.0,1.9252205,0.4810020933534789,0.358036859884129,0.01612122,0.9276114,0.0837472755943144,0.0115077567960671,nerve,immune,immune-nerve,nerve_to_immune,nerve_c12,t_cell,0.8072,7.0,0.2013,False,0.0821,23.0,0.7277,True,False
nerve_c9,malignant,GSTP1,EGFR,1.5452156,0.0,2.3871129,0.6632474908807061,2.1339701008988845,0.055093814,0.93450767,0.0432774260187414,0.0115201282903086,nerve,tumor,nerve-tumor,nerve_to_tumor,nerve_c9,,0.8791,5.0,0.1446,False,,,,,False
immune_tam,nerve_c13,HLA-A,APLP2,1.6076571,0.008,1.631021,0.1291242351162206,-0.086811328107913,0.012961601,0.9218424,0.8707802053606584,0.0115201282903086,immune,nerve,immune-nerve,immune_to_nerve,nerve_c13,tam,0.9595,1.0,0.0572,False,0.1165,25.0,0.7417,True,False
immune_tam,nerve_c15,VCAN,ITGB1,1.544515,0.0,2.0066493,1.197301890785047,1.7059794800694732,0.046206944,0.92899,0.0179974114319581,0.0115448883656702,immune,nerve,immune-nerve,immune_to_nerve,nerve_c15,tam,0.9903,1.0,0.0149,False,0.1165,25.0,0.7417,True,False
nerve_c11,immune_t_cell,CD22,PTPRC,1.5443579,0.0,1.921272,2.3382680545675876,1.850373878909512,0.024530653,0.92754245,0.0090300766085857,0.0115572769437907,nerve,immune,immune-nerve,nerve_to_immune,nerve_c11,t_cell,0.1876,18.0,0.5976,True,0.0821,23.0,0.7277,True,True
nerve_c3,immune_microglia,EDIL3,ITGAV,1.6371478,0.0,1.6297641,2.3005080563896856,1.932268850416397,0.02115972,0.9218146,0.0059927609151646,0.0115572769437907,nerve,immune,immune-nerve,nerve_to_immune,nerve_c3,microglia,0.3912,13.0,0.4608,True,0.0187,44.0,0.9088,True,True
immune_nk_cell,nerve_neuron,HLA-A,APLP2,1.9488364,0.0,1.6293039,0.3525026070346729,0.3333139161914877,0.012947955,0.9218045,0.1844190229398033,0.0115696743408654,immune,nerve,immune-nerve,immune_to_nerve,nerve_neuron,nk_cell,0.4,10.0,0.5084,True,0.0794,26.0,0.7523,True,True
immune_dendritic,nerve_c12,GRN,SORT1,1.5440018,0.0,2.3102417,1.4652697978253848,1.2376339292033125,0.017726835,0.93349886,0.057512698111002,0.0115820758668531,immune,nerve,immune-nerve,immune_to_nerve,nerve_c12,dendritic,0.8072,7.0,0.2013,False,0.0815,25.0,0.7859,True,False
immune_t_cell,nerve_c15,S100A4,ERBB3,1.5439923,0.0,1.9804076,1.9626992384627653,1.748268625364081,0.015245127,0.9285546,0.0144502571119848,0.0116069006864495,immune,nerve,immune-nerve,immune_to_nerve,nerve_c15,t_cell,0.9903,1.0,0.0149,False,0.0821,23.0,0.7277,True,False
nerve_c9,malignant,IL1RAPL1,PTPRD,1.8082703,0.0,1.6264111,1.656204443400742,1.7770052117518729,0.056718778,0.9217404,0.0061694031543732,0.0116069006864495,nerve,tumor,nerve-tumor,nerve_to_tumor,nerve_c9,,0.8791,5.0,0.1446,False,,,,,False
nerve_c3,immune_t_cell,CD22,PTPRC,1.5433794,0.0,1.916917,2.3342642038771766,1.7562980969579676,0.024475046,0.92746615,0.0137631534531471,0.0116317537519987,nerve,immune,immune-nerve,nerve_to_immune,nerve_c3,t_cell,0.3912,13.0,0.4608,True,0.0821,23.0,0.7277,True,True
nerve_c7,immune_tam,VIM,CD44,1.5430253,0.0,2.3536146,0.4089413578237545,0.3864601936444554,0.024861863,0.93407387,0.0702689772734209,0.0116441876434549,nerve,immune,immune-nerve,nerve_to_immune,nerve_c7,tam,0.1793,26.0,0.7072,True,0.1165,25.0,0.7417,True,True
immune_microglia,nerve_c10,CALM1,PDE1C,1.5429549,0.0,2.2707267,1.6268236696095433,1.1597431786952486,0.010193512,0.93296134,0.1427943252228,0.0116566303605127,immune,nerve,immune-nerve,immune_to_nerve,nerve_c10,microglia,0.2572,14.0,0.5531,True,0.0187,44.0,0.9088,True,True
nerve_c11,immune_nk_cell,SPP1,CD44,1.5426443,0.368,2.1937358,0.1382358794366183,-0.6921793404743121,0.007238973,0.9318745,1.0,0.0116815328589613,nerve,immune,immune-nerve,nerve_to_immune,nerve_c11,nk_cell,0.1876,18.0,0.5976,True,0.0794,26.0,0.7523,True,True
immune_dendritic,nerve_c13,PDGFB,PDGFRA_PDGFRB,0.08999699,0.217,0.007760153,0.1349659944810435,-0.0635700995383996,0.04270918,0.44859907,1.0,0.0116830106908401,immune,nerve,immune-nerve,immune_to_nerve,nerve_c13,dendritic,0.9595,1.0,0.0572,False,0.0815,25.0,0.7859,True,False
immune_microglia,nerve_c6,SPP1,ITGAV_ITGB1,2.2231221,0.0,1.6237054,0.2754105509491213,1.760479312444189,0.011507276,0.92168033,0.2769210583509838,0.0116939926373536,immune,nerve,immune-nerve,immune_to_nerve,nerve_c6,microglia,0.2107,18.0,0.6248,True,0.0187,44.0,0.9088,True,True
immune_t_cell,nerve_c4,S100A4,ERBB3,1.5416356,0.0,1.9701363,1.954870450328282,1.7796980997586611,0.015166057,0.9283819,0.0133716125949258,0.0117439035404286,immune,nerve,immune-nerve,immune_to_nerve,nerve_c4,t_cell,0.1409,18.0,0.5987,True,0.0821,23.0,0.7277,True,True
nerve_c20,immune_nk_cell,MIF,CD44_CD74,1.5414222,0.0,2.1910198,0.7547509901505078,1.3848758017931746,0.017557472,0.93183523,0.0594066164819734,0.0117563956719165,nerve,immune,immune-nerve,nerve_to_immune,nerve_c20,nk_cell,0.3415,15.0,0.5197,True,0.0794,26.0,0.7523,True,True
immune_tam,nerve_c4,LGALS9,PTPRK,1.6231526,0.0,1.6213388,2.0254187184465167,1.7742675826937877,0.023813896,0.92162764,0.0128368713527175,0.0117563956719165,immune,nerve,immune-nerve,immune_to_nerve,nerve_c4,tam,0.1409,18.0,0.5987,True,0.1165,25.0,0.7417,True,True
malignant,immune_tam,HLA-A,APLP2,1.5410821,0.0,2.374685,0.2740123906438068,0.0458653977199723,0.007766677,0.93434775,0.8175169919795576,0.0117814017081055,tumor,immune,immune-tumor,tumor_to_immune,,tam,,,,,0.1165,25.0,0.7417,True,True
nerve_c21,immune_microglia,HMGB1,CXCR4,1.5409613,0.0,2.230404,0.2801128284413334,0.4144045989177918,0.008246271,0.93239886,0.7091870410366954,0.0117939156147044,nerve,immune,immune-nerve,nerve_to_immune,nerve_c21,microglia,0.8488,6.0,0.1222,False,0.0187,44.0,0.9088,True,False
immune_nk_cell,nerve_c1,CALM1,PTPRA,1.5405304,0.0,1.9283714,0.6397474292945995,0.7309944210744509,0.011372664,0.9276663,0.2886272687752885,0.011844031200323,immune,nerve,immune-nerve,immune_to_nerve,nerve_c1,nk_cell,0.1983,17.0,0.5642,True,0.0794,26.0,0.7523,True,True
immune_tam,nerve_c11,NAMPT,INSR,1.5403345,0.0,2.121131,1.3300958851297189,1.4566895283351458,0.024274262,0.9307984,0.0432774260187414,0.0118565774551378,immune,nerve,immune-nerve,immune_to_nerve,nerve_c11,tam,0.1876,18.0,0.5976,True,0.1165,25.0,0.7417,True,True
nerve_c15,immune_dendritic,FN1,ITGA5_ITGB1,0.09210618,0.758,0.007785584,-0.1383372768941305,-0.6382756704075836,0.002623145,0.44900373,1.0,0.0118597925555139,nerve,immune,immune-nerve,nerve_to_immune,nerve_c15,dendritic,0.9903,1.0,0.0149,False,0.0815,25.0,0.7859,True,False
nerve_c15,immune_t_cell,PTN,NCL,1.5402603,0.003,2.146116,0.5224101969560603,0.9876021850434444,0.0120435,0.9311746,0.7727144128457187,0.0118691278043863,nerve,immune,immune-nerve,nerve_to_immune,nerve_c15,t_cell,0.9903,1.0,0.0149,False,0.0821,23.0,0.7277,True,False
nerve_c1,immune_nk_cell,COL4A5,CD44,1.5394682,0.0,2.1866765,2.670012307895824,1.8550875957170732,0.022261169,0.9317722,0.0088170357929775,0.0119193986240225,nerve,immune,immune-nerve,nerve_to_immune,nerve_c1,nk_cell,0.1983,17.0,0.5642,True,0.0794,26.0,0.7523,True,True
immune_tam,nerve_neuron,CALM1,KCNQ5,1.5393755,0.0,2.3696604,1.6659669836328934,1.3717351034646297,0.06048711,0.9342827,0.0042795020106844,0.0119445728351957,immune,nerve,immune-nerve,immune_to_nerve,nerve_neuron,tam,0.4,10.0,0.5084,True,0.1165,25.0,0.7417,True,True
nerve_c20,immune_tam,HLA-A,APLP2,1.5389338,0.006,2.3679955,0.272400039633611,0.1857290953671739,0.019948458,0.93426114,0.8159440754046345,0.011957170831877,nerve,immune,immune-nerve,nerve_to_immune,nerve_c20,tam,0.3415,15.0,0.5197,True,0.1165,25.0,0.7417,True,True
immune_tam,nerve_c10,PSAP,GPR37,1.609917,0.0,1.6134635,1.174713149838249,1.2062942081701205,0.012115183,0.9214516,0.1463247997839783,0.0119823838404039,immune,nerve,immune-nerve,immune_to_nerve,nerve_c10,tam,0.2572,14.0,0.5531,True,0.1165,25.0,0.7417,True,True
nerve_c0,immune_nk_cell,MIF,CD74_CXCR4,1.5386124,0.956,2.334445,0.0898149885068075,-0.8868228418744208,0.007207731,0.9338216,1.0,0.0119823838404039,nerve,immune,immune-nerve,nerve_to_immune,nerve_c0,nk_cell,0.4029,19.0,0.5772,True,0.0794,26.0,0.7523,True,True
nerve_c20,immune_microglia,SPP1,CD44,1.831058,0.0,1.6114444,0.1034506391098569,-0.6784535479454008,0.005317506,0.92140627,1.0,0.0120202530372901,nerve,immune,immune-nerve,nerve_to_immune,nerve_c20,microglia,0.3415,15.0,0.5197,True,0.0187,44.0,0.9088,True,True
nerve_c13,malignant,TIMP1,CD63,1.5375853,0.002,2.3009102,0.2587614948263887,0.4588302284617596,0.019024886,0.9333731,0.7518065102878355,0.0120328874392699,nerve,tumor,nerve-tumor,nerve_to_tumor,nerve_c13,,0.9595,1.0,0.0572,False,,,,,False
immune_microglia,nerve_c0,SPP1,ITGAV_ITGB1,2.221519,0.0,1.6107361,0.3054668306902344,1.6789386217898006,0.01072638,0.92139035,0.3474456231354975,0.0120455306962585,immune,nerve,immune-nerve,immune_to_nerve,nerve_c0,microglia,0.4029,19.0,0.5772,True,0.0187,44.0,0.9088,True,True
immune_tam,nerve_c1,CALM1,PDE1A,1.5374372,0.0,2.3637083,2.236214273441349,1.4089555956825364,0.020158686,0.9342055,0.0432774260187414,0.0120834968615521,immune,nerve,immune-nerve,immune_to_nerve,nerve_c1,tam,0.1983,17.0,0.5642,True,0.1165,25.0,0.7417,True,True
immune_tam,nerve_c4,APOE,LRP2,1.5373478,0.0,2.3089893,2.187003222446056,1.0031019174010911,0.01633818,0.933482,0.0788132409634974,0.0120961635795088,immune,nerve,immune-nerve,immune_to_nerve,nerve_c4,tam,0.1409,18.0,0.5987,True,0.1165,25.0,0.7417,True,True
nerve_c19,immune_microglia,EDIL3,ITGAV,1.621212,0.0,1.6102519,2.2722136319467263,1.9113906658969515,0.020906385,0.9213795,0.0066991338246185,0.0121088391572128,nerve,immune,immune-nerve,nerve_to_immune,nerve_c19,microglia,0.9467,4.0,0.054,False,0.0187,44.0,0.9088,True,False
immune_tam,nerve_c21,HBEGF,CD9,1.5369942,0.0,1.9086491,1.230202264010395,1.529905223953827,0.03751135,0.92732066,0.0432774260187414,0.0121088391572128,immune,nerve,immune-nerve,immune_to_nerve,nerve_c21,tam,0.8488,6.0,0.1222,False,0.1165,25.0,0.7417,True,False
malignant,nerve_c1,PTN,PTPRS,1.5365415,0.0,1.7851465,0.9266137435836848,2.2068063005347356,0.052877836,0.9250339,0.0304622784561192,0.0121215187993911,tumor,nerve,nerve-tumor,tumor_to_nerve,nerve_c1,,0.1983,17.0,0.5642,True,,,,,True
immune_dendritic,nerve_c19,PSAP,SORT1,1.5362422,0.0,2.3562772,0.9895653999841524,0.6907531732116976,0.01029194,0.9341087,0.3924333227115096,0.0121342073032118,immune,nerve,immune-nerve,immune_to_nerve,nerve_c19,dendritic,0.9467,4.0,0.054,False,0.0815,25.0,0.7859,True,False
nerve_c12,malignant,EDIL3,ITGAV,1.7184668,0.0,1.608465,2.458111585005215,1.834342788595357,0.020891689,0.9213393,0.0097951795954529,0.0121468998685119,nerve,tumor,nerve-tumor,nerve_to_tumor,nerve_c12,,0.8072,7.0,0.2013,False,,,,,False
immune_tam,nerve_c0,LGALS1,ITGB1,1.6726372,0.0,1.6078957,0.524506272483904,0.614589370088645,0.013592049,0.92132646,0.1543778882929469,0.0121596012973492,immune,nerve,immune-nerve,immune_to_nerve,nerve_c0,tam,0.4029,19.0,0.5772,True,0.1165,25.0,0.7417,True,True
nerve_c9,immune_tam,HMGB1,CXCR4,1.5352387,0.0,2.1608515,0.2789210331162867,-0.0746529955344494,0.007989122,0.93139356,0.832270328834582,0.0121850211374253,nerve,immune,immune-nerve,nerve_to_immune,nerve_c9,tam,0.8791,5.0,0.1446,False,0.1165,25.0,0.7417,True,False
immune_tam,nerve_c19,IL18,IL1RAPL1,2.1496818,0.0,1.6068463,1.956473930278778,1.8258146323163615,0.016091933,0.9213028,0.0132853451863183,0.0121850211374253,immune,nerve,immune-nerve,immune_to_nerve,nerve_c19,tam,0.9467,4.0,0.054,False,0.1165,25.0,0.7417,True,False
nerve_c4,malignant,NCAM1,PTPRA,1.5350279,0.0,1.7331871,1.1856767142750289,1.4442766975059067,0.02108578,0.92400324,0.0432774260187414,0.0122104668212404,nerve,tumor,nerve-tumor,nerve_to_tumor,nerve_c4,,0.1409,18.0,0.5987,True,,,,,True
nerve_c7,malignant,PSAP,LRP1,1.6317698,0.0,1.6050413,0.5040782764923014,0.5750910936359096,0.0207905,0.921262,0.0432774260187414,0.0122486850049386,nerve,tumor,nerve-tumor,nerve_to_tumor,nerve_c7,,0.1793,26.0,0.7072,True,,,,,True
nerve_c4,immune_t_cell,HMGB1,CXCR4,1.534388,0.0,1.8210462,0.2071164492604306,0.3489347955763223,0.0067327903,0.92572135,1.0,0.0122614357112881,nerve,immune,immune-nerve,nerve_to_immune,nerve_c4,t_cell,0.1409,18.0,0.5987,True,0.0821,23.0,0.7277,True,True
immune_microglia,nerve_c4,CALM1,PDE1C,1.5339026,0.0,2.248796,1.6088418209001494,1.0073437353700705,0.010095063,0.9326572,0.251423436542634,0.0122741952896988,immune,nerve,immune-nerve,immune_to_nerve,nerve_c4,microglia,0.1409,18.0,0.5987,True,0.0187,44.0,0.9088,True,True
immune_dendritic,nerve_c14,IL18,IL1RAPL1,1.5335026,0.0,1.6157982,1.318825696399916,1.357751272945492,0.016181584,0.92150396,0.0818727797760835,0.0122997314104986,immune,nerve,immune-nerve,immune_to_nerve,nerve_c14,dendritic,0.4198,6.0,0.3596,True,0.0815,25.0,0.7859,True,True
immune_tam,nerve_c4,IL18,IL1RAPL1,2.1424525,0.0,1.6008674,1.9485695857634389,1.9475553191949453,0.016032057,0.92116755,0.0138289408608389,0.0123380852395139,immune,nerve,immune-nerve,immune_to_nerve,nerve_c4,tam,0.1409,18.0,0.5987,True,0.1165,25.0,0.7417,True,True
immune_t_cell,nerve_c15,CALM1,PTPRA,1.5332322,0.0,2.0523129,0.6627879666628311,0.7279546042361454,0.0121036135,0.9297286,0.2327224714056363,0.0123380852395139,immune,nerve,immune-nerve,immune_to_nerve,nerve_c15,t_cell,0.9903,1.0,0.0149,False,0.0821,23.0,0.7277,True,False
nerve_c21,immune_microglia,MIF,CD74_CXCR4,1.5330884,0.0,2.2121186,0.6042612393250466,0.9256273438118064,0.012499766,0.9321389,0.206885346651637,0.012350881151418,nerve,immune,immune-nerve,nerve_to_immune,nerve_c21,microglia,0.8488,6.0,0.1222,False,0.0187,44.0,0.9088,True,False
nerve_c0,immune_tam,MIF,CD44_CD74,1.5327826,0.0,2.3186197,0.7824506906829213,0.8793978662875872,0.018579978,0.9336111,0.0480351716115532,0.012376494767138,nerve,immune,immune-nerve,nerve_to_immune,nerve_c0,tam,0.4029,19.0,0.5772,True,0.1165,25.0,0.7417,True,True
nerve_c11,immune_nk_cell,LAMA2,RPSA,1.5327148,0.0,1.8618383,0.9955216335019254,1.239089139044586,0.03382919,0.9264794,0.0432774260187414,0.0123893124728468,nerve,immune,immune-nerve,nerve_to_immune,nerve_c11,nk_cell,0.1876,18.0,0.5976,True,0.0794,26.0,0.7523,True,True
nerve_c20,immune_tam,MIF,CD74_CXCR4,1.5319476,0.0,2.153661,0.6071149527120455,0.9525416480774802,0.012169448,0.931287,0.2283489119058852,0.012414964829824,nerve,immune,immune-nerve,nerve_to_immune,nerve_c20,tam,0.3415,15.0,0.5197,True,0.1165,25.0,0.7417,True,True
nerve_c20,immune_tam,TF,TFRC,1.5919688,0.0,1.5990747,2.2065957449053593,2.0548843704068873,0.018924199,0.92112684,0.0053663911864255,0.0124278019067559,nerve,immune,immune-nerve,nerve_to_immune,nerve_c20,tam,0.3415,15.0,0.5197,True,0.1165,25.0,0.7417,True,True
malignant,nerve_c10,PTN,PTPRS,1.5317696,0.0,1.7632401,0.9189072857141568,2.36414755429421,0.052228946,0.92460465,0.0317662551043895,0.0124278019067559,tumor,nerve,nerve-tumor,tumor_to_nerve,nerve_c10,,0.2572,14.0,0.5531,True,,,,,True
immune_tam,nerve_neuron,PSAP,LRP1,1.6069871,0.0,1.5982336,0.4879625467874232,0.5691371396518575,0.04659977,0.9211077,0.0432774260187414,0.0124406430107419,immune,nerve,immune-nerve,immune_to_nerve,nerve_neuron,tam,0.4,10.0,0.5084,True,0.1165,25.0,0.7417,True,True
malignant,immune_microglia,RPS19,C5AR1,1.5314561,0.0,1.7959102,0.1368864198895897,0.4999438531029216,0.024057018,0.92524207,0.4069164897766191,0.0124663470134009,tumor,immune,immune-tumor,tumor_to_immune,,microglia,,,,,0.0187,44.0,0.9088,True,True
nerve_c9,immune_nk_cell,PTN,NCL,1.5309887,0.0,2.3082983,0.5731582220511002,0.2143973457833685,0.012953632,0.9334727,0.2036240297459945,0.012479209913966,nerve,immune,immune-nerve,nerve_to_immune,nerve_c9,nk_cell,0.8791,5.0,0.1446,False,0.0794,26.0,0.7523,True,False
nerve_c4,immune_microglia,EDIL3,ITGAV,1.6108971,0.0,1.597622,2.253898603268785,1.9174463764704568,0.020742409,0.9210938,0.0064240651911783,0.012492076835601,nerve,immune,immune-nerve,nerve_to_immune,nerve_c4,microglia,0.1409,18.0,0.5987,True,0.0187,44.0,0.9088,True,True
nerve_c5,immune_microglia,RPS19,C5AR1,1.5307063,0.091,1.7947252,0.1364260666655034,0.1806236358458208,0.030176468,0.92521924,1.0,0.0125049526463327,nerve,immune,immune-nerve,nerve_to_immune,nerve_c5,microglia,0.226,19.0,0.6259,True,0.0187,44.0,0.9088,True,True
nerve_c3,immune_nk_cell,COPA,CD74,1.5306923,0.0,2.307201,0.568254821453303,-0.4541244061392776,0.008647249,0.9334579,1.0,0.0125178324751426,nerve,immune,immune-nerve,nerve_to_immune,nerve_c3,nk_cell,0.3912,13.0,0.4608,True,0.0794,26.0,0.7523,True,True
malignant,nerve_neuron,PTN,PTPRS,1.5305519,0.0,1.7576501,0.916940353456518,2.2315675132112,0.052063365,0.9244939,0.0321432620205164,0.012530721194941,tumor,nerve,nerve-tumor,tumor_to_nerve,nerve_neuron,,0.4,10.0,0.5084,True,,,,,True
nerve_c9,immune_tam,JAG1,NOTCH1,0.08971063,1.0,0.007822135,-0.1199154742960105,-0.210600240018674,0.0077275806,0.4495832,1.0,0.0125668492493798,nerve,immune,immune-nerve,nerve_to_immune,nerve_c9,tam,0.8791,5.0,0.1446,False,0.1165,25.0,0.7417,True,False
nerve_c21,immune_microglia,HSPA1A,TLR4,2.6840012,0.0,1.0604353,1.2148899532389534,2.0909249938977243,0.058053896,0.90485597,0.0068629019968736,0.0125668492493798,nerve,immune,immune-nerve,nerve_to_immune,nerve_c21,microglia,0.8488,6.0,0.1222,False,0.0187,44.0,0.9088,True,False
immune_tam,nerve_c5,LGALS1,ITGB1,1.6703665,0.0,1.5953466,0.5215193087151998,0.655964799437182,0.013485966,0.921042,0.1587028692881466,0.012569423639537,immune,nerve,immune-nerve,immune_to_nerve,nerve_c5,tam,0.226,19.0,0.6259,True,0.1165,25.0,0.7417,True,True
nerve_c13,immune_dendritic,PTN,NCL,1.5293257,0.0,2.078727,0.5051396287130223,0.6062475390131743,0.011665329,0.9301452,0.263970885596355,0.0126081817162167,nerve,immune,immune-nerve,nerve_to_immune,nerve_c13,dendritic,0.9595,1.0,0.0572,False,0.0815,25.0,0.7859,True,False
malignant,immune_nk_cell,LGALS1,CD69,1.5284573,0.0,2.2640224,0.7044910232254831,0.916616216188801,0.02824293,0.9328688,0.0432774260187414,0.0126340535077931,tumor,immune,immune-tumor,tumor_to_immune,,nk_cell,,,,,0.0794,26.0,0.7523,True,True
immune_nk_cell,nerve_c9,CALM1,GRM3,1.5280801,0.0,1.8734028,1.6637618321114602,1.0371031103857833,0.012804031,0.92669004,0.1915427475775504,0.012647000305389,immune,nerve,immune-nerve,immune_to_nerve,nerve_c9,nk_cell,0.8791,5.0,0.1446,False,0.0794,26.0,0.7523,True,False
nerve_c1,immune_t_cell,HMGB1,CXCR4,1.5279552,0.0,1.79191,0.2010832431155692,0.3372072225057168,0.006625068,0.92516494,1.0,0.012659953555241,nerve,immune,immune-nerve,nerve_to_immune,nerve_c1,t_cell,0.1983,17.0,0.5642,True,0.0821,23.0,0.7277,True,True
nerve_c22,immune_t_cell,APP,CD74,1.5272226,0.136,1.8795921,0.0887908588253515,-0.4967549144722115,0.0029878097,0.926802,1.0,0.0126729108052246,nerve,immune,immune-nerve,nerve_to_immune,nerve_c22,t_cell,0.2879,24.0,0.4767,True,0.0821,23.0,0.7277,True,True
immune_tam,nerve_c21,PSAP,SORT1,1.6057754,0.0,1.5919347,0.6404473669825612,0.8049620072329784,0.0069533824,0.9209641,0.4069164897766191,0.0126858769575432,immune,nerve,immune-nerve,immune_to_nerve,nerve_c21,tam,0.8488,6.0,0.1222,False,0.1165,25.0,0.7417,True,False
nerve_c12,immune_t_cell,HLA-C,CD8A,1.526973,0.0,2.1375802,0.9589331392375716,1.1008976953321812,0.057413746,0.9310468,0.0257238299279576,0.0126988471070031,nerve,immune,immune-nerve,nerve_to_immune,nerve_c12,t_cell,0.8072,7.0,0.2013,False,0.0821,23.0,0.7277,True,False
nerve_c12,immune_tam,HMGB1,CXCR4,1.526541,0.0,2.141849,0.2707639717850538,-0.0894657461064374,0.007918865,0.9311108,0.8795500585502632,0.0127248092085246,nerve,immune,immune-nerve,nerve_to_immune,nerve_c12,tam,0.8072,7.0,0.2013,False,0.1165,25.0,0.7417,True,False
nerve_c15,immune_microglia,IL23A,LILRB2,0.09246412,0.066,0.007832609,0.2378608789936046,0.144980337222677,0.08572473,0.44974875,0.4985459502412074,0.0127435962547726,nerve,immune,immune-nerve,nerve_to_immune,nerve_c15,microglia,0.9903,1.0,0.0149,False,0.0187,44.0,0.9088,True,False
immune_nk_cell,nerve_c9,HSPA8,LRP2,1.5261278,0.0,2.3125474,2.653910944122239,1.2993530702555818,0.018120958,0.9335298,0.052883799717097,0.0127638019607077,immune,nerve,immune-nerve,immune_to_nerve,nerve_c9,nk_cell,0.8791,5.0,0.1446,False,0.0794,26.0,0.7523,True,False
immune_nk_cell,nerve_c13,CALM1,PTPRA,1.5257857,0.0,1.8632729,0.6189118128554971,0.7644174023392739,0.010988742,0.9265056,0.3221044267404203,0.0127768132636068,immune,nerve,immune-nerve,immune_to_nerve,nerve_c13,nk_cell,0.9595,1.0,0.0572,False,0.0794,26.0,0.7523,True,False
nerve_c17,immune_t_cell,TIMP2,CD44,1.5257236,0.0,2.2949066,1.183742120002242,1.1908421797807298,0.020891594,0.9332918,0.0432774260187414,0.0127898285531827,nerve,immune,immune-nerve,nerve_to_immune,nerve_c17,t_cell,0.6072,12.0,0.3472,False,0.0821,23.0,0.7277,True,False
immune_microglia,nerve_c3,SPP1,ITGAV_ITGB1,2.218149,0.0,1.5834744,0.2688669038091171,1.6323452643757617,0.011222158,0.92077,0.3009270114686702,0.0128289180345336,immune,nerve,immune-nerve,immune_to_nerve,nerve_c3,microglia,0.3912,13.0,0.4608,True,0.0187,44.0,0.9088,True,True
nerve_c7,immune_tam,TIMP1,CD63,1.5245419,0.0,1.9235401,0.2163060155387622,-0.0913889928709912,0.022345988,0.9275821,0.8851282878407701,0.0128680630740711,nerve,immune,immune-nerve,nerve_to_immune,nerve_c7,tam,0.1793,26.0,0.7072,True,0.1165,25.0,0.7417,True,True
nerve_c7,immune_microglia,MIF,CD74_CXCR4,1.524496,0.0,2.192162,0.5962667063827721,0.898969902207609,0.012387001,0.93185174,0.2141910150270692,0.0128811259604365,nerve,immune,immune-nerve,nerve_to_immune,nerve_c7,microglia,0.1793,26.0,0.7072,True,0.0187,44.0,0.9088,True,True
immune_nk_cell,nerve_c17,CALM1,PTPRA,1.5242684,0.0,1.8565738,0.6167678242267063,0.5491578361546255,0.010949234,0.9263829,0.3257397999250215,0.0129072686010045,immune,nerve,immune-nerve,immune_to_nerve,nerve_c17,nk_cell,0.6072,12.0,0.3472,False,0.0794,26.0,0.7523,True,False
nerve_c15,immune_microglia,ARF6,PLD1,0.09248781,0.943,0.007835722,-0.225396537242662,-0.3664432859690818,0.0060815318,0.44979793,1.0,0.0129203362887135,nerve,immune,immune-nerve,nerve_to_immune,nerve_c15,microglia,0.9903,1.0,0.0149,False,0.0187,44.0,0.9088,True,False
nerve_c4,immune_dendritic,LRP1B,PLAUR,1.5239727,0.0,2.0131032,0.9009051424264372,0.9369833670652952,0.019650593,0.92909586,0.0432774260187414,0.012920350827242,nerve,immune,immune-nerve,nerve_to_immune,nerve_c4,dendritic,0.1409,18.0,0.5987,True,0.0815,25.0,0.7859,True,True
nerve_c22,immune_tam,APOE,LRP1,1.5294057,0.119,1.578407,0.1450222544477689,-0.1714714778923161,0.041684017,0.920653,1.0,0.012920350827242,nerve,immune,immune-nerve,nerve_to_immune,nerve_c22,tam,0.2879,24.0,0.4767,True,0.1165,25.0,0.7417,True,True
immune_microglia,nerve_c6,APOE,LRP6,2.143116,0.0,1.5782962,0.6707711621385551,1.9760486641953987,0.014800905,0.9206504,0.1125627267790979,0.0129334370237173,immune,nerve,immune-nerve,immune_to_nerve,nerve_c6,microglia,0.2107,18.0,0.6248,True,0.0187,44.0,0.9088,True,True
nerve_c14,malignant,BCAN,NRCAM,1.5235858,0.0,2.2372746,1.115525942918926,2.110114086015115,0.24861585,0.9324957,0.0022063052803438,0.0129465321414213,nerve,tumor,nerve-tumor,nerve_to_tumor,nerve_c14,,0.4198,6.0,0.3596,True,,,,,True
nerve_c21,immune_t_cell,SPP1,PTGER4,1.688869,0.002,1.5770118,0.3679651751535437,-0.3671016127065024,0.015757788,0.9206207,1.0,0.0129596312263749,nerve,immune,immune-nerve,nerve_to_immune,nerve_c21,t_cell,0.8488,6.0,0.1222,False,0.0821,23.0,0.7277,True,False
immune_dendritic,nerve_c13,HLA-A,APLP2,1.5646574,0.021,1.5767415,0.0968600980666548,-0.1222170993902904,0.012530245,0.9206144,0.9827599042704968,0.0129727392344456,immune,nerve,immune-nerve,immune_to_nerve,nerve_c13,dendritic,0.9595,1.0,0.0572,False,0.0815,25.0,0.7859,True,False
immune_t_cell,nerve_c6,CALM1,GRM3,1.5231724,0.0,2.0104728,1.8014147575977884,1.421067169957286,0.0137408525,0.92905277,0.055825713196157,0.0129989721041149,immune,nerve,immune-nerve,immune_to_nerve,nerve_c6,t_cell,0.2107,18.0,0.6248,True,0.0821,23.0,0.7277,True,True
immune_microglia,nerve_c15,PSAP,SORT1,1.5225867,0.0,1.6301825,0.607832679001234,1.104485296656199,0.007120444,0.9218239,0.4069164897766191,0.0130120994462825,immune,nerve,immune-nerve,immune_to_nerve,nerve_c15,microglia,0.9903,1.0,0.0149,False,0.0187,44.0,0.9088,True,False
nerve_c21,immune_tam,HLA-A,APLP2,1.521867,0.04,2.3148541,0.2595944853388025,0.0389966433718216,0.019500785,0.9335607,0.9834685198204536,0.0130515151645901,nerve,immune,immune-nerve,nerve_to_immune,nerve_c21,tam,0.8488,6.0,0.1222,False,0.1165,25.0,0.7417,True,False
immune_t_cell,nerve_c13,VIM,CD44,1.5213618,0.004,1.6767889,0.1975443338650624,-0.0685738213237858,0.020636009,0.92283356,0.8140743166351212,0.0130778253509963,immune,nerve,immune-nerve,immune_to_nerve,nerve_c13,t_cell,0.9595,1.0,0.0572,False,0.0821,23.0,0.7277,True,False
immune_dendritic,nerve_c12,POMC,GRM7,0.08889052,0.0,0.007887879,0.1738694220964085,0.0296621703580864,0.005234318,0.450619,1.0,0.0130970693513399,immune,nerve,immune-nerve,immune_to_nerve,nerve_c12,dendritic,0.8072,7.0,0.2013,False,0.0815,25.0,0.7859,True,False
nerve_c3,immune_tam,ADAM10,CD44,1.5208981,0.0,2.2780154,1.2905575861393528,1.3451626491921684,0.025075832,0.9330615,0.0432774260187414,0.0131173401912825,nerve,immune,immune-nerve,nerve_to_immune,nerve_c3,tam,0.3912,13.0,0.4608,True,0.1165,25.0,0.7417,True,True
nerve_c7,immune_tam,HMGB1,CXCR4,1.5208837,0.0,2.1294887,0.2654574219388625,0.0327073435420319,0.007873167,0.93092495,0.7916806720115139,0.0131305255196714,nerve,immune,immune-nerve,nerve_to_immune,nerve_c7,tam,0.1793,26.0,0.7072,True,0.1165,25.0,0.7417,True,True
nerve_c9,malignant,EDIL3,ITGAV,1.6830969,0.0,1.5689305,2.39530757484813,1.7548066607552015,0.020378191,0.92043275,0.0138728833003667,0.0131305255196714,nerve,tumor,nerve-tumor,nerve_to_tumor,nerve_c9,,0.8791,5.0,0.1446,False,,,,,False
nerve_c0,immune_tam,HMGB1,CXCR4,1.5207846,0.0,2.1292725,0.2653651417571971,0.0308897177384612,0.007872367,0.9309217,0.7919612150141854,0.0131437147943977,nerve,immune,immune-nerve,nerve_to_immune,nerve_c0,tam,0.4029,19.0,0.5772,True,0.1165,25.0,0.7417,True,True
malignant,nerve_c12,PTN,PTPRS,1.5202875,0.0,1.7105287,0.9003633457273494,2.0265638912309902,0.050667584,0.92353994,0.0354414008614387,0.0131569130054531,tumor,nerve,nerve-tumor,tumor_to_nerve,nerve_c12,,0.8072,7.0,0.2013,False,,,,,False
immune_tam,malignant,PSAP,LRP1,1.6012002,0.0,1.5681524,0.4799457686543745,0.6484808945147854,0.010291923,0.92041457,0.3924885629166164,0.0131701151598595,immune,tumor,immune-tumor,immune_to_tumor,,tam,,,,,0.1165,25.0,0.7417,True,True
immune_dendritic,nerve_c11,GRN,SORT1,1.5195727,0.0,2.2480686,1.4259499824312825,1.296547457594828,0.01724977,0.93264705,0.0641115115171018,0.0131833262524815,immune,nerve,immune-nerve,immune_to_nerve,nerve_c11,dendritic,0.1876,18.0,0.5976,True,0.0815,25.0,0.7859,True,True
nerve_c22,immune_microglia,MIF,CD74_CXCR4,1.5190923,0.0,2.179612,0.591239945752698,1.37789958201117,0.012316084,0.93166924,0.2183956498768307,0.013196541285468,nerve,immune,immune-nerve,nerve_to_immune,nerve_c22,microglia,0.2879,24.0,0.4767,True,0.0187,44.0,0.9088,True,True
nerve_c22,immune_dendritic,HMGB1,CXCR4,1.5178814,0.0,2.20515,0.2178246567313445,0.3467582734633188,0.008152902,0.9320391,0.7291972256639613,0.0132362300214787,nerve,immune,immune-nerve,nerve_to_immune,nerve_c22,dendritic,0.2879,24.0,0.4767,True,0.0815,25.0,0.7859,True,True
immune_tam,nerve_c11,CALM1,GRM3,1.5176388,0.0,2.3029163,2.4376207918075004,1.2600837925556725,0.0157396,0.9334002,0.0906636286219083,0.0132494733138136,immune,nerve,immune-nerve,immune_to_nerve,nerve_c11,tam,0.1876,18.0,0.5976,True,0.1165,25.0,0.7417,True,True
immune_microglia,nerve_c20,APOE,SORL1,2.1416218,0.0,1.5667024,0.2983776837784602,1.5174752984138569,0.014675512,0.9203807,0.1555059093430665,0.0132494733138136,immune,nerve,immune-nerve,immune_to_nerve,nerve_c20,microglia,0.3415,15.0,0.5197,True,0.0187,44.0,0.9088,True,True
immune_tam,nerve_c10,IL18,IL1RAPL1,2.1010332,0.0,1.5666127,1.9032739346070728,1.987893285809337,0.01568901,0.92037857,0.0158259442761464,0.013262720539048,immune,nerve,immune-nerve,immune_to_nerve,nerve_c10,tam,0.2572,14.0,0.5531,True,0.1165,25.0,0.7417,True,True
nerve_c5,immune_microglia,TF,TFRC,1.7860049,0.0,1.5665722,2.5490939908318397,2.459551691195648,0.018539548,0.9203776,0.0009334655734139,0.0132759767090995,nerve,immune,immune-nerve,nerve_to_immune,nerve_c5,microglia,0.226,19.0,0.6259,True,0.0187,44.0,0.9088,True,True
nerve_c11,malignant,EDIL3,ITGAV,1.6803095,0.0,1.5658151,2.3903621424496433,1.847708789693095,0.020337727,0.9203599,0.0092817498748388,0.0133157788293294,nerve,tumor,nerve-tumor,nerve_to_tumor,nerve_c11,,0.1876,18.0,0.5976,True,,,,,True
malignant,nerve_c3,NCAM1,ROBO1,1.5166894,0.0,2.1379437,1.750093604704596,2.0524549823023417,0.08296769,0.93105227,0.0006445839328611,0.0133423491116532,tumor,nerve,nerve-tumor,tumor_to_nerve,nerve_c3,,0.3912,13.0,0.4608,True,,,,,True
immune_t_cell,nerve_c14,S100A4,ERBB3,1.5165185,0.0,1.8606651,1.8714218896053867,1.833695299895021,0.014323351,0.92645794,0.0179025845456035,0.013355641394243,immune,nerve,immune-nerve,immune_to_nerve,nerve_c14,t_cell,0.4198,6.0,0.3596,True,0.0821,23.0,0.7277,True,True
immune_dendritic,malignant,GSTP1,EGFR,1.5161247,0.0,2.2958102,0.6330843152657937,2.311602947713003,0.018153891,0.9333041,0.0524673215322237,0.0133822477817202,immune,tumor,immune-tumor,immune_to_tumor,,dendritic,,,,,0.0815,25.0,0.7859,True,True
immune_dendritic,nerve_c1,LGALS9,PTPRK,1.7262762,0.0,1.5647331,2.1825098106980914,1.8887776615585945,0.022982482,0.9203346,0.0075908654331171,0.0133822477817202,immune,nerve,immune-nerve,immune_to_nerve,nerve_c1,dendritic,0.1983,17.0,0.5642,True,0.0815,25.0,0.7859,True,True
nerve_c22,immune_tam,APOE,ABCA1,1.5263039,0.148,1.5635085,0.1078016355458464,-0.2133878615069735,0.03947189,0.9203059,1.0,0.0134088799117458,nerve,immune,immune-nerve,nerve_to_immune,nerve_c22,tam,0.2879,24.0,0.4767,True,0.1165,25.0,0.7417,True,True
immune_tam,nerve_c5,HBEGF,CD9,1.5158112,0.0,1.8720694,1.2077707276336935,1.4566466958440507,0.036792435,0.92666584,0.0432774260187414,0.0134222068901846,immune,nerve,immune-nerve,immune_to_nerve,nerve_c5,tam,0.226,19.0,0.6259,True,0.1165,25.0,0.7417,True,True
nerve_c15,immune_nk_cell,VCAN,ITGB1,1.5145935,0.0,1.9888295,1.166512570380841,1.3567627113258276,0.056067865,0.9286952,0.0087807211179101,0.0134622239156102,nerve,immune,immune-nerve,nerve_to_immune,nerve_c15,nk_cell,0.9903,1.0,0.0149,False,0.0794,26.0,0.7523,True,False
malignant,nerve_neuron,CALM1,KCNQ5,1.5134057,0.0,2.2894928,1.6428120790523053,1.604774477380076,0.056810535,0.93321824,0.006116567240879,0.0135022963219537,tumor,nerve,nerve-tumor,tumor_to_nerve,nerve_neuron,,0.4,10.0,0.5084,True,,,,,True
nerve_c5,immune_tam,SPP1,ITGAV_ITGB1,2.1542947,0.0,1.5584496,0.2735996875966199,-0.3403120557869913,0.016111735,0.92018694,1.0,0.0135290442674417,nerve,immune,immune-nerve,nerve_to_immune,nerve_c5,tam,0.226,19.0,0.6259,True,0.1165,25.0,0.7417,True,True
immune_microglia,nerve_c0,C1QB,C1QBP,1.7952877,0.0,1.5573308,0.4792627668896837,2.050639451695794,0.035886798,0.9201606,0.0432774260187414,0.0135692156969302,immune,nerve,immune-nerve,immune_to_nerve,nerve_c0,microglia,0.4029,19.0,0.5772,True,0.0187,44.0,0.9088,True,True
malignant,nerve_c4,NLGN1,NRXN3,1.512137,0.0,2.2359061,1.2805197496692375,2.3868809333756644,0.07621299,0.93247646,0.0049086209192011,0.0135759157184443,tumor,nerve,nerve-tumor,tumor_to_nerve,nerve_c4,,0.1409,18.0,0.5987,True,,,,,True
nerve_c4,malignant,NRXN3,NLGN1,1.512137,0.0,2.2359061,1.2805197496692375,2.3868809333756644,0.07621299,0.93247646,0.0049086209192011,0.0135759157184443,nerve,tumor,nerve-tumor,nerve_to_tumor,nerve_c4,,0.1409,18.0,0.5987,True,,,,,True
malignant,nerve_c1,CALM1,PDE1A,1.5114672,0.0,2.2837422,2.213059368860761,1.641994969597983,0.019548856,0.93313986,0.0228961901490117,0.0136094450161558,tumor,nerve,nerve-tumor,tumor_to_nerve,nerve_c1,,0.1983,17.0,0.5642,True,,,,,True
nerve_c12,immune_tam,ANGPTL4,SDC3,0.09285982,1.0,0.007977483,-0.1328552679526803,-0.3462483786344262,0.008982389,0.45201758,1.0,0.0136272256681446,nerve,immune,immune-nerve,nerve_to_immune,nerve_c12,tam,0.8072,7.0,0.2013,False,0.1165,25.0,0.7417,True,False
nerve_c7,immune_nk_cell,LGALS1,CD69,1.5112051,0.0,2.2020152,0.6919147934285121,0.7179907879517098,0.029736772,0.931994,0.0432774260187414,0.0136362958726762,nerve,immune,immune-nerve,nerve_to_immune,nerve_c7,nk_cell,0.1793,26.0,0.7072,True,0.0794,26.0,0.7523,True,True
immune_microglia,nerve_c1,GRN,SORT1,1.511195,0.0,2.2425947,1.4019532912024435,1.879545190918385,0.01720777,0.9325704,0.0646811665874769,0.0136497296756922,immune,nerve,immune-nerve,immune_to_nerve,nerve_c1,microglia,0.1983,17.0,0.5642,True,0.0187,44.0,0.9088,True,True
malignant,nerve_c9,APOE,ABCA1,1.5109522,0.0,2.1143765,0.5320863306422356,-0.5166137820233228,0.012663067,0.9306956,1.0,0.0136631724508469,tumor,nerve,nerve-tumor,tumor_to_nerve,nerve_c9,,0.8791,5.0,0.1446,False,,,,,False
immune_dendritic,nerve_c4,CALM1,PDE1A,1.5109224,0.0,2.253182,2.3607594187415692,1.218907005360738,0.019216072,0.93271834,0.0432774260187414,0.0136766191126468,immune,nerve,immune-nerve,immune_to_nerve,nerve_c4,dendritic,0.1409,18.0,0.5987,True,0.0815,25.0,0.7859,True,True
nerve_c3,malignant,NRXN3,NLGN1,1.5099444,0.0,2.2302623,1.2776609103446073,2.291682815599689,0.07602061,0.9323968,0.0049836650839411,0.0137102689856186,nerve,tumor,nerve-tumor,nerve_to_tumor,nerve_c3,,0.3912,13.0,0.4608,True,,,,,True
malignant,nerve_c3,NLGN1,NRXN3,1.5099444,0.0,2.2302623,1.2776609103446073,2.291682815599689,0.07602061,0.9323968,0.0049836650839411,0.0137102689856186,tumor,nerve,nerve-tumor,tumor_to_nerve,nerve_c3,,0.3912,13.0,0.4608,True,,,,,True
immune_tam,nerve_neuron,CALM1,GRM7,1.5098009,0.0,2.2788496,2.4709117946554455,1.327006189255634,0.06836356,0.9330729,0.003194077142638,0.0137304776887066,immune,nerve,immune-nerve,immune_to_nerve,nerve_neuron,tam,0.4,10.0,0.5084,True,0.1165,25.0,0.7417,True,True
nerve_c6,immune_t_cell,COPA,CD74,1.5092509,0.0,1.8005112,0.2876277965908002,-0.2990872375527158,0.006748207,0.9253305,1.0,0.0137574442765459,nerve,immune,immune-nerve,nerve_to_immune,nerve_c6,t_cell,0.2107,18.0,0.6248,True,0.0821,23.0,0.7277,True,True
nerve_c17,immune_tam,SPP1,ITGAV_ITGB1,2.1471202,0.0,1.5527304,0.2701840958030859,-0.4316330156660476,0.016052611,0.9200519,1.0,0.0137844365761365,nerve,immune,immune-nerve,nerve_to_immune,nerve_c17,tam,0.6072,12.0,0.3472,False,0.1165,25.0,0.7417,True,False
malignant,nerve_c9,AGRN,MUSK,0.09399146,0.0,0.007991836,0.3296330521152929,0.1682534547216242,0.047833182,0.45224023,0.2678071741824445,0.0138039308469293,tumor,nerve,nerve-tumor,tumor_to_nerve,nerve_c9,,0.8791,5.0,0.1446,False,,,,,False
immune_t_cell,nerve_c17,HLA-A,APLP2,1.9459151,0.0,1.5516226,0.3449894916753955,0.4065723263124568,0.012330627,0.9200256,0.2174362756705025,0.0138249745091483,immune,nerve,immune-nerve,immune_to_nerve,nerve_c17,t_cell,0.6072,12.0,0.3472,False,0.0821,23.0,0.7277,True,False
malignant,nerve_c20,PTN,NCL,1.5085828,0.0,1.6567957,0.4285880077566182,1.9038317018150537,0.03627812,0.92240536,0.0520411684848106,0.0138249745091483,tumor,nerve,nerve-tumor,tumor_to_nerve,nerve_c20,,0.3415,15.0,0.5197,True,,,,,True
immune_dendritic,nerve_c1,CALM1,GRM3,1.5085489,0.0,2.2468274,2.644175755878272,1.204819955153619,0.015356253,0.9326297,0.0685624614810075,0.0138384983017719,immune,nerve,immune-nerve,immune_to_nerve,nerve_c1,dendritic,0.1983,17.0,0.5642,True,0.0815,25.0,0.7859,True,True
immune_nk_cell,nerve_c2,CALM1,PTPRA,1.5084927,0.0,1.7869242,0.594475487295896,0.5807157030861727,0.010538472,0.9250684,0.3663212929049504,0.0138655677234173,immune,nerve,immune-nerve,immune_to_nerve,nerve_c2,nk_cell,0.25,13.0,0.5666,True,0.0794,26.0,0.7523,True,True
nerve_c14,malignant,NCAM1,PTPRA,1.5082524,0.0,1.693257,1.156500717370303,1.594259713041684,0.020599995,0.9231808,0.0432774260187414,0.0138926628480148,nerve,tumor,nerve-tumor,nerve_to_tumor,nerve_c14,,0.4198,6.0,0.3596,True,,,,,True
nerve_c21,immune_nk_cell,MIF,CD44_CD74,1.5081229,0.0,2.1170056,0.7237710439621967,0.9994297814987128,0.016964369,0.9307357,0.0685814536266792,0.0139062213307843,nerve,immune,immune-nerve,nerve_to_immune,nerve_c21,nk_cell,0.8488,6.0,0.1222,False,0.0794,26.0,0.7523,True,False
immune_tam,nerve_c11,CALM1,PDE1A,1.508071,0.0,2.2735376,2.149454795339689,1.41633374449034,0.019389672,0.933,0.0432774260187414,0.0139197836733646,immune,nerve,immune-nerve,immune_to_nerve,nerve_c11,tam,0.1876,18.0,0.5976,True,0.1165,25.0,0.7417,True,True
nerve_c1,immune_tam,SPP1,CD44,1.5077689,0.935,2.233158,0.2929126126144588,-1.0673575475766577,0.007369061,0.9324377,1.0,0.0139469327660151,nerve,immune,immune-nerve,nerve_to_immune,nerve_c1,tam,0.1983,17.0,0.5642,True,0.1165,25.0,0.7417,True,True
nerve_c12,immune_dendritic,ANGPTL4,ITGA5_ITGB1,0.092989504,0.998,0.007994978,-0.0473889046777792,-0.2318932941147603,0.006161153,0.4522889,1.0,0.0139806290550869,nerve,immune,immune-nerve,nerve_to_immune,nerve_c12,dendritic,0.8072,7.0,0.2013,False,0.0815,25.0,0.7859,True,False
immune_t_cell,nerve_c17,CALM1,INSR,1.506689,0.0,1.9419159,0.9955604180316242,0.8328243451787115,0.01247577,0.9279008,0.2083931387118366,0.0140013029055387,immune,nerve,immune-nerve,immune_to_nerve,nerve_c17,t_cell,0.6072,12.0,0.3472,False,0.0821,23.0,0.7277,True,False
malignant,nerve_c9,NCAM1,NCAM2,1.5066161,0.0,2.1155064,1.249005238909917,1.6254349219207629,0.037254523,0.9307128,0.0432774260187414,0.01402852651433,tumor,nerve,nerve-tumor,tumor_to_nerve,nerve_c9,,0.8791,5.0,0.1446,False,,,,,False
nerve_c10,immune_microglia,EDIL3,ITGAV,1.5672188,0.0,1.544141,2.1763436308769135,1.914886492095945,0.02004805,0.9198476,0.0065151287379617,0.01402852651433,nerve,immune,immune-nerve,nerve_to_immune,nerve_c10,microglia,0.2572,14.0,0.5531,True,0.0187,44.0,0.9088,True,True
nerve_c21,immune_tam,HMGB1,CXCR4,1.5065212,0.0,2.0981097,0.2519865956400213,0.055872882889004,0.007757152,0.93044615,0.8196262173205172,0.0140421466638939,nerve,immune,immune-nerve,nerve_to_immune,nerve_c21,tam,0.8488,6.0,0.1222,False,0.1165,25.0,0.7417,True,False
malignant,nerve_c1,IL1RAPL1,PTPRD,1.8679242,0.0,1.5429958,1.934211544397652,1.7970064610589411,0.07163395,0.91982025,0.0016701561485019,0.0140557758128744,tumor,nerve,nerve-tumor,tumor_to_nerve,nerve_c1,,0.1983,17.0,0.5642,True,,,,,True
immune_nk_cell,nerve_c17,HLA-A,APLP2,1.9362047,0.0,1.542865,0.3377074016461698,0.190676401978052,0.012261032,0.9198171,0.2360247785234042,0.0140694113849581,immune,nerve,immune-nerve,immune_to_nerve,nerve_c17,nk_cell,0.6072,12.0,0.3472,False,0.0794,26.0,0.7523,True,False
nerve_c19,immune_t_cell,PSEN1,CD44,1.5060059,0.0,2.241895,1.5961894267238468,1.6007401740544558,0.018298654,0.9325606,0.0409686624550441,0.0141240127297408,nerve,immune,immune-nerve,nerve_to_immune,nerve_c19,t_cell,0.9467,4.0,0.054,False,0.0821,23.0,0.7277,True,False
nerve_c4,immune_nk_cell,PSEN1,CD44,1.5059712,0.0,2.1122227,1.6779787695852777,1.5667736268239945,0.01724025,0.93066275,0.0323449286625745,0.0141513519263129,nerve,immune,immune-nerve,nerve_to_immune,nerve_c4,nk_cell,0.1409,18.0,0.5987,True,0.0794,26.0,0.7523,True,True
nerve_c17,immune_tam,FGF2,SDC3,0.092963606,1.0,0.008002031,-0.0686776721538802,-0.1712715710700283,0.008872485,0.45239815,1.0,0.0141573192483161,nerve,immune,immune-nerve,nerve_to_immune,nerve_c17,tam,0.6072,12.0,0.3472,False,0.1165,25.0,0.7417,True,False
immune_tam,nerve_c15,TIMP1,CD63,1.5384213,0.105,1.5365267,0.3547348190629796,0.3655902538107012,0.008463812,0.91966516,1.0,0.0142061073568199,immune,nerve,immune-nerve,immune_to_nerve,nerve_c15,tam,0.9903,1.0,0.0149,False,0.1165,25.0,0.7417,True,False
immune_microglia,nerve_c13,C1QB,LRP1,1.7917922,0.0,1.5357567,0.4426100324009923,1.9881433593443685,0.05992716,0.9196467,0.0459551257378015,0.0142335235863553,immune,nerve,immune-nerve,immune_to_nerve,nerve_c13,microglia,0.9595,1.0,0.0572,False,0.0187,44.0,0.9088,True,False
nerve_c3,malignant,NCAM1,PTPRA,1.5049231,0.0,1.688292,1.152872354492263,1.376337511545721,0.020539591,0.9230766,0.0432774260187414,0.0142335235863553,nerve,tumor,nerve-tumor,nerve_to_tumor,nerve_c3,,0.3912,13.0,0.4608,True,,,,,True
nerve_c10,immune_t_cell,HMGB1,CXCR4,1.5035222,0.0,1.6812447,0.1781673047816627,0.4393901990863311,0.006215915,0.92292804,1.0,0.0143572155966244,nerve,immune,immune-nerve,nerve_to_immune,nerve_c10,t_cell,0.2572,14.0,0.5531,True,0.0821,23.0,0.7277,True,True
nerve_c22,immune_nk_cell,LGALS1,ITGB1,1.5034543,0.0,1.9673938,0.5128685161463591,1.013415126438915,0.032664943,0.9283356,0.0432774260187414,0.0143709923952538,nerve,immune,immune-nerve,nerve_to_immune,nerve_c22,nk_cell,0.2879,24.0,0.4767,True,0.0794,26.0,0.7523,True,True
immune_dendritic,nerve_c2,TIMP1,FGFR2,1.5029284,0.0,1.9541997,2.290390897233029,1.493303548525723,0.012981996,0.92811143,0.0424925065900101,0.0143847730030528,immune,nerve,immune-nerve,immune_to_nerve,nerve_c2,dendritic,0.25,13.0,0.5666,True,0.0815,25.0,0.7859,True,True
nerve_c22,immune_microglia,APOE,ABCA1,1.5190266,0.159,1.5285549,0.0991775991623524,0.0319830152487501,0.038589463,0.9194728,1.0,0.0144399674096397,nerve,immune,immune-nerve,nerve_to_immune,nerve_c22,microglia,0.2879,24.0,0.4767,True,0.0187,44.0,0.9088,True,True
immune_nk_cell,nerve_c19,APOE,ABCA1,1.5021774,0.001,1.8974355,0.5888201748432214,-0.4178260096869088,0.012154505,0.9271218,1.0,0.0144399674096397,immune,nerve,immune-nerve,immune_to_nerve,nerve_c19,nk_cell,0.9467,4.0,0.054,False,0.0794,26.0,0.7523,True,False
immune_t_cell,nerve_c3,CALM1,PDE1A,1.50137,0.0,1.9197935,1.5683002843283709,1.23091852670531,0.016372798,0.9275166,0.0781524754523573,0.0145091001662913,immune,nerve,immune-nerve,immune_to_nerve,nerve_c3,t_cell,0.3912,13.0,0.4608,True,0.0821,23.0,0.7277,True,True
malignant,immune_microglia,TIMP1,CD63,1.5013313,0.0,2.0621848,0.2123337643574903,0.3988272143244136,0.006118889,0.9298852,1.0,0.0145229475282807,tumor,immune,immune-tumor,tumor_to_immune,,microglia,,,,,0.0187,44.0,0.9088,True,True
nerve_c21,immune_dendritic,COPA,CD74,2.405853,0.0,1.5265647,0.4868205507444736,0.7623392970185956,0.0057214727,0.9194246,0.4069164897766191,0.0145367986830687,nerve,immune,immune-nerve,nerve_to_immune,nerve_c21,dendritic,0.8488,6.0,0.1222,False,0.0815,25.0,0.7859,True,False
immune_tam,nerve_c10,CALM1,PDE1A,1.5012054,0.0,2.2524564,2.1291700032173533,1.4284650118723772,0.019209884,0.93270826,0.0432774260187414,0.0145367986830687,immune,nerve,immune-nerve,immune_to_nerve,nerve_c10,tam,0.2572,14.0,0.5531,True,0.1165,25.0,0.7417,True,True
nerve_c7,immune_nk_cell,SPP1,PTGER4,1.8652589,0.0,1.5264677,0.3938937297700143,-0.266107016091349,0.015252743,0.9194222,0.7112934319268686,0.0145506588710746,nerve,immune,immune-nerve,nerve_to_immune,nerve_c7,nk_cell,0.1793,26.0,0.7072,True,0.0794,26.0,0.7523,True,True
nerve_c12,immune_nk_cell,LGALS1,PTPRC,1.5000242,0.0,1.846977,0.4387415408886569,0.147132285115606,0.015466032,0.926206,0.301062826730162,0.0145783958618257,nerve,immune,immune-nerve,nerve_to_immune,nerve_c12,nk_cell,0.8072,7.0,0.2013,False,0.0794,26.0,0.7523,True,False
nerve_c11,immune_t_cell,COPA,CD74,1.5000086,0.0,1.7598426,0.2734972216509845,-0.4048791263688043,0.0065957834,0.9245374,1.0,0.0145922752874003,nerve,immune,immune-nerve,nerve_to_immune,nerve_c11,t_cell,0.1876,18.0,0.5976,True,0.0821,23.0,0.7277,True,True
nerve_c9,immune_microglia,TF,TFRC,1.7447672,0.0,1.5243497,2.4798760118546355,2.3052165988140105,0.018039867,0.9193708,0.0015630109271173,0.0146061584983342,nerve,immune,immune-nerve,nerve_to_immune,nerve_c9,microglia,0.8791,5.0,0.1446,False,0.0187,44.0,0.9088,True,False
malignant,nerve_c3,NCAM1,FGFR2,1.500005,0.0,2.100781,2.346917707852032,2.262544481698064,0.050619435,0.9304873,0.0029481942754849,0.0146061584983342,tumor,nerve,nerve-tumor,tumor_to_nerve,nerve_c3,,0.3912,13.0,0.4608,True,,,,,True
nerve_c12,immune_tam,COL4A5,CD44,1.4998314,0.0,2.2060394,2.1113416259484357,1.6930816047005832,0.022458293,0.93205184,0.0181270141179015,0.0146339467784004,nerve,immune,immune-nerve,nerve_to_immune,nerve_c12,tam,0.8072,7.0,0.2013,False,0.1165,25.0,0.7417,True,False
nerve_c7,immune_microglia,RPS19,C5AR1,1.4996521,0.64,1.7456467,0.1171630375667716,0.1935804637366303,0.029351264,0.92425436,1.0,0.0146478518494079,nerve,immune,immune-nerve,nerve_to_immune,nerve_c7,microglia,0.1793,26.0,0.7072,True,0.0187,44.0,0.9088,True,True
malignant,nerve_c9,EFNB2,EPHA4,0.09185164,0.084,0.008092904,0.0599756222619331,-0.0060943129131574,0.032444,0.45379725,1.0,0.0146873511398819,tumor,nerve,nerve-tumor,tumor_to_nerve,nerve_c9,,0.8791,5.0,0.1446,False,,,,,False
nerve_c5,immune_tam,SPP1,ITGA5_ITGB1,2.1494355,0.0,1.5204508,0.717598359162748,0.151413098521199,0.03192258,0.91927576,0.2951749043434114,0.0146896028946995,nerve,immune,immune-nerve,nerve_to_immune,nerve_c5,tam,0.226,19.0,0.6259,True,0.1165,25.0,0.7417,True,True
nerve_c11,immune_nk_cell,CD22,PTPRC,1.499137,0.0,1.843189,2.2960075021027655,1.6394693041409891,0.023533694,0.92613584,0.0232612056164459,0.0147035309724471,nerve,immune,immune-nerve,nerve_to_immune,nerve_c11,nk_cell,0.1876,18.0,0.5976,True,0.0794,26.0,0.7523,True,True
nerve_c0,immune_microglia,TF,TFRC,1.740648,0.0,1.5201322,2.4729607942753287,2.4199305839956704,0.017989956,0.919268,0.0015933398191567,0.0147035309724471,nerve,immune,immune-nerve,nerve_to_immune,nerve_c0,microglia,0.4029,19.0,0.5772,True,0.0187,44.0,0.9088,True,True
nerve_c9,immune_tam,APP,LRP1,1.4989738,0.0,1.538405,1.0443352418174847,1.0060794225697052,0.019303007,0.9197103,0.0432774260187414,0.0147174680946646,nerve,immune,immune-nerve,nerve_to_immune,nerve_c9,tam,0.8791,5.0,0.1446,False,0.1165,25.0,0.7417,True,False
nerve_c21,immune_tam,MIF,CD74_CXCR4,1.4986483,0.0,2.0809088,0.5761350065237345,0.5670956277830186,0.011758355,0.9301793,0.2566228826029976,0.0147593126389195,nerve,immune,immune-nerve,nerve_to_immune,nerve_c21,tam,0.8488,6.0,0.1222,False,0.1165,25.0,0.7417,True,False
immune_t_cell,nerve_c6,CALM1,INSR,1.4986249,0.0,1.9083762,0.9801278407731012,1.1195593511491784,0.012260297,0.92731583,0.2220486301024434,0.01477327539667,immune,nerve,immune-nerve,immune_to_nerve,nerve_c6,t_cell,0.2107,18.0,0.6248,True,0.0821,23.0,0.7277,True,True
nerve_c3,immune_nk_cell,CD22,PTPRC,1.4981586,0.0,1.839011,2.2920036514123545,1.5453935221894444,0.023480348,0.9260582,0.0346572882560105,0.0148012174943108,nerve,immune,immune-nerve,nerve_to_immune,nerve_c3,nk_cell,0.3912,13.0,0.4608,True,0.0794,26.0,0.7523,True,True
immune_microglia,nerve_c19,SPP1,ITGAV_ITGB1,2.2096517,0.0,1.5147339,0.2576862462865318,1.6641595004071688,0.01073499,0.9191359,0.3466899919965631,0.0148291852201106,immune,nerve,immune-nerve,immune_to_nerve,nerve_c19,microglia,0.9467,4.0,0.054,False,0.0187,44.0,0.9088,True,False
immune_microglia,nerve_c10,LGALS9,PTPRK,1.4978476,0.0,1.6053414,1.8346057619602565,2.1627620052489664,0.023578927,0.9212688,0.0201808332182257,0.0148431800166959,immune,nerve,immune-nerve,immune_to_nerve,nerve_c10,microglia,0.2572,14.0,0.5531,True,0.0187,44.0,0.9088,True,True
nerve_c3,immune_t_cell,HMGB1,CXCR4,1.497543,0.0,1.6541635,0.1725597975709162,0.2186877893397175,0.00611579,0.92234844,1.0,0.0148571785718697,nerve,immune,immune-nerve,nerve_to_immune,nerve_c3,t_cell,0.3912,13.0,0.4608,True,0.0821,23.0,0.7277,True,True
malignant,nerve_c10,NRXN1,NLGN1,1.4974177,0.0,2.0712044,0.8693577559976993,2.0122997950085204,0.055164684,0.9300273,0.042727000058467,0.0149062292565658,tumor,nerve,nerve-tumor,tumor_to_nerve,nerve_c10,,0.2572,14.0,0.5531,True,,,,,True
nerve_c10,malignant,NLGN1,NRXN1,1.4974177,0.0,2.0712044,0.8693577559976993,2.0122997950085204,0.055164684,0.9300273,0.042727000058467,0.0149062292565658,nerve,tumor,nerve-tumor,nerve_to_tumor,nerve_c10,,0.2572,14.0,0.5531,True,,,,,True
nerve_c4,immune_nk_cell,HMGB1,CXCR4,1.4973606,0.0,1.7614979,0.1768714489702795,0.0732043592876109,0.0065126275,0.9245702,1.0,0.0149272753778512,nerve,immune,immune-nerve,nerve_to_immune,nerve_c4,nk_cell,0.1409,18.0,0.5987,True,0.0794,26.0,0.7523,True,True
nerve_c12,malignant,IL1RAPL1,PTPRS,1.6897843,0.0,1.5096902,1.6283070703472302,2.111455370797197,0.048781067,0.91901183,0.0137067754026525,0.0149413150170124,nerve,tumor,nerve-tumor,nerve_to_tumor,nerve_c12,,0.8072,7.0,0.2013,False,,,,,False
nerve_c1,immune_nk_cell,LAMA2,RPSA,1.4969698,0.0,1.7023555,0.9216250596977256,1.1306602073232082,0.030931419,0.92337066,0.0432774260187414,0.0149553584043559,nerve,immune,immune-nerve,nerve_to_immune,nerve_c1,nk_cell,0.1983,17.0,0.5642,True,0.0794,26.0,0.7523,True,True
malignant,nerve_c11,PTN,PTPRS,1.4964057,0.0,1.6008941,0.8617937296731921,2.1461146309224115,0.047420096,0.92116815,0.0432774260187414,0.0149834670469208,tumor,nerve,nerve-tumor,tumor_to_nerve,nerve_c11,,0.1876,18.0,0.5976,True,,,,,True
immune_nk_cell,nerve_c0,CALM1,GRM3,1.4963827,0.0,1.7334585,1.5592728017218578,1.1577009050628293,0.011847562,0.9240087,0.1439669755181085,0.014997532304015,immune,nerve,immune-nerve,immune_to_nerve,nerve_c0,nk_cell,0.4029,19.0,0.5772,True,0.0794,26.0,0.7523,True,True
immune_dendritic,nerve_c3,PSAP,SORT1,1.495095,0.0,2.234901,0.9233373277666692,0.5299342369918468,0.009761783,0.9324623,0.4069164897766191,0.0150820503247225,immune,nerve,immune-nerve,immune_to_nerve,nerve_c3,dendritic,0.3912,13.0,0.4608,True,0.0815,25.0,0.7859,True,True
nerve_c17,immune_nk_cell,COPA,CD74,1.4949574,0.0,2.184276,0.5136188146994616,-0.5903312514979088,0.008186534,0.93173724,1.0,0.0150961604032173,nerve,immune,immune-nerve,nerve_to_immune,nerve_c17,nk_cell,0.6072,12.0,0.3472,False,0.0794,26.0,0.7523,True,False
nerve_c12,immune_tam,SPP1,ITGAV_ITGB1,2.0868278,0.0,1.5046676,0.2414722039631606,-0.4481428845433117,0.015555723,0.9188878,1.0,0.0150961604032173,nerve,immune,immune-nerve,nerve_to_immune,nerve_c12,tam,0.8072,7.0,0.2013,False,0.1165,25.0,0.7417,True,False
malignant,nerve_c9,GDF11,ACVR1B_ACVR2B,0.09255445,0.0,0.008101882,0.1692625637733836,0.1058497091182775,0.014664806,0.45393467,0.4058874841652559,0.015128995420149,tumor,nerve,nerve-tumor,tumor_to_nerve,nerve_c9,,0.8791,5.0,0.1446,False,,,,,False
malignant,nerve_c9,GDF11,ACVR2B_TGFBR1,0.09255445,0.0,0.008101882,0.1692625637733836,0.1058497091182775,0.014664806,0.45393467,0.4058874841652559,0.015128995420149,tumor,nerve,nerve-tumor,tumor_to_nerve,nerve_c9,,0.8791,5.0,0.1446,False,,,,,False
nerve_c5,immune_microglia,SPP1,PTGER4,2.1471982,0.0,1.5029551,0.47531164035925,0.1196034275658818,0.015017799,0.9188453,0.3482024888086359,0.0151526593906604,nerve,immune,immune-nerve,nerve_to_immune,nerve_c5,microglia,0.226,19.0,0.6259,True,0.0187,44.0,0.9088,True,True
immune_dendritic,nerve_c1,GRN,SORT1,1.4932443,0.0,2.1810613,1.3835727266168234,1.2822667162204375,0.016735613,0.9316904,0.0721113962032073,0.0152375998712874,immune,nerve,immune-nerve,immune_to_nerve,nerve_c1,dendritic,0.1983,17.0,0.5642,True,0.0815,25.0,0.7859,True,True
nerve_c12,malignant,IL1RAPL1,PTPRD,1.688063,0.0,1.4998792,1.524752102085409,1.7418134536400731,0.05230616,0.9187689,0.0095792533861613,0.0152517803558406,nerve,tumor,nerve-tumor,nerve_to_tumor,nerve_c12,,0.8072,7.0,0.2013,False,,,,,False
immune_dendritic,nerve_c3,CALM1,PDE1C,1.4923272,0.0,2.2034,1.4566035787691811,0.9196444264813892,0.009891274,0.9320139,0.3496725189490522,0.0152659645558872,immune,nerve,immune-nerve,immune_to_nerve,nerve_c3,dendritic,0.3912,13.0,0.4608,True,0.0815,25.0,0.7859,True,True
nerve_c1,malignant,NCAM1,NCAM2,1.5421834,0.0,1.498387,1.2322306451591691,1.5929997053076776,0.056906205,0.91873175,0.0062710971944253,0.0152801578378569,nerve,tumor,nerve-tumor,nerve_to_tumor,nerve_c1,,0.1983,17.0,0.5642,True,,,,,True
nerve_c12,immune_tam,APP,LRP1,1.4919187,0.0,1.5291312,1.036515645672228,0.9886216982295412,0.019186646,0.91948676,0.0432774260187414,0.0152943548323496,nerve,immune,immune-nerve,nerve_to_immune,nerve_c12,tam,0.8072,7.0,0.2013,False,0.1165,25.0,0.7417,True,False
immune_dendritic,nerve_c9,HLA-A,APLP2,1.5487916,0.0,1.4974706,0.0782766787093449,-0.2781299454369754,0.011900285,0.9187089,1.0,0.0153227733872727,immune,nerve,immune-nerve,immune_to_nerve,nerve_c9,dendritic,0.8791,5.0,0.1446,False,0.0815,25.0,0.7859,True,False
nerve_c17,immune_microglia,SPP1,PTGER4,2.1400237,0.0,1.4974396,0.4718960485657159,0.0282824676868255,0.014962688,0.91870815,0.5482780551815831,0.0153369895719773,nerve,immune,immune-nerve,nerve_to_immune,nerve_c17,microglia,0.6072,12.0,0.3472,False,0.0187,44.0,0.9088,True,False
immune_t_cell,nerve_c19,CALM1,GRM3,1.4917848,0.0,1.8799275,1.6979483020536603,1.277728763260789,0.012848624,0.92680806,0.0926916906841404,0.0153369895719773,immune,nerve,immune-nerve,immune_to_nerve,nerve_c19,t_cell,0.9467,4.0,0.054,False,0.0821,23.0,0.7277,True,False
malignant,nerve_c11,CALM1,GRM3,1.4916689,0.0,2.2250068,2.414465887226912,1.4931231664711189,0.015213773,0.93232244,0.042605031216924,0.0153654438196818,tumor,nerve,nerve-tumor,tumor_to_nerve,nerve_c11,,0.1876,18.0,0.5976,True,,,,,True
nerve_c9,malignant,HLA-A,APLP2,1.4914966,0.0,1.6006681,0.0567975043951385,-0.3855890813768018,0.009318125,0.921163,1.0,0.0153796818845516,nerve,tumor,nerve-tumor,nerve_to_tumor,nerve_c9,,0.8791,5.0,0.1446,False,,,,,False
immune_microglia,nerve_c4,APOE,LRP4,2.1325073,0.0,1.495985,0.6344736585167876,1.898038747348604,0.019172516,0.91867185,0.0432774260187414,0.0153796818845516,immune,nerve,immune-nerve,immune_to_nerve,nerve_c4,microglia,0.1409,18.0,0.5987,True,0.0187,44.0,0.9088,True,True
immune_nk_cell,nerve_c0,S100A4,ERBB3,1.4911585,0.0,1.8949418,1.9309609959802336,1.4165857610125885,0.014587214,0.92707735,0.0565515609255151,0.0154081745088858,immune,nerve,immune-nerve,immune_to_nerve,nerve_c0,nk_cell,0.4029,19.0,0.5772,True,0.0794,26.0,0.7523,True,True
immune_nk_cell,nerve_c9,CALM1,INSR,1.4911238,0.0,1.71024,0.9003884033024057,0.7608855080096955,0.010987378,0.923534,0.3221520621117026,0.0154224290653806,immune,nerve,immune-nerve,immune_to_nerve,nerve_c9,nk_cell,0.8791,5.0,0.1446,False,0.0794,26.0,0.7523,True,False
immune_microglia,nerve_c5,C1QB,C1QBP,1.7849548,0.0,1.4935579,0.4639404424006477,2.0784744149521805,0.034417227,0.91861117,0.0432774260187414,0.0154224290653806,immune,nerve,immune-nerve,immune_to_nerve,nerve_c5,microglia,0.226,19.0,0.6259,True,0.0187,44.0,0.9088,True,True
immune_microglia,nerve_c14,SPP1,ITGAV_ITGB1,2.2068756,0.0,1.4922756,0.2867189408505187,1.724938779834284,0.0099375155,0.91857904,0.402034277081987,0.0154652364979446,immune,nerve,immune-nerve,immune_to_nerve,nerve_c14,microglia,0.4198,6.0,0.3596,True,0.0187,44.0,0.9088,True,True
nerve_c1,immune_nk_cell,HMGB1,CXCR4,1.4909278,0.0,1.7333144,0.1708382428254181,0.0614767862170053,0.0064084274,0.9240058,1.0,0.0154652364979446,nerve,immune,immune-nerve,nerve_to_immune,nerve_c1,nk_cell,0.1983,17.0,0.5642,True,0.0794,26.0,0.7523,True,True
nerve_c6,immune_dendritic,SPP1,CD44,1.4907049,0.945,1.8082167,0.0377306857409941,-1.017204249242229,0.005966822,0.9254779,1.0,0.0154795193322394,nerve,immune,immune-nerve,nerve_to_immune,nerve_c6,dendritic,0.2107,18.0,0.6248,True,0.0815,25.0,0.7859,True,True
immune_microglia,malignant,SPP1,ITGAV_ITGB1,2.2067041,0.0,1.4908903,0.2538071057596422,1.546941974689255,0.001993778,0.9185443,0.5875120548768055,0.0155224007928589,immune,tumor,immune-tumor,immune_to_tumor,,microglia,,,,,0.0187,44.0,0.9088,True,True
nerve_c5,immune_t_cell,HLA-A,CD8A,1.4900942,0.0,2.0574465,0.8212493770590381,0.9977473851879786,0.043683268,0.92981017,0.0432774260187414,0.0155367092032866,nerve,immune,immune-nerve,nerve_to_immune,nerve_c5,t_cell,0.226,19.0,0.6259,True,0.0821,23.0,0.7277,True,True
immune_dendritic,nerve_c20,TIMP1,CD63,1.4898477,0.0,1.9293194,0.1942110587891652,0.2048821187124094,0.010627475,0.9276828,0.3576907250161852,0.0155653424963566,immune,nerve,immune-nerve,immune_to_nerve,nerve_c20,dendritic,0.3415,15.0,0.5197,True,0.0815,25.0,0.7859,True,True
immune_nk_cell,nerve_c14,CALM1,PTPRA,1.4894403,0.0,1.7028073,0.5675528624979229,0.7237449326395099,0.010042388,0.92338,0.4069164897766191,0.015579670086601,immune,nerve,immune-nerve,immune_to_nerve,nerve_c14,nk_cell,0.4198,6.0,0.3596,True,0.0794,26.0,0.7523,True,True
nerve_c3,malignant,EDIL3,ITGAV,1.610476,0.0,1.4877591,2.266362568402669,1.7526853481967448,0.019323891,0.9184656,0.0140714572124501,0.015579670086601,nerve,tumor,nerve-tumor,nerve_to_tumor,nerve_c3,,0.3912,13.0,0.4608,True,,,,,True
immune_t_cell,nerve_c1,HSPA8,LRP2,1.4891425,0.0,2.029849,2.1456538388857047,1.5273788291552222,0.015905753,0.9293682,0.0373265198536492,0.0156083417332021,immune,nerve,immune-nerve,immune_to_nerve,nerve_c1,t_cell,0.1983,17.0,0.5642,True,0.0821,23.0,0.7277,True,True
malignant,nerve_c0,PTN,NCL,1.4889164,0.0,1.5665123,0.4062293609492295,1.6732916278987189,0.034301225,0.92037624,0.0626619669824018,0.0156370389452679,tumor,nerve,nerve-tumor,tumor_to_nerve,nerve_c0,,0.4029,19.0,0.5772,True,,,,,True
nerve_c20,immune_t_cell,LGALS1,CD69,1.4887911,0.0,2.2103586,0.6320570172734389,1.1667414459072725,0.029849447,0.93211377,0.0432774260187414,0.0156657617205987,nerve,immune,immune-nerve,nerve_to_immune,nerve_c20,t_cell,0.3415,15.0,0.5197,True,0.0821,23.0,0.7277,True,True
nerve_c19,immune_t_cell,SPP1,CD44,1.4877973,0.737,2.1929405,0.1789507234239303,-1.1936629548398092,0.0072363494,0.931863,1.0,0.0157376818457082,nerve,immune,immune-nerve,nerve_to_immune,nerve_c19,t_cell,0.9467,4.0,0.054,False,0.0821,23.0,0.7277,True,False
nerve_c5,malignant,CALM1,PTPRA,1.4877032,0.0,1.6626122,0.5592972904081226,0.7840364336580816,0.019462842,0.9225307,0.0432774260187414,0.015766494076352,nerve,tumor,nerve-tumor,nerve_to_tumor,nerve_c5,,0.226,19.0,0.6259,True,,,,,True
nerve_c12,immune_microglia,TF,TFRC,1.7028749,0.0,1.481457,2.409562883870844,2.3023976948150064,0.017532256,0.9183065,0.0022242352164566,0.0158097589692366,nerve,immune,immune-nerve,nerve_to_immune,nerve_c12,microglia,0.8072,7.0,0.2013,False,0.0187,44.0,0.9088,True,False
immune_t_cell,nerve_c17,HSPA8,LRP2,1.4873359,0.0,2.0229034,2.1390217008947,1.2880449983444082,0.015851328,0.92925566,0.0883665019001495,0.0158097589692366,immune,nerve,immune-nerve,immune_to_nerve,nerve_c17,t_cell,0.6072,12.0,0.3472,False,0.0821,23.0,0.7277,True,False
immune_dendritic,malignant,VIM,CD44,1.560018,0.0,1.4805622,0.1948201353427356,0.0986495432669244,0.009853404,0.9182839,0.4438919765807262,0.0158386378102887,immune,tumor,immune-tumor,immune_to_tumor,,dendritic,,,,,0.0815,25.0,0.7859,True,True
immune_nk_cell,nerve_c17,PSAP,SORT1,1.486922,0.0,1.6173583,1.221219996488985,0.39846584733605,0.007064429,0.92153883,0.531491507872697,0.0158530840796801,immune,nerve,immune-nerve,immune_to_nerve,nerve_c17,nk_cell,0.6072,12.0,0.3472,False,0.0794,26.0,0.7523,True,False
immune_tam,nerve_c6,LGALS9,PTPRK,1.5086166,0.0,1.4801086,1.8513335481785895,1.8210687767648657,0.021739535,0.9182724,0.0189614014065226,0.0158675394692974,immune,nerve,immune-nerve,immune_to_nerve,nerve_c6,tam,0.2107,18.0,0.6248,True,0.1165,25.0,0.7417,True,True
immune_nk_cell,nerve_c15,S100A4,ERBB3,1.4865886,0.0,1.876074,1.9157786631455112,1.3786104668199988,0.014441968,0.9267384,0.0644109900748622,0.0158675394692974,immune,nerve,immune-nerve,immune_to_nerve,nerve_c15,nk_cell,0.9903,1.0,0.0149,False,0.0794,26.0,0.7523,True,False
immune_dendritic,nerve_c15,ICAM2,ITGAM_ITGB2,0.09093478,0.489,0.008145432,0.0078602499647858,-0.0993442533508441,0.030487984,0.45459914,1.0,0.0159238461906797,immune,nerve,immune-nerve,immune_to_nerve,nerve_c15,dendritic,0.9903,1.0,0.0149,False,0.0815,25.0,0.7859,True,False
immune_t_cell,nerve_c12,CALM1,INSR,1.4856603,0.0,1.8544545,0.9553160386721462,0.8445598787536177,0.011913878,0.926344,0.2462596250831781,0.0159834015400015,immune,nerve,immune-nerve,immune_to_nerve,nerve_c12,t_cell,0.8072,7.0,0.2013,False,0.0821,23.0,0.7277,True,False
immune_microglia,nerve_c0,APOE,LRP2,2.129979,0.0,1.4763668,1.0242275161925636,2.0615271995386597,0.010446626,0.9181773,0.1756932206747989,0.0159834015400015,immune,nerve,immune-nerve,immune_to_nerve,nerve_c0,microglia,0.4029,19.0,0.5772,True,0.0187,44.0,0.9088,True,True
nerve_c5,immune_microglia,HMGB1,CXCR4,1.4851307,0.0,2.1007338,0.2277497316687235,0.3375943010413067,0.007766854,0.93048656,0.8174212149285387,0.0160124309053458,nerve,immune,immune-nerve,nerve_to_immune,nerve_c5,microglia,0.226,19.0,0.6259,True,0.0187,44.0,0.9088,True,True
immune_microglia,nerve_c7,SPP1,ITGAV_ITGB1,2.204802,0.0,1.4755033,0.2840646697373424,1.637865135411449,0.009825823,0.9181554,0.4472335497168115,0.0160124309053458,immune,nerve,immune-nerve,immune_to_nerve,nerve_c7,microglia,0.1793,26.0,0.7072,True,0.0187,44.0,0.9088,True,True
immune_t_cell,nerve_c0,CALM1,PDE1C,1.4849883,0.0,1.8516599,1.036423175362699,1.0728961918475923,0.00831228,0.9262925,0.2303212643250858,0.016041485805358,immune,nerve,immune-nerve,immune_to_nerve,nerve_c0,t_cell,0.4029,19.0,0.5772,True,0.0821,23.0,0.7277,True,True
immune_t_cell,nerve_c1,CALM3,PDE1C,1.48496,0.0,1.6497304,2.2103477948386505,1.8107028512476095,0.019871458,0.9222523,0.0108232310521034,0.0160560242053986,immune,nerve,immune-nerve,immune_to_nerve,nerve_c1,t_cell,0.1983,17.0,0.5642,True,0.0821,23.0,0.7277,True,True
malignant,nerve_c22,TIMP1,CD63,1.4843086,0.002,2.0259821,0.1991072979612438,0.4680204635161009,0.009376819,0.9293056,0.7518065102878355,0.0161288064478829,tumor,nerve,nerve-tumor,tumor_to_nerve,nerve_c22,,0.2879,24.0,0.4767,True,,,,,True
immune_t_cell,nerve_neuron,CALM1,PTPRA,1.484302,0.0,1.8488057,0.5936463206088702,0.6973618521616372,0.01090342,0.9262398,0.3299390252496074,0.0161433803879936,immune,nerve,immune-nerve,immune_to_nerve,nerve_neuron,t_cell,0.4,10.0,0.5084,True,0.0821,23.0,0.7277,True,True
nerve_c19,malignant,EDIL3,ITGAV,1.5945401,0.0,1.4699471,2.2380681439597097,1.7318071636772994,0.019092537,0.9180135,0.0154532002582145,0.0161433803879936,nerve,tumor,nerve-tumor,nerve_to_tumor,nerve_c19,,0.9467,4.0,0.054,False,,,,,False
immune_nk_cell,nerve_c4,S100A4,ERBB3,1.484232,0.0,1.8663436,1.907949875011028,1.4100399412145794,0.014367064,0.92656165,0.0583634251132446,0.0161579634669828,immune,nerve,immune-nerve,immune_to_nerve,nerve_c4,nk_cell,0.1409,18.0,0.5987,True,0.0794,26.0,0.7523,True,True
nerve_c14,immune_nk_cell,VCAN,CD44,1.4840852,0.0,2.0635767,1.034621808186767,1.253082427860054,0.03916454,0.9299072,0.0373377386005447,0.0161871460097513,nerve,immune,immune-nerve,nerve_to_immune,nerve_c14,nk_cell,0.4198,6.0,0.3596,True,0.0794,26.0,0.7523,True,True
nerve_c11,immune_t_cell,COL4A5,CD44,1.4840765,0.0,2.182937,2.349042967354726,1.8012546875281283,0.022223102,0.93171775,0.0112166111742646,0.0162017482330812,nerve,immune,immune-nerve,nerve_to_immune,nerve_c11,t_cell,0.1876,18.0,0.5976,True,0.0821,23.0,0.7277,True,True
malignant,nerve_neuron,CALM1,GRM7,1.483831,0.0,2.2017543,2.4477568900748574,1.5600455631710806,0.06740801,0.93199027,0.0022718379099774,0.0162309690584351,tumor,nerve,nerve-tumor,tumor_to_nerve,nerve_neuron,,0.4,10.0,0.5084,True,,,,,True
immune_microglia,nerve_c15,APOE,LRP5,2.1288922,0.0,1.4679362,1.1481858577694402,1.9374210709226416,0.12514414,0.91796196,0.0059053557802401,0.0162602154019582,immune,nerve,immune-nerve,immune_to_nerve,nerve_c15,microglia,0.9903,1.0,0.0149,False,0.0187,44.0,0.9088,True,False
immune_tam,nerve_neuron,CALM1,CACNA1C,1.4829971,0.0,2.1965466,1.6255497223367714,1.266538260543892,0.068076134,0.93191516,0.0044368464217071,0.0162748467580718,immune,nerve,immune-nerve,immune_to_nerve,nerve_neuron,tam,0.4,10.0,0.5084,True,0.1165,25.0,0.7417,True,True
immune_t_cell,nerve_c15,LGALS9,HAVCR2,0.108792394,1.0,0.008163438,-0.4104980853068788,-0.8226237557218952,0.0017130212,0.4548729,1.0,0.0162770683648029,immune,nerve,immune-nerve,immune_to_nerve,nerve_c15,t_cell,0.9903,1.0,0.0149,False,0.0821,23.0,0.7277,True,False
immune_nk_cell,nerve_c15,B2M,KLRC2,2.5989287,0.0,1.4223431,0.9789899540868552,0.816338897147437,0.06099431,0.91676605,0.0432774260187414,0.0162770683648029,immune,nerve,immune-nerve,immune_to_nerve,nerve_c15,nk_cell,0.9903,1.0,0.0149,False,0.0794,26.0,0.7523,True,False
malignant,nerve_neuron,NCAM1,NCAM2,1.4827077,0.0,2.0622532,1.2209068614105505,1.8728020745013807,0.036316723,0.9298863,0.0432774260187414,0.016318784634713,tumor,nerve,nerve-tumor,tumor_to_nerve,nerve_neuron,,0.4,10.0,0.5084,True,,,,,True
immune_dendritic,nerve_c7,VIM,CD44,1.557177,0.0,1.4661509,0.1918357197063623,0.0229710281803185,0.018043717,0.9179161,0.5600124000150722,0.016318784634713,immune,nerve,immune-nerve,immune_to_nerve,nerve_c7,dendritic,0.1793,26.0,0.7072,True,0.0815,25.0,0.7859,True,True
nerve_c11,malignant,NCAM1,NCAM2,1.5146668,0.0,1.4651399,1.2022485564461096,1.5899204445533313,0.055643532,0.91789013,0.0073865931281466,0.0163627799160059,nerve,tumor,nerve-tumor,nerve_to_tumor,nerve_c11,,0.1876,18.0,0.5976,True,,,,,True
immune_dendritic,nerve_c17,S100A4,ERBB3,1.4821107,0.0,2.0802674,2.202926954179298,1.352973810017684,0.016013842,0.9301693,0.0711121338574876,0.01640682981512,immune,nerve,immune-nerve,immune_to_nerve,nerve_c17,dendritic,0.6072,12.0,0.3472,False,0.0815,25.0,0.7859,True,False
malignant,nerve_c11,CALM1,PDE1A,1.4821011,0.0,2.1966221,2.126299890759101,1.6493731184057865,0.018803105,0.93191624,0.0223676690623395,0.0164215277206136,tumor,nerve,nerve-tumor,tumor_to_nerve,nerve_c11,,0.1876,18.0,0.5976,True,,,,,True
immune_nk_cell,nerve_c13,GZMA,PARD3,1.4819502,0.0,2.0044775,2.02558840265206,2.068173486010874,0.09893724,0.9289543,0.000236533126884,0.0164362292214632,immune,nerve,immune-nerve,immune_to_nerve,nerve_c13,nk_cell,0.9595,1.0,0.0572,False,0.0794,26.0,0.7523,True,False
immune_microglia,nerve_c10,PSAP,GPR37,1.4864444,0.0,1.4601619,1.0772596064817597,1.6556455333538684,0.010964071,0.9177618,0.2000437888678096,0.0164656569148069,immune,nerve,immune-nerve,immune_to_nerve,nerve_c10,microglia,0.2572,14.0,0.5531,True,0.0187,44.0,0.9088,True,True
immune_tam,nerve_c22,S100A8,CD68,1.6903356,0.0,1.4594458,1.2799778736794898,1.9414591995324488,0.22886054,0.91774327,0.0049231545573559,0.0165245832373714,immune,nerve,immune-nerve,immune_to_nerve,nerve_c22,tam,0.2879,24.0,0.4767,True,0.1165,25.0,0.7417,True,True
nerve_c4,malignant,EDIL3,ITGAV,1.5842252,0.0,1.4584177,2.2197531152817684,1.7378628742508042,0.018942786,0.9177167,0.015038983352832,0.0165688435113719,nerve,tumor,nerve-tumor,nerve_to_tumor,nerve_c4,,0.1409,18.0,0.5987,True,,,,,True
nerve_neuron,malignant,CNTN1,NRCAM,1.4802995,0.0,2.1304708,1.9599844194402969,2.5222029051835495,0.23722191,0.9309398,0.000210549828304,0.0165836115446212,nerve,tumor,nerve-tumor,nerve_to_tumor,nerve_neuron,,0.4,10.0,0.5084,True,,,,,True
nerve_c19,malignant,NCAM1,NCAM2,1.5090015,0.0,1.4582947,1.196075304623416,1.574591342101721,0.055383567,0.91771346,0.0076551487842227,0.0165836115446212,nerve,tumor,nerve-tumor,nerve_to_tumor,nerve_c19,,0.9467,4.0,0.054,False,,,,,False
nerve_c13,immune_tam,VCAN,CD44,1.480267,0.0,2.139196,1.0060705832738872,1.3320715463167907,0.040599715,0.93107104,0.0322836170771674,0.016598385952019,nerve,immune,immune-nerve,nerve_to_immune,nerve_c13,tam,0.9595,1.0,0.0572,False,0.1165,25.0,0.7417,True,False
immune_t_cell,nerve_c12,HLA-A,APLP2,1.9322113,0.0,1.4573156,0.328938462032491,0.3869941764955107,0.011581177,0.91768813,0.2705549594706165,0.0166279510906677,immune,nerve,immune-nerve,immune_to_nerve,nerve_c12,t_cell,0.8072,7.0,0.2013,False,0.0821,23.0,0.7277,True,False
immune_tam,nerve_c20,VCAN,ITGB1,1.4800706,0.0,1.7282438,1.112507308437784,1.8080993131621117,0.039796125,0.9239029,0.0349808393567919,0.0166279510906677,immune,nerve,immune-nerve,immune_to_nerve,nerve_c20,tam,0.3415,15.0,0.5197,True,0.1165,25.0,0.7417,True,True
nerve_c0,malignant,CNTN2,NRCAM,1.4798161,0.0,2.1292782,2.551458231090713,2.577693816138493,0.06502642,0.9309218,0.0008929866385952,0.0166575417177884,nerve,tumor,nerve-tumor,nerve_to_tumor,nerve_c0,,0.4029,19.0,0.5772,True,,,,,True
nerve_c13,immune_tam,COPA,CD74,1.8032868,0.0,1.4570007,0.2505476140424521,0.1249234242067821,0.005460751,0.91767997,1.0,0.0166871578311813,nerve,immune,immune-nerve,nerve_to_immune,nerve_c13,tam,0.9595,1.0,0.0572,False,0.1165,25.0,0.7417,True,False
immune_tam,nerve_c6,NAMPT,INSR,1.4797544,0.0,1.8737422,1.2141591655341215,1.461814988321454,0.021443142,0.9266962,0.0432774260187414,0.0166871578311813,immune,nerve,immune-nerve,immune_to_nerve,nerve_c6,tam,0.2107,18.0,0.6248,True,0.1165,25.0,0.7417,True,True
immune_nk_cell,nerve_c4,HSPA8,LRP2,1.4793286,0.0,2.1576743,2.482109352923122,1.349796852932151,0.016907383,0.93134654,0.069421369793628,0.0167167994286467,immune,nerve,immune-nerve,immune_to_nerve,nerve_c4,nk_cell,0.1409,18.0,0.5987,True,0.0794,26.0,0.7523,True,True
immune_tam,nerve_c11,IL18,IL1RAPL1,1.9675106,0.0,1.4561864,1.757258956285754,2.040113280227035,0.014583134,0.91765887,0.025420775042703,0.0167316311861832,immune,nerve,immune-nerve,immune_to_nerve,nerve_c11,tam,0.1876,18.0,0.5976,True,0.1165,25.0,0.7417,True,True
nerve_c1,immune_dendritic,LRP1B,PLAUR,1.47911,0.0,1.926272,0.8609507740534105,0.996339967573318,0.018803006,0.92762977,0.0459661842730471,0.0167464665079847,nerve,immune,immune-nerve,nerve_to_immune,nerve_c1,dendritic,0.1983,17.0,0.5642,True,0.0815,25.0,0.7859,True,True
nerve_c7,immune_microglia,PSAP,LRP1,1.6036503,0.0,1.4554354,0.4651238355255202,0.5200754856345413,0.022969313,0.9176394,0.0432774260187414,0.0167761590669956,nerve,immune,immune-nerve,nerve_to_immune,nerve_c7,microglia,0.1793,26.0,0.7072,True,0.0187,44.0,0.9088,True,True
immune_microglia,nerve_c19,APOE,LDLR,2.127213,0.0,1.4549068,0.9282862233391046,2.133559181526447,0.059202168,0.9176256,0.030259577831416,0.0167910163060649,immune,nerve,immune-nerve,immune_to_nerve,nerve_c19,microglia,0.9467,4.0,0.054,False,0.0187,44.0,0.9088,True,False
immune_nk_cell,malignant,CALM1,PTPRA,1.4765785,0.0,1.646022,0.5493768083981225,0.806744882231857,0.002427409,0.9221716,0.4069164897766191,0.016835620615237,immune,tumor,immune-tumor,immune_to_tumor,,nk_cell,,,,,0.0794,26.0,0.7523,True,True
immune_t_cell,nerve_c1,CALM1,PTPRA,1.4765614,0.0,1.816611,0.582707921676173,0.7013405670635867,0.010713551,0.9256375,0.3486066557522955,0.0168505033314391,immune,nerve,immune-nerve,immune_to_nerve,nerve_c1,t_cell,0.1983,17.0,0.5642,True,0.0821,23.0,0.7277,True,True
nerve_c10,immune_dendritic,LAMA2,RPSA,1.5607593,0.0,1.4522884,0.8484923253912153,1.0860276866574945,0.026387753,0.91755754,0.0432774260187414,0.0168653924168392,nerve,immune,immune-nerve,nerve_to_immune,nerve_c10,dendritic,0.2572,14.0,0.5531,True,0.0815,25.0,0.7859,True,True
nerve_c12,immune_nk_cell,PTN,NCL,1.4765514,0.0,2.1621633,0.5337956497464915,0.1550214693030254,0.012133555,0.93141294,0.2884956832969135,0.0168653924168392,nerve,immune,immune-nerve,nerve_to_immune,nerve_c12,nk_cell,0.8072,7.0,0.2013,False,0.0794,26.0,0.7523,True,False
malignant,nerve_c13,PTN,SDC3,1.4761603,0.0,1.5079529,0.9447782268310752,2.2775612215454455,0.18323644,0.91896904,0.0011950008913889,0.0168802850531865,tumor,nerve,nerve-tumor,tumor_to_nerve,nerve_c13,,0.9595,1.0,0.0572,False,,,,,False
malignant,nerve_c10,CALM1,PDE1A,1.4752355,0.0,2.176254,2.106015098636765,1.6615043857878238,0.018628756,0.9316201,0.0210587698048787,0.0169250068017405,tumor,nerve,nerve-tumor,tumor_to_nerve,nerve_c10,,0.2572,14.0,0.5531,True,,,,,True
malignant,nerve_c3,TIMP1,FGFR2,1.4748411,0.0,2.0058475,2.152068145668844,1.8148807414410335,0.013359488,0.92897683,0.0106871575570232,0.0169548521950021,tumor,nerve,nerve-tumor,tumor_to_nerve,nerve_c3,,0.3912,13.0,0.4608,True,,,,,True
nerve_c12,immune_microglia,SPP1,PTGER4,2.0797312,0.0,1.4510883,0.4431841567257906,0.0117725988095614,0.014499538,0.91752625,0.586803888808284,0.0169548521950021,nerve,immune,immune-nerve,nerve_to_immune,nerve_c12,microglia,0.8072,7.0,0.2013,False,0.0187,44.0,0.9088,True,False
nerve_c13,immune_t_cell,MIF,CD74_CXCR4,1.4746604,0.839,1.648304,-0.0738054328182301,-0.6576329797268066,0.0050892318,0.9222213,1.0,0.016984723052538,nerve,immune,immune-nerve,nerve_to_immune,nerve_c13,t_cell,0.9595,1.0,0.0572,False,0.0821,23.0,0.7277,True,False
nerve_c13,immune_tam,PTN,NCL,1.4746485,0.0,1.8557168,0.4429789664431118,0.5155931866566376,0.010413849,0.92636716,0.3783212614469504,0.0169996694435264,nerve,immune,immune-nerve,nerve_to_immune,nerve_c13,tam,0.9595,1.0,0.0572,False,0.1165,25.0,0.7417,True,False
malignant,nerve_c9,CALM1,PDE1C,1.4743614,0.0,2.1736612,1.3416730053883146,1.114126295109067,0.00983454,0.93158215,0.1682174007816387,0.0170445411516336,tumor,nerve,nerve-tumor,tumor_to_nerve,nerve_c9,,0.8791,5.0,0.1446,False,,,,,False
nerve_c15,immune_t_cell,TGFB1,TGFBR3,0.10920049,0.817,0.0082027735,-0.0203401596790717,-0.2157768208704878,0.013098451,0.45546895,1.0,0.0170717152972274,nerve,immune,immune-nerve,nerve_to_immune,nerve_c15,t_cell,0.9903,1.0,0.0149,False,0.0821,23.0,0.7277,True,False
nerve_c15,immune_t_cell,INHA,TGFBR3,0.10920049,0.008,0.0082027735,0.5435075982046671,0.2729338826985924,0.13265532,0.45546895,0.2139367469836233,0.0170717152972274,nerve,immune,immune-nerve,nerve_to_immune,nerve_c15,t_cell,0.9903,1.0,0.0149,False,0.0821,23.0,0.7277,True,False
immune_dendritic,nerve_c0,PSAP,SORT1,1.4742768,0.0,2.1734917,0.8898293142284868,0.5815378815313476,0.009493555,0.93157965,0.4069164897766191,0.0170744883887937,immune,nerve,immune-nerve,immune_to_nerve,nerve_c0,dendritic,0.4029,19.0,0.5772,True,0.0815,25.0,0.7859,True,True
immune_nk_cell,nerve_c12,HLA-A,APLP2,1.9225008,0.0,1.4490902,0.3216563720032653,0.1710982521611059,0.011515811,0.9174741,0.2761563475656367,0.0170744883887937,immune,nerve,immune-nerve,immune_to_nerve,nerve_c12,nk_cell,0.8072,7.0,0.2013,False,0.0794,26.0,0.7523,True,False
nerve_c5,immune_dendritic,MIF,CD44_CD74,1.4740746,0.0,1.7800354,0.6762843582056556,0.7815104151206439,0.014264098,0.92493445,0.1289309668787619,0.0170894729707311,nerve,immune,immune-nerve,nerve_to_immune,nerve_c5,dendritic,0.226,19.0,0.6259,True,0.0815,25.0,0.7859,True,True
nerve_c22,malignant,APOE,LRP1,1.5024651,0.165,1.4490073,0.107699924950073,-0.1060024031653997,0.02747606,0.91747195,1.0,0.017104461081429,nerve,tumor,nerve-tumor,nerve_to_tumor,nerve_c22,,0.2879,24.0,0.4767,True,,,,,True
nerve_c5,malignant,CNTN2,NRCAM,1.4735627,0.0,2.113849,2.534907560255706,2.5904678274916813,0.06455522,0.93068755,0.0010915994712512,0.0171344620657842,nerve,tumor,nerve-tumor,nerve_to_tumor,nerve_c5,,0.226,19.0,0.6259,True,,,,,True
immune_t_cell,nerve_c15,B2M,KLRC2,2.572419,0.0,1.4069782,0.963420125181042,0.9680691610047696,0.060335413,0.9163507,0.0250969605020593,0.0171600008064906,immune,nerve,immune-nerve,immune_to_nerve,nerve_c15,t_cell,0.9903,1.0,0.0149,False,0.0821,23.0,0.7277,True,False
immune_nk_cell,nerve_c6,CALM1,PTPRA,1.4731257,0.0,1.6307781,0.5444991737120439,0.7205632829000119,0.009617592,0.92183703,0.4069164897766191,0.0171795055873128,immune,nerve,immune-nerve,immune_to_nerve,nerve_c6,nk_cell,0.2107,18.0,0.6248,True,0.0794,26.0,0.7523,True,True
nerve_c22,immune_dendritic,TIMP1,CD63,1.4730997,0.0,2.170018,0.2237882875258351,0.4712695846204859,0.025209349,0.9315287,0.271936754446845,0.0171945347134469,nerve,immune,immune-nerve,nerve_to_immune,nerve_c22,dendritic,0.2879,24.0,0.4767,True,0.0815,25.0,0.7859,True,True
immune_microglia,nerve_neuron,PSAP,LRP1,1.4835144,0.0,1.4463791,0.3905090034309338,1.0184884648356052,0.042172138,0.91740316,0.0721424068553222,0.0172095673579915,immune,nerve,immune-nerve,immune_to_nerve,nerve_neuron,microglia,0.4,10.0,0.5084,True,0.0187,44.0,0.9088,True,True
immune_microglia,nerve_c0,APOE,LRP6,2.1259792,0.0,1.4453355,0.6336379064850459,1.8631501847183705,0.013554029,0.9173758,0.1559201404867192,0.0172396545742463,immune,nerve,immune-nerve,immune_to_nerve,nerve_c0,microglia,0.4029,19.0,0.5772,True,0.0187,44.0,0.9088,True,True
immune_microglia,nerve_c0,C3,CD81,1.47207,0.0,2.0590131,0.4536056510491112,1.3847624365893418,0.038781434,0.929835,0.0432774260187414,0.0172396545742463,immune,nerve,immune-nerve,immune_to_nerve,nerve_c0,microglia,0.4029,19.0,0.5772,True,0.0187,44.0,0.9088,True,True
malignant,immune_nk_cell,APP,CD74,1.4719405,0.35,2.1051004,0.1743741638587448,-0.4643319826643608,0.0021842134,0.9305537,1.0,0.0172697700831523,tumor,immune,immune-tumor,tumor_to_immune,,nk_cell,,,,,0.0794,26.0,0.7523,True,True
malignant,nerve_c17,TIMP1,CD63,1.471587,0.0,1.9989266,0.1892196612737167,0.0677757115614694,0.009251598,0.9288627,0.5243331041849145,0.0173149853512849,tumor,nerve,nerve-tumor,tumor_to_nerve,nerve_c17,,0.6072,12.0,0.3472,False,,,,,False
immune_microglia,nerve_c15,SPP1,ITGA9_ITGB1,2.2009192,0.0,1.444091,0.8340780746513151,2.26846014369794,0.10395069,0.9173432,0.0115362147040277,0.0173149853512849,immune,nerve,immune-nerve,immune_to_nerve,nerve_c15,microglia,0.9903,1.0,0.0149,False,0.0187,44.0,0.9088,True,False
nerve_c21,immune_microglia,SPP1,CD44,1.6648049,0.127,1.4413797,0.024279202196447,-0.998352877780102,0.00475632,0.9172719,1.0,0.017360260707524,nerve,immune,immune-nerve,nerve_to_immune,nerve_c21,microglia,0.8488,6.0,0.1222,False,0.0187,44.0,0.9088,True,False
nerve_c3,immune_nk_cell,B2M,KLRD1,1.4711944,1.0,1.9532495,1.9026602082105972,-0.2920705461532782,0.016195497,0.9280952,0.4026163191365537,0.01740559329517,nerve,immune,immune-nerve,nerve_to_immune,nerve_c3,nk_cell,0.3912,13.0,0.4608,True,0.0794,26.0,0.7523,True,True
nerve_c5,malignant,SPP1,ITGAV_ITGB1,2.1393013,0.0,1.4412018,0.2217110519754462,-0.5001989044747979,0.0059561217,0.9172672,1.0,0.01740559329517,nerve,tumor,nerve-tumor,nerve_to_tumor,nerve_c5,,0.226,19.0,0.6259,True,,,,,True
nerve_c15,immune_nk_cell,B2M,KLRD1,1.4709451,0.802,1.9522872,1.9025137709307616,-0.2409575144632223,0.016187519,0.9280788,0.4029073136808079,0.0174207149669901,nerve,immune,immune-nerve,nerve_to_immune,nerve_c15,nk_cell,0.9903,1.0,0.0149,False,0.0794,26.0,0.7523,True,False
immune_microglia,nerve_c21,PSAP,SORT1,1.4823027,0.0,1.4406787,0.5429938236260718,1.2543133324167262,0.0062927133,0.91725343,0.4069164897766191,0.0174509802430893,immune,nerve,immune-nerve,immune_to_nerve,nerve_c21,microglia,0.8488,6.0,0.1222,False,0.0187,44.0,0.9088,True,False
immune_t_cell,nerve_c11,S100A4,ERBB3,1.4692367,0.0,1.6545913,1.7143361845237528,1.683451426432896,0.012737,0.92235774,0.0287840009524156,0.0174812709471663,immune,nerve,immune-nerve,immune_to_nerve,nerve_c11,t_cell,0.1876,18.0,0.5976,True,0.0821,23.0,0.7277,True,True
nerve_c6,immune_microglia,EDIL3,ITGAV,1.4822643,0.0,1.4401203,2.025498291970354,1.850996852984693,0.018697517,0.9172387,0.0104750157515446,0.0174964272676669,nerve,immune,immune-nerve,nerve_to_immune,nerve_c6,microglia,0.2107,18.0,0.6248,True,0.0187,44.0,0.9088,True,True
nerve_c15,immune_t_cell,COPA,CD74,1.4691755,0.138,1.6241685,0.2263548555235328,-0.5986902472417395,0.006087285,0.92169064,1.0,0.0174964272676669,nerve,immune,immune-nerve,nerve_to_immune,nerve_c15,t_cell,0.9903,1.0,0.0149,False,0.0821,23.0,0.7277,True,False
nerve_c0,immune_nk_cell,PTN,NCL,1.468847,0.0,2.1414812,0.5282254355645721,0.2625459500219624,0.012017492,0.9311053,0.238448438695323,0.0175267561107882,nerve,immune,immune-nerve,nerve_to_immune,nerve_c0,nk_cell,0.4029,19.0,0.5772,True,0.0794,26.0,0.7523,True,True
immune_dendritic,nerve_c10,PSAP,SORT1,1.4683397,0.0,2.1559787,0.8802734337050714,0.7047789200488483,0.009417059,0.9313214,0.4069164897766191,0.0175874900622656,immune,nerve,immune-nerve,immune_to_nerve,nerve_c10,dendritic,0.2572,14.0,0.5531,True,0.0815,25.0,0.7859,True,True
malignant,nerve_c14,MDK,PTPRZ1,1.4681367,0.0,1.6458192,0.7369653463944439,1.109938245315497,0.10160194,0.9221672,0.0432774260187414,0.0176178951662222,tumor,nerve,nerve-tumor,tumor_to_nerve,nerve_c14,,0.4198,6.0,0.3596,True,,,,,True
malignant,nerve_c4,CALM1,INSR,1.4678664,0.0,2.1543922,1.225968821340797,1.1765638155825326,0.0137356585,0.93129784,0.1357829400705913,0.0176331086883601,tumor,nerve,nerve-tumor,tumor_to_nerve,nerve_c4,,0.1409,18.0,0.5987,True,,,,,True
nerve_c10,immune_nk_cell,HMGB1,CXCR4,1.4664948,0.0,1.6262678,0.1479223044915116,0.1636597627976197,0.006012654,0.9217372,1.0,0.0177703047691431,nerve,immune,immune-nerve,nerve_to_immune,nerve_c10,nk_cell,0.2572,14.0,0.5531,True,0.0794,26.0,0.7523,True,True
immune_dendritic,nerve_c19,LGALS9,PTPRK,1.6015668,0.0,1.4308916,1.992957791895352,1.7033690663838323,0.021016644,0.9169944,0.0174086641454407,0.0177855789329131,immune,nerve,immune-nerve,immune_to_nerve,nerve_c19,dendritic,0.9467,4.0,0.054,False,0.0815,25.0,0.7859,True,False
immune_microglia,nerve_c22,HLA-A,APLP2,1.4664369,0.12,1.602178,0.0431185180628826,0.0124816043467621,0.012732388,0.92119724,1.0,0.0177855789329131,immune,nerve,immune-nerve,immune_to_nerve,nerve_c22,microglia,0.2879,24.0,0.4767,True,0.0187,44.0,0.9088,True,True
nerve_c9,immune_dendritic,MIF,CD74_CXCR4,1.466342,0.0,2.0162854,0.504054262610533,0.3634687033718382,0.011393194,0.92914784,0.2865272950898631,0.0178008623377792,nerve,immune,immune-nerve,nerve_to_immune,nerve_c9,dendritic,0.8791,5.0,0.1446,False,0.0815,25.0,0.7859,True,False
nerve_c2,immune_microglia,TIMP1,CD63,1.4652041,0.0,1.9220625,0.1783389349098729,-0.1183746937439667,0.022328822,0.9275563,0.9697395923466754,0.0178620536808919,nerve,immune,immune-nerve,nerve_to_immune,nerve_c2,microglia,0.25,13.0,0.5666,True,0.0187,44.0,0.9088,True,True
nerve_c2,malignant,CNTN2,NRCAM,1.4643779,0.0,2.091186,2.510601024263046,2.469559010878944,0.06386311,0.9303391,0.0012892766020094,0.0178926874509689,nerve,tumor,nerve-tumor,nerve_to_tumor,nerve_c2,,0.25,13.0,0.5666,True,,,,,True
immune_t_cell,nerve_c9,CALM1,GRM3,1.4641111,0.0,1.7648283,1.6067223244930338,1.007449256374919,0.012061964,0.924636,0.2355347390214732,0.0179540340805284,immune,nerve,immune-nerve,immune_to_nerve,nerve_c9,t_cell,0.8791,5.0,0.1446,False,0.0821,23.0,0.7277,True,False
nerve_c20,immune_microglia,HMGB1,HAVCR2,1.4639268,0.0,1.7701718,0.5021453962157061,1.0767623140787763,0.02181783,0.92474127,0.0432774260187414,0.0179693844314845,nerve,immune,immune-nerve,nerve_to_immune,nerve_c20,microglia,0.3415,15.0,0.5197,True,0.0187,44.0,0.9088,True,True
nerve_c2,immune_dendritic,PTN,NCL,1.4636971,0.0,1.9449345,0.4576862154457858,0.0836099550351301,0.010914518,0.9279527,0.4169610924846494,0.0179847440346498,nerve,immune,immune-nerve,nerve_to_immune,nerve_c2,dendritic,0.25,13.0,0.5666,True,0.0815,25.0,0.7859,True,True
nerve_c0,malignant,MIF,EGFR,1.4632691,0.0,2.1299217,0.5985112447477502,2.1602864157578785,0.048118457,0.9309315,0.0432774260187414,0.0180154793782524,nerve,tumor,nerve-tumor,nerve_to_tumor,nerve_c0,,0.4029,19.0,0.5772,True,,,,,True
immune_t_cell,nerve_c15,HLA-A,APLP2,1.9275415,0.0,1.4251796,0.3234689625789093,0.7844695058184706,0.011325794,0.91684204,0.2922414014656468,0.0180308551157385,immune,nerve,immune-nerve,immune_to_nerve,nerve_c15,t_cell,0.9903,1.0,0.0149,False,0.0821,23.0,0.7277,True,False
nerve_c3,immune_tam,SPP1,CD44,1.4631994,1.0,2.0808833,0.2716884799658745,-1.1879139100446368,0.006866578,0.9301789,1.0,0.0180308551157385,nerve,immune,immune-nerve,nerve_to_immune,nerve_c3,tam,0.3912,13.0,0.4608,True,0.1165,25.0,0.7417,True,True
malignant,nerve_c12,CALM1,PDE1C,1.4628215,0.0,2.1394255,1.3187496093081428,1.1768255231751994,0.0096796425,0.9310745,0.1354014812521917,0.018061628538238,tumor,nerve,nerve-tumor,tumor_to_nerve,nerve_c12,,0.8072,7.0,0.2013,False,,,,,False
malignant,nerve_c9,PTN,PTPRS,1.4628086,0.0,1.4466587,0.8075335772568023,1.9383010455093732,0.042851485,0.9174105,0.0432774260187414,0.0180770262251022,tumor,nerve,nerve-tumor,tumor_to_nerve,nerve_c9,,0.8791,5.0,0.1446,False,,,,,False
nerve_c17,immune_t_cell,MIF,CD44_CD74,1.4625828,0.0,2.1251504,0.695347380994084,0.7782840027818413,0.017029637,0.9308593,0.0673800882371443,0.0181078377239499,nerve,immune,immune-nerve,nerve_to_immune,nerve_c17,t_cell,0.6072,12.0,0.3472,False,0.0821,23.0,0.7277,True,False
immune_microglia,nerve_c3,SPP1,CD44,2.198398,0.0,1.4236971,0.2326155072669232,1.531019237623124,0.02133768,0.91680235,0.2555000275899897,0.0181232544495513,immune,nerve,immune-nerve,immune_to_nerve,nerve_c3,microglia,0.3912,13.0,0.4608,True,0.0187,44.0,0.9088,True,True
nerve_c12,immune_dendritic,MIF,CD74_CXCR4,1.4623928,0.0,2.0018141,0.5003803770093713,0.3447569432346611,0.011311423,0.9289104,0.2935720879458987,0.0181386746034796,nerve,immune,immune-nerve,nerve_to_immune,nerve_c12,dendritic,0.8072,7.0,0.2013,False,0.0815,25.0,0.7859,True,False
immune_tam,malignant,SPP1,CD44,1.5112858,0.993,1.4236671,-0.0280850670123795,-0.3226943685502713,0.0040262793,0.9168015,1.0,0.0181386746034796,immune,tumor,immune-tumor,immune_to_tumor,,tam,,,,,0.1165,25.0,0.7417,True,True
immune_t_cell,nerve_c13,CALM1,PTPRA,1.4618167,0.0,1.7552855,0.5618723052370707,0.7347635483284097,0.01035188,0.9244469,0.3860103622615678,0.0182004244957866,immune,nerve,immune-nerve,immune_to_nerve,nerve_c13,t_cell,0.9595,1.0,0.0572,False,0.0821,23.0,0.7277,True,False
immune_t_cell,nerve_c7,HLA-A,APLP2,1.9271287,0.0,1.4223381,0.3229852232014031,0.4764403504103034,0.011303214,0.9167659,0.2945062686793117,0.018215879290237,immune,nerve,immune-nerve,immune_to_nerve,nerve_c7,t_cell,0.1793,26.0,0.7072,True,0.0821,23.0,0.7277,True,True
immune_nk_cell,nerve_c15,LGALS9,HAVCR2,0.1101236,1.0,0.0082917465,-0.4084864587798633,-0.798492254064513,0.0017399454,0.4568071,1.0,0.0182192889592938,immune,nerve,immune-nerve,immune_to_nerve,nerve_c15,nk_cell,0.9903,1.0,0.0149,False,0.0794,26.0,0.7523,True,False
immune_t_cell,nerve_c1,S100A4,ERBB3,1.4609293,0.0,1.6183838,1.6867366608819383,1.6362913583885814,0.012458276,0.9215618,0.0313956237412958,0.0182468049860309,immune,nerve,immune-nerve,immune_to_nerve,nerve_c1,t_cell,0.1983,17.0,0.5642,True,0.0821,23.0,0.7277,True,True
malignant,immune_tam,PKM,CD44,1.4608512,0.0,2.0728602,0.6625768764608425,0.9418966112893032,0.015549536,0.93005335,0.0943635223233881,0.0182777560526079,tumor,immune,immune-tumor,tumor_to_immune,,tam,,,,,0.1165,25.0,0.7417,True,True
nerve_c9,immune_dendritic,JAM3,ITGB1,1.5559397,0.0,1.4202156,2.373190399126027,1.6819870022987409,0.016112724,0.9167089,0.0190893952136052,0.0182932425641365,nerve,immune,immune-nerve,nerve_to_immune,nerve_c9,dendritic,0.8791,5.0,0.1446,False,0.0815,25.0,0.7859,True,False
malignant,nerve_c5,PTN,NCL,1.4606249,0.0,1.4366343,0.3740651971618999,1.6638471944960544,0.031457346,0.9171467,0.0830729261712949,0.018339734289312,tumor,nerve,nerve-tumor,tumor_to_nerve,nerve_c5,,0.226,19.0,0.6259,True,,,,,True
nerve_c3,immune_nk_cell,HMGB1,CXCR4,1.4605156,0.0,1.6000721,0.1423147972807651,-0.0570426469489938,0.005915803,0.9211495,1.0,0.018370764390805,nerve,immune,immune-nerve,nerve_to_immune,nerve_c3,nk_cell,0.3912,13.0,0.4608,True,0.0794,26.0,0.7523,True,True
immune_t_cell,nerve_c17,CALM1,PTPRA,1.4602993,0.0,1.7489746,0.5597283166082798,0.5195039821437614,0.010314661,0.924321,0.3897886428339664,0.0184018169209151,immune,nerve,immune-nerve,immune_to_nerve,nerve_c17,t_cell,0.6072,12.0,0.3472,False,0.0821,23.0,0.7277,True,False
immune_tam,nerve_c14,APOE,LRP6,1.4600054,0.0,2.03509,0.9429883944920728,0.7467646336974253,0.019084614,0.92945284,0.0432774260187414,0.018417351226345,immune,nerve,immune-nerve,immune_to_nerve,nerve_c14,tam,0.4198,6.0,0.3596,True,0.1165,25.0,0.7417,True,True
immune_microglia,malignant,PSAP,LRP1,1.4777275,0.0,1.4191561,0.3824922252978851,1.097832219698533,0.009314046,0.91668046,0.5149917074371093,0.0184328948108093,immune,tumor,immune-tumor,immune_to_tumor,,microglia,,,,,0.0187,44.0,0.9088,True,True
immune_nk_cell,nerve_c15,GZMA,PARD3,1.4596813,0.0,1.9189746,1.982206409397172,1.9140357077742975,0.09471697,0.9275023,0.0003180472540273,0.0184639980582877,immune,nerve,immune-nerve,immune_to_nerve,nerve_c15,nk_cell,0.9903,1.0,0.0149,False,0.0794,26.0,0.7523,True,False
immune_nk_cell,nerve_c14,S100A4,ERBB3,1.4591148,0.0,1.7626398,1.8245013142881328,1.4640371413509388,0.013568755,0.9245928,0.0480503156205383,0.0184795577183536,immune,nerve,immune-nerve,immune_to_nerve,nerve_c14,nk_cell,0.4198,6.0,0.3596,True,0.0794,26.0,0.7523,True,True
immune_dendritic,nerve_c3,HSPA8,LRP2,1.4588487,0.0,2.127624,2.713865227856852,1.173985763225196,0.01667191,0.93089676,0.0529871877161949,0.0185107019434427,immune,nerve,immune-nerve,immune_to_nerve,nerve_c3,dendritic,0.3912,13.0,0.4608,True,0.0815,25.0,0.7859,True,True
malignant,immune_nk_cell,B2M,KLRC1,1.458634,1.0,1.6807411,1.5952965879376135,0.029859353127029,0.03418535,0.92291737,0.5142888899505109,0.0185418685764565,tumor,immune,immune-tumor,tumor_to_immune,,nk_cell,,,,,0.0794,26.0,0.7523,True,True
immune_nk_cell,nerve_c15,HLA-A,APLP2,1.9178311,0.0,1.4171357,0.3161868725496837,0.5685735814840659,0.01126187,0.916626,0.2974567847240686,0.0185574599242305,immune,nerve,immune-nerve,immune_to_nerve,nerve_c15,nk_cell,0.9903,1.0,0.0149,False,0.0794,26.0,0.7523,True,False
malignant,nerve_c10,IL1RAPL1,PTPRD,1.7333792,0.0,1.4157482,1.76616158727829,1.6969245096412504,0.06572645,0.91658854,0.0026210670856786,0.0186511528865857,tumor,nerve,nerve-tumor,tumor_to_nerve,nerve_c10,,0.2572,14.0,0.5531,True,,,,,True
immune_nk_cell,nerve_c7,HLA-A,APLP2,1.9174182,0.0,1.4143103,0.3157031331721774,0.2605444260758986,0.011239418,0.9165497,0.2994811728051963,0.0186824335779568,immune,nerve,immune-nerve,immune_to_nerve,nerve_c7,nk_cell,0.1793,26.0,0.7072,True,0.0794,26.0,0.7523,True,True
immune_tam,nerve_c10,LGALS9,PTPRK,1.4566286,0.0,1.4160042,1.7723139268974606,1.6799647612400983,0.020797981,0.91659546,0.0243727729124386,0.018698081945804,immune,nerve,immune-nerve,immune_to_nerve,nerve_c10,tam,0.2572,14.0,0.5531,True,0.1165,25.0,0.7417,True,True
immune_nk_cell,nerve_c11,CALM1,PTPRA,1.4558465,0.0,1.5544899,0.520082349496213,0.6028857628601311,0.009167679,0.9200935,0.4069164897766191,0.0187607446811439,immune,nerve,immune-nerve,immune_to_nerve,nerve_c11,nk_cell,0.1876,18.0,0.5976,True,0.0794,26.0,0.7523,True,True
malignant,nerve_c4,IL1RAPL1,PTPRD,1.730426,0.0,1.4129552,1.7624745089466465,1.6127219776451205,0.065596774,0.916513,0.0026486614300446,0.0187764276831863,tumor,nerve,nerve-tumor,tumor_to_nerve,nerve_c4,,0.1409,18.0,0.5987,True,,,,,True
nerve_c9,malignant,APP,LRP1,1.4720333,0.0,1.4122847,1.0070129123197888,1.0715484972966214,0.017790552,0.9164949,0.0568612979702621,0.0188235117249556,nerve,tumor,nerve-tumor,nerve_to_tumor,nerve_c9,,0.8791,5.0,0.1446,False,,,,,False
immune_microglia,malignant,HLA-A,APLP2,1.4542546,0.0,1.5484082,0.0288499360481229,-0.1701371175701612,0.0047204215,0.91994923,1.0,0.0188549317602246,immune,tumor,immune-tumor,immune_to_tumor,,microglia,,,,,0.0187,44.0,0.9088,True,True
nerve_c14,malignant,NLGN1,NRXN3,1.8811947,0.0,1.4118205,1.2864049343266468,2.093884235583567,0.08653327,0.91648227,0.004756692521678,0.01886278998323,nerve,tumor,nerve-tumor,nerve_to_tumor,nerve_c14,,0.4198,6.0,0.3596,True,,,,,True
malignant,nerve_c14,NRXN3,NLGN1,1.8811947,0.0,1.4118205,1.2864049343266468,2.093884235583567,0.08653327,0.91648227,0.004756692521678,0.01886278998323,tumor,nerve,nerve-tumor,tumor_to_nerve,nerve_c14,,0.4198,6.0,0.3596,True,,,,,True
immune_tam,nerve_c6,GRN,SORT1,1.4541396,0.0,2.0323832,1.1835256579471134,1.432444647372562,0.015594784,0.92940915,0.09336225152941,0.0188706497888946,immune,nerve,immune-nerve,immune_to_nerve,nerve_c6,tam,0.2107,18.0,0.6248,True,0.1165,25.0,0.7417,True,True
immune_dendritic,nerve_c4,LGALS9,PTPRK,1.5831937,0.0,1.4111731,1.9650327789753232,1.694569901317039,0.020727022,0.91646475,0.0180770248168454,0.0189493438245544,immune,nerve,immune-nerve,immune_to_nerve,nerve_c4,dendritic,0.1409,18.0,0.5987,True,0.0815,25.0,0.7859,True,True
immune_dendritic,nerve_c5,PSAP,GPR37,1.4525409,0.0,2.1093752,1.8935254392335477,0.882754439278562,0.015838888,0.9306192,0.0887100673805773,0.0189808651581727,immune,nerve,immune-nerve,immune_to_nerve,nerve_c5,dendritic,0.226,19.0,0.6259,True,0.0815,25.0,0.7859,True,True
immune_tam,nerve_c7,SPP1,CD44,1.5084448,0.941,1.4098096,-0.0310694826487528,-0.3983728836368772,0.021129545,0.91642773,1.0,0.018996636811627,immune,nerve,immune-nerve,immune_to_nerve,nerve_c7,tam,0.1793,26.0,0.7072,True,0.1165,25.0,0.7417,True,True
immune_nk_cell,nerve_c1,CALM1,RYR2,1.4518733,0.0,1.536948,1.5126641993847174,1.152037247434722,0.026058992,0.9196753,0.0432774260187414,0.018996636811627,immune,nerve,immune-nerve,immune_to_nerve,nerve_c1,nk_cell,0.1983,17.0,0.5642,True,0.0794,26.0,0.7523,True,True
immune_nk_cell,nerve_c15,CALM1,KCNQ5,1.4518363,0.0,1.5367849,1.0176457063253412,0.9075991463774764,0.039227426,0.91967136,0.0371375748799816,0.0190281961242495,immune,nerve,immune-nerve,immune_to_nerve,nerve_c15,nk_cell,0.9903,1.0,0.0149,False,0.0794,26.0,0.7523,True,False
nerve_c10,malignant,EDIL3,ITGAV,1.5405469,0.0,1.4095966,2.142198142889897,1.7353029898762928,0.018308671,0.91642195,0.01513056265201,0.0190281961242495,nerve,tumor,nerve-tumor,nerve_to_tumor,nerve_c10,,0.2572,14.0,0.5531,True,,,,,True
immune_t_cell,nerve_c22,CD99,CD81,1.4516542,0.0,2.106943,0.5363961799683674,0.7478839554711911,0.022215644,0.9305819,0.0432774260187414,0.0190439837804733,immune,nerve,immune-nerve,immune_to_nerve,nerve_c22,t_cell,0.2879,24.0,0.4767,True,0.0821,23.0,0.7277,True,True
nerve_c17,immune_dendritic,BMP1,BMPR2,0.103053994,1.0,0.0083810445,-0.1437220261869617,-0.3261760819142197,0.003576862,0.45813638,1.0,0.0191018392272158,nerve,immune,immune-nerve,nerve_to_immune,nerve_c17,dendritic,0.6072,12.0,0.3472,False,0.0815,25.0,0.7859,True,False
malignant,nerve_c12,NCAM1,FGFR2,1.4507633,0.0,1.9911004,2.235186979880555,2.017689510510265,0.047976624,0.928733,0.0048527035058541,0.0191230259480469,tumor,nerve,nerve-tumor,tumor_to_nerve,nerve_c12,,0.8072,7.0,0.2013,False,,,,,False
nerve_c7,immune_dendritic,B2M,CD1C,2.3886824,0.0,1.4079783,1.8712547413732283,0.8655334953709977,0.07814619,0.91637796,0.0355136845682656,0.0191705277806034,nerve,immune,immune-nerve,nerve_to_immune,nerve_c7,dendritic,0.1793,26.0,0.7072,True,0.0815,25.0,0.7859,True,True
nerve_c5,immune_dendritic,SPP1,PTGER4,2.1350036,0.0,1.4075937,0.4540665705958457,-0.0880823355275238,0.014064932,0.9163675,0.8606497890982138,0.019186372380189,nerve,immune,immune-nerve,nerve_to_immune,nerve_c5,dendritic,0.226,19.0,0.6259,True,0.0815,25.0,0.7859,True,True
nerve_c7,malignant,CALM1,PTPRA,1.4499032,0.0,1.6062413,0.5255931596255518,0.737781275594924,0.018802956,0.92128915,0.0459772448039979,0.0192180865550005,nerve,tumor,nerve-tumor,nerve_to_tumor,nerve_c7,,0.1793,26.0,0.7072,True,,,,,True
nerve_c14,immune_microglia,LRP1B,PLAUR,1.4497844,0.0,1.9948249,0.8438030863252803,1.56478385401077,0.019472172,0.9287948,0.0432774260187414,0.0192498230343379,nerve,immune,immune-nerve,nerve_to_immune,nerve_c14,microglia,0.4198,6.0,0.3596,True,0.0187,44.0,0.9088,True,True
immune_tam,nerve_c15,FAM3C,LIFR,0.0983291,1.0,0.00839215,-0.2986763583302743,-0.6116795189572015,0.0005355706,0.45830077,1.0,0.0192783283807434,immune,nerve,immune-nerve,immune_to_nerve,nerve_c15,tam,0.9903,1.0,0.0149,False,0.1165,25.0,0.7417,True,False
immune_tam,nerve_c7,VCAN,ITGB1,1.4495409,0.0,1.5963525,1.0723366166844897,1.5448263209880748,0.036759075,0.9210649,0.0432774260187414,0.0192815848140649,immune,nerve,immune-nerve,immune_to_nerve,nerve_c7,tam,0.1793,26.0,0.7072,True,0.1165,25.0,0.7417,True,True
immune_t_cell,nerve_c2,CD99,CD81,1.4494818,0.0,2.1005535,0.5343311240421811,0.496881342118574,0.022148274,0.93048376,0.0432774260187414,0.0192974736876676,immune,nerve,immune-nerve,immune_to_nerve,nerve_c2,t_cell,0.25,13.0,0.5666,True,0.0821,23.0,0.7277,True,True
immune_nk_cell,malignant,GSTP1,EGFR,1.4486854,0.0,2.0841503,0.5631580072072293,2.254529528651343,0.016480211,0.9302298,0.0762435721608166,0.0193451842658884,immune,tumor,immune-tumor,immune_to_tumor,,nk_cell,,,,,0.0794,26.0,0.7523,True,True
nerve_c19,immune_dendritic,JAM3,ITGB1,1.5420514,0.0,1.4047837,2.3453565741378974,1.7910789268695413,0.015937647,0.9162909,0.0119213917142879,0.0193611014437624,nerve,immune,immune-nerve,nerve_to_immune,nerve_c19,dendritic,0.9467,4.0,0.054,False,0.0815,25.0,0.7859,True,False
nerve_c13,immune_dendritic,VIM,CD44,1.4482517,0.066,1.7362765,0.1749783097616696,0.4292913201754588,0.018340753,0.92406577,1.0,0.0193770219335853,nerve,immune,immune-nerve,nerve_to_immune,nerve_c13,dendritic,0.9595,1.0,0.0572,False,0.0815,25.0,0.7859,True,False
malignant,immune_microglia,HMGB1,CXCR4,1.4478011,0.0,2.0140338,0.1927433159140094,0.4987882969348685,0.0064622457,0.92911106,1.0,0.0193929517587257,tumor,immune,immune-tumor,tumor_to_immune,,microglia,,,,,0.0187,44.0,0.9088,True,True
nerve_c4,malignant,NCAM1,NCAM2,1.4642701,0.0,1.4042475,1.147335070433089,1.499048245576614,0.053330947,0.9162762,0.0096628958934133,0.0194088848928728,nerve,tumor,nerve-tumor,nerve_to_tumor,nerve_c4,,0.1409,18.0,0.5987,True,,,,,True
nerve_c10,immune_t_cell,COPA,CD74,1.4472215,0.0,1.5275652,0.1927883318253789,-0.3724597650859425,0.0057252217,0.9194488,1.0,0.0194248273641793,nerve,immune,immune-nerve,nerve_to_immune,nerve_c10,t_cell,0.2572,14.0,0.5531,True,0.0821,23.0,0.7277,True,True
nerve_c22,malignant,VIM,CD44,1.4942572,0.001,1.4037862,0.1521000692154824,0.1924816371896219,0.009190938,0.91626364,0.7156879396163709,0.0194407731415509,nerve,tumor,nerve-tumor,nerve_to_tumor,nerve_c22,,0.2879,24.0,0.4767,True,,,,,True
immune_tam,nerve_neuron,CALM1,GRM5,1.4464067,0.0,2.0841937,2.638141296407006,1.2682459278933116,0.08925481,0.9302305,0.0043904092352522,0.0194726866774199,immune,nerve,immune-nerve,immune_to_nerve,nerve_neuron,tam,0.4,10.0,0.5084,True,0.1165,25.0,0.7417,True,True
nerve_c17,immune_dendritic,SPP1,PTGER4,2.1278293,0.0,1.4024282,0.4506509788023117,-0.1794032954065801,0.014013318,0.9162265,0.8677328828701003,0.0195206059014855,nerve,immune,immune-nerve,nerve_to_immune,nerve_c17,dendritic,0.6072,12.0,0.3472,False,0.0815,25.0,0.7859,True,False
immune_t_cell,nerve_c5,S100A4,ERBB3,1.4458867,0.0,1.5528219,1.6367589265631342,1.6670861359532196,0.011953582,0.920054,0.0360669495474489,0.0195525826469034,immune,nerve,immune-nerve,immune_to_nerve,nerve_c5,t_cell,0.226,19.0,0.6259,True,0.0821,23.0,0.7277,True,True
immune_tam,nerve_c13,CD14,ITGB1,1.4457954,0.0,1.8457565,0.6685716595697503,0.8923526920766762,0.029791143,0.9261834,0.0432774260187414,0.0195685820129435,immune,nerve,immune-nerve,immune_to_nerve,nerve_c13,tam,0.9595,1.0,0.0572,False,0.1165,25.0,0.7417,True,False
immune_t_cell,nerve_c10,S100A4,ERBB3,1.4453328,0.0,1.5504075,1.634918549002243,1.7380652681846194,0.0119349975,0.91999674,0.03631027038446,0.0196326366191868,immune,nerve,immune-nerve,immune_to_nerve,nerve_c10,t_cell,0.2572,14.0,0.5531,True,0.0821,23.0,0.7277,True,True
immune_tam,nerve_c20,SPP1,ITGAV_ITGB1,1.5064003,0.137,1.3998375,0.0355842485347579,-0.0669114159803601,0.009321942,0.9161555,1.0,0.0196326366191868,immune,nerve,immune-nerve,immune_to_nerve,nerve_c20,tam,0.3415,15.0,0.5197,True,0.1165,25.0,0.7417,True,True
immune_microglia,nerve_neuron,SPP1,ITGAV_ITGB1,2.195395,0.0,1.3994026,0.2389273959608191,1.6193039060744427,0.009917632,0.91614354,0.4356498354668592,0.0196647018343965,immune,nerve,immune-nerve,immune_to_nerve,nerve_neuron,microglia,0.4,10.0,0.5084,True,0.0187,44.0,0.9088,True,True
immune_t_cell,nerve_c2,CALM1,PTPRA,1.4445237,0.0,1.6833616,0.5374359796774696,0.5510618490753085,0.009927706,0.92297274,0.4069164897766191,0.0196967923213985,immune,nerve,immune-nerve,immune_to_nerve,nerve_c2,t_cell,0.25,13.0,0.5666,True,0.0821,23.0,0.7277,True,True
nerve_c10,malignant,NCAM1,PTPRA,1.4444811,0.0,1.5981554,1.087013782222474,1.451211544343844,0.019442998,0.9211059,0.0432774260187414,0.0197128485598969,nerve,tumor,nerve-tumor,nerve_to_tumor,nerve_c10,,0.2572,14.0,0.5531,True,,,,,True
immune_dendritic,nerve_c12,VIM,CD44,1.5436732,0.0,1.397652,0.1776553852535175,-0.1366999880062059,0.017200712,0.9160955,1.0,0.019728908077993,immune,nerve,immune-nerve,immune_to_nerve,nerve_c12,dendritic,0.8072,7.0,0.2013,False,0.0815,25.0,0.7859,True,False
immune_t_cell,nerve_c17,PSAP,SORT1,1.4439758,0.0,1.4234675,1.187321511333565,0.2745472932133287,0.0062175374,0.9167962,0.8784613858257864,0.0197771306097112,immune,nerve,immune-nerve,immune_to_nerve,nerve_c17,t_cell,0.6072,12.0,0.3472,False,0.0821,23.0,0.7277,True,False
malignant,nerve_c12,AGRN,MUSK,0.09576692,0.0,0.008428663,0.3437300449738448,0.1879020989189787,0.050447695,0.45883968,0.2396290863646389,0.0198077519574453,tumor,nerve,nerve-tumor,tumor_to_nerve,nerve_c12,,0.8072,7.0,0.2013,False,,,,,False
nerve_c1,immune_nk_cell,PSEN1,CD44,1.4431729,0.0,1.9726411,1.567897751652738,1.4898935451827948,0.016100965,0.9284241,0.0445009390369298,0.0198737431596307,nerve,immune,immune-nerve,nerve_to_immune,nerve_c1,nk_cell,0.1983,17.0,0.5642,True,0.0794,26.0,0.7523,True,True
malignant,nerve_c4,PTN,PTPRZ1,1.4513779,0.0,1.394183,0.3516471031779319,0.9852889247502262,0.030519068,0.9159999,0.0995899308254943,0.0198898688785284,tumor,nerve,nerve-tumor,tumor_to_nerve,nerve_c4,,0.1409,18.0,0.5987,True,,,,,True
nerve_c0,immune_tam,SPP1,ITGAV_ITGB1,1.947566,0.0,1.3936541,0.1751550526223276,-0.6081417505857871,0.01440803,0.9159853,1.0,0.019906000912719,nerve,immune,immune-nerve,nerve_to_immune,nerve_c0,tam,0.4029,19.0,0.5772,True,0.1165,25.0,0.7417,True,True
nerve_c4,immune_nk_cell,COL4A5,CD44,1.4422505,0.0,1.970591,2.4192573876599455,1.7245180054849532,0.02006134,0.9283896,0.0158493828628926,0.0199382808716284,nerve,immune,immune-nerve,nerve_to_immune,nerve_c4,nk_cell,0.1409,18.0,0.5987,True,0.0794,26.0,0.7523,True,True
immune_tam,nerve_neuron,PSAP,SORT1,1.5674278,0.0,1.3926007,0.5787249804085115,0.6641457576189658,0.0060827145,0.9159562,0.4069164897766191,0.0199705860836318,immune,nerve,immune-nerve,immune_to_nerve,nerve_neuron,tam,0.4,10.0,0.5084,True,0.1165,25.0,0.7417,True,True
nerve_c10,immune_t_cell,COL4A5,CD44,1.4418664,0.0,2.0694535,2.2401691741854224,1.8477433067760003,0.021067798,0.9299998,0.0092636616597642,0.0200190897162657,nerve,immune,immune-nerve,nerve_to_immune,nerve_c10,t_cell,0.2572,14.0,0.5531,True,0.0821,23.0,0.7277,True,True
immune_microglia,nerve_c5,C3,CD81,1.4414308,0.0,1.9486712,0.4244816388365561,1.3806858603513892,0.03670315,0.92801684,0.0540606364102507,0.0200676532162077,immune,nerve,immune-nerve,immune_to_nerve,nerve_c5,microglia,0.226,19.0,0.6259,True,0.0187,44.0,0.9088,True,True
immune_tam,nerve_c13,VCAN,CD44,1.4414064,0.0,1.5612105,1.0021132987186474,1.4347266384771775,0.0760259,0.9202519,0.0205693194073264,0.020083854694497,immune,nerve,immune-nerve,immune_to_nerve,nerve_c13,tam,0.9595,1.0,0.0572,False,0.1165,25.0,0.7417,True,False
immune_dendritic,nerve_neuron,CALM1,KCNQ5,1.4410207,0.0,2.066045,1.5782673666445444,1.2159953669401258,0.05273713,0.9299461,0.0092243301844694,0.020100059418589,immune,nerve,immune-nerve,immune_to_nerve,nerve_neuron,dendritic,0.4,10.0,0.5084,True,0.0815,25.0,0.7859,True,True
immune_dendritic,nerve_c19,HSPA8,LRP2,1.4404495,0.0,2.0748537,2.646322616583757,1.2358420565442354,0.016258407,0.9300846,0.0676292471584665,0.0201487175852873,immune,nerve,immune-nerve,immune_to_nerve,nerve_c19,dendritic,0.9467,4.0,0.054,False,0.0815,25.0,0.7859,True,False
immune_dendritic,nerve_c1,CALM1,PDE1A,1.4390824,0.0,2.0608556,2.1485146564529995,1.253215859158033,0.017575832,0.92986417,0.059192418195423,0.0201974325428557,immune,nerve,immune-nerve,immune_to_nerve,nerve_c1,dendritic,0.1983,17.0,0.5642,True,0.0815,25.0,0.7859,True,True
malignant,nerve_c1,NTRK3,PTPRD,1.8445,0.0,1.3901303,2.081343509127884,2.3588530431399684,0.08359307,0.91588783,0.0006155575951064,0.0201974325428557,tumor,nerve,nerve-tumor,tumor_to_nerve,nerve_c1,,0.1983,17.0,0.5642,True,,,,,True
immune_microglia,nerve_c21,TIMP1,CD63,1.4390244,0.007,1.4187604,0.1285350303058437,-0.1292607261967814,0.007815109,0.9166698,1.0,0.0202136814312588,immune,nerve,immune-nerve,immune_to_nerve,nerve_c21,microglia,0.8488,6.0,0.1222,False,0.0187,44.0,0.9088,True,False
nerve_c10,immune_t_cell,LAMA2,RPSA,1.5059836,0.0,1.3899589,0.8050647647232065,1.2115021071728445,0.02525524,0.9158831,0.0432774260187414,0.0202136814312588,nerve,immune,immune-nerve,nerve_to_immune,nerve_c10,t_cell,0.2572,14.0,0.5531,True,0.0821,23.0,0.7277,True,True
immune_microglia,malignant,GRN,EGFR,1.4388444,0.0,2.0532644,0.649965128433166,2.792665645490265,0.038339574,0.92974377,0.0160460729753967,0.020262472096051,immune,tumor,immune-tumor,immune_to_tumor,,microglia,,,,,0.0187,44.0,0.9088,True,True
immune_nk_cell,nerve_c10,CALM1,PTPRA,1.4384677,0.0,1.4777626,0.4955246227572814,0.6992774134720036,0.008715176,0.91821283,0.4069164897766191,0.0202787462148135,immune,nerve,immune-nerve,immune_to_nerve,nerve_c10,nk_cell,0.2572,14.0,0.5531,True,0.0794,26.0,0.7523,True,True
nerve_c17,immune_microglia,HMGB1,HAVCR2,1.4379802,0.0,1.725893,0.4778098461555339,0.7458143093311507,0.021272082,0.92385507,0.0432774260187414,0.0203276125736303,nerve,immune,immune-nerve,nerve_to_immune,nerve_c17,microglia,0.6072,12.0,0.3472,False,0.0187,44.0,0.9088,True,False
immune_nk_cell,nerve_c17,B2M,KLRC2,2.5032597,0.0,0.48324457,0.580331728996295,0.6306427870997836,0.020722965,0.86523026,0.0432774260187414,0.0203371149270651,immune,nerve,immune-nerve,immune_to_nerve,nerve_c17,nk_cell,0.6072,12.0,0.3472,False,0.0794,26.0,0.7523,True,False
immune_dendritic,nerve_c17,POMC,MRAP,0.0919361,0.0,0.008451826,0.8317703218385455,0.1436125203553256,0.050018243,0.45918047,0.3068087042418513,0.0203371149270651,immune,nerve,immune-nerve,immune_to_nerve,nerve_c17,dendritic,0.6072,12.0,0.3472,False,0.0815,25.0,0.7859,True,False
malignant,nerve_c14,TNC,PTPRZ1,1.4365196,0.0,1.5078422,0.7206785910915685,1.2975758457555262,0.11095163,0.9189663,0.0432774260187414,0.0204418527513845,tumor,nerve,nerve-tumor,tumor_to_nerve,nerve_c14,,0.4198,6.0,0.3596,True,,,,,True
immune_nk_cell,nerve_c22,CD99,CD81,1.4361184,0.0,2.0624247,0.5199600359258615,0.6346676798411782,0.021746242,0.92988896,0.0432774260187414,0.0204745491086258,immune,nerve,immune-nerve,immune_to_nerve,nerve_c22,nk_cell,0.2879,24.0,0.4767,True,0.0794,26.0,0.7523,True,True
immune_tam,nerve_c21,FN1,MAG,1.4360371,0.0,1.6781222,2.528312214987058,2.4069837024260323,0.033605758,0.9228619,0.0011491925299195,0.020490908291095,immune,nerve,immune-nerve,immune_to_nerve,nerve_c21,tam,0.8488,6.0,0.1222,False,0.1165,25.0,0.7417,True,False
immune_t_cell,nerve_c12,S100A4,ERBB3,1.4359372,0.0,1.5094577,1.603703851217691,1.4564944386138303,0.011619766,0.91900617,0.0492482565824237,0.0205236424738998,immune,nerve,immune-nerve,immune_to_nerve,nerve_c12,t_cell,0.8072,7.0,0.2013,False,0.0821,23.0,0.7277,True,False
immune_tam,nerve_c20,FN1,MAG,1.4356027,0.0,1.677413,2.5273541327228672,2.507495193248831,0.033591554,0.9228468,0.0011621901454921,0.0205400174713008,immune,nerve,immune-nerve,immune_to_nerve,nerve_c20,tam,0.3415,15.0,0.5197,True,0.1165,25.0,0.7417,True,True
nerve_neuron,immune_dendritic,HMGB1,CXCR4,1.4353913,0.0,1.9028683,0.1404571809152972,-0.0109108096497327,0.007035303,0.9272184,1.0,0.020572789472335,nerve,immune,immune-nerve,nerve_to_immune,nerve_neuron,dendritic,0.4,10.0,0.5084,True,0.0815,25.0,0.7859,True,True
immune_dendritic,nerve_c19,GRN,SORT1,1.4350557,0.0,2.0329685,1.2899159472514852,1.2345983456736631,0.015599276,0.9294186,0.0931742297351958,0.0206055866835672,immune,nerve,immune-nerve,immune_to_nerve,nerve_c19,dendritic,0.9467,4.0,0.054,False,0.0815,25.0,0.7859,True,False
malignant,immune_tam,COPA,CD74,1.7914689,0.0,1.382713,0.2324783551249003,0.0876702891721649,0.0033826537,0.91568154,1.0,0.0206055866835672,tumor,immune,immune-tumor,tumor_to_immune,,tam,,,,,0.1165,25.0,0.7417,True,True
nerve_c11,immune_t_cell,PSEN1,CD44,1.4342215,0.0,2.0489001,1.4703580258052682,1.4894137896959383,0.016723402,0.9296742,0.0582765466274716,0.0206384122083519,nerve,immune,immune-nerve,nerve_to_immune,nerve_c11,t_cell,0.1876,18.0,0.5976,True,0.0821,23.0,0.7277,True,True
immune_dendritic,nerve_c22,VIM,CD44,1.5406239,0.0,1.3821845,0.1744534813185214,0.0479243113744204,0.017010354,0.91566676,0.4991271777673938,0.020654831318098,immune,nerve,immune-nerve,immune_to_nerve,nerve_c22,dendritic,0.2879,24.0,0.4767,True,0.0815,25.0,0.7859,True,True
immune_microglia,nerve_c17,TIMP1,FGFR2,1.4340472,0.0,1.4124738,2.3462340018311862,1.0191190165328128,0.009383243,0.9165,0.1759978765227564,0.0206876915463933,immune,nerve,immune-nerve,immune_to_nerve,nerve_c17,microglia,0.6072,12.0,0.3472,False,0.0187,44.0,0.9088,True,False
immune_nk_cell,nerve_c2,CD99,CD81,1.4339459,0.0,2.0561705,0.5178949799996753,0.3836650664885611,0.021680297,0.9297899,0.0713855195868524,0.0207041326667764,immune,nerve,immune-nerve,immune_to_nerve,nerve_c2,nk_cell,0.25,13.0,0.5666,True,0.0794,26.0,0.7523,True,True
immune_nk_cell,nerve_c13,CCL5,GRM7,1.7596813,0.0,1.3786414,1.950134597311252,2.1377037712680824,0.066759996,0.91556764,0.0023708561150833,0.020852373802402,immune,nerve,immune-nerve,immune_to_nerve,nerve_c13,nk_cell,0.9595,1.0,0.0572,False,0.0794,26.0,0.7523,True,False
immune_t_cell,nerve_c0,CALM1,GRM3,1.4324138,0.0,1.6329945,1.502233294103431,1.1280470510519651,0.011160927,0.92188597,0.1600668395331521,0.0208853852150759,immune,nerve,immune-nerve,immune_to_nerve,nerve_c0,t_cell,0.4029,19.0,0.5772,True,0.0821,23.0,0.7277,True,True
malignant,immune_tam,LRP1B,PLAUR,1.4322379,0.0,1.8742346,0.8705205134166935,2.045757663702297,0.012716349,0.9267051,0.1826957011742828,0.0209018988052282,tumor,immune,immune-tumor,tumor_to_immune,,tam,,,,,0.1165,25.0,0.7417,True,True
immune_t_cell,nerve_c9,S100A4,ERBB3,1.4321105,0.0,1.4927793,1.590990278485119,1.4399765749055764,0.011491376,0.9185917,0.0525097982647425,0.0209349511268377,immune,nerve,immune-nerve,immune_to_nerve,nerve_c9,t_cell,0.8791,5.0,0.1446,False,0.0821,23.0,0.7277,True,False
nerve_c11,immune_dendritic,HMGB1,CXCR4,1.432033,0.0,1.8905617,0.1373075682103001,0.0589797268671097,0.006989803,0.9269991,1.0,0.0209514836061239,nerve,immune,immune-nerve,nerve_to_immune,nerve_c11,dendritic,0.1876,18.0,0.5976,True,0.0815,25.0,0.7859,True,True
immune_microglia,nerve_c22,C1QB,LRP1,1.7658496,0.0,1.3756435,0.4066702084717479,2.0168027983301258,0.05367934,0.9154835,0.0624947012311736,0.0209514836061239,immune,nerve,immune-nerve,immune_to_nerve,nerve_c22,microglia,0.2879,24.0,0.4767,True,0.0187,44.0,0.9088,True,True
nerve_c20,immune_dendritic,COPA,CD74,2.3887842,0.0,1.3739623,0.4607231000465493,0.749374646065073,0.0051495275,0.91543615,0.4069164897766191,0.0210176827367735,nerve,immune,immune-nerve,nerve_to_immune,nerve_c20,dendritic,0.3415,15.0,0.5197,True,0.0815,25.0,0.7859,True,True
nerve_c3,immune_microglia,ADAM10,TREM2,1.4314475,0.0,2.0394495,1.1039069216689583,2.0149277058430153,0.050306167,0.92952293,0.0119478830959838,0.0210176827367735,nerve,immune,immune-nerve,nerve_to_immune,nerve_c3,microglia,0.3912,13.0,0.4608,True,0.0187,44.0,0.9088,True,True
nerve_c10,immune_t_cell,PSEN1,CD44,1.4311197,0.0,2.0405605,1.4649219386596175,1.6084993597374837,0.016655333,0.92954075,0.0595421375241841,0.0210342498250099,nerve,immune,immune-nerve,nerve_to_immune,nerve_c10,t_cell,0.2572,14.0,0.5531,True,0.0821,23.0,0.7277,True,True
immune_t_cell,nerve_c17,NELL2,ROBO3,0.10881351,0.008,0.008540196,0.0365043356376262,0.0832962840714624,0.013564194,0.46047226,0.9690865507520324,0.021042834702975,immune,nerve,immune-nerve,immune_to_nerve,nerve_c17,t_cell,0.6072,12.0,0.3472,False,0.0821,23.0,0.7277,True,False
nerve_c11,malignant,CNTN2,NRCAM,1.4308225,0.0,2.0083923,2.4217895394808595,2.520581276718157,0.061334666,0.9290186,0.0020828015645939,0.0210839857271457,nerve,tumor,nerve-tumor,nerve_to_tumor,nerve_c11,,0.1876,18.0,0.5976,True,,,,,True
immune_nk_cell,nerve_c1,CALM3,PDE1C,1.4305798,0.0,1.4071736,2.1368739868645843,1.669620026959179,0.016949795,0.916356,0.0202599055574448,0.0211171734211051,immune,nerve,immune-nerve,immune_to_nerve,nerve_c1,nk_cell,0.1983,17.0,0.5642,True,0.0794,26.0,0.7523,True,True
immune_nk_cell,nerve_c5,CALM1,PDE1C,1.4297054,0.0,1.4390762,0.8565780556993261,0.9399852537973076,0.006460152,0.9172112,0.4069164897766191,0.021200251213984,immune,nerve,immune-nerve,immune_to_nerve,nerve_c5,nk_cell,0.226,19.0,0.6259,True,0.0794,26.0,0.7523,True,True
malignant,nerve_c13,PTN,NCL,1.4460294,0.0,1.3696297,0.3574714967448044,1.5462279915378256,0.029990174,0.9153138,0.0949338366251619,0.0212834894554268,tumor,nerve,nerve-tumor,tumor_to_nerve,nerve_c13,,0.9595,1.0,0.0572,False,,,,,False
immune_dendritic,nerve_c22,TIMP1,CD63,1.428138,0.011,1.8119442,0.146249644044527,0.0864735123777862,0.009980924,0.9255489,0.8644750087235261,0.0213335085251703,immune,nerve,immune-nerve,immune_to_nerve,nerve_c22,dendritic,0.2879,24.0,0.4767,True,0.0815,25.0,0.7859,True,True
immune_dendritic,nerve_c12,APOE,ABCA1,1.4279157,0.082,2.0267663,0.3598345986400381,-0.2841612670222831,0.012982966,0.9293183,1.0,0.02136688497096,immune,nerve,immune-nerve,immune_to_nerve,nerve_c12,dendritic,0.8072,7.0,0.2013,False,0.0815,25.0,0.7859,True,False
malignant,immune_dendritic,VIM,CD44,1.4277822,0.0,1.7015893,0.1616844618130281,0.4150723117622056,0.010027027,0.92335474,0.4285842264815664,0.0213835842075893,tumor,immune,immune-tumor,tumor_to_immune,,dendritic,,,,,0.0815,25.0,0.7859,True,True
nerve_c3,malignant,NCAM1,NCAM2,1.4341655,0.0,1.3678731,1.1145307106503228,1.4311090596164282,0.05194951,0.91526407,0.0113219316535016,0.0213835842075893,nerve,tumor,nerve-tumor,nerve_to_tumor,nerve_c3,,0.3912,13.0,0.4608,True,,,,,True
immune_t_cell,nerve_c2,S100A4,ERBB3,1.4274126,0.0,1.4723041,1.5753819853418345,1.5034643744135132,0.011333759,0.9180738,0.0436240223482748,0.0214169983898481,immune,nerve,immune-nerve,immune_to_nerve,nerve_c2,t_cell,0.25,13.0,0.5666,True,0.0821,23.0,0.7277,True,True
immune_t_cell,nerve_c9,CALM1,INSR,1.4271548,0.0,1.6111217,0.8433488956839792,0.7312316539988313,0.010350595,0.92139906,0.3862286398951408,0.0214337133325486,immune,nerve,immune-nerve,immune_to_nerve,nerve_c9,t_cell,0.8791,5.0,0.1446,False,0.0821,23.0,0.7277,True,False
nerve_c14,immune_t_cell,APP,CD74,1.4268719,0.992,1.4380211,-0.0224304860199763,-0.8103801650262129,0.002285886,0.91718334,1.0,0.0214671652439478,nerve,immune,immune-nerve,nerve_to_immune,nerve_c14,t_cell,0.4198,6.0,0.3596,True,0.0821,23.0,0.7277,True,True
malignant,nerve_c19,IL1RAPL1,PTPRD,1.6812382,0.0,1.3664352,1.7010344485263889,1.5480865455169692,0.06343708,0.91522324,0.0032128989162371,0.0215090178773036,tumor,nerve,nerve-tumor,tumor_to_nerve,nerve_c19,,0.9467,4.0,0.054,False,,,,,False
immune_nk_cell,nerve_c4,CALM1,RYR2,1.426441,0.0,1.4246637,1.4224081489926006,1.0803826948393151,0.02415521,0.9168282,0.0432774260187414,0.0215173918524447,immune,nerve,immune-nerve,immune_to_nerve,nerve_c4,nk_cell,0.1409,18.0,0.5987,True,0.0794,26.0,0.7523,True,True
immune_nk_cell,nerve_c12,B2M,KLRD1,2.4862635,0.0,0.31640753,0.4561059035559043,0.509077578310159,0.014971745,0.8385775,0.1081476842354119,0.0215720493166138,immune,nerve,immune-nerve,immune_to_nerve,nerve_c12,nk_cell,0.8072,7.0,0.2013,False,0.0794,26.0,0.7523,True,False
malignant,nerve_c3,IL1RAPL1,PTPRD,1.6792405,0.0,1.3645458,1.6985378182159276,1.52089975483554,0.063349366,0.91516954,0.0032444299103745,0.0216012275501862,tumor,nerve,nerve-tumor,tumor_to_nerve,nerve_c3,,0.3912,13.0,0.4608,True,,,,,True
nerve_c2,malignant,PSAP,LRP1,1.4319118,0.0,1.3638695,0.3463277009322474,0.237070932049655,0.017666545,0.91515034,0.1767962208672998,0.0216348051959837,nerve,tumor,nerve-tumor,nerve_to_tumor,nerve_c2,,0.25,13.0,0.5666,True,,,,,True
malignant,nerve_c12,TIMP1,FGFR2,1.4255996,0.0,1.9011234,2.040337417697367,1.5700257702532348,0.012661997,0.9271874,0.0313956237412958,0.0216348051959837,tumor,nerve,nerve-tumor,tumor_to_nerve,nerve_c12,,0.8072,7.0,0.2013,False,,,,,False
malignant,nerve_c14,NLGN4X,NRXN1,1.4606352,0.0,1.3638514,1.1894863711920254,1.809996106911275,0.19718736,0.9151498,0.0078564548379177,0.021651601857362,tumor,nerve,nerve-tumor,tumor_to_nerve,nerve_c14,,0.4198,6.0,0.3596,True,,,,,True
nerve_c22,immune_dendritic,LGALS1,CD69,1.4255309,0.0,1.6487287,0.4419499914629018,1.0428689944887504,0.022265,0.92223054,0.0461323019208344,0.021651601857362,nerve,immune,immune-nerve,nerve_to_immune,nerve_c22,dendritic,0.2879,24.0,0.4767,True,0.0815,25.0,0.7859,True,True
immune_t_cell,nerve_c14,CALM1,PTPRA,1.4254713,0.0,1.6041197,0.5105133548794965,0.6940910786286457,0.009460373,0.92124116,0.4069164897766191,0.0216684079815858,immune,nerve,immune-nerve,immune_to_nerve,nerve_c14,t_cell,0.4198,6.0,0.3596,True,0.0821,23.0,0.7277,True,True
malignant,nerve_c11,IL1RAPL1,PTPRD,1.676747,0.0,1.3621876,1.6954245854473124,1.6546692830147611,0.06323989,0.91510236,0.0032857226359633,0.0217188608837727,tumor,nerve,nerve-tumor,tumor_to_nerve,nerve_c11,,0.1876,18.0,0.5976,True,,,,,True
nerve_c15,immune_microglia,LAMA2,ITGA6_ITGB1,0.09970212,0.425,0.008564056,-0.034291961230507,-0.1943105905823119,0.0035621254,0.46081886,1.0,0.0217484409537104,nerve,immune,immune-nerve,nerve_to_immune,nerve_c15,microglia,0.9903,1.0,0.0149,False,0.0187,44.0,0.9088,True,False
immune_dendritic,nerve_c2,PSAP,GPR37,1.4242777,0.0,2.0260046,1.8123396062808688,0.7041534989910814,0.015212873,0.929306,0.102121984273642,0.0217525265104508,immune,nerve,immune-nerve,immune_to_nerve,nerve_c2,dendritic,0.25,13.0,0.5666,True,0.0815,25.0,0.7859,True,True
nerve_c4,immune_tam,TF,TFRC,1.4241112,0.0,1.3892981,1.924853719123178,1.6186769739567075,0.016441604,0.91586477,0.0257156155862472,0.0217693671552218,nerve,immune,immune-nerve,nerve_to_immune,nerve_c4,tam,0.1409,18.0,0.5987,True,0.1165,25.0,0.7417,True,True
nerve_c0,immune_tam,SPP1,ITGA5_ITGB1,1.942707,0.0,1.3596734,0.6191537241884556,-0.1164165962775967,0.028546983,0.9150306,0.4069164897766191,0.0218536741743175,nerve,immune,immune-nerve,nerve_to_immune,nerve_c0,tam,0.4029,19.0,0.5772,True,0.1165,25.0,0.7417,True,True
nerve_c0,immune_t_cell,COPA,CD74,1.4227371,0.0,1.4198265,0.1553527039977282,-0.5349837177529186,0.005321424,0.91669846,1.0,0.0218705557015269,nerve,immune,immune-nerve,nerve_to_immune,nerve_c0,t_cell,0.4029,19.0,0.5772,True,0.0821,23.0,0.7277,True,True
nerve_c12,immune_dendritic,SPP1,PTGER4,2.0675366,0.0,1.3590178,0.4219390869623864,-0.1959131642838441,0.013579554,0.9150119,0.9322400140216742,0.021887440316218,nerve,immune,immune-nerve,nerve_to_immune,nerve_c12,dendritic,0.8072,7.0,0.2013,False,0.0815,25.0,0.7859,True,False
immune_nk_cell,nerve_c12,HSPA8,LRP2,1.4221947,0.0,1.9686012,2.2723695925632654,1.1159869536654878,0.015425819,0.928356,0.0970277630512174,0.0219043344065435,immune,nerve,immune-nerve,immune_to_nerve,nerve_c12,nk_cell,0.8072,7.0,0.2013,False,0.0794,26.0,0.7523,True,False
immune_dendritic,malignant,GRN,EGFR,1.4208939,0.0,1.996926,0.6315845638475455,2.195387170792318,0.037287597,0.9288296,0.0432774260187414,0.0219550479677377,immune,tumor,immune-tumor,immune_to_tumor,,dendritic,,,,,0.0815,25.0,0.7859,True,True
nerve_c13,malignant,PTN,NCL,1.4206148,0.0,1.6353314,0.3815476479625913,0.4807834763444439,0.009817808,0.92193747,0.4479651202560197,0.0219719671809956,nerve,tumor,nerve-tumor,nerve_to_tumor,nerve_c13,,0.9595,1.0,0.0572,False,,,,,False
nerve_c13,immune_microglia,PTN,NCL,1.4206045,0.0,1.6352891,0.3815337954094341,0.5203496039947918,0.009176861,0.9219365,0.5355424690089995,0.021988892674893,nerve,immune,immune-nerve,nerve_to_immune,nerve_c13,microglia,0.9595,1.0,0.0572,False,0.0187,44.0,0.9088,True,False
immune_t_cell,malignant,VIM,CD44,1.4518543,0.0,1.3542806,0.1245560362503467,-0.0974698034659699,0.009012978,0.914876,0.9035699760093344,0.0220905678891199,immune,tumor,immune-tumor,immune_to_tumor,,t_cell,,,,,0.0821,23.0,0.7277,True,True
immune_nk_cell,nerve_c15,CALM1,PDE1C,1.4196686,0.0,1.3947637,0.8366406828068476,0.7187598910251602,0.006261229,0.9160159,0.4069164897766191,0.0221075341259812,immune,nerve,immune-nerve,immune_to_nerve,nerve_c15,nk_cell,0.9903,1.0,0.0149,False,0.0794,26.0,0.7523,True,False
immune_t_cell,nerve_c11,CALM3,PDE1C,1.4196457,0.0,1.5531012,2.0806047124199765,1.7680280963452548,0.01870753,0.92006063,0.0131136201433468,0.0221245098503432,immune,nerve,immune-nerve,immune_to_nerve,nerve_c11,t_cell,0.1876,18.0,0.5976,True,0.0821,23.0,0.7277,True,True
immune_dendritic,nerve_c11,CALM1,GRM3,1.419284,0.0,2.0078526,2.349921174819151,1.1043440560311686,0.013722945,0.9290098,0.14901650767818,0.0222094762043713,immune,nerve,immune-nerve,immune_to_nerve,nerve_c11,dendritic,0.1876,18.0,0.5976,True,0.0815,25.0,0.7859,True,True
immune_microglia,nerve_c13,HLA-A,APLP2,1.4190227,0.403,1.3929029,-0.0124166419542198,-0.1769216060588903,0.011069294,0.91596454,1.0,0.0222264863726595,immune,nerve,immune-nerve,immune_to_nerve,nerve_c13,microglia,0.9595,1.0,0.0572,False,0.0187,44.0,0.9088,True,False
immune_microglia,nerve_c7,APOE,LRP2,2.1141355,0.0,1.3534428,0.9660662708669002,2.011119965042049,0.009576828,0.9148519,0.2045543514121084,0.0222264863726595,immune,nerve,immune-nerve,immune_to_nerve,nerve_c7,microglia,0.1793,26.0,0.7072,True,0.0187,44.0,0.9088,True,True
malignant,nerve_c1,PTN,PTPRZ1,1.4421197,0.0,1.3516815,0.3450926806798653,0.9625041568852212,0.029588696,0.9148012,0.1057310715506251,0.0222605287523144,tumor,nerve,nerve-tumor,tumor_to_nerve,nerve_c1,,0.1983,17.0,0.5642,True,,,,,True
immune_nk_cell,nerve_c2,CALM1,PDE1C,1.4188118,0.0,1.3909812,0.8349387322943993,0.7683154099223388,0.006244249,0.91591144,0.4069164897766191,0.0222775609655053,immune,nerve,immune-nerve,immune_to_nerve,nerve_c2,nk_cell,0.25,13.0,0.5666,True,0.0794,26.0,0.7523,True,True
nerve_c7,immune_dendritic,HLA-A,APLP2,1.5644459,0.0,1.350845,0.0727224520214177,-0.1737277568981808,0.011379783,0.91477704,1.0,0.0222775609655053,nerve,immune,immune-nerve,nerve_to_immune,nerve_c7,dendritic,0.1793,26.0,0.7072,True,0.0815,25.0,0.7859,True,True
immune_nk_cell,nerve_c15,CALM1,INSR,1.4186759,0.0,1.3903812,0.7617389558791018,0.7440975307033566,0.008932455,0.9158948,0.4069164897766191,0.0222945994543853,immune,nerve,immune-nerve,immune_to_nerve,nerve_c15,nk_cell,0.9903,1.0,0.0149,False,0.0794,26.0,0.7523,True,False
immune_microglia,nerve_c7,HBEGF,CD9,1.5810618,0.0,1.3501797,1.1998412534143477,1.7976789807550917,0.026535556,0.91475785,0.0432774260187414,0.0222945994543853,immune,nerve,immune-nerve,immune_to_nerve,nerve_c7,microglia,0.1793,26.0,0.7072,True,0.0187,44.0,0.9088,True,True
immune_dendritic,nerve_c3,TIMP1,FGFR2,1.4186705,0.0,1.7939366,2.099210491752127,1.433333790302719,0.011917348,0.92520404,0.0534237482598909,0.0223116409941849,immune,nerve,immune-nerve,immune_to_nerve,nerve_c3,dendritic,0.3912,13.0,0.4608,True,0.0815,25.0,0.7859,True,True
malignant,nerve_c20,NCAM1,FGFR2,1.418622,0.0,1.9195092,2.1622588729003462,2.3336820149044195,0.04625159,0.92751163,0.0062438176351434,0.022328692032431,tumor,nerve,nerve-tumor,tumor_to_nerve,nerve_c20,,0.3415,15.0,0.5197,True,,,,,True
immune_t_cell,nerve_neuron,CALM1,PDE1A,1.4185357,0.0,1.5752734,1.323572999053916,1.215524783742959,0.013434586,0.9205804,0.1169935542669782,0.0223628097051854,immune,nerve,immune-nerve,immune_to_nerve,nerve_neuron,t_cell,0.4,10.0,0.5084,True,0.0821,23.0,0.7277,True,True
nerve_c10,immune_t_cell,SPP1,CD44,1.4183494,1.0,2.006227,0.1458787094013012,-0.8553467231842541,0.006620225,0.92898303,1.0,0.0223969524704489,nerve,immune,immune-nerve,nerve_to_immune,nerve_c10,t_cell,0.2572,14.0,0.5531,True,0.0821,23.0,0.7277,True,True
nerve_c0,immune_microglia,SPP1,PTGER4,1.9404696,0.0,1.3440276,0.3768670053849577,-0.1482262672329138,0.013429769,0.9145796,0.9545181013694084,0.0224824207670779,nerve,immune,immune-nerve,nerve_to_immune,nerve_c0,microglia,0.4029,19.0,0.5772,True,0.0187,44.0,0.9088,True,True
immune_tam,nerve_neuron,GNAI2,IGF1R,1.4162855,0.0,1.9987352,1.5826755291108188,1.5514495361834375,0.027239775,0.92885953,0.0426425704100968,0.0225680426074083,immune,nerve,immune-nerve,immune_to_nerve,nerve_neuron,tam,0.4,10.0,0.5084,True,0.1165,25.0,0.7417,True,True
immune_t_cell,malignant,ANXA1,EGFR,1.4160762,0.0,1.9818053,0.6607876340297721,2.467813231085588,0.05225523,0.92857796,0.0432774260187414,0.0225851877314311,immune,tumor,immune-tumor,immune_to_tumor,,t_cell,,,,,0.0821,23.0,0.7277,True,True
immune_t_cell,nerve_c7,VIM,CD44,1.4490134,0.0,1.3410985,0.1215716206139733,-0.1731483185525757,0.016504714,0.91449434,1.0,0.0226023391261926,immune,nerve,immune-nerve,immune_to_nerve,nerve_c7,t_cell,0.1793,26.0,0.7072,True,0.0821,23.0,0.7277,True,True
nerve_c3,immune_t_cell,PSEN1,CD44,1.4157822,0.0,1.9993252,1.4380364640304335,1.3798083024887609,0.016318765,0.9288693,0.0644109900748622,0.0226194935455693,nerve,immune,immune-nerve,nerve_to_immune,nerve_c3,t_cell,0.3912,13.0,0.4608,True,0.0821,23.0,0.7277,True,True
malignant,nerve_c12,FGF2,SDC4,0.104026295,0.0,0.008630132,0.1490792795166699,0.1386045296907995,0.042423695,0.46177384,0.4674289462371627,0.022630294675344,tumor,nerve,nerve-tumor,tumor_to_nerve,nerve_c12,,0.8072,7.0,0.2013,False,,,,,False
immune_dendritic,nerve_c17,TIMP1,CD63,1.4154164,0.0,1.787747,0.1363620073569999,-0.3137712395768453,0.009847635,0.92508435,1.0,0.0226710009083116,immune,nerve,immune-nerve,immune_to_nerve,nerve_c17,dendritic,0.6072,12.0,0.3472,False,0.0815,25.0,0.7859,True,False
immune_dendritic,nerve_c5,PSAP,SORT1,1.4153757,0.0,1.9997457,0.7950253128380365,0.5384628673913812,0.008734653,0.9288762,0.4069164897766191,0.0226881803996774,immune,nerve,immune-nerve,immune_to_nerve,nerve_c5,dendritic,0.226,19.0,0.6259,True,0.0815,25.0,0.7859,True,True
nerve_c2,malignant,SPP1,ITGAV_ITGB1,1.9979894,0.0,1.3370286,0.1544175708135671,-0.6897067419771887,0.0055256,0.9143754,1.0,0.0228430940975523,nerve,tumor,nerve-tumor,nerve_to_tumor,nerve_c2,,0.25,13.0,0.5666,True,,,,,True
immune_microglia,nerve_c5,TIMP1,CD63,1.4139587,0.0,1.3871003,0.1090539248232786,-0.366289119360618,0.0076407115,0.9158038,1.0,0.0228430940975523,immune,nerve,immune-nerve,immune_to_nerve,nerve_c5,microglia,0.226,19.0,0.6259,True,0.0187,44.0,0.9088,True,True
nerve_c21,immune_microglia,COPA,CD74,2.1277788,0.0,1.3366414,0.3487065007373059,1.4773563715596407,0.0050096516,0.9143641,0.6687325532821952,0.0228603395120899,nerve,immune,immune-nerve,nerve_to_immune,nerve_c21,microglia,0.8488,6.0,0.1222,False,0.0187,44.0,0.9088,True,False
malignant,immune_t_cell,LGALS1,CD69,1.4134917,0.0,1.9743476,0.5771914618498903,0.9984358607768056,0.024629334,0.92845285,0.0432774260187414,0.0228775879293353,tumor,immune,immune-tumor,tumor_to_immune,,t_cell,,,,,0.0821,23.0,0.7277,True,True
malignant,immune_tam,HMGB1,CXCR4,1.4133611,0.0,1.8945735,0.1646170831126973,0.1402565809060807,0.006078944,0.9270708,1.0,0.0228948458750891,tumor,immune,immune-tumor,tumor_to_immune,,tam,,,,,0.1165,25.0,0.7417,True,True
immune_microglia,nerve_c14,APOE,LRP1,2.1115735,0.0,1.3335632,0.3008639514450194,1.4976811527238774,0.035028283,0.9142738,0.152439014812742,0.0229466540376084,immune,nerve,immune-nerve,immune_to_nerve,nerve_c14,microglia,0.4198,6.0,0.3596,True,0.0187,44.0,0.9088,True,True
nerve_c5,immune_microglia,HLA-A,APLP2,1.4128865,0.27,1.7650231,0.0463013960393197,0.0229579513580497,0.0148689,0.9246399,1.0,0.0229466540376084,nerve,immune,immune-nerve,nerve_to_immune,nerve_c5,microglia,0.226,19.0,0.6259,True,0.0187,44.0,0.9088,True,True
immune_microglia,nerve_c0,APOE,LRP4,2.111299,0.0,1.3314337,0.5922462679546949,1.7871515265619746,0.017063629,0.91421115,0.0668219564506013,0.0229812230436983,immune,nerve,immune-nerve,immune_to_nerve,nerve_c0,microglia,0.4029,19.0,0.5772,True,0.0187,44.0,0.9088,True,True
immune_dendritic,nerve_c15,PDGFB,PDGFRA_PDGFRB,0.09411496,0.134,0.00865307,0.1620140938698238,-0.0516023020511616,0.04762348,0.46210366,1.0,0.0229829874167675,immune,nerve,immune-nerve,immune_to_nerve,nerve_c15,dendritic,0.9903,1.0,0.0149,False,0.0815,25.0,0.7859,True,False
immune_t_cell,malignant,CALM1,PTPRA,1.4126095,0.0,1.5506254,0.4923373007796961,0.7770910282209929,0.0022867266,0.9200019,0.4069164897766191,0.0230158171027009,immune,tumor,immune-tumor,immune_to_tumor,,t_cell,,,,,0.0821,23.0,0.7277,True,True
immune_nk_cell,nerve_c9,APOE,ABCA1,1.4122443,0.291,1.7350297,0.4822620300046241,-0.7252856379491452,0.011114173,0.92404056,1.0,0.0230331218892101,immune,nerve,immune-nerve,immune_to_nerve,nerve_c9,nk_cell,0.8791,5.0,0.1446,False,0.0794,26.0,0.7523,True,False
nerve_c2,immune_dendritic,HLA-A,APLP2,1.544581,0.0,1.3302953,0.0578174831592787,-0.2684218388792229,0.01120667,0.9141776,1.0,0.0230504362124163,nerve,immune,immune-nerve,nerve_to_immune,nerve_c2,dendritic,0.25,13.0,0.5666,True,0.0815,25.0,0.7859,True,True
immune_tam,nerve_c6,IL18,IL1RAPL1,1.8142425,0.0,1.32943,1.5896513044461411,1.8173395916129824,0.013313718,0.914152,0.0416344536122915,0.0230677567989355,immune,nerve,immune-nerve,immune_to_nerve,nerve_c6,tam,0.2107,18.0,0.6248,True,0.1165,25.0,0.7417,True,True
immune_tam,nerve_c22,SPP1,CD44,1.4918917,0.751,1.3290699,-0.0484517210365937,-0.3734196004427753,0.019919457,0.9141414,1.0,0.0230850803706449,immune,nerve,immune-nerve,immune_to_nerve,nerve_c22,tam,0.2879,24.0,0.4767,True,0.1165,25.0,0.7417,True,True
nerve_c2,immune_dendritic,B2M,CD1C,2.2633984,0.0,1.3289083,1.7976711229633762,0.6529294233514031,0.07375762,0.91413665,0.0432774260187414,0.0231024134817802,nerve,immune,immune-nerve,nerve_to_immune,nerve_c2,dendritic,0.25,13.0,0.5666,True,0.0815,25.0,0.7859,True,True
immune_nk_cell,nerve_c11,S100A4,ERBB3,1.411833,0.0,1.5674226,1.667415609206499,1.3137932678888142,0.012065978,0.9203975,0.0809200960775164,0.0231024134817802,immune,nerve,immune-nerve,immune_to_nerve,nerve_c11,nk_cell,0.1876,18.0,0.5976,True,0.0794,26.0,0.7523,True,True
immune_dendritic,nerve_neuron,CALM1,GRM7,1.4114461,0.0,1.9868695,2.383212177667096,1.1712664527311305,0.059604406,0.9286626,0.0077386126829497,0.0231544438238423,immune,nerve,immune-nerve,immune_to_nerve,nerve_neuron,dendritic,0.4,10.0,0.5084,True,0.0815,25.0,0.7859,True,True
nerve_c9,immune_dendritic,ADAM23,ITGA5,0.09578185,1.0,0.008656902,-0.0504199245143213,-0.1703872793263093,0.0014251145,0.46215868,1.0,0.0231593212575168,nerve,immune,immune-nerve,nerve_to_immune,nerve_c9,dendritic,0.8791,5.0,0.1446,False,0.0815,25.0,0.7859,True,False
immune_dendritic,nerve_c3,APOE,ABCA1,1.4108548,0.308,1.9818085,0.3396201430582811,-0.1056466316904389,0.012694976,0.928578,1.0,0.0232239107320164,immune,nerve,immune-nerve,immune_to_nerve,nerve_c3,dendritic,0.3912,13.0,0.4608,True,0.0815,25.0,0.7859,True,True
nerve_c13,malignant,VCAN,EGFR,1.4107535,0.0,1.9651003,0.8221311373387162,2.612960095787082,0.10356509,0.9282968,0.011657187503869,0.0232412906432946,nerve,tumor,nerve-tumor,nerve_to_tumor,nerve_c13,,0.9595,1.0,0.0572,False,,,,,False
nerve_c11,immune_dendritic,SPP1,CD44,1.410614,1.0,1.6724967,-0.0004092029945436,-1.025432451498726,0.005518968,0.92274225,1.0,0.0232586801021819,nerve,immune,immune-nerve,nerve_to_immune,nerve_c11,dendritic,0.1876,18.0,0.5976,True,0.0815,25.0,0.7859,True,True
nerve_c20,immune_t_cell,CD59,CD2,1.4102271,0.0,1.8210436,1.658391079236468,2.2457852326616687,0.06240132,0.9257213,0.0035340350103693,0.0232934745076617,nerve,immune,immune-nerve,nerve_to_immune,nerve_c20,t_cell,0.3415,15.0,0.5197,True,0.0821,23.0,0.7277,True,True
immune_dendritic,nerve_c11,CALM1,PDE1A,1.4097161,0.0,1.982238,2.0617551783513397,1.2605940079658362,0.016905349,0.92858523,0.0694515087717673,0.0233631384157651,immune,nerve,immune-nerve,immune_to_nerve,nerve_c11,dendritic,0.1876,18.0,0.5976,True,0.0815,25.0,0.7859,True,True
nerve_c11,immune_tam,TF,TFRC,1.4096241,0.0,1.371193,1.9005383528250217,1.7010197847616424,0.016227342,0.915358,0.0175069168732329,0.0233805716854131,nerve,immune,immune-nerve,nerve_to_immune,nerve_c11,tam,0.1876,18.0,0.5976,True,0.1165,25.0,0.7417,True,True
nerve_c14,immune_nk_cell,VCAN,ITGB1,1.4094992,0.0,1.7865907,1.0476226070102193,1.264138227362582,0.050366472,0.92506194,0.0163586503330306,0.023398007913989,nerve,immune,immune-nerve,nerve_to_immune,nerve_c14,nk_cell,0.4198,6.0,0.3596,True,0.0794,26.0,0.7523,True,True
nerve_c20,immune_dendritic,MIF,CD44_CD74,1.409392,0.0,1.6704259,0.6161059077193458,1.051622690768761,0.013385756,0.9226981,0.163118095082134,0.0234329024387282,nerve,immune,immune-nerve,nerve_to_immune,nerve_c20,dendritic,0.3415,15.0,0.5197,True,0.0815,25.0,0.7859,True,True
immune_t_cell,nerve_c6,CALM1,PTPRA,1.4091567,0.0,1.536265,0.4874596660936175,0.6909094288891477,0.009060197,0.9196589,0.4069164897766191,0.0234852927982791,immune,nerve,immune-nerve,immune_to_nerve,nerve_c6,t_cell,0.2107,18.0,0.6248,True,0.0821,23.0,0.7277,True,True
immune_t_cell,nerve_c19,S100A4,ERBB3,1.4090215,0.0,1.3921475,1.514280101511451,1.5513600546510506,0.010716715,0.9159437,0.0520555717968478,0.0235552319822677,immune,nerve,immune-nerve,immune_to_nerve,nerve_c19,t_cell,0.9467,4.0,0.054,False,0.0821,23.0,0.7277,True,False
nerve_c21,immune_nk_cell,SPP1,PTGER4,1.6430032,0.003,1.3184985,0.2880527370606408,-0.5182563240287741,0.013174675,0.91382754,1.0,0.0235727340698334,nerve,immune,immune-nerve,nerve_to_immune,nerve_c21,nk_cell,0.8488,6.0,0.1222,False,0.0794,26.0,0.7523,True,False
immune_t_cell,nerve_c11,HSPA8,LRP2,1.408547,0.0,1.7199786,1.849785210864104,1.385032485706737,0.01347763,0.92373425,0.0628733423189588,0.0236603316942785,immune,nerve,immune-nerve,immune_to_nerve,nerve_c11,t_cell,0.1876,18.0,0.5976,True,0.0821,23.0,0.7277,True,True
immune_tam,nerve_neuron,CALM1,RYR2,1.4082546,0.0,1.9670454,2.250998778103955,1.5256464986980764,0.033351306,0.9283297,0.0377508986478159,0.0236954138513119,immune,nerve,immune-nerve,immune_to_nerve,nerve_neuron,tam,0.4,10.0,0.5084,True,0.1165,25.0,0.7417,True,True
nerve_c1,immune_dendritic,COL4A5,CD44,1.4074379,0.0,1.6671145,2.5313672254646624,1.5218344846926597,0.016971838,0.92262733,0.0383202475889974,0.0237305210161621,nerve,immune,immune-nerve,nerve_to_immune,nerve_c1,dendritic,0.1983,17.0,0.5642,True,0.0815,25.0,0.7859,True,True
nerve_c12,immune_microglia,HMGB1,HAVCR2,1.4069728,0.0,1.6729782,0.4487288555345152,0.7207140644978731,0.020619892,0.9227525,0.043879256366479,0.0237832269856899,nerve,immune,immune-nerve,nerve_to_immune,nerve_c12,microglia,0.8072,7.0,0.2013,False,0.0187,44.0,0.9088,True,False
nerve_c6,malignant,EDIL3,ITGAV,1.4555924,0.0,1.3146394,1.9913528039833372,1.6714133507650408,0.01707531,0.913712,0.0199969073632899,0.0237832269856899,nerve,tumor,nerve-tumor,nerve_to_tumor,nerve_c6,,0.2107,18.0,0.6248,True,,,,,True
immune_microglia,malignant,APOE,LRP4,2.109106,0.0,1.3144192,0.5878822150806285,2.090605949509122,0.0061616045,0.9137054,0.1625757891508291,0.023800810360514,immune,tumor,immune-tumor,immune_to_tumor,,microglia,,,,,0.0187,44.0,0.9088,True,True
nerve_c12,immune_nk_cell,MIF,CD74_CXCR4,1.4062533,1.0,1.879143,-0.0333251229755855,-1.223022419322456,0.005801961,0.9267939,1.0,0.0238359925356161,nerve,immune,immune-nerve,nerve_to_immune,nerve_c12,nk_cell,0.8072,7.0,0.2013,False,0.0794,26.0,0.7523,True,False
nerve_c20,malignant,CALM3,EGFR,1.405527,0.0,1.9486966,0.8463662233204021,2.650376286826316,0.07824734,0.9280173,0.0292241959285036,0.0239064318806737,nerve,tumor,nerve-tumor,nerve_to_tumor,nerve_c20,,0.3415,15.0,0.5197,True,,,,,True
immune_t_cell,nerve_c10,HSPA8,LRP2,1.4053686,0.0,1.707758,1.838116423690972,1.5202711255081875,0.0133818695,0.92348266,0.0384989911230364,0.0239416890462297,immune,nerve,immune-nerve,immune_to_nerve,nerve_c10,t_cell,0.2572,14.0,0.5531,True,0.0821,23.0,0.7277,True,True
nerve_c20,immune_microglia,TF,TFRC,1.5355064,0.0,1.3100917,2.128640834515573,2.340098764845494,0.015504238,0.91357535,0.0071063912351622,0.0240299429680044,nerve,immune,immune-nerve,nerve_to_immune,nerve_c20,microglia,0.3415,15.0,0.5197,True,0.0187,44.0,0.9088,True,True
immune_nk_cell,nerve_c5,CALM1,GRM3,1.403713,0.0,1.3243194,1.2537919426688666,1.0262228529942208,0.009051245,0.9140008,0.2327972763080197,0.0241006572138796,immune,nerve,immune-nerve,immune_to_nerve,nerve_c5,nk_cell,0.226,19.0,0.6259,True,0.0794,26.0,0.7523,True,True
immune_nk_cell,nerve_c1,S100A4,ERBB3,1.4035256,0.0,1.5331225,1.6398160855646844,1.2666331998444995,0.011801938,0.9195832,0.0964290252529535,0.0241714747410162,immune,nerve,immune-nerve,immune_to_nerve,nerve_c1,nk_cell,0.1983,17.0,0.5642,True,0.0794,26.0,0.7523,True,True
immune_t_cell,nerve_c12,B2M,KLRD1,2.4597538,0.0,0.31298953,0.4405360746500913,0.6608078421674916,0.014810013,0.83784103,0.1124112546703085,0.0242171905852432,immune,nerve,immune-nerve,immune_to_nerve,nerve_c12,t_cell,0.8072,7.0,0.2013,False,0.0821,23.0,0.7277,True,False
immune_dendritic,nerve_c10,CALM1,PDE1A,1.4028506,0.0,1.963858,2.041470386229004,1.2727252753478735,0.016748598,0.9282757,0.071848209136707,0.0242423888341724,immune,nerve,immune-nerve,immune_to_nerve,nerve_c10,dendritic,0.2572,14.0,0.5531,True,0.0815,25.0,0.7859,True,True
nerve_c19,immune_tam,APP,LRP1,1.4026872,0.0,1.4118383,0.9376188850037214,1.0054715291269054,0.017714923,0.9164828,0.0576698633772104,0.0242956416407429,nerve,immune,immune-nerve,nerve_to_immune,nerve_c19,tam,0.9467,4.0,0.054,False,0.1165,25.0,0.7417,True,False
nerve_c2,immune_dendritic,SPP1,PTGER4,1.9936917,0.0,1.3058498,0.3867730894339667,-0.2775901730299147,0.013048288,0.9134472,1.0,0.0243489472713077,nerve,immune,immune-nerve,nerve_to_immune,nerve_c2,dendritic,0.25,13.0,0.5666,True,0.0815,25.0,0.7859,True,True
immune_tam,nerve_c6,APOE,ABCA1,1.4015169,0.526,1.8279597,0.1744736380779272,0.3150628228376714,0.011709459,0.9258515,1.0,0.0245092079154216,immune,nerve,immune-nerve,immune_to_nerve,nerve_c6,tam,0.2107,18.0,0.6248,True,0.1165,25.0,0.7417,True,True
nerve_c14,immune_dendritic,HMGB1,CXCR4,1.4013708,0.0,1.7782012,0.1085493674349308,0.0243245351609275,0.0065743835,0.9248986,1.0,0.024562741575603,nerve,immune,immune-nerve,nerve_to_immune,nerve_c14,dendritic,0.4198,6.0,0.3596,True,0.0815,25.0,0.7859,True,True
nerve_c0,immune_microglia,HMGB1,HAVCR2,1.4012164,0.0,1.6631547,0.4433300255066585,0.8410695283427718,0.020498816,0.9225424,0.0457564130953542,0.0245984607507119,nerve,immune,immune-nerve,nerve_to_immune,nerve_c0,microglia,0.4029,19.0,0.5772,True,0.0187,44.0,0.9088,True,True
malignant,nerve_c17,GDF11,ACVR2A_TGFBR1,0.09577585,0.015,0.0088370405,0.080851264907143,0.0274140043271982,0.009084714,0.4647193,0.8896525957534345,0.02465789445138,tumor,nerve,nerve-tumor,tumor_to_nerve,nerve_c17,,0.6072,12.0,0.3472,False,,,,,False
malignant,nerve_c17,GDF11,ACVR1B_ACVR2A,0.09577585,0.015,0.0088370405,0.080851264907143,0.0274140043271982,0.009084714,0.4647193,0.8896525957534345,0.02465789445138,tumor,nerve,nerve-tumor,tumor_to_nerve,nerve_c17,,0.6072,12.0,0.3472,False,,,,,False
nerve_c6,immune_dendritic,HMGB1,CXCR4,1.4008636,0.0,1.7763432,0.1080737757119866,0.111282753831357,0.0065675136,0.9248623,1.0,0.0246699739538962,nerve,immune,immune-nerve,nerve_to_immune,nerve_c6,dendritic,0.2107,18.0,0.6248,True,0.0815,25.0,0.7859,True,True
nerve_neuron,malignant,IL1RAPL1,PTPRS,1.491978,0.0,1.3001146,1.4119945518893515,1.819375412448172,0.04200927,0.91327304,0.0276644967240392,0.0246878695401654,nerve,tumor,nerve-tumor,nerve_to_tumor,nerve_neuron,,0.4,10.0,0.5084,True,,,,,True
malignant,nerve_c3,CALM1,INSR,1.4006934,0.0,1.9551113,1.0974139589918046,1.017048164879502,0.012465112,0.928127,0.2091845749519574,0.0246878695401654,tumor,nerve,nerve-tumor,tumor_to_nerve,nerve_c3,,0.3912,13.0,0.4608,True,,,,,True
immune_dendritic,nerve_c3,APOE,LRP2,1.4006141,0.0,1.9548231,2.402404407694936,0.391602754297395,0.013832136,0.9281221,0.1447871092292515,0.0247057679775722,immune,nerve,immune-nerve,immune_to_nerve,nerve_c3,dendritic,0.3912,13.0,0.4608,True,0.0815,25.0,0.7859,True,True
immune_nk_cell,nerve_c2,CALM1,INSR,1.3995748,0.0,1.3060489,0.7251835376163831,0.6884042362320073,0.008390665,0.9134532,0.4069164897766191,0.0248312451862712,immune,nerve,immune-nerve,immune_to_nerve,nerve_c2,nk_cell,0.25,13.0,0.5666,True,0.0794,26.0,0.7523,True,True
nerve_c5,immune_t_cell,COPA,CD74,1.3995621,0.0,1.3178501,0.1199194026534428,-0.5425478735954086,0.0049392222,0.91380817,1.0,0.0248491968975398,nerve,immune,immune-nerve,nerve_to_immune,nerve_c5,t_cell,0.226,19.0,0.6259,True,0.0821,23.0,0.7277,True,True
nerve_c20,immune_tam,HMGB1,THBD,1.3993405,0.0,1.5021915,0.956103398132615,1.0695781169709648,0.040384874,0.91882634,0.03297702343648,0.0248671514468559,nerve,immune,immune-nerve,nerve_to_immune,nerve_c20,tam,0.3415,15.0,0.5197,True,0.1165,25.0,0.7417,True,True
nerve_c14,immune_t_cell,COPA,CD74,1.3981452,0.0,1.3116157,0.1177526412733766,-0.5290650975522008,0.0049158563,0.91362125,1.0,0.0250110292260788,nerve,immune,immune-nerve,nerve_to_immune,nerve_c14,t_cell,0.4198,6.0,0.3596,True,0.0821,23.0,0.7277,True,True
malignant,nerve_c6,PTN,PTPRS,1.4299805,0.0,1.2959538,0.7545151605474498,2.142764552052508,0.038387455,0.913146,0.0432774260187414,0.025029039865033,tumor,nerve,nerve-tumor,tumor_to_nerve,nerve_c6,,0.2107,18.0,0.6248,True,,,,,True
nerve_c15,immune_t_cell,VCAN,ITGB1,1.3970135,0.0,1.5027517,1.0118042898531447,1.2131209236043363,0.042364657,0.9188403,0.0267326296042351,0.0251553024308801,nerve,immune,immune-nerve,nerve_to_immune,nerve_c15,t_cell,0.9903,1.0,0.0149,False,0.0821,23.0,0.7277,True,False
immune_nk_cell,nerve_c13,NCAM1,PTPRZ1,1.9241468,0.0,1.2937325,0.8009515529954464,0.9158416883153292,0.041952834,0.91307795,0.0432774260187414,0.0251914330316432,immune,nerve,immune-nerve,immune_to_nerve,nerve_c13,nk_cell,0.9595,1.0,0.0572,False,0.0794,26.0,0.7523,True,False
nerve_c20,immune_tam,HMGB1,TLR2,1.396234,0.0,1.4893018,0.5602788464318356,0.6891500775418309,0.028552452,0.9185044,0.0432774260187414,0.0252637724003891,nerve,immune,immune-nerve,nerve_to_immune,nerve_c20,tam,0.3415,15.0,0.5197,True,0.1165,25.0,0.7417,True,True
malignant,nerve_c19,NCAM1,FGFR2,1.3962325,0.0,1.8696388,2.1114567205110495,2.118923722150285,0.04504994,0.9266217,0.0076896293173717,0.0252818702458863,tumor,nerve,nerve-tumor,tumor_to_nerve,nerve_c19,,0.9467,4.0,0.054,False,,,,,False
nerve_neuron,malignant,IL1RAPL1,PTPRD,1.4902568,0.0,1.2916657,1.3084395836275302,1.4497334952910483,0.045045007,0.91301453,0.0200992955653453,0.0253362079948084,nerve,tumor,nerve-tumor,nerve_to_tumor,nerve_neuron,,0.4,10.0,0.5084,True,,,,,True
immune_dendritic,nerve_c4,CALM1,INSR,1.3954815,0.0,1.9441298,1.1614241089330362,0.7877847051425824,0.012489994,0.9279389,0.2076724863057954,0.0253724631530573,immune,nerve,immune-nerve,immune_to_nerve,nerve_c4,dendritic,0.1409,18.0,0.5987,True,0.0815,25.0,0.7859,True,True
nerve_c9,immune_dendritic,SPP1,PTGER4,1.9734713,0.0,1.2912912,0.3771438492248782,-0.3481071619543299,0.012902817,0.91300297,1.0,0.0253905983557854,nerve,immune,immune-nerve,nerve_to_immune,nerve_c9,dendritic,0.8791,5.0,0.1446,False,0.0815,25.0,0.7859,True,False
nerve_c1,immune_tam,COL4A5,CD93,1.394512,0.0,1.6162487,3.185347052634252,2.1985603813165007,0.07348534,0.92151403,0.0013030337963402,0.0254813780455643,nerve,immune,immune-nerve,nerve_to_immune,nerve_c1,tam,0.1983,17.0,0.5642,True,0.1165,25.0,0.7417,True,True
nerve_c21,immune_tam,CIRBP,TREM1,1.3941683,0.0,1.5925685,1.1293434844167856,1.233718770025039,0.04455301,0.9209786,0.0210356894761116,0.0255177328083207,nerve,immune,immune-nerve,nerve_to_immune,nerve_c21,tam,0.8488,6.0,0.1222,False,0.1165,25.0,0.7417,True,False
immune_dendritic,nerve_c3,GRN,SORT1,1.3939084,0.0,1.9282465,1.223687875034002,1.0737794094538122,0.014795728,0.92766416,0.112714351915765,0.0255359212461005,immune,nerve,immune-nerve,immune_to_nerve,nerve_c3,dendritic,0.3912,13.0,0.4608,True,0.0815,25.0,0.7859,True,True
malignant,nerve_c20,TIMP1,FGFR2,1.3934584,0.0,1.8327672,1.9674093107171584,1.8860182746473897,0.012206727,0.92594165,0.0127734116887485,0.0255541124667045,tumor,nerve,nerve-tumor,tumor_to_nerve,nerve_c20,,0.3415,15.0,0.5197,True,,,,,True
nerve_c0,malignant,SPP1,ITGAV_ITGB1,1.9325728,0.0,1.2888044,0.1232664170011539,-0.7680285992735936,0.005326302,0.91292644,1.0,0.0255723133526504,nerve,tumor,nerve-tumor,nerve_to_tumor,nerve_c0,,0.4029,19.0,0.5772,True,,,,,True
immune_dendritic,nerve_c6,LGALS9,PTPRK,1.4686576,0.0,1.2882497,1.790947608707396,1.7413710953881167,0.018921549,0.91290927,0.0231204887865562,0.0256087303515279,immune,nerve,immune-nerve,immune_to_nerve,nerve_c6,dendritic,0.2107,18.0,0.6248,True,0.0815,25.0,0.7859,True,True
nerve_c13,immune_nk_cell,LGALS1,CD69,1.3927543,0.0,1.7762836,0.6056011234285137,0.6490127922312867,0.023987547,0.92486113,0.0432774260187414,0.0256634042426703,nerve,immune,immune-nerve,nerve_to_immune,nerve_c13,nk_cell,0.9595,1.0,0.0572,False,0.0794,26.0,0.7523,True,False
immune_dendritic,nerve_c2,PSAP,SORT1,1.3927532,0.0,1.9330139,0.7586134817342486,0.3959408463693484,0.008443176,0.92774695,0.5394125038460217,0.025681639017467,immune,nerve,immune-nerve,immune_to_nerve,nerve_c2,dendritic,0.25,13.0,0.5666,True,0.0815,25.0,0.7859,True,True
nerve_c17,immune_microglia,CALM1,KCNQ3,1.6533201,0.0,1.2869856,0.7706649614917347,1.3148288865743214,0.057603694,0.9128703,0.0432774260187414,0.0257181306801289,nerve,immune,immune-nerve,nerve_to_immune,nerve_c17,microglia,0.6072,12.0,0.3472,False,0.0187,44.0,0.9088,True,False
immune_microglia,nerve_c0,TIMP1,CD63,1.3921782,0.0,1.3595898,0.0921265540992824,-0.42328876686105,0.0074891727,0.9150282,1.0,0.0257911921111233,immune,nerve,immune-nerve,immune_to_nerve,nerve_c0,microglia,0.4029,19.0,0.5772,True,0.0187,44.0,0.9088,True,True
immune_t_cell,nerve_c11,CALM1,PTPRA,1.3918774,0.0,1.4643981,0.4630428418777865,0.5732319088492669,0.008636358,0.91787106,0.4069164897766191,0.0258643496060551,immune,nerve,immune-nerve,immune_to_nerve,nerve_c11,t_cell,0.1876,18.0,0.5976,True,0.0821,23.0,0.7277,True,True
immune_microglia,nerve_c0,GRN,SORT1,1.3910408,0.0,1.9281694,1.20856042608144,1.7226615286912603,0.014795137,0.9276628,0.1127577015049631,0.0259376065999041,immune,nerve,immune-nerve,immune_to_nerve,nerve_c0,microglia,0.4029,19.0,0.5772,True,0.0187,44.0,0.9088,True,True
immune_dendritic,nerve_c12,CALM1,PDE1C,1.3904364,0.0,1.9306237,1.2542048969003818,0.7880464127352491,0.008666756,0.92770547,0.4069164897766191,0.0259742724034231,immune,nerve,immune-nerve,immune_to_nerve,nerve_c12,dendritic,0.8072,7.0,0.2013,False,0.0815,25.0,0.7859,True,False
malignant,nerve_c12,HEBP1,GRM7,0.09492506,0.311,0.008916122,0.0188727952957557,-0.09856138976816,0.0034004743,0.4658276,1.0,0.025979747061553,tumor,nerve,nerve-tumor,tumor_to_nerve,nerve_c12,,0.8072,7.0,0.2013,False,,,,,False
immune_microglia,nerve_c20,C1QB,C1QBP,1.7507828,0.0,1.282654,0.4132666829419383,2.1616232009650287,0.029557204,0.9127361,0.059192418195423,0.0259926163659806,immune,nerve,immune-nerve,immune_to_nerve,nerve_c20,microglia,0.3415,15.0,0.5197,True,0.0187,44.0,0.9088,True,True
malignant,nerve_c2,RTN4,NGFR,1.3902442,0.0,1.9322804,3.1526049064045525,1.3785319394742066,0.058292713,0.9277342,0.0052240833542462,0.0260109630750721,tumor,nerve,nerve-tumor,tumor_to_nerve,nerve_c2,,0.25,13.0,0.5666,True,,,,,True
immune_tam,nerve_c22,LGALS1,ITGB1,1.6134424,0.0,1.2807353,0.4466194601886059,0.612633262312658,0.010826458,0.91267645,0.3383602852246279,0.0260844224900636,immune,nerve,immune-nerve,immune_to_nerve,nerve_c22,tam,0.2879,24.0,0.4767,True,0.1165,25.0,0.7417,True,True
nerve_c19,immune_nk_cell,PSEN1,CD44,1.3895459,0.0,1.8534445,1.4738960481587242,1.464104057813429,0.015128067,0.9263254,0.0572817488619702,0.0261028002764664,nerve,immune,immune-nerve,nerve_to_immune,nerve_c19,nk_cell,0.9467,4.0,0.054,False,0.0794,26.0,0.7523,True,False
malignant,immune_dendritic,MIF,CD74_CXCR4,1.3889785,0.0,1.7327904,0.4320797766886818,0.6548229182997394,0.008497323,0.9239952,0.4510775542628216,0.0261395779704228,tumor,immune,immune-tumor,tumor_to_immune,,dendritic,,,,,0.0815,25.0,0.7859,True,True
immune_t_cell,nerve_c12,VIM,CD44,1.4355096,0.0,1.2784421,0.1073912861611286,-0.3328193347391003,0.01573361,0.912605,1.0,0.0262500636795602,immune,nerve,immune-nerve,immune_to_nerve,nerve_c12,t_cell,0.8072,7.0,0.2013,False,0.0821,23.0,0.7277,True,False
nerve_c19,immune_tam,JAM3,ITGAM_ITGB2,1.5170206,0.0,1.2782013,2.766564070241346,2.208754241005916,0.050258003,0.9125975,0.0012416957479618,0.0262684973873309,nerve,immune,immune-nerve,nerve_to_immune,nerve_c19,tam,0.9467,4.0,0.054,False,0.1165,25.0,0.7417,True,False
immune_nk_cell,nerve_c5,S100A4,ERBB3,1.388483,0.0,1.4710146,1.5898383512458802,1.2974279774091375,0.011323832,0.9180408,0.0863511730085793,0.0262684973873309,immune,nerve,immune-nerve,immune_to_nerve,nerve_c5,nk_cell,0.226,19.0,0.6259,True,0.0794,26.0,0.7523,True,True
immune_nk_cell,nerve_c10,S100A4,ERBB3,1.3879291,0.0,1.4687275,1.5879979736849892,1.3684071096405377,0.011306226,0.9179822,0.0671197719560112,0.0263238427610552,immune,nerve,immune-nerve,immune_to_nerve,nerve_c10,nk_cell,0.2572,14.0,0.5531,True,0.0794,26.0,0.7523,True,True
malignant,nerve_c17,GDF11,ACVR2B_TGFBR1,0.09643337,1.0,0.008987093,-0.0989934899456074,-0.3314217417882285,0.007625627,0.46681413,1.0,0.0263321752355699,tumor,nerve,nerve-tumor,tumor_to_nerve,nerve_c17,,0.6072,12.0,0.3472,False,,,,,False
immune_t_cell,nerve_c1,CALM1,RYR2,1.3879042,0.0,1.4478729,1.455624691766291,1.122383393423858,0.024548722,0.91744226,0.0432774260187414,0.0263423013153575,immune,nerve,immune-nerve,immune_to_nerve,nerve_c1,t_cell,0.1983,17.0,0.5642,True,0.0821,23.0,0.7277,True,True
immune_t_cell,nerve_c15,CALM1,KCNQ5,1.3878673,0.0,1.4477193,0.9606061987069148,0.8779452923666122,0.03695397,0.91743827,0.0432774260187414,0.0263792405496687,immune,nerve,immune-nerve,immune_to_nerve,nerve_c15,t_cell,0.9903,1.0,0.0149,False,0.0821,23.0,0.7277,True,False
nerve_c3,immune_tam,APP,LRP1,1.3869855,0.0,1.3911989,0.9202149244204938,0.9215303012987492,0.01745595,0.91591746,0.0609496530837117,0.0264716990732292,nerve,immune,immune-nerve,nerve_to_immune,nerve_c3,tam,0.3912,13.0,0.4608,True,0.1165,25.0,0.7417,True,True
malignant,nerve_c10,PTN,PTPRZ1,1.425742,0.0,1.276496,0.3334981832451311,1.0559177428689863,0.027942866,0.91254425,0.1157128272665011,0.0264716990732292,tumor,nerve,nerve-tumor,tumor_to_nerve,nerve_c10,,0.2572,14.0,0.5531,True,,,,,True
nerve_c21,immune_microglia,HMGB1,HAVCR2,1.3869529,0.0,1.6388137,0.4299514793894827,0.8660526934933146,0.020198807,0.92201394,0.0514970782276549,0.026490210809353,nerve,immune,immune-nerve,nerve_to_immune,nerve_c21,microglia,0.8488,6.0,0.1222,False,0.0187,44.0,0.9088,True,False
malignant,nerve_c10,NTRK3,PTPRD,1.709955,0.0,1.2754892,1.913293552008522,2.2587710917222776,0.076699324,0.9125128,0.0010843577401045,0.026508725252854,tumor,nerve,nerve-tumor,tumor_to_nerve,nerve_c10,,0.2572,14.0,0.5531,True,,,,,True
nerve_neuron,immune_tam,VCAN,CD44,1.3857629,0.0,1.8163149,0.899160432670219,1.1938584002964996,0.03447177,0.9256319,0.0432774260187414,0.0266014011101245,nerve,immune,immune-nerve,nerve_to_immune,nerve_neuron,tam,0.4,10.0,0.5084,True,0.1165,25.0,0.7417,True,True
nerve_c15,immune_t_cell,COL9A1,CD44,1.38551,0.0,1.9179373,4.013669605550838,1.9123545497627763,0.09855723,0.9274841,0.0002393557548437,0.026638514208115,nerve,immune,immune-nerve,nerve_to_immune,nerve_c15,t_cell,0.9903,1.0,0.0149,False,0.0821,23.0,0.7277,True,False
immune_dendritic,nerve_neuron,CALM1,CACNA1C,1.3846422,0.0,1.9151117,1.5378501053484224,1.1107985240193885,0.059353806,0.9274345,0.0107038701521533,0.0267128148874971,immune,nerve,immune-nerve,immune_to_nerve,nerve_neuron,dendritic,0.4,10.0,0.5084,True,0.0815,25.0,0.7859,True,True
immune_t_cell,nerve_c13,GZMA,PARD3,1.3843822,0.0,1.8007329,1.892232083431632,2.437327439221616,0.08888079,0.92533475,0.0004421311195698,0.0267314073317244,immune,nerve,immune-nerve,immune_to_nerve,nerve_c13,t_cell,0.9595,1.0,0.0572,False,0.0821,23.0,0.7277,True,False
nerve_c0,immune_microglia,RPS19,C5AR1,1.3840955,1.0,1.563019,0.0454852538093273,-0.0010809834847236,0.026280565,0.9202944,1.0,0.0267500059828842,nerve,immune,immune-nerve,nerve_to_immune,nerve_c0,microglia,0.4029,19.0,0.5772,True,0.0187,44.0,0.9088,True,True
nerve_c4,immune_t_cell,SPP1,CD44,1.3835386,1.0,1.912637,0.1293012923302466,-1.1636587120955657,0.006311393,0.92739093,1.0,0.0268058321313751,nerve,immune,immune-nerve,nerve_to_immune,nerve_c4,t_cell,0.1409,18.0,0.5987,True,0.0821,23.0,0.7277,True,True
nerve_c12,immune_dendritic,RGMB,BMPR2,0.10515844,1.0,0.009013948,-0.176229485922372,-0.3523099201332501,0.0030420274,0.4671855,1.0,0.026860763207501,nerve,immune,immune-nerve,nerve_to_immune,nerve_c12,dendritic,0.8072,7.0,0.2013,False,0.0815,25.0,0.7859,True,False
nerve_c10,immune_nk_cell,LAMA2,RPSA,1.3998954,0.0,1.2692406,0.7209418025415042,1.040018739611273,0.02306182,0.9123165,0.0432774260187414,0.0268990044975879,nerve,immune,immune-nerve,nerve_to_immune,nerve_c10,nk_cell,0.2572,14.0,0.5531,True,0.0794,26.0,0.7523,True,True
immune_dendritic,nerve_c19,APOE,LRP2,1.3822149,0.0,1.9063387,2.33486179642184,0.4534590476164344,0.013489065,0.92727983,0.1586468523924066,0.0269736526425492,immune,nerve,immune-nerve,immune_to_nerve,nerve_c19,dendritic,0.9467,4.0,0.054,False,0.0815,25.0,0.7859,True,False
immune_dendritic,nerve_c15,GHRL,PTGER3,0.09501867,0.007,0.009015798,0.9306343870097582,0.1682902859789587,0.28739926,0.467211,0.0304775479184533,0.0270369459714546,immune,nerve,immune-nerve,immune_to_nerve,nerve_c15,dendritic,0.9903,1.0,0.0149,False,0.0815,25.0,0.7859,True,False
nerve_c4,immune_tam,ADAM10,CD44,1.3817909,0.0,1.802744,1.0767997838624637,1.2193062305233773,0.019844165,0.9253733,0.0432774260187414,0.0270484000224526,nerve,immune,immune-nerve,nerve_to_immune,nerve_c4,tam,0.1409,18.0,0.5987,True,0.1165,25.0,0.7417,True,True
nerve_c13,immune_dendritic,TIMP1,CD63,1.3806709,0.094,1.8973036,0.1368070394699333,-0.0830661022627425,0.022041196,0.9271195,1.0,0.0271607106635352,nerve,immune,immune-nerve,nerve_to_immune,nerve_c13,dendritic,0.9595,1.0,0.0572,False,0.0815,25.0,0.7859,True,False
immune_microglia,nerve_c22,C1QB,C1QBP,1.7479136,0.0,1.2649455,0.4090118025636917,2.061526259810676,0.029149134,0.91218084,0.0611823046709509,0.0272169461377018,immune,nerve,immune-nerve,immune_to_nerve,nerve_c22,microglia,0.2879,24.0,0.4767,True,0.0187,44.0,0.9088,True,True
nerve_c1,immune_tam,ADAM10,CD44,1.3800489,0.0,1.7967926,1.0741224743105635,1.2333722951781425,0.019778654,0.92525905,0.0432774260187414,0.0272357060584923,nerve,immune,immune-nerve,nerve_to_immune,nerve_c1,tam,0.1983,17.0,0.5642,True,0.1165,25.0,0.7417,True,True
nerve_c1,malignant,ALCAM,CHL1,1.3799891,0.0,1.4677556,1.2297535918949116,1.8198417303484988,0.061275765,0.9179573,0.0063542174857388,0.0272544721787895,nerve,tumor,nerve-tumor,nerve_to_tumor,nerve_c1,,0.1983,17.0,0.5642,True,,,,,True
nerve_c1,immune_nk_cell,B2M,KLRD1,1.3792238,1.0,1.5981108,1.8486431821065477,-0.2277717543902822,0.013250841,0.9211049,0.4411638967191729,0.0272920194643892,nerve,immune,immune-nerve,nerve_to_immune,nerve_c1,nk_cell,0.1983,17.0,0.5642,True,0.0794,26.0,0.7523,True,True
nerve_c13,immune_nk_cell,TIMP1,CD63,1.3791804,0.093,1.8934697,0.1356486088841275,-0.0897978623163453,0.021996656,0.9270511,1.0,0.027310800626797,nerve,immune,immune-nerve,nerve_to_immune,nerve_c13,nk_cell,0.9595,1.0,0.0572,False,0.0794,26.0,0.7523,True,False
immune_dendritic,nerve_c15,B2M,KLRC2,2.3266969,0.0,1.264559,0.8191019534318392,0.4662043086121599,0.05422805,0.9121686,0.0432774260187414,0.027310800626797,immune,nerve,immune-nerve,immune_to_nerve,nerve_c15,dendritic,0.9903,1.0,0.0149,False,0.0815,25.0,0.7859,True,False
nerve_c10,malignant,CNTN2,NRCAM,1.3786328,0.0,1.8796204,2.283659210948234,2.5645843252226648,0.057402074,0.92680246,0.0039370917454837,0.0273483850954554,nerve,tumor,nerve-tumor,nerve_to_tumor,nerve_c10,,0.2572,14.0,0.5531,True,,,,,True
immune_nk_cell,nerve_c12,S100A4,ERBB3,1.3785335,0.0,1.429935,1.556783275900437,1.0868362800697484,0.011007602,0.91696894,0.1862006786544814,0.0273859943508513,immune,nerve,immune-nerve,immune_to_nerve,nerve_c12,nk_cell,0.8072,7.0,0.2013,False,0.0794,26.0,0.7523,True,False
immune_t_cell,nerve_c22,VIM,CD44,1.4324603,0.001,1.2642938,0.1041893822261325,-0.1481950353584739,0.015559489,0.9121602,1.0,0.0274048100526123,immune,nerve,immune-nerve,immune_to_nerve,nerve_c22,t_cell,0.2879,24.0,0.4767,True,0.0821,23.0,0.7277,True,True
nerve_c11,immune_tam,APP,LRP1,1.3783264,0.0,1.3798165,0.9106181477091942,0.9705269869031968,0.017313134,0.91560054,0.0631517435879166,0.027442456485162,nerve,immune,immune-nerve,nerve_to_immune,nerve_c11,tam,0.1876,18.0,0.5976,True,0.1165,25.0,0.7417,True,True
nerve_c20,immune_microglia,CALM1,KCNQ3,1.6263444,0.0,1.262674,0.7466112100614843,1.6009425002603708,0.056515537,0.91210884,0.0432774260187414,0.0275178236917759,nerve,immune,immune-nerve,nerve_to_immune,nerve_c20,microglia,0.3415,15.0,0.5197,True,0.0187,44.0,0.9088,True,True
nerve_c3,immune_microglia,NUCB2,ERAP1,0.0950432,1.0,0.009030669,-0.1475097919892574,-0.2185322094815137,0.0035463893,0.46741614,1.0,0.0275654525019739,nerve,immune,immune-nerve,nerve_to_immune,nerve_c3,microglia,0.3912,13.0,0.4608,True,0.0187,44.0,0.9088,True,True
nerve_c4,immune_nk_cell,COPA,CD74,1.3769454,0.032,1.7783266,0.333184014848954,-0.5870213390704525,0.0066650603,0.92490107,1.0,0.0276499565571745,nerve,immune,immune-nerve,nerve_to_immune,nerve_c4,nk_cell,0.1409,18.0,0.5987,True,0.0794,26.0,0.7523,True,True
immune_t_cell,nerve_c20,HLA-A,APLP2,1.9035009,0.0,1.2597368,0.295310631484564,0.6052533295784249,0.010011033,0.91201544,0.4253478110773608,0.0277823928527281,immune,nerve,immune-nerve,immune_to_nerve,nerve_c20,t_cell,0.3415,15.0,0.5197,True,0.0821,23.0,0.7277,True,True
nerve_c21,immune_dendritic,MIF,CD44_CD74,1.3760928,0.0,1.6139977,0.5851259615310348,0.6661766704742992,0.012933576,0.9214636,0.1852355214105961,0.0277823928527281,nerve,immune,immune-nerve,nerve_to_immune,nerve_c21,dendritic,0.8488,6.0,0.1222,False,0.0815,25.0,0.7859,True,False
nerve_c13,immune_tam,SPP1,CD44,1.3759401,0.792,1.7827544,0.2301344229311167,-1.096363557840223,0.005882801,0.9249874,1.0,0.0278013386238513,nerve,immune,immune-nerve,nerve_to_immune,nerve_c13,tam,0.9595,1.0,0.0572,False,0.1165,25.0,0.7417,True,False
nerve_c19,malignant,APP,LRP1,1.3757466,0.0,1.2960941,0.9002965555060255,1.0709406038538216,0.016326899,0.9131503,0.0790953313933338,0.0278392451531998,nerve,tumor,nerve-tumor,nerve_to_tumor,nerve_c19,,0.9467,4.0,0.054,False,,,,,False
nerve_c0,immune_dendritic,SPP1,PTGER4,1.9282751,0.0,1.2587502,0.3556219356215535,-0.3559120303263195,0.012577661,0.911984,1.0,0.0278771764406885,nerve,immune,immune-nerve,nerve_to_immune,nerve_c0,dendritic,0.4029,19.0,0.5772,True,0.0815,25.0,0.7859,True,True
immune_t_cell,nerve_c15,XCL1,ADGRV1,0.11792772,0.292,0.009043948,0.2356347411242652,0.0987701195050669,0.00462403,0.46759903,1.0,0.0279177553892439,immune,nerve,immune-nerve,immune_to_nerve,nerve_c15,t_cell,0.9903,1.0,0.0149,False,0.0821,23.0,0.7277,True,False
immune_dendritic,nerve_c3,GNAI2,IGF1R,1.3752902,0.0,1.7292305,1.6238084665992203,1.3672209893541185,0.02356683,0.92392296,0.0432774260187414,0.0279341215847444,immune,nerve,immune-nerve,immune_to_nerve,nerve_c3,dendritic,0.3912,13.0,0.4608,True,0.0815,25.0,0.7859,True,True
nerve_c6,immune_t_cell,SPP1,ITGA4_ITGB1,1.3747976,0.001,1.3134962,0.3999339443091494,-0.4295389218602461,0.013727639,0.91367775,1.0,0.0280291491280493,nerve,immune,immune-nerve,nerve_to_immune,nerve_c6,t_cell,0.2107,18.0,0.6248,True,0.0821,23.0,0.7277,True,True
nerve_c20,immune_tam,SPP1,ITGAV_ITGB1,1.7746158,0.0,1.2557852,0.0927932765254968,-0.6213387682983367,0.012982698,0.9118893,1.0,0.0280481753570239,nerve,immune,immune-nerve,nerve_to_immune,nerve_c20,tam,0.3415,15.0,0.5197,True,0.1165,25.0,0.7417,True,True
immune_nk_cell,nerve_c9,S100A4,ERBB3,1.3747067,0.0,1.4141352,1.5440697031678652,1.0703184163614945,0.010885976,0.916545,0.1985432592100469,0.0280672077736791,immune,nerve,immune-nerve,immune_to_nerve,nerve_c9,nk_cell,0.8791,5.0,0.1446,False,0.0794,26.0,0.7523,True,False
immune_t_cell,nerve_c10,CALM1,PTPRA,1.3744988,0.0,1.3921177,0.4384851151388549,0.6696235594611394,0.008210081,0.91594285,0.4341029420739196,0.0281052875661538,immune,nerve,immune-nerve,immune_to_nerve,nerve_c10,t_cell,0.2572,14.0,0.5531,True,0.0821,23.0,0.7277,True,True
nerve_c4,immune_dendritic,PSEN1,CD44,1.373941,0.0,1.6103513,1.5393336871541154,1.2335205157995808,0.013143907,0.9213817,0.1102319054973496,0.0281433921013701,nerve,immune,immune-nerve,nerve_to_immune,nerve_c4,dendritic,0.1409,18.0,0.5987,True,0.0815,25.0,0.7859,True,True
nerve_c10,malignant,NCAM1,NCAM2,1.3737235,0.0,1.2948433,1.0486721383805335,1.5059830924145512,0.049175963,0.91311204,0.0162590007296496,0.0281624518436752,nerve,tumor,nerve-tumor,nerve_to_tumor,nerve_c10,,0.2572,14.0,0.5531,True,,,,,True
immune_nk_cell,nerve_c20,HLA-A,APLP2,1.8937905,0.0,1.2526267,0.2880285414553384,0.3893574052440202,0.00995453,0.9117881,0.4318390759414575,0.0282005934877094,immune,nerve,immune-nerve,immune_to_nerve,nerve_c20,nk_cell,0.3415,15.0,0.5197,True,0.0794,26.0,0.7523,True,True
nerve_c6,immune_microglia,SPP1,ITGAV_ITGB1,1.3731676,0.999,1.3065393,-0.012492525882903,-0.8517372356797658,0.013507409,0.91346806,1.0,0.0282578541414705,nerve,immune,immune-nerve,nerve_to_immune,nerve_c6,microglia,0.2107,18.0,0.6248,True,0.0187,44.0,0.9088,True,True
nerve_c12,immune_dendritic,VEGFD,ITGA5,0.09774013,0.0,0.009121114,0.4179432122049721,0.0396915975599574,0.0145980865,0.46865675,0.5202264782159896,0.028270028355712,nerve,immune,immune-nerve,nerve_to_immune,nerve_c12,dendritic,0.8072,7.0,0.2013,False,0.0815,25.0,0.7859,True,False
immune_dendritic,nerve_c0,GRN,SORT1,1.3730903,0.0,1.8752635,1.1901798614958194,1.125383053993313,0.014389181,0.9267237,0.1246935095736681,0.0282769545986105,immune,nerve,immune-nerve,immune_to_nerve,nerve_c0,dendritic,0.4029,19.0,0.5772,True,0.0815,25.0,0.7859,True,True
malignant,nerve_c10,CALM1,GRM3,1.3725475,0.0,1.8716114,2.021787948641688,1.4044513810689667,0.0127973845,0.9266575,0.0594544520529297,0.0283342858415827,tumor,nerve,nerve-tumor,tumor_to_nerve,nerve_c10,,0.2572,14.0,0.5531,True,,,,,True
nerve_c14,immune_dendritic,LRP1B,PLAUR,1.372357,0.0,1.7196527,0.7658773540694361,0.902914836890235,0.016786123,0.9237276,0.0712625140353775,0.0283534110322545,nerve,immune,immune-nerve,nerve_to_immune,nerve_c14,dendritic,0.4198,6.0,0.3596,True,0.0815,25.0,0.7859,True,True
immune_microglia,nerve_c14,APOE,LRP4,2.1008236,0.0,1.2501581,0.5713896382744971,1.8436542950697552,0.016022002,0.9117087,0.0851609582625926,0.0284108200813588,immune,nerve,immune-nerve,immune_to_nerve,nerve_c14,microglia,0.4198,6.0,0.3596,True,0.0187,44.0,0.9088,True,True
nerve_c19,immune_nk_cell,SPP1,CD44,1.3713374,0.994,1.8129723,0.0566573448588078,-1.330299071080836,0.0059825154,0.92556846,1.0,0.0284682811405431,nerve,immune,immune-nerve,nerve_to_immune,nerve_c19,nk_cell,0.9467,4.0,0.054,False,0.0794,26.0,0.7523,True,False
malignant,nerve_c19,TIMP1,FGFR2,1.3710687,0.0,1.7851505,1.916607158327861,1.6712599818932543,0.011889587,0.925034,0.0200231330782456,0.0285449848256199,tumor,nerve,nerve-tumor,tumor_to_nerve,nerve_c19,,0.9467,4.0,0.054,False,,,,,False
immune_tam,nerve_c0,VCAN,ITGB1,1.3709469,0.0,1.2568196,0.9689237654711824,1.418277407294442,0.02894068,0.9119224,0.0432774260187414,0.0285641780114014,immune,nerve,immune-nerve,immune_to_nerve,nerve_c0,tam,0.4029,19.0,0.5772,True,0.1165,25.0,0.7417,True,True
immune_nk_cell,nerve_c12,POMC,TSHR,0.10323565,0.0,0.00916398,0.3515333374135342,0.1806152825504638,0.033175647,0.46924055,0.2497440768766522,0.0286222755672242,immune,nerve,immune-nerve,immune_to_nerve,nerve_c12,nk_cell,0.8072,7.0,0.2013,False,0.0794,26.0,0.7523,True,False
immune_dendritic,nerve_c0,S100A4,ERBB3,1.3705876,0.0,1.6735952,1.832408770031107,1.3684300986746385,0.0128832925,0.9227657,0.06707343338037,0.0286794559882454,immune,nerve,immune-nerve,immune_to_nerve,nerve_c0,dendritic,0.4029,19.0,0.5772,True,0.0815,25.0,0.7859,True,True
immune_tam,nerve_c20,CD14,ITGB1,1.3702149,0.0,1.5524534,0.5691241819037559,0.7788534024915139,0.025057131,0.92004526,0.0432774260187414,0.0287371801964493,immune,nerve,immune-nerve,immune_to_nerve,nerve_c20,tam,0.3415,15.0,0.5197,True,0.1165,25.0,0.7417,True,True
immune_dendritic,malignant,TIMP1,CD63,1.3700624,0.0,1.701481,0.1011108887863363,0.191618043707259,0.004276634,0.9233525,1.0,0.0287949599976596,immune,tumor,immune-tumor,immune_to_tumor,,dendritic,,,,,0.0815,25.0,0.7859,True,True
immune_nk_cell,nerve_c2,S100A4,ERBB3,1.370009,0.0,1.3947388,1.52846141002458,1.1338062158694313,0.010736663,0.91601527,0.1564628907792524,0.0288142298534242,immune,nerve,immune-nerve,immune_to_nerve,nerve_c2,nk_cell,0.25,13.0,0.5666,True,0.0794,26.0,0.7523,True,True
nerve_c3,immune_tam,COL4A5,CD44,1.3699845,0.0,1.7624068,1.7764233622455712,1.499739638334478,0.01794195,0.9245882,0.0417087410909428,0.0288335095307356,nerve,immune,immune-nerve,nerve_to_immune,nerve_c3,tam,0.3912,13.0,0.4608,True,0.1165,25.0,0.7417,True,True
immune_nk_cell,nerve_c1,NCAM1,NCAM2,1.8584085,0.0,1.2447999,1.6942777224227965,1.705293953034738,0.021608995,0.9115357,0.0305880103951416,0.0288527917360798,immune,nerve,immune-nerve,immune_to_nerve,nerve_c1,nk_cell,0.1983,17.0,0.5642,True,0.0794,26.0,0.7523,True,True
nerve_c14,immune_nk_cell,PTN,NCL,1.3699718,0.0,1.8760531,0.4567320196532201,0.2585573059949473,0.010527972,0.926738,0.367371562934672,0.0288527917360798,nerve,immune,immune-nerve,nerve_to_immune,nerve_c14,nk_cell,0.4198,6.0,0.3596,True,0.0794,26.0,0.7523,True,True
nerve_c9,immune_dendritic,PTN,NCL,1.3695289,0.0,1.7529602,0.3895959532356315,-0.1104406227374528,0.009837203,0.92440057,0.94590274380163,0.028891378318581,nerve,immune,immune-nerve,nerve_to_immune,nerve_c9,dendritic,0.8791,5.0,0.1446,False,0.0815,25.0,0.7859,True,False
immune_tam,nerve_c7,VCAN,CD44,1.3690579,0.0,1.2486587,0.9261405854675584,1.330152141248388,0.06080564,0.9116604,0.0305300380145627,0.0289686292297007,immune,nerve,immune-nerve,immune_to_nerve,nerve_c7,tam,0.1793,26.0,0.7072,True,0.1165,25.0,0.7417,True,True
immune_tam,nerve_c22,TGS1,RXRA,0.09622572,0.991,0.009217063,-0.1249307449228379,-0.1290275736539994,0.0058973506,0.46995986,1.0,0.0289744949424252,immune,nerve,immune-nerve,immune_to_nerve,nerve_c22,tam,0.2879,24.0,0.4767,True,0.1165,25.0,0.7417,True,True
immune_dendritic,nerve_c4,HSPA8,LRP2,1.3690203,0.0,1.8699896,2.384102720512351,1.098942556134234,0.014653105,0.92662805,0.1167329035177227,0.0289879546504965,immune,nerve,immune-nerve,immune_to_nerve,nerve_c4,dendritic,0.1409,18.0,0.5987,True,0.0815,25.0,0.7859,True,True
immune_t_cell,nerve_c19,APOE,ABCA1,1.3689145,0.883,1.3373507,0.5215534615214275,-0.6236811031575034,0.00856674,0.91438484,1.0,0.0290266276663021,immune,nerve,immune-nerve,immune_to_nerve,nerve_c19,t_cell,0.9467,4.0,0.054,False,0.0821,23.0,0.7277,True,False
immune_tam,nerve_c5,VCAN,ITGB1,1.3686764,0.0,1.2470105,0.965936801702478,1.4596528366429788,0.028714806,0.9116072,0.0432774260187414,0.0290459752630973,immune,nerve,immune-nerve,immune_to_nerve,nerve_c5,tam,0.226,19.0,0.6259,True,0.1165,25.0,0.7417,True,True
nerve_c19,immune_nk_cell,COPA,CD74,1.3685365,0.168,1.749401,0.3203274139828603,-0.6007739082233384,0.006556649,0.9243295,1.0,0.0290653253720543,nerve,immune,immune-nerve,nerve_to_immune,nerve_c19,nk_cell,0.9467,4.0,0.054,False,0.0794,26.0,0.7523,True,False
immune_t_cell,malignant,MIF,EGFR,1.3685119,0.0,1.8325236,0.5103527556591303,2.0519735879270895,0.014184089,0.92593706,0.1315880049259271,0.0290846853141654,immune,tumor,immune-tumor,immune_to_tumor,,t_cell,,,,,0.0821,23.0,0.7277,True,True
immune_dendritic,nerve_c11,LGALS9,PTPRK,1.4224293,0.0,1.2386363,1.7206823505958195,1.5914552934762989,0.018192839,0.91133535,0.0287216475809662,0.0291040514291057,immune,nerve,immune-nerve,immune_to_nerve,nerve_c11,dendritic,0.1876,18.0,0.5976,True,0.0815,25.0,0.7859,True,True
immune_nk_cell,nerve_c5,CALM1,INSR,1.383687,0.0,1.2359042,0.6947778933647069,0.7843071080781656,0.007940023,0.91124606,0.4069164897766191,0.0292591878459126,immune,nerve,immune-nerve,immune_to_nerve,nerve_c5,nk_cell,0.226,19.0,0.6259,True,0.0794,26.0,0.7523,True,True
nerve_c19,immune_t_cell,COL4A5,CD44,1.3676482,0.0,1.8699151,2.048736965386282,1.7187395474326004,0.019036425,0.9266267,0.0162029657751999,0.0292980336474832,nerve,immune,immune-nerve,nerve_to_immune,nerve_c19,t_cell,0.9467,4.0,0.054,False,0.0821,23.0,0.7277,True,False
nerve_c11,immune_nk_cell,COL4A5,CD44,1.3676165,0.0,1.804702,2.226749588789603,1.664618571287102,0.01837253,0.9254108,0.0206841255118226,0.0293174676395567,nerve,immune,immune-nerve,nerve_to_immune,nerve_c11,nk_cell,0.1876,18.0,0.5976,True,0.0794,26.0,0.7523,True,True
immune_dendritic,nerve_c10,LGALS9,PTPRK,1.4166696,0.0,1.2324548,1.7119279874262672,1.6002670798633498,0.018102044,0.911133,0.029034056162224,0.0293757992720687,immune,nerve,immune-nerve,immune_to_nerve,nerve_c10,dendritic,0.2572,14.0,0.5531,True,0.0815,25.0,0.7859,True,True
nerve_c7,immune_dendritic,MIF,CD44_CD74,1.3675003,0.0,1.5994371,0.5771314285887603,0.6395192288701018,0.012816897,0.92113507,0.190962803593803,0.0293757992720687,nerve,immune,immune-nerve,nerve_to_immune,nerve_c7,dendritic,0.1793,26.0,0.7072,True,0.0815,25.0,0.7859,True,True
nerve_c6,immune_nk_cell,SPP1,ITGA4_ITGB1,1.3674812,0.002,1.2822688,0.3847712698155189,-0.558716734467394,0.013401275,0.91272414,1.0,0.0293952579382739,nerve,immune,immune-nerve,nerve_to_immune,nerve_c6,nk_cell,0.2107,18.0,0.6248,True,0.0794,26.0,0.7523,True,True
nerve_c19,immune_dendritic,HMGB1,CXCR4,1.3671757,0.0,1.6528952,0.0764778220091515,-0.0440269642143157,0.0061111003,0.922321,1.0,0.0294341900923051,nerve,immune,immune-nerve,nerve_to_immune,nerve_c19,dendritic,0.9467,4.0,0.054,False,0.0815,25.0,0.7859,True,False
immune_dendritic,nerve_c10,GRN,SORT1,1.3671532,0.0,1.8601532,1.1806239809724042,1.2486240925108136,0.014273237,0.9264486,0.1286196335661762,0.029453667261805,immune,nerve,immune-nerve,immune_to_nerve,nerve_c10,dendritic,0.2572,14.0,0.5531,True,0.0815,25.0,0.7859,True,True
immune_nk_cell,nerve_c19,CALM1,PDE1A,1.3826147,0.0,1.2311702,1.0854990975656775,0.9987951608819996,0.010499931,0.9110908,0.2610810313651762,0.029473146913185,immune,nerve,immune-nerve,immune_to_nerve,nerve_c19,nk_cell,0.9467,4.0,0.054,False,0.0794,26.0,0.7523,True,False
malignant,nerve_c19,NTRK3,PTPRD,1.6578139,0.0,1.2310616,1.848166413256621,2.1099331275979964,0.074027754,0.9110872,0.0013798053912508,0.0295121283987139,tumor,nerve,nerve-tumor,tumor_to_nerve,nerve_c19,,0.9467,4.0,0.054,False,,,,,False
immune_dendritic,nerve_c15,S100A4,ERBB3,1.3660178,0.0,1.6569312,1.8172264371963849,1.3304548044820488,0.012755013,0.92240834,0.0769769336867825,0.0295901653549193,immune,nerve,immune-nerve,immune_to_nerve,nerve_c15,dendritic,0.9903,1.0,0.0149,False,0.0815,25.0,0.7859,True,False
nerve_c10,immune_nk_cell,B2M,KLRD1,1.3659871,1.0,1.546998,1.840868830870025,-0.1061896217403561,0.012827037,0.9199157,0.4469336166452439,0.0296096918528826,nerve,immune,immune-nerve,nerve_to_immune,nerve_c10,nk_cell,0.2572,14.0,0.5531,True,0.0794,26.0,0.7523,True,True
immune_nk_cell,nerve_c14,GZMA,PARD3,1.365937,0.0,1.5590366,1.7995831970304164,1.9154444024644943,0.07695112,0.92020077,0.0010629597814746,0.0296292245162494,immune,nerve,immune-nerve,immune_to_nerve,nerve_c14,nk_cell,0.4198,6.0,0.3596,True,0.0794,26.0,0.7523,True,True
immune_t_cell,nerve_c15,S100A9,AGER,0.10539928,1.0,0.009277358,0.0045167057431999,-0.954759290935204,0.0066141975,0.47077206,1.0,0.029678850188293,immune,nerve,immune-nerve,immune_to_nerve,nerve_c15,t_cell,0.9903,1.0,0.0149,False,0.0821,23.0,0.7277,True,False
immune_t_cell,nerve_c5,CALM1,PDE1C,1.3657364,0.0,1.3556734,0.7995385480808996,0.9103313997864436,0.006085749,0.914916,0.4069164897766191,0.0297074094188168,immune,nerve,immune-nerve,immune_to_nerve,nerve_c5,t_cell,0.226,19.0,0.6259,True,0.0821,23.0,0.7277,True,True
malignant,nerve_c13,VIM,CD44,1.3655216,0.075,1.4515164,0.0963054101543258,0.3702970520474187,0.009803646,0.9175374,1.0,0.0297465388483755,tumor,nerve,nerve-tumor,tumor_to_nerve,nerve_c13,,0.9595,1.0,0.0572,False,,,,,False
immune_nk_cell,nerve_c11,CALM3,PDE1C,1.3652655,0.0,1.3247517,2.0071309044459102,1.6269452720568245,0.015956998,0.9140136,0.0245749037115208,0.0297856929271846,immune,nerve,immune-nerve,immune_to_nerve,nerve_c11,nk_cell,0.1876,18.0,0.5976,True,0.0794,26.0,0.7523,True,True
malignant,nerve_c11,NTRK3,PTPRD,1.6533227,0.0,1.2272348,1.8425565501775445,2.216515865095789,0.073797636,0.91096103,0.0014106854320133,0.0298640750237546,tumor,nerve,nerve-tumor,tumor_to_nerve,nerve_c11,,0.1876,18.0,0.5976,True,,,,,True
immune_nk_cell,nerve_c11,CALM1,RYR2,1.3816149,0.0,1.2267561,1.2633241064714498,1.0184595584985685,0.020799682,0.9109452,0.0432774260187414,0.029903303037116,immune,nerve,immune-nerve,immune_to_nerve,nerve_c11,nk_cell,0.1876,18.0,0.5976,True,0.0794,26.0,0.7523,True,True
nerve_c3,malignant,SEMA3A,NRP1_PLXNA1,0.09648797,0.0,0.009307813,0.1105745169890666,0.0533477938747784,0.037351597,0.47118032,0.6109191154765935,0.0300309839796917,nerve,tumor,nerve-tumor,nerve_to_tumor,nerve_c3,,0.3912,13.0,0.4608,True,,,,,True
nerve_c5,immune_dendritic,SPP1,ITGA4_ITGB1,2.1115136,0.0,1.223902,0.5093778391529393,-0.0388372575332962,0.01279127,0.91085064,0.726651156058375,0.0300407969727621,nerve,immune,immune-nerve,nerve_to_immune,nerve_c5,dendritic,0.226,19.0,0.6259,True,0.0815,25.0,0.7859,True,True
immune_dendritic,nerve_c4,S100A4,ERBB3,1.3636612,0.0,1.6483375,1.8093976490619017,1.3618842788766294,0.012688858,0.922222,0.0686103594956746,0.0300604651937686,immune,nerve,immune-nerve,immune_to_nerve,nerve_c4,dendritic,0.1409,18.0,0.5987,True,0.0815,25.0,0.7859,True,True
immune_t_cell,nerve_c4,CALM1,RYR2,1.3624719,0.0,1.3420962,1.365368641374174,1.0507288408284512,0.022755275,0.9145234,0.0432774260187414,0.0302772033959535,immune,nerve,immune-nerve,immune_to_nerve,nerve_c4,t_cell,0.1409,18.0,0.5987,True,0.0821,23.0,0.7277,True,True
nerve_c17,immune_dendritic,SPP1,ITGA4_ITGB1,2.1043394,0.0,1.2194105,0.5059622473594052,-0.1301582174123525,0.012744331,0.9107013,1.0,0.030316690027832,nerve,immune,immune-nerve,nerve_to_immune,nerve_c17,dendritic,0.6072,12.0,0.3472,False,0.0815,25.0,0.7859,True,False
immune_t_cell,nerve_c15,GZMA,PARD3,1.3621134,0.0,1.723921,1.848850090176744,2.2831896609850393,0.0850895,0.92381483,0.0005661124635955,0.030316690027832,immune,nerve,immune-nerve,immune_to_nerve,nerve_c15,t_cell,0.9903,1.0,0.0149,False,0.0821,23.0,0.7277,True,False
nerve_c22,immune_dendritic,MIF,CD44_CD74,1.3620967,0.0,1.5902802,0.5721046679586862,1.1184489086736629,0.012743519,0.9209263,0.1946907738616813,0.0303364444439138,nerve,immune,immune-nerve,nerve_to_immune,nerve_c22,dendritic,0.2879,24.0,0.4767,True,0.0815,25.0,0.7859,True,True
immune_t_cell,nerve_c6,HSPA8,LRP2,1.3620722,0.0,1.5412941,1.6791733778392617,1.4235589371880315,0.012077471,0.91977954,0.0554432002515414,0.0303562012770638,immune,nerve,immune-nerve,immune_to_nerve,nerve_c6,t_cell,0.2107,18.0,0.6248,True,0.0821,23.0,0.7277,True,True
malignant,nerve_c22,PTN,PTPRS,1.4119687,0.0,1.2132661,0.7254257013365043,2.3193113068563203,0.035938162,0.9104957,0.0432774260187414,0.0306533219802077,tumor,nerve,nerve-tumor,tumor_to_nerve,nerve_c22,,0.2879,24.0,0.4767,True,,,,,True
nerve_c20,immune_microglia,SPP1,PTGER4,1.7675194,0.0,1.2110682,0.2945052292881269,-0.1614232849454634,0.012101213,0.9104217,1.0,0.0308123549513904,nerve,immune,immune-nerve,nerve_to_immune,nerve_c20,microglia,0.3415,15.0,0.5197,True,0.0187,44.0,0.9088,True,True
nerve_c6,malignant,SPP1,CD44,1.3589368,1.0,1.2457988,-0.1006366635324239,-1.0908754910992,0.0034661123,0.91156805,1.0,0.0308720942321494,nerve,tumor,nerve-tumor,nerve_to_tumor,nerve_c6,,0.2107,18.0,0.6248,True,,,,,True
nerve_c11,immune_tam,ADAM10,CD44,1.3585391,0.0,1.7233027,1.0410695154224645,1.1989339615662702,0.018969694,0.9238022,0.044125430204746,0.0309518301482119,nerve,immune,immune-nerve,nerve_to_immune,nerve_c11,tam,0.1876,18.0,0.5976,True,0.1165,25.0,0.7417,True,True
immune_tam,nerve_c22,TIMP1,FGFR2,1.4713367,0.0,1.2078686,1.2237049994469402,1.982569044497844,0.008024024,0.91031384,0.1241165000452699,0.0310116947261096,immune,nerve,immune-nerve,immune_to_nerve,nerve_c22,tam,0.2879,24.0,0.4767,True,0.1165,25.0,0.7417,True,True
nerve_c6,immune_t_cell,HLA-A,CD8A,1.3567418,0.0,1.767687,0.7211916357928452,0.9350790253198512,0.037531152,0.9246924,0.0432774260187414,0.0311516000876122,nerve,immune,immune-nerve,nerve_to_immune,nerve_c6,t_cell,0.2107,18.0,0.6248,True,0.0821,23.0,0.7277,True,True
immune_t_cell,nerve_c15,CALM1,PDE1C,1.3556995,0.0,1.3139291,0.7796011751884211,0.6891060370142961,0.005898354,0.91369075,0.4069164897766191,0.0311916277977645,immune,nerve,immune-nerve,immune_to_nerve,nerve_c15,t_cell,0.9903,1.0,0.0149,False,0.0821,23.0,0.7277,True,False
malignant,nerve_c22,APP,CD74,1.355689,0.814,1.8205326,0.116634967179265,0.0482007674234816,0.032719128,0.92571163,1.0,0.0312116527604204,tumor,nerve,nerve-tumor,tumor_to_nerve,nerve_c22,,0.2879,24.0,0.4767,True,,,,,True
immune_nk_cell,nerve_c7,CALM1,PTPRA,1.376447,0.0,1.2039391,0.4078842460789025,0.4291881278096138,0.0071002888,0.9101807,0.5156140975987988,0.0313319201469733,immune,nerve,immune-nerve,immune_to_nerve,nerve_c7,nk_cell,0.1793,26.0,0.7072,True,0.0794,26.0,0.7523,True,True
immune_nk_cell,nerve_c1,HSPA8,LRP2,1.355278,0.0,1.7471532,2.026716124971654,1.1933802971152752,0.013690568,0.9242846,0.1271288655893507,0.0313519881022529,immune,nerve,immune-nerve,immune_to_nerve,nerve_c1,nk_cell,0.1983,17.0,0.5642,True,0.0794,26.0,0.7523,True,True
nerve_c20,immune_microglia,COPA,CD74,2.11071,0.0,1.2030245,0.3226090500393817,1.464391720606118,0.004508863,0.91014963,0.6884672521685434,0.0314122250144165,nerve,immune,immune-nerve,nerve_to_immune,nerve_c20,microglia,0.3415,15.0,0.5197,True,0.0187,44.0,0.9088,True,True
nerve_c7,malignant,SPP1,ITGAV_ITGB1,1.8156253,0.0,1.2025924,0.0675741967002867,-0.8489756388834193,0.0049700094,0.910135,1.0,0.0314323137307459,nerve,tumor,nerve-tumor,nerve_to_tumor,nerve_c7,,0.1793,26.0,0.7072,True,,,,,True
immune_t_cell,nerve_c2,CALM1,PDE1C,1.3548429,0.0,1.3103658,0.7778992246759728,0.7386615559114746,0.0058823586,0.9135836,0.4069164897766191,0.0314524123869583,immune,nerve,immune-nerve,immune_to_nerve,nerve_c2,t_cell,0.25,13.0,0.5666,True,0.0821,23.0,0.7277,True,True
immune_dendritic,nerve_c17,AREG,ERBB3,1.3542335,0.0,1.788462,2.6225278837689157,2.2775469501843246,0.02725416,0.92509824,0.0008478148010303,0.0315529863361794,immune,nerve,immune-nerve,immune_to_nerve,nerve_c17,dendritic,0.6072,12.0,0.3472,False,0.0815,25.0,0.7859,True,False
immune_t_cell,nerve_c9,TNFSF9,TRAF2,0.11043243,0.0,0.0094476435,0.2240192450031216,0.2224649517554341,0.021137103,0.47303843,0.2714336726338451,0.031615248923579,immune,nerve,immune-nerve,immune_to_nerve,nerve_c9,t_cell,0.8791,5.0,0.1446,False,0.0821,23.0,0.7277,True,False
immune_nk_cell,nerve_c17,HSPA8,LRP2,1.3534715,0.0,1.7411748,2.0200839869806493,0.9540464663044612,0.013643721,0.92416453,0.1522488523349396,0.0317142306385911,immune,nerve,immune-nerve,immune_to_nerve,nerve_c17,nk_cell,0.6072,12.0,0.3472,False,0.0794,26.0,0.7523,True,False
malignant,nerve_c17,CALM1,PDE1C,1.3525276,0.0,1.8122188,1.0996600018623994,0.8815972170800307,0.008199226,0.9255541,0.403797961062817,0.0317747989709166,tumor,nerve,nerve-tumor,tumor_to_nerve,nerve_c17,,0.6072,12.0,0.3472,False,,,,,False
nerve_c14,immune_dendritic,VCAN,CD44,1.352055,0.0,1.5732638,0.895976725755605,0.9198293168356402,0.02985891,0.92053366,0.0432774260187414,0.0318960974361076,nerve,immune,immune-nerve,nerve_to_immune,nerve_c14,dendritic,0.4198,6.0,0.3596,True,0.0815,25.0,0.7859,True,True
immune_nk_cell,nerve_c19,S100A4,ERBB3,1.3516178,0.0,1.3188051,1.4673595261941972,1.1817018961069687,0.010152128,0.91383666,0.1331856869278253,0.0319568313782817,immune,nerve,immune-nerve,immune_to_nerve,nerve_c19,nk_cell,0.9467,4.0,0.054,False,0.0794,26.0,0.7523,True,False
nerve_c5,immune_dendritic,B2M,CD1C,2.0542321,0.0,1.1968982,1.6748216584091873,0.4396598616826184,0.06643074,0.90994066,0.048967782348301,0.0320176166754515,nerve,immune,immune-nerve,nerve_to_immune,nerve_c5,dendritic,0.226,19.0,0.6259,True,0.0815,25.0,0.7859,True,True
immune_tam,nerve_c22,S100A9,ITGB2,1.8362871,0.0,1.1965266,1.173213056535385,1.8178483008927069,0.2174153,0.90992796,0.0085403866617776,0.0320987521246575,immune,nerve,immune-nerve,immune_to_nerve,nerve_c22,tam,0.2879,24.0,0.4767,True,0.1165,25.0,0.7417,True,True
immune_dendritic,nerve_c2,HLA-A,APLP2,1.4884648,0.0,1.1960601,0.0076174760031224,-0.3409983269776271,0.009504999,0.909912,1.0,0.032179989495588,immune,nerve,immune-nerve,immune_to_nerve,nerve_c2,dendritic,0.25,13.0,0.5666,True,0.0815,25.0,0.7859,True,True
nerve_c0,immune_t_cell,MIF,CD44_CD74,1.3507721,0.0,1.8245431,0.591323726855392,0.6864325047803838,0.014620756,0.92578727,0.1175359167587583,0.0322003112785964,nerve,immune,immune-nerve,nerve_to_immune,nerve_c0,t_cell,0.4029,19.0,0.5772,True,0.0821,23.0,0.7277,True,True
nerve_c20,immune_dendritic,B2M,CD1C,2.0489569,0.0,1.193569,1.6717234011111657,0.50071415169054,0.06624596,0.9098265,0.0432774260187414,0.0324038892062969,nerve,immune,immune-nerve,nerve_to_immune,nerve_c20,dendritic,0.3415,15.0,0.5197,True,0.0815,25.0,0.7859,True,True
nerve_c0,malignant,APP,LRP1,1.3488681,0.0,1.2636595,0.8705055427139576,1.0092585679310375,0.01591832,0.9121401,0.0870557619286422,0.0325059079113118,nerve,tumor,nerve-tumor,nerve_to_tumor,nerve_c0,,0.4029,19.0,0.5772,True,,,,,True
immune_nk_cell,malignant,TGFB1,EGFR,1.3484793,0.0,1.7696508,0.9508671200992376,2.765792874419012,0.07543776,0.9247311,0.0185587167867764,0.0326080758630631,immune,tumor,immune-tumor,immune_to_tumor,,nk_cell,,,,,0.0794,26.0,0.7523,True,True
immune_dendritic,nerve_neuron,CALM1,GRM5,1.3480519,0.0,1.817154,2.5504416794186566,1.112506191368808,0.07781894,0.92564774,0.0106144685933238,0.0326694532067756,immune,nerve,immune-nerve,immune_to_nerve,nerve_neuron,dendritic,0.4,10.0,0.5084,True,0.0815,25.0,0.7859,True,True
immune_dendritic,nerve_neuron,HLA-A,APLP2,1.4871756,0.0,1.1896186,0.0061071401325896,-0.2664668692412488,0.009453809,0.9096904,1.0,0.0327308856534595,immune,nerve,immune-nerve,immune_to_nerve,nerve_neuron,dendritic,0.4,10.0,0.5084,True,0.0815,25.0,0.7859,True,True
immune_microglia,nerve_c20,C3,CD81,1.3474619,0.0,1.6102582,0.3351604525447043,1.410571203878646,0.030329155,0.9213796,0.1141077521327281,0.0327923693170589,immune,nerve,immune-nerve,immune_to_nerve,nerve_c20,microglia,0.3415,15.0,0.5197,True,0.0187,44.0,0.9088,True,True
nerve_c17,immune_dendritic,LGALS3,ENG,0.11441065,1.0,0.009519681,-0.321988858838398,-0.9422130969213034,0.001551814,0.47398528,1.0,0.0328470670273668,nerve,immune,immune-nerve,nerve_to_immune,nerve_c17,dendritic,0.6072,12.0,0.3472,False,0.0815,25.0,0.7859,True,False
immune_nk_cell,nerve_c2,CALM1,GRM3,1.3727509,0.0,1.1876211,1.1517279883255902,0.8519461314906234,0.0081169605,0.90962136,0.4069164897766191,0.0328539119439374,immune,nerve,immune-nerve,immune_to_nerve,nerve_c2,nk_cell,0.25,13.0,0.5666,True,0.0794,26.0,0.7523,True,True
nerve_c6,immune_t_cell,SPP1,PTGER4,1.3468564,0.3,1.1942368,0.2050946000378355,-0.6479077453125379,0.011933031,0.9098494,1.0,0.0328949696678956,nerve,immune,immune-nerve,nerve_to_immune,nerve_c6,t_cell,0.2107,18.0,0.6248,True,0.0821,23.0,0.7277,True,True
immune_nk_cell,malignant,ANXA1,EGFR,1.3457243,0.0,1.7610042,0.5904387655465602,2.2340079626824685,0.04643326,0.9245604,0.0432774260187414,0.0329771585433118,immune,tumor,immune-tumor,immune_to_tumor,,nk_cell,,,,,0.0794,26.0,0.7523,True,True
nerve_c17,immune_dendritic,MDK,LRP1,0.10267347,1.0,0.009528861,-0.4195309407533224,-0.8695188286267175,0.00094507245,0.47410545,1.0,0.0330230132179815,nerve,immune,immune-nerve,nerve_to_immune,nerve_c17,dendritic,0.6072,12.0,0.3472,False,0.0815,25.0,0.7859,True,False
nerve_c0,immune_t_cell,HLA-A,CD8A,1.3450332,0.0,1.7422456,0.7124058936105718,0.8124591718170107,0.03699099,0.9241861,0.0432774260187414,0.0330800342388761,nerve,immune,immune-nerve,nerve_to_immune,nerve_c0,t_cell,0.4029,19.0,0.5772,True,0.0821,23.0,0.7277,True,True
nerve_c3,immune_tam,DLL1,NOTCH1,0.09789815,0.773,0.009537245,0.024567688261565,-0.0633730918618366,0.00554481,0.4742151,1.0,0.0331989524529557,nerve,immune,immune-nerve,nerve_to_immune,nerve_c3,tam,0.3912,13.0,0.4608,True,0.1165,25.0,0.7417,True,True
nerve_c10,immune_tam,TF,TFRC,1.3442719,0.0,1.2895205,1.7908469045793305,1.6722653908365337,0.0152607905,0.9129485,0.0231485995343659,0.0332036884888816,nerve,immune,immune-nerve,nerve_to_immune,nerve_c10,tam,0.2572,14.0,0.5531,True,0.1165,25.0,0.7417,True,True
immune_tam,nerve_c21,PSAP,GPR37,1.5270133,0.0,1.182523,0.936579706212753,0.961483035708484,0.008879335,0.90944433,0.3201364436387201,0.0332449541970074,immune,nerve,immune-nerve,immune_to_nerve,nerve_c21,tam,0.8488,6.0,0.1222,False,0.1165,25.0,0.7417,True,False
nerve_c22,malignant,SPP1,ITGAV_ITGB1,1.7872521,0.014,1.181676,0.0540621538017922,-0.3937676318317825,0.0048835673,0.9094148,1.0,0.0333275589846636,nerve,tumor,nerve-tumor,nerve_to_tumor,nerve_c22,,0.2879,24.0,0.4767,True,,,,,True
nerve_c12,immune_dendritic,SPP1,ITGA4_ITGB1,2.0440469,0.0,1.1816652,0.4772503555194799,-0.1466680862896165,0.012349846,0.90941447,1.0,0.033348223510747,nerve,immune,immune-nerve,nerve_to_immune,nerve_c12,dendritic,0.8072,7.0,0.2013,False,0.0815,25.0,0.7859,True,False
immune_t_cell,nerve_c3,S100A4,ERBB3,1.3603665,0.0,1.1800884,1.3526324407137862,1.415365368459907,0.009084289,0.90935946,0.0826446928828494,0.0334516495616629,immune,nerve,immune-nerve,immune_to_nerve,nerve_c3,t_cell,0.3912,13.0,0.4608,True,0.0821,23.0,0.7277,True,True
nerve_c1,immune_t_cell,ALCAM,CD6,1.3422078,0.0,1.3135502,1.705231752929385,1.7553378854426829,0.04698511,0.91367936,0.0166691513874333,0.0334723546755153,nerve,immune,immune-nerve,nerve_to_immune,nerve_c1,t_cell,0.1983,17.0,0.5642,True,0.0821,23.0,0.7277,True,True
nerve_c9,immune_dendritic,HLA-A,APLP2,1.3993016,0.584,1.1800076,-0.0511885661080116,-0.519343043700563,0.009940615,0.90935665,1.0,0.0334930619840009,nerve,immune,immune-nerve,nerve_to_immune,nerve_c9,dendritic,0.8791,5.0,0.1446,False,0.0815,25.0,0.7859,True,False
nerve_c15,immune_t_cell,VCAN,ITGA4,1.3412421,0.0,1.272191,1.3770699476943822,1.6001191281808684,0.076471426,0.91240937,0.0031256829014288,0.0335759640830744,nerve,immune,immune-nerve,nerve_to_immune,nerve_c15,t_cell,0.9903,1.0,0.0149,False,0.0821,23.0,0.7277,True,False
nerve_c7,malignant,TIMP1,CD63,1.3403198,0.0,1.5950563,0.0731216851892631,0.0105576359312309,0.013188592,0.9210354,0.7820938198589502,0.0336381999125481,nerve,tumor,nerve-tumor,nerve_to_tumor,nerve_c7,,0.1793,26.0,0.7072,True,,,,,True
immune_t_cell,nerve_c5,CALM1,GRM3,1.339744,0.0,1.2475674,1.1967524350504402,0.9965689989833566,0.008526672,0.9116252,0.2634342860513842,0.033721273092363,immune,nerve,immune-nerve,immune_to_nerve,nerve_c5,t_cell,0.226,19.0,0.6259,True,0.0821,23.0,0.7277,True,True
nerve_c0,immune_microglia,EDIL3,ITGAV,1.3396556,0.0,1.2655063,1.7722853720388478,1.5685811592046592,0.01643045,0.9121986,0.0317868164203474,0.0337836411362141,nerve,immune,immune-nerve,nerve_to_immune,nerve_c0,microglia,0.4029,19.0,0.5772,True,0.0187,44.0,0.9088,True,True
immune_nk_cell,nerve_c13,GZMB,CHRM3,1.3396344,0.0,1.6570262,2.900069474166415,2.7208248857945474,0.11894815,0.92241037,6.245530069612955e-05,0.0338044400764036,immune,nerve,immune-nerve,immune_to_nerve,nerve_c13,nk_cell,0.9595,1.0,0.0572,False,0.0794,26.0,0.7523,True,False
nerve_c19,immune_microglia,APP,LRP1,1.3476272,0.0,1.1752852,0.8613421145392443,1.0159249958524534,0.014746793,0.90919125,0.114151503007714,0.0339293698160171,nerve,immune,immune-nerve,nerve_to_immune,nerve_c19,microglia,0.9467,4.0,0.054,False,0.0187,44.0,0.9088,True,False
nerve_c20,immune_dendritic,LGALS1,PTPRC,1.338906,0.0,1.7875537,0.2320526910786302,0.2069882880722142,0.014968439,0.9250806,0.2567434076235717,0.0339502193807256,nerve,immune,immune-nerve,nerve_to_immune,nerve_c20,dendritic,0.3415,15.0,0.5197,True,0.0815,25.0,0.7859,True,True
nerve_c3,immune_t_cell,ADAM10,CD44,1.3388877,0.0,1.7925911,1.0994306223118238,1.1521972876849649,0.019732403,0.92517805,0.0432774260187414,0.0339710671649375,nerve,immune,immune-nerve,nerve_to_immune,nerve_c3,t_cell,0.3912,13.0,0.4608,True,0.0821,23.0,0.7277,True,True
nerve_c7,immune_dendritic,SPP1,PTGER4,1.8113276,0.0,1.1745485,0.2999297153206863,-0.4368590699361452,0.011736304,0.9091653,1.0,0.0339710671649375,nerve,immune,immune-nerve,nerve_to_immune,nerve_c7,dendritic,0.1793,26.0,0.7072,True,0.0815,25.0,0.7859,True,True
immune_dendritic,nerve_c14,S100A4,ERBB3,1.338544,0.0,1.5567472,1.7259490883390065,1.415881479012989,0.011983799,0.9201468,0.0568087790633434,0.0339919210528376,immune,nerve,immune-nerve,immune_to_nerve,nerve_c14,dendritic,0.4198,6.0,0.3596,True,0.0815,25.0,0.7859,True,True
nerve_c6,immune_dendritic,LAMA2,RPSA,1.5061325,0.0,1.1734115,0.7355616050533107,0.9585646250438464,0.021320624,0.9091253,0.0432774260187414,0.0340545272342345,nerve,immune,immune-nerve,nerve_to_immune,nerve_c6,dendritic,0.2107,18.0,0.6248,True,0.0815,25.0,0.7859,True,True
nerve_c3,immune_dendritic,VEGFD,ITGA5,0.099636115,0.0,0.009570559,0.4400420793336146,0.0566330510857395,0.015317409,0.47464976,0.4773313548244328,0.0340785422184538,nerve,immune,immune-nerve,nerve_to_immune,nerve_c3,dendritic,0.3912,13.0,0.4608,True,0.0815,25.0,0.7859,True,True
immune_tam,nerve_c14,LGALS1,ITGB1,1.5939391,0.0,1.1729434,0.4209573964086824,0.4962230654308465,0.00991526,0.9091089,0.4360681620676172,0.0340962978439088,immune,nerve,immune-nerve,immune_to_nerve,nerve_c14,tam,0.4198,6.0,0.3596,True,0.1165,25.0,0.7417,True,True
immune_tam,nerve_c6,CALM1,PDE1C,1.3382578,0.0,1.7521154,1.0428825570187497,0.9049676433751476,0.007865415,0.92438376,0.368410264977587,0.0341171883527828,immune,nerve,immune-nerve,immune_to_nerve,nerve_c6,tam,0.2107,18.0,0.6248,True,0.1165,25.0,0.7417,True,True
immune_t_cell,nerve_c12,CD14,TLR1,0.10763344,1.0,0.009578305,-0.3869337532785325,-1.2761359389520115,0.0034157056,0.47475067,1.0,0.0342544397225542,immune,nerve,immune-nerve,immune_to_nerve,nerve_c12,t_cell,0.8072,7.0,0.2013,False,0.0821,23.0,0.7277,True,False
immune_dendritic,nerve_c20,TIMP1,FGFR2,1.3372877,0.0,1.6391419,1.9145516568004417,1.504471323509075,0.010889027,0.92202115,0.0410055187383315,0.0343683741170486,immune,nerve,immune-nerve,immune_to_nerve,nerve_c20,dendritic,0.3415,15.0,0.5197,True,0.0815,25.0,0.7859,True,True
immune_tam,nerve_c20,GRN,SORT1,1.3368218,0.0,1.6239439,0.99469774408573,1.2812602178393808,0.012460769,0.92168564,0.2094258936792725,0.0344103277873626,immune,nerve,immune-nerve,immune_to_nerve,nerve_c20,tam,0.3415,15.0,0.5197,True,0.1165,25.0,0.7417,True,True
nerve_c1,immune_tam,EDIL3,ITGAV,1.6672271,0.0,1.1701794,2.406824637676246,1.7501742089917598,0.015192793,0.90901136,0.0142268454233063,0.0344522979163925,nerve,immune,immune-nerve,nerve_to_immune,nerve_c1,tam,0.1983,17.0,0.5642,True,0.1165,25.0,0.7417,True,True
immune_nk_cell,nerve_c0,CALM1,PTPRA,1.368407,0.0,1.168443,0.3965232230580378,0.4268250941282526,0.006890949,0.9089499,0.551256520973932,0.0347046626716678,immune,nerve,immune-nerve,immune_to_nerve,nerve_c0,nk_cell,0.4029,19.0,0.5772,True,0.0794,26.0,0.7523,True,True
immune_t_cell,nerve_c2,CALM1,INSR,1.3356057,0.0,1.2303557,0.6681440299979566,0.6587503822211431,0.007904378,0.91106397,0.4069164897766191,0.0347046626716678,immune,nerve,immune-nerve,immune_to_nerve,nerve_c2,t_cell,0.25,13.0,0.5666,True,0.0821,23.0,0.7277,True,True
immune_dendritic,nerve_c17,LGALS1,ITGB1,1.3349903,0.0,1.7000905,0.4154335174796237,0.1395583906085761,0.0143714,0.9233235,0.3137091265861474,0.03476789103012,immune,nerve,immune-nerve,immune_to_nerve,nerve_c17,dendritic,0.6072,12.0,0.3472,False,0.0815,25.0,0.7859,True,False
nerve_c13,immune_microglia,APOE,TREM2,1.3344636,0.843,1.7427973,0.0814054027821645,0.2958343688717111,0.033911172,0.9241972,1.0,0.0349156345066085,nerve,immune,immune-nerve,nerve_to_immune,nerve_c13,microglia,0.9595,1.0,0.0572,False,0.0187,44.0,0.9088,True,False
nerve_c22,malignant,APOE,ABCA1,1.4432099,0.357,1.164396,0.0093464119538026,-0.3932201412439289,0.021106765,0.9088062,1.0,0.0349367628059238,nerve,tumor,nerve-tumor,nerve_to_tumor,nerve_c22,,0.2879,24.0,0.4767,True,,,,,True
nerve_c14,immune_microglia,IGSF11,VSIR,1.334413,0.0,1.58747,1.966182603504185,2.1344041792862445,0.033257775,0.92086184,0.0128368713527175,0.0349578971962809,nerve,immune,immune-nerve,nerve_to_immune,nerve_c14,microglia,0.4198,6.0,0.3596,True,0.0187,44.0,0.9088,True,True
nerve_c15,immune_nk_cell,VCAN,ITGA4,1.3339257,0.0,1.2419456,1.3619072732007516,1.4709413155737203,0.07465337,0.9114431,0.0033466910845619,0.0350213449152835,nerve,immune,immune-nerve,nerve_to_immune,nerve_c15,nk_cell,0.9903,1.0,0.0149,False,0.0794,26.0,0.7523,True,False
nerve_c14,immune_tam,VCAN,ITGB1,1.3337703,0.0,1.5053608,0.947981102303709,1.06338817203864,0.04243821,0.9189049,0.0272211953225307,0.0350425036693628,nerve,immune,immune-nerve,nerve_to_immune,nerve_c14,tam,0.4198,6.0,0.3596,True,0.1165,25.0,0.7417,True,True
immune_nk_cell,nerve_c19,CALM1,RYR2,1.3673737,0.0,1.1638808,1.2127835675933134,1.0087611040985114,0.019733628,0.9087879,0.0432774260187414,0.0351060244821509,immune,nerve,immune-nerve,immune_to_nerve,nerve_c19,nk_cell,0.9467,4.0,0.054,False,0.0794,26.0,0.7523,True,False
malignant,nerve_c11,CALM3,PDE1C,1.3335835,0.0,1.1917144,1.9643267524310892,1.5609360810526154,0.014467456,0.9097627,0.0327748196803995,0.0351272075955533,tumor,nerve,nerve-tumor,tumor_to_nerve,nerve_c11,,0.1876,18.0,0.5976,True,,,,,True
malignant,immune_nk_cell,MIF,CD74_CXCR4,1.332839,1.0,1.626605,-0.101625723296275,-0.912956444257378,0.0032781584,0.9217447,1.0,0.0351908014889277,tumor,immune,immune-tumor,tumor_to_immune,,nk_cell,,,,,0.0794,26.0,0.7523,True,True
nerve_c20,malignant,SPP1,ITGAV_ITGB1,1.7596226,0.0,1.1613079,0.040904640904323,-0.7812256169861431,0.004799391,0.9086961,1.0,0.0352969157712459,nerve,tumor,nerve-tumor,nerve_to_tumor,nerve_c20,,0.3415,15.0,0.5197,True,,,,,True
nerve_c6,immune_tam,PSEN1,CD44,1.3323061,0.0,1.6336757,1.163793112677414,1.3824675721014774,0.0133342855,0.921901,0.1514237335564282,0.0353181536787681,nerve,immune,immune-nerve,nerve_to_immune,nerve_c6,tam,0.2107,18.0,0.6248,True,0.1165,25.0,0.7417,True,True
immune_microglia,nerve_c5,GRN,SORT1,1.3321397,0.0,1.774034,1.1137564246909897,1.679586514551294,0.013612433,0.9248171,0.1533925006631396,0.0353393976723834,immune,nerve,immune-nerve,immune_to_nerve,nerve_c5,microglia,0.226,19.0,0.6259,True,0.0187,44.0,0.9088,True,True
malignant,nerve_c13,PTN,PTPRS,1.4000819,0.0,1.1586969,0.7062282255794299,2.094565794140646,0.03432177,0.9086027,0.0432774260187414,0.0356161555744308,tumor,nerve,nerve-tumor,tumor_to_nerve,nerve_c13,,0.9595,1.0,0.0572,False,,,,,False
immune_dendritic,nerve_c13,FARP2,PLXNA1,0.09954406,0.514,0.00965599,0.0012860093168222,-0.0544976662822046,0.01936982,0.47575793,1.0,0.035661369398494,immune,nerve,immune-nerve,immune_to_nerve,nerve_c13,dendritic,0.9595,1.0,0.0572,False,0.0815,25.0,0.7859,True,False
nerve_c6,malignant,NCAM1,PTPRA,1.3302556,0.0,1.4278119,0.9625521813042658,1.293339582399509,0.017370615,0.9169123,0.0623694718449697,0.035680169433663,nerve,tumor,nerve-tumor,nerve_to_tumor,nerve_c6,,0.2107,18.0,0.6248,True,,,,,True
nerve_c3,immune_microglia,APP,LRP1,1.3319254,0.0,1.158104,0.8439381539560167,0.9319837680242972,0.014531212,0.90858144,0.1202653275256589,0.035680169433663,nerve,immune,immune-nerve,nerve_to_immune,nerve_c3,microglia,0.3912,13.0,0.4608,True,0.0187,44.0,0.9088,True,True
immune_microglia,nerve_c20,TIMP1,CD63,1.3301036,0.079,1.2811848,0.0438805949992917,-0.2486759416438727,0.007057286,0.91269046,1.0,0.0357015168603079,immune,nerve,immune-nerve,immune_to_nerve,nerve_c20,microglia,0.3415,15.0,0.5197,True,0.0187,44.0,0.9088,True,True
nerve_c0,immune_t_cell,PTN,NCL,1.3300121,0.0,1.69847,0.3703865088907766,0.0787059313877056,0.009531417,0.9232898,0.4839551639138477,0.0357228703680973,nerve,immune,immune-nerve,nerve_to_immune,nerve_c0,t_cell,0.4029,19.0,0.5772,True,0.0821,23.0,0.7277,True,True
malignant,nerve_c5,NCAM1,FGFR2,1.3290707,0.0,1.720043,1.959065089945864,2.02309592425917,0.041445352,0.92373556,0.0131350267095322,0.0358511352919212,tumor,nerve,nerve-tumor,tumor_to_nerve,nerve_c5,,0.226,19.0,0.6259,True,,,,,True
nerve_c15,immune_nk_cell,TGFB1,TGFBR1_TGFBR2,0.124601774,1.0,0.009687226,-0.355725775582085,-0.658963433239407,0.005135532,0.47616068,1.0,0.0360130281216028,nerve,immune,immune-nerve,nerve_to_immune,nerve_c15,nk_cell,0.9903,1.0,0.0149,False,0.0794,26.0,0.7523,True,False
nerve_c21,immune_dendritic,B2M,CD1C,1.9834087,0.001,1.1521997,1.63322472255463,0.4316608143188203,0.06394987,0.90836895,0.0758458115764421,0.0363233015732483,nerve,immune,immune-nerve,nerve_to_immune,nerve_c21,dendritic,0.8488,6.0,0.1222,False,0.0815,25.0,0.7859,True,False
nerve_c4,immune_nk_cell,B2M,KLRD1,1.3261545,1.0,1.3931867,1.8174739084880944,-0.3770291980898841,0.0115517,0.9159724,0.4636261357044643,0.0363233015732483,nerve,immune,immune-nerve,nerve_to_immune,nerve_c4,nk_cell,0.1409,18.0,0.5987,True,0.0794,26.0,0.7523,True,True
immune_nk_cell,nerve_c10,CALM1,RYR2,1.364613,0.0,1.151692,1.2029857337935632,1.0838478415683106,0.01952697,0.90835065,0.0432774260187414,0.0363663671657157,immune,nerve,immune-nerve,immune_to_nerve,nerve_c10,nk_cell,0.2572,14.0,0.5531,True,0.0794,26.0,0.7523,True,True
immune_nk_cell,nerve_c0,CALM1,INSR,1.3645339,0.0,1.1513426,0.6581223692347292,0.7074773946447557,0.007396761,0.908338,0.4069164897766191,0.0363879172227197,immune,nerve,immune-nerve,immune_to_nerve,nerve_c0,nk_cell,0.4029,19.0,0.5772,True,0.0794,26.0,0.7523,True,True
nerve_c1,immune_t_cell,SPP1,CD44,1.3257585,1.0,1.7572926,0.1017856487869295,-1.260322909083861,0.0057987818,0.9244868,1.0,0.0364094652026685,nerve,immune,immune-nerve,nerve_to_immune,nerve_c1,t_cell,0.1983,17.0,0.5642,True,0.0821,23.0,0.7277,True,True
nerve_c13,immune_tam,TIMP2,CD44,1.3255159,0.0,1.6104761,0.8511536910566841,1.184548468808404,0.014660906,0.9213846,0.1165772411367666,0.0364957260036232,nerve,immune,immune-nerve,nerve_to_immune,nerve_c13,tam,0.9595,1.0,0.0572,False,0.1165,25.0,0.7417,True,False
nerve_c10,immune_nk_cell,COL4A5,CD44,1.3254064,0.0,1.7108817,2.1178757956203,1.7111071905349735,0.017417405,0.9235472,0.0168247339070195,0.0365388969218175,nerve,immune,immune-nerve,nerve_to_immune,nerve_c10,nk_cell,0.2572,14.0,0.5531,True,0.0794,26.0,0.7523,True,True
immune_microglia,nerve_c7,C3,CD81,1.3251028,0.0,1.5297353,0.3139071684538683,1.1604445632402007,0.028812505,0.91950136,0.1374018146113614,0.0366036947564816,immune,nerve,immune-nerve,immune_to_nerve,nerve_c7,microglia,0.1793,26.0,0.7072,True,0.0187,44.0,0.9088,True,True
immune_t_cell,nerve_c19,CALM3,PDE1C,1.3247392,0.0,1.4126918,1.8920808854346292,1.6208745993179567,0.017016262,0.9165059,0.025420775042703,0.0366685390497433,immune,nerve,immune-nerve,immune_to_nerve,nerve_c19,t_cell,0.9467,4.0,0.054,False,0.0821,23.0,0.7277,True,False
immune_dendritic,nerve_c2,LGALS1,ITGB1,1.3246342,0.0,1.6665049,0.4018066912231156,0.2021742524048915,0.01408749,0.9226142,0.2195725256523336,0.0367118071090625,immune,nerve,immune-nerve,immune_to_nerve,nerve_c2,dendritic,0.25,13.0,0.5666,True,0.0815,25.0,0.7859,True,True
nerve_c6,immune_tam,TF,TFRC,1.3241807,0.0,1.2644119,1.757123730368389,1.6638550427533088,0.014963644,0.912164,0.0254501862188243,0.036798407876394,nerve,immune,immune-nerve,nerve_to_immune,nerve_c6,tam,0.2107,18.0,0.6248,True,0.1165,25.0,0.7417,True,True
nerve_c13,malignant,TNC,EGFR,1.323968,0.0,1.6927217,0.9450477176745726,2.71029632626323,0.3545288,0.9231696,5.225694604637937e-05,0.0368200711901842,nerve,tumor,nerve-tumor,nerve_to_tumor,nerve_c13,,0.9595,1.0,0.0572,False,,,,,False
nerve_c1,immune_tam,TF,TFRC,1.3239466,0.0,1.2641194,1.7567317711327786,1.500348297966894,0.01496018,0.9121547,0.0415602282410418,0.036841748770753,nerve,immune,immune-nerve,nerve_to_immune,nerve_c1,tam,0.1983,17.0,0.5642,True,0.1165,25.0,0.7417,True,True
nerve_neuron,immune_t_cell,COPA,CD74,1.360371,0.005,1.1453986,0.0599975987876289,-0.6701861832766046,0.0042928844,0.9081223,1.0,0.0368851057360674,nerve,immune,immune-nerve,nerve_to_immune,nerve_neuron,t_cell,0.4,10.0,0.5084,True,0.0821,23.0,0.7277,True,True
nerve_c13,immune_microglia,FADD,TRADD,0.10007933,0.267,0.009705741,0.044795079149229,-0.0078816866376091,0.009623158,0.47639883,1.0,0.0368920657214187,nerve,immune,immune-nerve,nerve_to_immune,nerve_c13,microglia,0.9595,1.0,0.0572,False,0.0187,44.0,0.9088,True,False
nerve_c11,immune_microglia,APP,LRP1,1.3232663,0.0,1.1486287,0.8343413772447171,0.980980453628745,0.014412323,0.9082397,0.1240635246785455,0.0369936207319526,nerve,immune,immune-nerve,nerve_to_immune,nerve_c11,microglia,0.1876,18.0,0.5976,True,0.0187,44.0,0.9088,True,True
nerve_c21,immune_tam,HMGB1,THBD,1.3223666,0.0,1.3907193,0.8839094813063917,0.8588684963855029,0.03738806,0.91590416,0.0432774260187414,0.0371022791624931,nerve,immune,immune-nerve,nerve_to_immune,nerve_c21,tam,0.8488,6.0,0.1222,False,0.1165,25.0,0.7417,True,False
immune_dendritic,nerve_c6,PSAP,SORT1,1.3212194,0.0,1.7220036,0.6434762327259489,0.4832507403940413,0.007521508,0.9237757,0.4069164897766191,0.0372982480081063,immune,nerve,immune-nerve,immune_to_nerve,nerve_c6,dendritic,0.2107,18.0,0.6248,True,0.0815,25.0,0.7859,True,True
nerve_c4,malignant,CNTN2,NRCAM,1.3200988,0.0,1.7351944,2.1287394894366676,2.354856351137051,0.052991424,0.9240439,0.0070905106106532,0.0374728648509531,nerve,tumor,nerve-tumor,nerve_to_tumor,nerve_c4,,0.1409,18.0,0.5987,True,,,,,True
immune_t_cell,nerve_c5,CALM1,INSR,1.319718,0.0,1.1642764,0.6377383857462804,0.7546532540673014,0.0074798525,0.908802,0.4069164897766191,0.0375384368623656,immune,nerve,immune-nerve,immune_to_nerve,nerve_c5,t_cell,0.226,19.0,0.6259,True,0.0821,23.0,0.7277,True,True
nerve_c21,malignant,GSTP1,EGFR,1.3193004,0.0,1.6780725,0.4290031290156556,2.084098541807584,0.038729385,0.9228608,0.0518956582291209,0.0376478612695013,nerve,tumor,nerve-tumor,nerve_to_tumor,nerve_c21,,0.8488,6.0,0.1222,False,,,,,False
nerve_c4,immune_microglia,TF,TFRC,1.3676488,0.0,1.1382258,1.846898808733392,1.9038913683953136,0.013470296,0.90785986,0.0192950443700725,0.0376916668104221,nerve,immune,immune-nerve,nerve_to_immune,nerve_c4,microglia,0.1409,18.0,0.5987,True,0.0187,44.0,0.9088,True,True
immune_t_cell,nerve_c19,CALM1,PDE1A,1.3186457,0.0,1.1598166,1.028459589947251,0.9691413068711354,0.009891399,0.9086428,0.2915424600649671,0.0377135869564674,immune,nerve,immune-nerve,immune_to_nerve,nerve_c19,t_cell,0.9467,4.0,0.054,False,0.0821,23.0,0.7277,True,False
nerve_c4,immune_dendritic,HMGB1,CXCR4,1.3181713,0.0,1.4733206,0.0305164361835045,-0.1451185324144918,0.0054471754,0.9180997,1.0,0.0377793671573723,nerve,immune,immune-nerve,nerve_to_immune,nerve_c4,dendritic,0.1409,18.0,0.5987,True,0.0815,25.0,0.7859,True,True
nerve_c11,immune_nk_cell,PSEN1,CD44,1.3177617,0.0,1.6938896,1.348064647240146,1.352777673454912,0.013825757,0.9231941,0.0838206895648859,0.0378671561093034,nerve,immune,immune-nerve,nerve_to_immune,nerve_c11,nk_cell,0.1876,18.0,0.5976,True,0.0794,26.0,0.7523,True,True
immune_t_cell,nerve_c11,CALM1,RYR2,1.3176459,0.0,1.1556585,1.2062845988530233,0.988805704487704,0.019594219,0.90849364,0.0432774260187414,0.037889116407468,immune,nerve,immune-nerve,immune_to_nerve,nerve_c11,t_cell,0.1876,18.0,0.5976,True,0.0821,23.0,0.7277,True,True
nerve_c13,malignant,VIM,CD44,1.3164836,0.278,1.1962346,0.0366109604882516,0.3556200783184878,0.007832047,0.90991795,1.0,0.0380650333479173,nerve,tumor,nerve-tumor,nerve_to_tumor,nerve_c13,,0.9595,1.0,0.0572,False,,,,,False
malignant,nerve_c19,CALM1,PTPRA,1.3164353,0.0,1.7051443,0.5118747257888325,0.6714696271706831,0.009675931,0.92342854,0.4069164897766191,0.0380870481211614,tumor,nerve,nerve-tumor,tumor_to_nerve,nerve_c19,,0.9467,4.0,0.054,False,,,,,False
nerve_c20,immune_dendritic,SPP1,PTGER4,1.7553248,0.0,1.1342268,0.2732601595247226,-0.369109048038869,0.011333401,0.9077126,1.0,0.038175184399953,nerve,immune,immune-nerve,nerve_to_immune,nerve_c20,dendritic,0.3415,15.0,0.5197,True,0.0815,25.0,0.7859,True,True
nerve_c1,immune_nk_cell,COL4A5,CD47,1.3158492,0.0,1.3066967,2.626723783756989,1.772032642270157,0.028192682,0.91347283,0.0129004830997138,0.0381972294295418,nerve,immune,immune-nerve,nerve_to_immune,nerve_c1,nk_cell,0.1983,17.0,0.5642,True,0.0794,26.0,0.7523,True,True
immune_dendritic,nerve_c19,TIMP1,FGFR2,1.3148981,0.0,1.5965556,1.8637495044111445,1.2897130307549398,0.010606121,0.92106956,0.0888630142391225,0.0383517307242205,immune,nerve,immune-nerve,immune_to_nerve,nerve_c19,dendritic,0.9467,4.0,0.054,False,0.0815,25.0,0.7859,True,False
malignant,immune_microglia,APOE,TREM2,1.3148658,1.0,1.6828518,0.0715126060109179,-0.04885333668091,0.022073312,0.922962,1.0,0.0383959236169415,tumor,immune,immune-tumor,tumor_to_immune,,microglia,,,,,0.0187,44.0,0.9088,True,True
immune_t_cell,nerve_c13,CCL5,GRM7,1.48444,0.0,1.1314645,1.6880197798203798,2.6681158254174138,0.05479058,0.90761036,0.0076219281827757,0.0383959236169415,immune,nerve,immune-nerve,immune_to_nerve,nerve_c13,t_cell,0.9595,1.0,0.0572,False,0.0821,23.0,0.7277,True,False
nerve_c10,immune_nk_cell,PSEN1,CD44,1.3146596,0.0,1.6869949,1.3426285600944952,1.4718632434964567,0.013769483,0.92304933,0.0853659166970381,0.0384401490651092,nerve,immune,immune-nerve,nerve_to_immune,nerve_c10,nk_cell,0.2572,14.0,0.5531,True,0.0794,26.0,0.7523,True,True
immune_dendritic,nerve_c5,GRN,SORT1,1.3141892,0.0,1.7253573,1.0953758601053691,1.082308039853347,0.013238928,0.92384416,0.1699718467871069,0.0385065284155683,immune,nerve,immune-nerve,immune_to_nerve,nerve_c5,dendritic,0.226,19.0,0.6259,True,0.0815,25.0,0.7859,True,True
nerve_c6,immune_nk_cell,PTN,NCL,1.3138759,0.0,1.7254658,0.4161711233918783,0.1892401985480327,0.009682911,0.92384636,0.4659821153576733,0.038572962190869,nerve,immune,immune-nerve,nerve_to_immune,nerve_c6,nk_cell,0.2107,18.0,0.6248,True,0.0794,26.0,0.7523,True,True
nerve_c0,malignant,EDIL3,ITGAV,1.3129838,0.0,1.1552398,1.7381398840518314,1.3889976569850069,0.015004934,0.90847856,0.0623795342238421,0.0387281747477372,nerve,tumor,nerve-tumor,nerve_to_tumor,nerve_c0,,0.4029,19.0,0.5772,True,,,,,True
immune_t_cell,nerve_c7,CALM1,PTPRA,1.3124778,0.0,1.1341637,0.3508447384604761,0.3995342737987496,0.0066887853,0.90771025,0.7073221694411072,0.0387503793460397,immune,nerve,immune-nerve,immune_to_nerve,nerve_c7,t_cell,0.1793,26.0,0.7072,True,0.0821,23.0,0.7277,True,True
malignant,nerve_c6,CALM1,PDE1C,1.3122878,0.0,1.69284,1.0197276524381615,1.138007017290594,0.007659107,0.9231721,0.2449314604715913,0.038839232983591,tumor,nerve,nerve-tumor,tumor_to_nerve,nerve_c6,,0.2107,18.0,0.6248,True,,,,,True
nerve_c1,immune_dendritic,HMGB1,CXCR4,1.3117385,0.0,1.4497478,0.0244832300386431,-0.1568461054850973,0.005360022,0.91749126,1.0,0.0390172302906347,nerve,immune,immune-nerve,nerve_to_immune,nerve_c1,dendritic,0.1983,17.0,0.5642,True,0.0815,25.0,0.7859,True,True
immune_dendritic,nerve_c17,HLA-A,APLP2,1.4745438,0.0,1.1265062,-0.0086880652559134,-0.4091043834546845,0.008952259,0.90742606,1.0,0.0390172302906347,immune,nerve,immune-nerve,immune_to_nerve,nerve_c17,dendritic,0.6072,12.0,0.3472,False,0.0815,25.0,0.7859,True,False
nerve_c1,immune_nk_cell,COPA,CD74,1.3115395,0.972,1.5533372,0.2331809810517359,-0.6860931976072204,0.005821814,0.9200662,1.0,0.0390840810649551,nerve,immune,immune-nerve,nerve_to_immune,nerve_c1,nk_cell,0.1983,17.0,0.5642,True,0.0794,26.0,0.7523,True,True
nerve_c1,immune_dendritic,PSEN1,CD44,1.3111427,0.0,1.5039347,1.429252669221576,1.1566404341583811,0.0122753205,0.9188696,0.1442281319915905,0.0391732971759747,nerve,immune,immune-nerve,nerve_to_immune,nerve_c1,dendritic,0.1983,17.0,0.5642,True,0.0815,25.0,0.7859,True,True
immune_nk_cell,nerve_c9,VCL,ITGB5,0.11204183,0.98,0.00987585,-0.0404571375016297,-0.0548386470278756,0.0069623827,0.4785663,1.0,0.0391767425860524,immune,nerve,immune-nerve,immune_to_nerve,nerve_c9,nk_cell,0.8791,5.0,0.1446,False,0.0794,26.0,0.7523,True,False
nerve_neuron,immune_tam,RIMS2,ABCA1,1.3109809,0.0,1.2831428,2.3287254636535897,1.6540661592678567,0.117290385,0.91275126,0.0004619852234535,0.0392179456876522,nerve,immune,immune-nerve,nerve_to_immune,nerve_neuron,tam,0.4,10.0,0.5084,True,0.1165,25.0,0.7417,True,True
immune_microglia,nerve_c21,HBEGF,CD9,1.3597234,0.0,1.124911,0.965446898352743,1.5490676364153586,0.02210827,0.9073665,0.0432774260187414,0.0392179456876522,immune,nerve,immune-nerve,immune_to_nerve,nerve_c21,microglia,0.8488,6.0,0.1222,False,0.0187,44.0,0.9088,True,False
immune_nk_cell,nerve_c13,CALM1,PDE1C,1.3584013,0.0,1.1242675,0.7149380371788113,0.9493587886629308,0.005046945,0.9073425,0.4069164897766191,0.0392626099041805,immune,nerve,immune-nerve,immune_to_nerve,nerve_c13,nk_cell,0.9595,1.0,0.0572,False,0.0794,26.0,0.7523,True,False
nerve_c4,immune_dendritic,COL4A5,CD44,1.3102204,0.0,1.5023717,2.2806123052287837,1.3912648944605397,0.015294696,0.9188308,0.0617982577135161,0.0393296599594434,nerve,immune,immune-nerve,nerve_to_immune,nerve_c4,dendritic,0.1409,18.0,0.5987,True,0.0815,25.0,0.7859,True,True
nerve_c11,immune_microglia,TF,TFRC,1.3531617,0.0,1.1233926,1.8225834424352356,1.9862341792002485,0.013294755,0.9073098,0.0208978137387157,0.0393520192319743,nerve,immune,immune-nerve,nerve_to_immune,nerve_c11,microglia,0.1876,18.0,0.5976,True,0.0187,44.0,0.9088,True,True
immune_dendritic,nerve_neuron,CALM1,RYR2,1.3098998,0.0,1.7150155,2.1632991611156056,1.3699067621735728,0.029078132,0.9236324,0.0432774260187414,0.0393743930029714,immune,nerve,immune-nerve,immune_to_nerve,nerve_neuron,dendritic,0.4,10.0,0.5084,True,0.0815,25.0,0.7859,True,True
nerve_c1,immune_nk_cell,NCAM1,PTPRA,1.4665403,0.0,1.1231622,1.0636978390014464,1.1625355814693117,0.013440594,0.9073011,0.1605315081000874,0.039419141727663,nerve,immune,immune-nerve,nerve_to_immune,nerve_c1,nk_cell,0.1983,17.0,0.5642,True,0.0794,26.0,0.7523,True,True
nerve_c6,immune_t_cell,LAMA2,RPSA,1.4513568,0.0,1.1230508,0.6921340443853021,1.0840390455591964,0.020405583,0.90729696,0.0432774260187414,0.039441525141758,nerve,immune,immune-nerve,nerve_to_immune,nerve_c6,t_cell,0.2107,18.0,0.6248,True,0.0821,23.0,0.7277,True,True
nerve_c0,immune_dendritic,B2M,CD1C,1.9344631,0.0,1.121309,1.604478329371969,0.3402005359243967,0.062235355,0.9072317,0.0840773383839721,0.0395983949528765,nerve,immune,immune-nerve,nerve_to_immune,nerve_c0,dendritic,0.4029,19.0,0.5772,True,0.0815,25.0,0.7859,True,True
nerve_c19,immune_tam,ADAM10,CD44,1.3079352,0.0,1.5504104,0.963309561592703,1.1596211292589194,0.017066538,0.91999686,0.0667926774691364,0.0396881663746741,nerve,immune,immune-nerve,nerve_to_immune,nerve_c19,tam,0.9467,4.0,0.054,False,0.1165,25.0,0.7417,True,False
immune_microglia,nerve_c14,APOE,ABCA1,2.0840724,0.0,1.1201882,0.2661609117045208,1.3450343688825606,0.00717565,0.90718955,0.8432054544233386,0.0397780428167897,immune,nerve,immune-nerve,immune_to_nerve,nerve_c14,microglia,0.4198,6.0,0.3596,True,0.0187,44.0,0.9088,True,True
nerve_c19,malignant,NRXN3,NLGN1,1.3074222,0.0,1.708939,1.013660208117936,1.9569882949920576,0.058250815,0.9235071,0.0195393854028033,0.0397892777796451,nerve,tumor,nerve-tumor,nerve_to_tumor,nerve_c19,,0.9467,4.0,0.054,False,,,,,False
nerve_c0,immune_dendritic,PTN,NCL,1.3073874,0.0,1.6262764,0.3446631667491034,-0.0622920184988589,0.009126283,0.92173743,0.793833407608145,0.039845500721641,nerve,immune,immune-nerve,nerve_to_immune,nerve_c0,dendritic,0.4029,19.0,0.5772,True,0.0815,25.0,0.7859,True,True
immune_t_cell,nerve_c10,CALM3,PDE1C,1.3071585,0.0,1.3866822,1.8571590724596752,1.7298532960043984,0.016702969,0.9157921,0.0186812698215056,0.0399130214071608,immune,nerve,immune-nerve,immune_to_nerve,nerve_c10,t_cell,0.2572,14.0,0.5531,True,0.0821,23.0,0.7277,True,True
immune_t_cell,nerve_c0,CD99,CD81,1.3070128,0.0,1.6815367,0.3989092339244024,0.4087409558836157,0.017730152,0.9229342,0.0670859006579494,0.0399355460426555,immune,nerve,immune-nerve,immune_to_nerve,nerve_c0,t_cell,0.4029,19.0,0.5772,True,0.0821,23.0,0.7277,True,True
nerve_c21,immune_t_cell,B2M,KLRD1,1.9789026,0.001,1.119294,0.4230958519293691,0.3679607824768998,0.0092807,0.90715593,0.7156879396163709,0.0399580681882241,nerve,immune,immune-nerve,nerve_to_immune,nerve_c21,t_cell,0.8488,6.0,0.1222,False,0.0821,23.0,0.7277,True,False
nerve_c3,immune_dendritic,LAMA2,RPSA,1.4954584,0.0,1.1189187,0.7134949443213021,0.8505150004171416,0.0203305,0.9071418,0.0432774260187414,0.0400482255775405,nerve,immune,immune-nerve,nerve_to_immune,nerve_c3,dendritic,0.3912,13.0,0.4608,True,0.0815,25.0,0.7859,True,True
immune_t_cell,nerve_c2,CALM1,GRM3,1.3087819,0.0,1.1187916,1.0946884807071635,0.8222922774797592,0.0076465355,0.90713704,0.4069164897766191,0.0401159090475506,immune,nerve,immune-nerve,immune_to_nerve,nerve_c2,t_cell,0.25,13.0,0.5666,True,0.0821,23.0,0.7277,True,True
malignant,immune_t_cell,HLA-A,CD8A,1.3058693,0.0,1.6571468,0.6830208977808517,0.7705548803391176,0.032907538,0.922413,0.0432774260187414,0.0402288296753811,tumor,immune,immune-tumor,tumor_to_immune,,t_cell,,,,,0.0821,23.0,0.7277,True,True
immune_t_cell,nerve_c2,HSPA8,LRP2,1.3056453,0.0,1.3243458,1.4720285490248957,1.1080460296584274,0.01037748,0.9140016,0.171723368744091,0.0402966577820574,immune,nerve,immune-nerve,immune_to_nerve,nerve_c2,t_cell,0.25,13.0,0.5666,True,0.0821,23.0,0.7277,True,True
nerve_c11,immune_tam,EDIL3,ITGAV,1.6001639,0.0,1.1167194,2.2877514208159417,1.6569852968534395,0.014498704,0.90705895,0.0217903814041704,0.0403192763487089,nerve,immune,immune-nerve,nerve_to_immune,nerve_c11,tam,0.1876,18.0,0.5976,True,0.1165,25.0,0.7417,True,True
malignant,nerve_c5,TIMP1,FGFR2,1.3039069,0.0,1.6423149,1.764215527762676,1.57543218400214,0.0109382635,0.92209065,0.0304597177715869,0.0405912032415412,tumor,nerve,nerve-tumor,tumor_to_nerve,nerve_c5,,0.226,19.0,0.6259,True,,,,,True
nerve_neuron,immune_microglia,RIMS2,ABCA1,1.3037037,0.0,1.254457,2.3201014272700955,1.8994370360235804,0.114668265,0.91184676,0.0001007364091227,0.0406820353896208,nerve,immune,immune-nerve,nerve_to_immune,nerve_neuron,microglia,0.4,10.0,0.5084,True,0.0187,44.0,0.9088,True,True
immune_nk_cell,nerve_c3,NCAM1,NCAM2,1.678446,0.0,1.1108439,1.4827561673595968,1.4795387603447816,0.019283598,0.90683633,0.0432774260187414,0.0408184599061793,immune,nerve,immune-nerve,immune_to_nerve,nerve_c3,nk_cell,0.3912,13.0,0.4608,True,0.0794,26.0,0.7523,True,True
immune_nk_cell,nerve_c3,S100A4,ERBB3,1.3029628,0.0,1.1179178,1.3057118653965325,1.045707209915825,0.008605703,0.90710413,0.2177946114121038,0.0408412255668423,immune,nerve,immune-nerve,immune_to_nerve,nerve_c3,nk_cell,0.3912,13.0,0.4608,True,0.0794,26.0,0.7523,True,True
nerve_c10,immune_nk_cell,SPP1,CD44,1.3018894,1.0,1.6586105,0.0235853308361787,-0.9919828394252806,0.005473146,0.9224446,1.0,0.0410463270300881,nerve,immune,immune-nerve,nerve_to_immune,nerve_c10,nk_cell,0.2572,14.0,0.5531,True,0.0794,26.0,0.7523,True,True
immune_dendritic,malignant,ANXA1,EGFR,1.3018725,0.0,1.6233741,0.5465860658988705,2.1769119948221416,0.042804297,0.92167294,0.0432774260187414,0.0410691442446364,immune,tumor,immune-tumor,immune_to_tumor,,dendritic,,,,,0.0815,25.0,0.7859,True,True
immune_microglia,nerve_c5,HBEGF,CD9,1.3385404,0.0,1.1033518,0.9430153619760416,1.4758091083055818,0.021684559,0.90655005,0.0432774260187414,0.0414350807935661,immune,nerve,immune-nerve,immune_to_nerve,nerve_c5,microglia,0.226,19.0,0.6259,True,0.0187,44.0,0.9088,True,True
immune_dendritic,nerve_c10,CALM1,GRM3,1.3001626,0.0,1.6889474,1.957243236233927,1.0156722706290164,0.011543344,0.92309046,0.2423216039283643,0.0414809256678037,immune,nerve,immune-nerve,immune_to_nerve,nerve_c10,dendritic,0.2572,14.0,0.5531,True,0.0815,25.0,0.7859,True,True
immune_t_cell,nerve_c0,CALM1,PTPRA,1.3044381,0.0,1.1007249,0.3394837154396113,0.3971712401173884,0.006491578,0.9064491,0.751639250203434,0.0415727048952674,immune,nerve,immune-nerve,immune_to_nerve,nerve_c0,t_cell,0.4029,19.0,0.5772,True,0.0821,23.0,0.7277,True,True
nerve_c13,immune_tam,LAMA4,CD44,1.29959,0.0,1.5218985,1.7542966770735702,1.526841722179608,0.06678094,0.9193111,0.0023682824450096,0.041618621884679,nerve,immune,immune-nerve,nerve_to_immune,nerve_c13,tam,0.9595,1.0,0.0572,False,0.1165,25.0,0.7417,True,False
nerve_c3,immune_nk_cell,PSEN1,CD44,1.2993222,0.0,1.6529044,1.315743085465311,1.2431721862477343,0.013491231,0.9223212,0.1064895498619167,0.0416875511217823,nerve,immune,immune-nerve,nerve_to_immune,nerve_c3,nk_cell,0.3912,13.0,0.4608,True,0.0794,26.0,0.7523,True,True
immune_dendritic,nerve_neuron,CALM1,KCNQ3,1.2983108,0.0,1.6839899,0.6584517148687346,0.558910954221035,0.05731738,0.92298603,0.0432774260187414,0.0418255718161959,immune,nerve,immune-nerve,immune_to_nerve,nerve_neuron,dendritic,0.4,10.0,0.5084,True,0.0815,25.0,0.7859,True,True
nerve_c13,immune_t_cell,VCAN,CD44,1.2982566,0.0,1.683353,0.8149436194463581,1.1391061848095871,0.031948287,0.92297256,0.0432774260187414,0.0418485933867586,nerve,immune,immune-nerve,nerve_to_immune,nerve_c13,t_cell,0.9595,1.0,0.0572,False,0.0821,23.0,0.7277,True,False
nerve_c11,immune_nk_cell,NCAM1,PTPRA,1.4390239,0.0,1.0982407,1.033715750288387,1.159456320714965,0.013142367,0.90635324,0.1748301150560293,0.0418716209623123,nerve,immune,immune-nerve,nerve_to_immune,nerve_c11,nk_cell,0.1876,18.0,0.5976,True,0.0794,26.0,0.7523,True,True
immune_t_cell,nerve_c4,CALM3,PDE1C,1.2981062,0.0,1.3732896,1.8391772237502817,1.57745385267922,0.016541652,0.9154172,0.0301719938859799,0.0418716209623123,immune,nerve,immune-nerve,immune_to_nerve,nerve_c4,t_cell,0.1409,18.0,0.5987,True,0.0821,23.0,0.7277,True,True
nerve_c5,malignant,HLA-A,APLP2,1.2976861,1.0,1.3287028,-0.0886246145640226,-0.4239829207515605,0.007734907,0.91413057,1.0,0.0419638000318292,nerve,tumor,nerve-tumor,nerve_to_tumor,nerve_c5,,0.226,19.0,0.6259,True,,,,,True
immune_t_cell,nerve_c19,CALM1,RYR2,1.3034047,0.0,1.0964272,1.155744059974887,0.9791072500876472,0.01858995,0.9062831,0.0479437902991134,0.0420099299599179,immune,nerve,immune-nerve,immune_to_nerve,nerve_c19,t_cell,0.9467,4.0,0.054,False,0.0821,23.0,0.7277,True,False
nerve_c4,immune_tam,COL4A5,CD93,1.2972944,0.0,1.4565325,2.934592132398373,2.06799079108438,0.066223584,0.9176678,0.0025018942405979,0.0420329995672546,nerve,immune,immune-nerve,nerve_to_immune,nerve_c4,tam,0.1409,18.0,0.5987,True,0.1165,25.0,0.7417,True,True
nerve_c0,immune_dendritic,SPP1,ITGA4_ITGB1,1.9047852,0.0,1.0944825,0.410933204178647,-0.3066669523320919,0.011438681,0.9062076,1.0,0.0422871876357836,nerve,immune,immune-nerve,nerve_to_immune,nerve_c0,dendritic,0.4029,19.0,0.5772,True,0.0815,25.0,0.7859,True,True
malignant,nerve_c2,APP,NGFR,1.2959223,0.0,1.6742319,3.3594043091979406,1.8574692144210492,0.12403027,0.9227792,0.0001140533203323,0.042310329265288,tumor,nerve,nerve-tumor,tumor_to_nerve,nerve_c2,,0.25,13.0,0.5666,True,,,,,True
nerve_c19,immune_nk_cell,NCAM1,PTPRA,1.4333586,0.0,1.0931097,1.0275424984656931,1.1441272182633548,0.013080965,0.9061543,0.1778617367370102,0.042449322563185,nerve,immune,immune-nerve,nerve_to_immune,nerve_c19,nk_cell,0.9467,4.0,0.054,False,0.0794,26.0,0.7523,True,False
nerve_c14,immune_tam,IGSF11,VSIR,1.2954018,0.0,1.4490625,1.916343045838065,1.6268475823752282,0.03035811,0.9174734,0.0246038445139051,0.042449322563185,nerve,immune,immune-nerve,nerve_to_immune,nerve_c14,tam,0.4198,6.0,0.3596,True,0.1165,25.0,0.7417,True,True
nerve_c11,immune_t_cell,SPP1,ITGA4_ITGB1,1.2947067,0.444,1.2149085,0.3617940555736116,-0.4377671241167429,0.012697278,0.9105508,1.0,0.0425189002071532,nerve,immune,immune-nerve,nerve_to_immune,nerve_c11,t_cell,0.1876,18.0,0.5976,True,0.0821,23.0,0.7277,True,True
nerve_c6,immune_microglia,SPP1,CD44,1.3227923,1.0,1.0915256,-0.1385913729192611,-1.2791590103861377,0.0036018575,0.9060926,1.0,0.0426117514484437,nerve,immune,immune-nerve,nerve_to_immune,nerve_c6,microglia,0.2107,18.0,0.6248,True,0.0187,44.0,0.9088,True,True
malignant,immune_microglia,HMGB1,HAVCR2,1.2937927,0.0,1.4798335,0.3425819668621587,0.9504363915103912,0.010246747,0.9182654,0.3975956628397897,0.0426582174480048,tumor,immune,immune-tumor,tumor_to_immune,,microglia,,,,,0.0187,44.0,0.9088,True,True
immune_nk_cell,nerve_c5,CALM1,PTPRA,1.3508049,0.0,1.0907294,0.3716501457267,0.4367829338418626,0.006432629,0.90606153,0.6354401949148792,0.0426814550477466,immune,nerve,immune-nerve,immune_to_nerve,nerve_c5,nk_cell,0.226,19.0,0.6259,True,0.0794,26.0,0.7523,True,True
nerve_c6,immune_t_cell,CD22,PTPRC,1.3576595,0.0,1.0903283,1.574237375557166,1.6132741878732155,0.013921226,0.9060459,0.0437759428079866,0.0427279482322371,nerve,immune,immune-nerve,nerve_to_immune,nerve_c6,t_cell,0.2107,18.0,0.6248,True,0.0821,23.0,0.7277,True,True
malignant,nerve_c7,VIM,CD44,1.2931731,0.0,1.1609251,0.0203326969032367,0.2657225548186288,0.007840972,0.90868247,1.0,0.042797741771971,tumor,nerve,nerve-tumor,tumor_to_nerve,nerve_c7,,0.1793,26.0,0.7072,True,,,,,True
nerve_c11,immune_microglia,SPP1,ITGAV_ITGB1,1.2930768,1.0,1.2084738,-0.0506324146184407,-0.8599654379362626,0.012493578,0.9103343,1.0,0.0428210241472938,nerve,immune,immune-nerve,nerve_to_immune,nerve_c11,microglia,0.1876,18.0,0.5976,True,0.0187,44.0,0.9088,True,True
immune_dendritic,nerve_c2,VIM,CD44,1.4829222,0.0,1.089489,0.1138614693055906,-0.26237841113588,0.013408191,0.90601313,1.0,0.0428443037114552,immune,nerve,immune-nerve,immune_to_nerve,nerve_c2,dendritic,0.25,13.0,0.5666,True,0.0815,25.0,0.7859,True,True
immune_dendritic,nerve_c19,ARPC5,LRP2,1.2925938,0.0,1.647,2.7775509848390754,1.4933428952949677,0.019336268,0.92219293,0.0411190639533809,0.04300744610396,immune,nerve,immune-nerve,immune_to_nerve,nerve_c19,dendritic,0.9467,4.0,0.054,False,0.0815,25.0,0.7859,True,False
nerve_c4,immune_microglia,ADAM10,TREM2,1.2923403,0.0,1.6139512,0.890149119392069,1.889071287174224,0.039810598,0.9214626,0.037989120863642,0.043077455427469,nerve,immune,immune-nerve,nerve_to_immune,nerve_c4,microglia,0.1409,18.0,0.5987,True,0.0187,44.0,0.9088,True,True
nerve_c14,immune_t_cell,VCAN,ITGB1,1.2919192,0.0,1.3499409,0.8929143264825231,1.1204964396410908,0.038056705,0.91475093,0.042299786232976,0.0432176270037935,nerve,immune,immune-nerve,nerve_to_immune,nerve_c14,t_cell,0.4198,6.0,0.3596,True,0.0821,23.0,0.7277,True,True
immune_dendritic,nerve_c2,GRN,SORT1,1.2915666,0.0,1.6677818,1.0589640290015814,0.939786018831314,0.012797143,0.9226416,0.1918655088971616,0.0433346116980821,immune,nerve,immune-nerve,immune_to_nerve,nerve_c2,dendritic,0.25,13.0,0.5666,True,0.0815,25.0,0.7859,True,True
immune_t_cell,nerve_c10,CALM1,RYR2,1.3006439,0.0,1.0849448,1.1459462261751368,1.0541939875574464,0.01839527,0.90583503,0.0499139077127253,0.0433814404131632,immune,nerve,immune-nerve,immune_to_nerve,nerve_c10,t_cell,0.2572,14.0,0.5531,True,0.0821,23.0,0.7277,True,True
immune_t_cell,nerve_c0,CALM1,INSR,1.3005648,0.0,1.0846156,0.6010828616163028,0.6778235406338915,0.0069680754,0.90582204,0.4069164897766191,0.0434048637511105,immune,nerve,immune-nerve,immune_to_nerve,nerve_c0,t_cell,0.4029,19.0,0.5772,True,0.0821,23.0,0.7277,True,True
immune_nk_cell,nerve_c0,CD99,CD81,1.2914768,0.0,1.646007,0.3824730898818965,0.2955246802536028,0.017355526,0.9221713,0.124857229899013,0.0434048637511105,immune,nerve,immune-nerve,immune_to_nerve,nerve_c0,nk_cell,0.4029,19.0,0.5772,True,0.0794,26.0,0.7523,True,True
immune_dendritic,nerve_c11,S100A4,ERBB3,1.2912623,0.0,1.3843331,1.5688633832573724,1.2656376055508642,0.01065656,0.9157267,0.0968666364441306,0.0434517372545128,immune,nerve,immune-nerve,immune_to_nerve,nerve_c11,dendritic,0.1876,18.0,0.5976,True,0.0815,25.0,0.7859,True,True
nerve_c13,immune_dendritic,MIF,CD74_CXCR4,1.2907052,0.0,1.3726721,0.3406511362134092,0.558130059438277,0.0077564013,0.91539973,0.7482023684316906,0.0435690124841293,nerve,immune,immune-nerve,nerve_to_immune,nerve_c13,dendritic,0.9595,1.0,0.0572,False,0.0815,25.0,0.7859,True,False
nerve_c21,immune_microglia,SPP1,PTGER4,1.6012664,0.009,1.0832574,0.215333792374717,-0.4813226147801647,0.010824104,0.9057686,1.0,0.0435924925931365,nerve,immune,immune-nerve,nerve_to_immune,nerve_c21,microglia,0.8488,6.0,0.1222,False,0.0187,44.0,0.9088,True,False
nerve_c1,immune_microglia,ADAM10,TREM2,1.2905983,0.0,1.6086229,0.8874718098401693,1.9031373518289891,0.03967917,0.92134285,0.038505971957322,0.0436159698071223,nerve,immune,immune-nerve,nerve_to_immune,nerve_c1,microglia,0.1983,17.0,0.5642,True,0.0187,44.0,0.9088,True,True
nerve_c11,immune_microglia,LRP1B,PLAUR,1.2893066,0.0,1.6345202,0.7008817525549799,1.379781435544716,0.015955115,0.9219196,0.0864147650260131,0.0438981897891541,nerve,immune,immune-nerve,nerve_to_immune,nerve_c11,microglia,0.1876,18.0,0.5976,True,0.0187,44.0,0.9088,True,True
immune_tam,nerve_c14,PSAP,SORT1,1.5070338,0.0,1.0786679,0.4815184361564645,0.6112498263570887,0.0047114934,0.90558726,0.4069164897766191,0.044039627296389,immune,nerve,immune-nerve,immune_to_nerve,nerve_c14,tam,0.4198,6.0,0.3596,True,0.1165,25.0,0.7417,True,True
nerve_c11,immune_nk_cell,SPP1,ITGA4_ITGB1,1.2873905,0.519,1.1860249,0.3466313810799811,-0.5669449367238908,0.012395409,0.90956604,1.0,0.0442994825751664,nerve,immune,immune-nerve,nerve_to_immune,nerve_c11,nk_cell,0.1876,18.0,0.5976,True,0.0794,26.0,0.7523,True,True
nerve_c14,immune_tam,VCAN,TLR2,1.2873493,0.0,1.3329701,1.1230841047138955,1.2433158482117244,0.092503294,0.91425633,0.0108562765541331,0.0443231392105717,nerve,immune,immune-nerve,nerve_to_immune,nerve_c14,tam,0.4198,6.0,0.3596,True,0.1165,25.0,0.7417,True,True
nerve_c10,immune_dendritic,HMGB1,CXCR4,1.2873054,0.0,1.3602139,0.0015672917047366,-0.0546631289044829,0.005028996,0.91504604,1.0,0.0443468107758939,nerve,immune,immune-nerve,nerve_to_immune,nerve_c10,dendritic,0.2572,14.0,0.5531,True,0.0815,25.0,0.7859,True,True
nerve_c11,immune_t_cell,ALCAM,CD6,1.2872604,0.0,1.2428156,1.6393257712896234,1.6862901513265325,0.044454966,0.91147137,0.0212499069793387,0.0443704793649839,nerve,immune,immune-nerve,nerve_to_immune,nerve_c11,t_cell,0.1876,18.0,0.5976,True,0.0821,23.0,0.7277,True,True
nerve_c21,immune_t_cell,HLA-A,CD8A,1.2866541,0.005,1.6153944,0.6686029924758475,0.7636861259909669,0.034297712,0.9214949,0.1288568315276133,0.0445126343109765,nerve,immune,immune-nerve,nerve_to_immune,nerve_c21,t_cell,0.8488,6.0,0.1222,False,0.0821,23.0,0.7277,True,False
nerve_c0,immune_nk_cell,CALM1,PTPRA,1.41263,0.0,1.074336,0.4160242279906471,0.4771968724541644,0.015240115,0.9054151,0.1014794886512751,0.0445126343109765,nerve,immune,immune-nerve,nerve_to_immune,nerve_c0,nk_cell,0.4029,19.0,0.5772,True,0.0794,26.0,0.7523,True,True
immune_dendritic,nerve_c13,LGALS1,ITGB1,1.2863969,0.0,1.5424984,0.3514953998194663,0.4358951936030746,0.013039223,0.9198083,0.1792694449283184,0.0446312550978397,immune,nerve,immune-nerve,immune_to_nerve,nerve_c13,dendritic,0.9595,1.0,0.0572,False,0.0815,25.0,0.7859,True,False
nerve_c3,immune_t_cell,LAMA2,RPSA,1.4406826,0.0,1.0708967,0.6700673836532934,0.9759894209324916,0.019457953,0.9052777,0.0432774260187414,0.0449165595901353,nerve,immune,immune-nerve,nerve_to_immune,nerve_c3,t_cell,0.3912,13.0,0.4608,True,0.0821,23.0,0.7277,True,True
immune_microglia,nerve_c20,CD14,ITGB1,1.284512,0.0,1.4153124,0.5010688819536345,1.7494601390276048,0.02284363,0.9165768,0.0432774260187414,0.0450356969833766,immune,nerve,immune-nerve,immune_to_nerve,nerve_c20,microglia,0.3415,15.0,0.5197,True,0.0187,44.0,0.9088,True,True
immune_microglia,nerve_c21,PSAP,GPR37,1.4035406,0.0,1.0701668,0.8391261628562636,1.4108343608922316,0.008035673,0.90524846,0.4069164897766191,0.0450356969833766,immune,nerve,immune-nerve,immune_to_nerve,nerve_c21,microglia,0.8488,6.0,0.1222,False,0.0187,44.0,0.9088,True,False
nerve_c13,immune_nk_cell,B2M,KLRC1,1.2841985,0.996,1.405081,1.492843748501272,0.0406817168709512,0.02986796,0.916299,0.6865294126851765,0.0451788461963053,nerve,immune,immune-nerve,nerve_to_immune,nerve_c13,nk_cell,0.9595,1.0,0.0572,False,0.0794,26.0,0.7523,True,False
nerve_c5,malignant,EDIL3,ITGAV,1.2836659,0.0,1.1224699,1.6860832449916647,1.363003202888593,0.0145793,0.9072752,0.0682363040289103,0.0452983118458107,nerve,tumor,nerve-tumor,nerve_to_tumor,nerve_c5,,0.226,19.0,0.6259,True,,,,,True
nerve_c13,immune_dendritic,ANGPT2,ITGA5_ITGB1,0.10234322,0.144,0.010212278,0.090369212479952,-0.0199756124547933,0.004788778,0.4827473,1.0,0.0453219530579696,nerve,immune,immune-nerve,nerve_to_immune,nerve_c13,dendritic,0.9595,1.0,0.0572,False,0.0815,25.0,0.7859,True,False
immune_dendritic,nerve_c1,S100A4,ERBB3,1.2829548,0.0,1.3540397,1.541263859615558,1.2184775375065495,0.010423361,0.91486907,0.1158640909360916,0.0454418548316728,immune,nerve,immune-nerve,immune_to_nerve,nerve_c1,dendritic,0.1983,17.0,0.5642,True,0.0815,25.0,0.7859,True,True
immune_tam,nerve_c14,TIMP1,CD63,1.4426836,0.0,1.0674924,0.2803263319744167,0.3043377120940853,0.005880181,0.9051411,1.0,0.0454658070873225,immune,nerve,immune-nerve,immune_to_nerve,nerve_c14,tam,0.4198,6.0,0.3596,True,0.1165,25.0,0.7417,True,True
nerve_c1,immune_t_cell,COL4A5,CD47,1.2823069,0.0,1.1747018,2.574362578814053,1.7292792727766568,0.025344824,0.90917075,0.015639037221296,0.0454897562476551,nerve,immune,immune-nerve,nerve_to_immune,nerve_c1,t_cell,0.1983,17.0,0.5642,True,0.0821,23.0,0.7277,True,True
nerve_c20,malignant,GNAI2,EGFR,1.2822175,0.0,1.5616866,0.5357854362467755,2.3003484607932334,0.052862234,0.9202631,0.0432774260187414,0.0455376815221744,nerve,tumor,nerve-tumor,nerve_to_tumor,nerve_c20,,0.3415,15.0,0.5197,True,,,,,True
nerve_c3,immune_dendritic,HMGB1,CXCR4,1.2813263,0.0,1.3383038,-0.0040402155060097,-0.2753655386510966,0.0049479897,0.91441274,1.0,0.0457536177296708,nerve,immune,immune-nerve,nerve_to_immune,nerve_c3,dendritic,0.3912,13.0,0.4608,True,0.0815,25.0,0.7859,True,True
nerve_c3,immune_t_cell,SPP1,CD44,1.281189,1.0,1.6374661,0.0805615161383452,-1.3808792715518403,0.0054033734,0.9219844,1.0,0.045777638427162,nerve,immune,immune-nerve,nerve_to_immune,nerve_c3,t_cell,0.3912,13.0,0.4608,True,0.0821,23.0,0.7277,True,True
nerve_c3,immune_tam,EDIL3,ITGAV,1.5303303,0.0,1.0610509,2.1637518467689674,1.561961855357089,0.013775943,0.90488094,0.0327085079103018,0.0459941201596677,nerve,immune,immune-nerve,nerve_to_immune,nerve_c3,tam,0.3912,13.0,0.4608,True,0.1165,25.0,0.7417,True,True
immune_microglia,nerve_c14,C1QB,LRP1,1.714837,0.0,1.0608023,0.3359993309891344,1.8746071758428444,0.041393843,0.90487087,0.11327887248809,0.0460663879930012,immune,nerve,immune-nerve,immune_to_nerve,nerve_c14,microglia,0.4198,6.0,0.3596,True,0.0187,44.0,0.9088,True,True
immune_t_cell,nerve_c13,CALM1,PDE1C,1.2944323,0.0,1.0591096,0.6578985295603849,0.9197049346520664,0.004754445,0.9048021,0.4069164897766191,0.0463318226085736,immune,nerve,immune-nerve,immune_to_nerve,nerve_c13,t_cell,0.9595,1.0,0.0572,False,0.0821,23.0,0.7277,True,False
nerve_c6,immune_microglia,HLA-A,APLP2,1.2795341,1.0,1.5164468,-0.0537563452268731,-0.0397104085100774,0.012774845,0.9191779,1.0,0.0463318226085736,nerve,immune,immune-nerve,nerve_to_immune,nerve_c6,microglia,0.2107,18.0,0.6248,True,0.0187,44.0,0.9088,True,True
immune_t_cell,nerve_c9,APOE,ABCA1,1.2789814,1.0,1.2228838,0.4149953166828301,-0.9311407314197396,0.007833492,0.9108169,1.0,0.0464527095597001,immune,nerve,immune-nerve,immune_to_nerve,nerve_c9,t_cell,0.8791,5.0,0.1446,False,0.0821,23.0,0.7277,True,False
malignant,immune_t_cell,PKM,CD44,1.2788408,0.0,1.6311527,0.4714499126333132,0.7489312497820997,0.012236072,0.9218453,0.2236747244725798,0.0465011115023388,tumor,immune,immune-tumor,tumor_to_immune,,t_cell,,,,,0.0821,23.0,0.7277,True,True
malignant,nerve_c6,IL1RAPL1,PTPRD,1.3551726,0.0,1.0580547,1.2937584564077138,1.2965503069645985,0.04912044,0.90475917,0.0131318982934278,0.0466222067804653,tumor,nerve,nerve-tumor,tumor_to_nerve,nerve_c6,,0.2107,18.0,0.6248,True,,,,,True
immune_dendritic,nerve_c13,IL18,IL1RAPL1,1.2779046,0.0,1.2703851,1.0393147038878128,1.1715024397808151,0.012722408,0.91235256,0.1956394260356292,0.0467434508175224,immune,nerve,immune-nerve,immune_to_nerve,nerve_c13,dendritic,0.9595,1.0,0.0572,False,0.0815,25.0,0.7859,True,False
nerve_c13,immune_t_cell,LGALS1,CD69,1.2777886,0.0,1.5490135,0.4783015620529209,0.7308324368192913,0.020918412,0.91996366,0.0432774260187414,0.0467919955876447,nerve,immune,immune-nerve,nerve_to_immune,nerve_c13,t_cell,0.9595,1.0,0.0572,False,0.0821,23.0,0.7277,True,False
nerve_c10,immune_microglia,TF,TFRC,1.2878095,0.0,1.0564798,1.7128919941895442,1.95747978527514,0.012502877,0.904695,0.0289714461233848,0.0468405641568983,nerve,immune,immune-nerve,nerve_to_immune,nerve_c10,microglia,0.2572,14.0,0.5531,True,0.0187,44.0,0.9088,True,True
malignant,nerve_c22,VIM,CD44,1.27662,0.259,1.0944389,0.0029504585153959,0.2906758380127306,0.00739192,0.90620595,1.0,0.0470837362796331,tumor,nerve,nerve-tumor,tumor_to_nerve,nerve_c22,,0.2879,24.0,0.4767,True,,,,,True
immune_t_cell,nerve_c5,CD99,CD81,1.2763736,0.0,1.5914236,0.3697852217118473,0.404664379645663,0.016779998,0.92095244,0.0861841661355953,0.0471080935654035,immune,nerve,immune-nerve,immune_to_nerve,nerve_c5,t_cell,0.226,19.0,0.6259,True,0.0821,23.0,0.7277,True,True
immune_nk_cell,nerve_c4,PSAP,SORT1,1.2759984,0.0,1.3151125,0.8817305196638685,0.2711569715134891,0.0057442556,0.9137262,0.8899628925853322,0.04713244758397,immune,nerve,immune-nerve,immune_to_nerve,nerve_c4,nk_cell,0.1409,18.0,0.5987,True,0.0794,26.0,0.7523,True,True
immune_nk_cell,nerve_c21,CALM1,PDE1C,1.3423786,0.0,1.053527,0.6831102146151795,0.9907419170408184,0.0047293846,0.9045743,0.4069164897766191,0.047278714961404,immune,nerve,immune-nerve,immune_to_nerve,nerve_c21,nk_cell,0.8488,6.0,0.1222,False,0.0794,26.0,0.7523,True,False
nerve_c19,malignant,NCAM1,ROBO1,1.425075,0.0,1.053119,1.2148475289274534,1.5517410674526566,0.052099776,0.9045575,0.0097016597173949,0.0473275121493107,nerve,tumor,nerve-tumor,nerve_to_tumor,nerve_c19,,0.9467,4.0,0.054,False,,,,,False
nerve_neuron,immune_nk_cell,B2M,KLRD1,1.27517,1.0,1.196313,1.787529106589377,-0.2389374235275922,0.009919308,0.90992063,0.4856959361323113,0.0473763423412992,nerve,immune,immune-nerve,nerve_to_immune,nerve_neuron,nk_cell,0.4,10.0,0.5084,True,0.0794,26.0,0.7523,True,True
nerve_c4,immune_nk_cell,NCAM1,PTPRA,1.3886272,0.0,1.052597,0.978802264275366,1.0685841217382477,0.012596159,0.9045361,0.202007907198712,0.0474007617320071,nerve,immune,immune-nerve,nerve_to_immune,nerve_c4,nk_cell,0.1409,18.0,0.5987,True,0.0794,26.0,0.7523,True,True
immune_nk_cell,nerve_c11,HSPA8,LRP2,1.2746825,0.0,1.4804381,1.7308474969500534,1.05103395366679,0.011600607,0.9182807,0.2134522250673717,0.0474740647941239,immune,nerve,immune-nerve,immune_to_nerve,nerve_c11,nk_cell,0.1876,18.0,0.5976,True,0.0794,26.0,0.7523,True,True
immune_nk_cell,nerve_c13,VIM,CD44,1.2741642,0.339,1.3194562,0.0369514459483319,-0.3840925947408669,0.016238367,0.9138561,1.0,0.047547421328236,immune,nerve,immune-nerve,immune_to_nerve,nerve_c13,nk_cell,0.9595,1.0,0.0572,False,0.0794,26.0,0.7523,True,False
immune_nk_cell,nerve_c13,TGFB1,ITGB8,1.2741446,0.0,1.6019973,1.30289231312838,1.6938736477255552,0.028523771,0.9211931,0.0432774260187414,0.04757188230228,immune,nerve,immune-nerve,immune_to_nerve,nerve_c13,nk_cell,0.9595,1.0,0.0572,False,0.0794,26.0,0.7523,True,False
immune_nk_cell,nerve_c20,CALM1,PTPRA,1.3412393,0.0,1.048497,0.3581332251940373,0.5808592392785239,0.0061835614,0.9043675,0.680289220858896,0.0477432939334761,immune,nerve,immune-nerve,immune_to_nerve,nerve_c20,nk_cell,0.3415,15.0,0.5197,True,0.0794,26.0,0.7523,True,True
nerve_c19,immune_tam,EDIL3,ITGAV,1.5143945,0.0,1.0483475,2.135457422326008,1.541083670837644,0.013611012,0.9043613,0.0352385648907758,0.0477923168314469,nerve,immune,immune-nerve,nerve_to_immune,nerve_c19,tam,0.9467,4.0,0.054,False,0.1165,25.0,0.7417,True,False
nerve_c13,immune_microglia,VIM,CD44,1.2803392,0.375,1.048099,-0.0013437488985855,0.1673365590315501,0.0110713495,0.90435106,1.0,0.0478659049827551,nerve,immune,immune-nerve,nerve_to_immune,nerve_c13,microglia,0.9595,1.0,0.0572,False,0.0187,44.0,0.9088,True,False
immune_t_cell,nerve_c2,TIMP1,CD63,1.6822336,0.0,1.0475928,0.2942661063106886,-0.1597309190557009,0.005770566,0.9043302,1.0,0.0479886737347003,immune,nerve,immune-nerve,immune_to_nerve,nerve_c2,t_cell,0.25,13.0,0.5666,True,0.0821,23.0,0.7277,True,True
nerve_c10,immune_tam,ADAM10,CD44,1.2719159,0.0,1.4273479,0.9079611545080064,1.206951511536645,0.015711896,0.9169,0.091087731309466,0.048037815349361,nerve,immune,immune-nerve,nerve_to_immune,nerve_c10,tam,0.2572,14.0,0.5531,True,0.1165,25.0,0.7417,True,True
nerve_c14,immune_microglia,VCAN,ITGB1,1.2718457,0.0,1.2753953,0.8664989409603794,1.08754087826288,0.03595516,0.9125098,0.0432774260187414,0.0480623950570958,nerve,immune,immune-nerve,nerve_to_immune,nerve_c14,microglia,0.4198,6.0,0.3596,True,0.0187,44.0,0.9088,True,True
nerve_c6,immune_nk_cell,CD22,PTPRC,1.3124386,0.0,1.046016,1.5319768230923438,1.4023696131046923,0.013355449,0.904265,0.0597616123582637,0.0482100165208836,nerve,immune,immune-nerve,nerve_to_immune,nerve_c6,nk_cell,0.2107,18.0,0.6248,True,0.0794,26.0,0.7523,True,True
immune_nk_cell,nerve_c10,HSPA8,LRP2,1.271504,0.0,1.4699194,1.719178709776921,1.1862725934682403,0.011518184,0.9180128,0.1306730171148318,0.0482100165208836,immune,nerve,immune-nerve,immune_to_nerve,nerve_c10,nk_cell,0.2572,14.0,0.5531,True,0.0794,26.0,0.7523,True,True
nerve_c14,immune_tam,VEGFA,CD44,1.2712252,0.0,1.4249878,0.6952080542129228,0.8180412512025727,0.035169713,0.9168369,0.0432774260187414,0.0482592742494136,nerve,immune,immune-nerve,nerve_to_immune,nerve_c14,tam,0.4198,6.0,0.3596,True,0.1165,25.0,0.7417,True,True
immune_dendritic,malignant,GNAI2,EGFR,1.270911,0.0,1.5262005,0.5222845244712297,2.102176574218043,0.017699746,0.9194157,0.0578536297247297,0.0484318491811124,immune,tumor,immune-tumor,immune_to_tumor,,dendritic,,,,,0.0815,25.0,0.7859,True,True
immune_dendritic,nerve_c7,HBEGF,CD9,1.5232037,0.0,1.0431561,1.11342836559311,1.3542937561847612,0.020501513,0.90414643,0.0432774260187414,0.0484565237988588,immune,nerve,immune-nerve,immune_to_nerve,nerve_c7,dendritic,0.1793,26.0,0.7072,True,0.0815,25.0,0.7859,True,True
nerve_c14,immune_nk_cell,B2M,KLRD1,1.2708492,1.0,1.1796286,1.7849913718506434,-0.4093555195452378,0.009780969,0.90934336,0.4885545463058818,0.0484812043454427,nerve,immune,immune-nerve,nerve_to_immune,nerve_c14,nk_cell,0.4198,6.0,0.3596,True,0.0794,26.0,0.7523,True,True
immune_nk_cell,nerve_c19,CALM3,PDE1C,1.270359,0.0,1.2049865,1.818607077460563,1.479791775029526,0.014514394,0.9102163,0.044692653262691,0.0486294308204611,immune,nerve,immune-nerve,immune_to_nerve,nerve_c19,nk_cell,0.9467,4.0,0.054,False,0.0794,26.0,0.7523,True,False
immune_dendritic,nerve_c1,TIMP1,FGFR2,1.2693764,0.0,1.5099708,1.7604578857123678,1.1780664784712536,0.010030928,0.9190188,0.1347667617827728,0.0487283639217608,immune,nerve,immune-nerve,immune_to_nerve,nerve_c1,dendritic,0.1983,17.0,0.5642,True,0.0815,25.0,0.7859,True,True
malignant,immune_dendritic,TIMP1,CD63,1.2693186,0.069,1.5687547,0.0320140873465977,0.0312686641210715,0.004654789,0.92042863,1.0,0.0487778613520604,tumor,immune,immune-tumor,tumor_to_immune,,dendritic,,,,,0.0815,25.0,0.7859,True,True
nerve_c4,immune_tam,EDIL3,ITGAV,1.5040796,0.0,1.0401249,2.117142393648067,1.5471393814111487,0.013504255,0.90402025,0.0344532214157544,0.0488273918540131,nerve,immune,immune-nerve,nerve_to_immune,nerve_c4,tam,0.1409,18.0,0.5987,True,0.1165,25.0,0.7417,True,True
nerve_c6,immune_nk_cell,COPA,CD74,1.2691561,1.0,1.4075422,0.1683788656374826,-0.6511035609447495,0.005275383,0.9163661,1.0,0.0488521613091401,nerve,immune,immune-nerve,nerve_to_immune,nerve_c6,nk_cell,0.2107,18.0,0.6248,True,0.0794,26.0,0.7523,True,True
nerve_c11,immune_microglia,ADAM10,TREM2,1.2690885,0.0,1.5428294,0.8544188509520698,1.8686990182171168,0.038056266,0.91981626,0.0432774260187414,0.0488769460637884,nerve,immune,immune-nerve,nerve_to_immune,nerve_c11,microglia,0.1876,18.0,0.5976,True,0.0187,44.0,0.9088,True,True
nerve_c21,malignant,SPP1,ITGAV_ITGB1,1.5933696,0.203,1.0387486,-0.0382667960090867,-1.1011249468208444,0.0042928844,0.9039628,1.0,0.0489017273697597,nerve,tumor,nerve-tumor,nerve_to_tumor,nerve_c21,,0.8488,6.0,0.1222,False,,,,,False
nerve_c15,immune_nk_cell,COL9A1,CD44,1.2690501,0.0,1.5856185,3.891376226985716,1.77571843352175,0.081480324,0.92081934,0.0007122921554612,0.0489265145996199,nerve,immune,immune-nerve,nerve_to_immune,nerve_c15,nk_cell,0.9903,1.0,0.0149,False,0.0794,26.0,0.7523,True,False
immune_t_cell,nerve_c14,GZMA,PARD3,1.268369,0.0,1.4005688,1.6662268778099882,2.2845983556752367,0.069129445,0.91617554,0.0019797230653735,0.0491747408575623,immune,nerve,immune-nerve,immune_to_nerve,nerve_c14,t_cell,0.4198,6.0,0.3596,True,0.0821,23.0,0.7277,True,True
immune_dendritic,nerve_c1,CALM3,PDE1C,1.3475358,0.0,1.0367653,2.0246730797918673,1.4517167127242347,0.012488124,0.9038798,0.0499736146960687,0.0491995932387789,immune,nerve,immune-nerve,immune_to_nerve,nerve_c1,dendritic,0.1983,17.0,0.5642,True,0.0815,25.0,0.7859,True,True
immune_dendritic,nerve_c5,S100A4,ERBB3,1.2679123,0.0,1.2991865,1.4912861252967535,1.2492723150711875,0.010001103,0.9132448,0.1038195437446372,0.0492741953158045,immune,nerve,immune-nerve,immune_to_nerve,nerve_c5,dendritic,0.226,19.0,0.6259,True,0.0815,25.0,0.7859,True,True
malignant,immune_nk_cell,TIMP1,CD63,1.2678281,0.149,1.5655847,0.0308556567607919,0.0245369040674687,0.004645383,0.92035455,1.0,0.0492990713799713,tumor,immune,immune-tumor,tumor_to_immune,,nk_cell,,,,,0.0794,26.0,0.7523,True,True
nerve_c6,immune_microglia,TF,TFRC,1.2677183,0.0,1.0359088,1.679168819978603,1.9490694371919148,0.01225943,0.9038439,0.0321474230845174,0.0493488506841563,nerve,immune,immune-nerve,nerve_to_immune,nerve_c6,microglia,0.2107,18.0,0.6248,True,0.0187,44.0,0.9088,True,True
nerve_c14,immune_tam,WNT5A,RYK,0.102978915,1.0,0.010414275,-0.0713818715728688,-0.1038324700207086,0.03461101,0.48519313,1.0,0.0493556056182148,nerve,immune,immune-nerve,nerve_to_immune,nerve_c14,tam,0.4198,6.0,0.3596,True,0.1165,25.0,0.7417,True,True
nerve_c6,immune_microglia,LRP1B,PLAUR,1.2675562,0.0,1.5856861,0.6815112180262146,1.3729367763465858,0.0154784275,0.9208209,0.0959477050405431,0.0493986442509265,nerve,immune,immune-nerve,nerve_to_immune,nerve_c6,microglia,0.2107,18.0,0.6248,True,0.0187,44.0,0.9088,True,True
nerve_c1,immune_microglia,TF,TFRC,1.2674842,0.0,1.0356692,1.6787768607429925,1.7855626924055004,0.0122565925,0.90383387,0.0322131946906858,0.0494484709178725,nerve,immune,immune-nerve,nerve_to_immune,nerve_c1,microglia,0.1983,17.0,0.5642,True,0.0187,44.0,0.9088,True,True
immune_dendritic,nerve_c10,S100A4,ERBB3,1.2673583,0.0,1.2971666,1.489445747735863,1.3202514473025877,0.009985555,0.9131831,0.0797628380250056,0.0494983212651385,immune,nerve,immune-nerve,immune_to_nerve,nerve_c10,dendritic,0.2572,14.0,0.5531,True,0.0815,25.0,0.7859,True,True
nerve_c4,immune_nk_cell,SPP1,CD44,1.2670786,1.0,1.5812366,0.0070079137651241,-1.3002948283365918,0.005217825,0.9207184,1.0,0.0496230365568323,nerve,immune,immune-nerve,nerve_to_immune,nerve_c4,nk_cell,0.1409,18.0,0.5987,True,0.0794,26.0,0.7523,True,True
immune_nk_cell,nerve_c7,CALM1,INSR,1.3380349,0.0,1.0343488,0.6074092614098985,0.6568835379920832,0.0066451384,0.9037784,0.4069164897766191,0.0496479954778007,immune,nerve,immune-nerve,immune_to_nerve,nerve_c7,nk_cell,0.1793,26.0,0.7072,True,0.0794,26.0,0.7523,True,True
immune_t_cell,nerve_c7,IL16,CD9,1.5212849,0.0,1.0329741,1.364472427633934,1.6201460600129889,0.028483894,0.90372056,0.0432774260187414,0.049822892467525,immune,nerve,immune-nerve,immune_to_nerve,nerve_c7,t_cell,0.1793,26.0,0.7072,True,0.0821,23.0,0.7277,True,True
immune_nk_cell,nerve_c12,PSAP,SORT1,1.2659802,0.0,1.3007568,0.8656056908172902,0.1578692315630174,0.0056815515,0.9132926,1.0,0.0498979384031115,immune,nerve,immune-nerve,immune_to_nerve,nerve_c12,nk_cell,0.8072,7.0,0.2013,False,0.0794,26.0,0.7523,True,False
nerve_c13,immune_microglia,HMGB1,CXCR4,1.2658739,0.338,1.5914967,0.0221082675385078,0.0904611466782556,0.0058840974,0.9209541,1.0,0.0499229623877271,nerve,immune,immune-nerve,nerve_to_immune,nerve_c13,microglia,0.9595,1.0,0.0572,False,0.0187,44.0,0.9088,True,False
immune_dendritic,nerve_c7,HLA-A,APLP2,1.4557574,0.0,1.0326433,-0.0306923337299057,-0.3392363593568379,0.008206339,0.9037066,1.0,0.0499229623877271,immune,nerve,immune-nerve,immune_to_nerve,nerve_c7,dendritic,0.1793,26.0,0.7072,True,0.0815,25.0,0.7859,True,True
immune_t_cell,nerve_c7,TIMP1,CD63,1.6599051,0.0,1.0320879,0.2769135343090033,-0.1483773763408008,0.0056851585,0.9036832,1.0,0.0500481899552184,immune,nerve,immune-nerve,immune_to_nerve,nerve_c7,t_cell,0.1793,26.0,0.7072,True,0.0821,23.0,0.7277,True,True
nerve_c1,immune_microglia,APP,LRP1,1.2653406,0.0,1.0852443,0.7701392624518976,0.8998250112837077,0.013617012,0.9058468,0.153283305080589,0.050098314787523,nerve,immune,immune-nerve,nerve_to_immune,nerve_c1,microglia,0.1983,17.0,0.5642,True,0.0187,44.0,0.9088,True,True
nerve_c14,immune_nk_cell,NCAM1,PTPRA,1.3618517,0.0,1.0283468,0.94962626737064,1.218567137274025,0.012305962,0.90352505,0.2190013267984824,0.050424740447235,nerve,immune,immune-nerve,nerve_to_immune,nerve_c14,nk_cell,0.4198,6.0,0.3596,True,0.0794,26.0,0.7523,True,True
immune_nk_cell,nerve_c11,NCAM1,NCAM2,1.5673163,0.0,1.0281239,1.3521406048745193,1.5098170666432096,0.017847627,0.9035156,0.0560227690332415,0.0504498885524941,immune,nerve,immune-nerve,immune_to_nerve,nerve_c11,nk_cell,0.1876,18.0,0.5976,True,0.0794,26.0,0.7523,True,True
malignant,immune_dendritic,LGALS1,PTPRC,1.2636067,0.0,1.5966876,0.1771871356550816,0.0386827029417473,0.011437039,0.92107254,0.5224821253815174,0.0506009202771697,tumor,immune,immune-tumor,tumor_to_immune,,dendritic,,,,,0.0815,25.0,0.7859,True,True
immune_t_cell,nerve_c5,CALM1,PTPRA,1.2868359,0.0,1.0275153,0.3146106381082735,0.4071290798309984,0.0060598208,0.90348977,0.8608489208685739,0.0506261097290314,immune,nerve,immune-nerve,immune_to_nerve,nerve_c5,t_cell,0.226,19.0,0.6259,True,0.0821,23.0,0.7277,True,True
nerve_c6,immune_nk_cell,LAMA2,RPSA,1.3452686,0.0,1.0255136,0.6080110822035997,0.9125556779976248,0.018633354,0.9034047,0.047613625616384,0.0508026203091776,nerve,immune,immune-nerve,nerve_to_immune,nerve_c6,nk_cell,0.2107,18.0,0.6248,True,0.0794,26.0,0.7523,True,True
nerve_c3,immune_nk_cell,NCAM1,PTPRA,1.3585224,0.0,1.0253315,0.9459979044926,1.000644935778062,0.012269879,0.90339696,0.221328774536574,0.0509036120326609,nerve,immune,immune-nerve,nerve_to_immune,nerve_c3,nk_cell,0.3912,13.0,0.4608,True,0.0794,26.0,0.7523,True,True
nerve_c3,immune_t_cell,ALCAM,CD6,1.2616796,0.0,1.2098851,1.6086427654348523,1.6190394794721472,0.04327705,0.9103819,0.0239772364568555,0.0510552814875981,nerve,immune,immune-nerve,nerve_to_immune,nerve_c3,t_cell,0.3912,13.0,0.4608,True,0.0821,23.0,0.7277,True,True
nerve_c7,immune_dendritic,SPP1,ITGA4_ITGB1,1.7878376,0.0,1.0212693,0.3552409838777798,-0.3876139919419177,0.010673513,0.90322363,1.0,0.0512071538218501,nerve,immune,immune-nerve,nerve_to_immune,nerve_c7,dendritic,0.1793,26.0,0.7072,True,0.0815,25.0,0.7859,True,True
immune_nk_cell,nerve_c5,CD99,CD81,1.2608377,0.0,1.5577979,0.3533490776693414,0.2914481040156501,0.01642545,0.9201716,0.1278318581575076,0.051308532824536,immune,nerve,immune-nerve,immune_to_nerve,nerve_c5,nk_cell,0.226,19.0,0.6259,True,0.0794,26.0,0.7523,True,True
nerve_c13,immune_t_cell,COPA,CD74,1.3318543,0.551,1.0199174,0.016397297768636,-0.6929227889861814,0.0038225884,0.9031657,1.0,0.0513846146265595,nerve,immune,immune-nerve,nerve_to_immune,nerve_c13,t_cell,0.9595,1.0,0.0572,False,0.0821,23.0,0.7277,True,False
malignant,immune_microglia,VIM,CD44,1.2598696,0.0,1.0271602,-0.014637596847227,0.1531175506182969,0.0060527897,0.9034747,1.0,0.0515623644306565,tumor,immune,immune-tumor,tumor_to_immune,,microglia,,,,,0.0187,44.0,0.9088,True,True
nerve_c15,immune_nk_cell,NCAM1,PTPRA,1.3499621,0.0,1.0175785,0.936671724180914,0.9856972655181384,0.012177101,0.90306526,0.2277239409087164,0.0515877877150848,nerve,immune,immune-nerve,nerve_to_immune,nerve_c15,nk_cell,0.9903,1.0,0.0149,False,0.0794,26.0,0.7523,True,False
nerve_c6,malignant,NCAM1,NCAM2,1.259498,0.0,1.1568291,0.9242105374623256,1.3481111304702162,0.043934416,0.9085357,0.0307884043107669,0.0515877877150848,nerve,tumor,nerve-tumor,nerve_to_tumor,nerve_c6,,0.2107,18.0,0.6248,True,,,,,True
immune_dendritic,nerve_neuron,ANXA1,GRM7,1.2594011,0.0,1.5355024,2.5961993353483632,1.6218024206087938,0.07207966,0.91964054,0.0015976040646331,0.0516132072796374,immune,nerve,immune-nerve,immune_to_nerve,nerve_neuron,dendritic,0.4,10.0,0.5084,True,0.0815,25.0,0.7859,True,True
immune_nk_cell,nerve_c13,TGFB1,LPP,1.2590833,0.0,1.5680277,1.05050975436909,1.4187136706892045,0.03026296,0.92041165,0.0432774260187414,0.0516895109628792,immune,nerve,immune-nerve,immune_to_nerve,nerve_c13,nk_cell,0.9595,1.0,0.0572,False,0.0794,26.0,0.7523,True,False
nerve_c21,immune_dendritic,SPP1,PTGER4,1.5890719,0.012,1.0145255,0.1940887226113128,-0.6890083778735703,0.010137323,0.90293366,1.0,0.0518677559839803,nerve,immune,immune-nerve,nerve_to_immune,nerve_c21,dendritic,0.8488,6.0,0.1222,False,0.0815,25.0,0.7859,True,False
nerve_c4,malignant,NCAM1,ROBO1,1.3803437,0.0,1.0140883,1.1661072947371265,1.4761979709275497,0.05016886,0.90291476,0.0118592265017755,0.0519442364818948,nerve,tumor,nerve-tumor,nerve_to_tumor,nerve_c4,,0.1409,18.0,0.5987,True,,,,,True
malignant,nerve_c6,PTN,PTPRZ1,1.3681687,0.0,1.0121924,0.2927387159555681,0.8886453073491009,0.022157185,0.90283275,0.1624614121937085,0.0520973468960826,tumor,nerve,nerve-tumor,tumor_to_nerve,nerve_c6,,0.2107,18.0,0.6248,True,,,,,True
nerve_c19,immune_dendritic,PSEN1,CD44,1.2575157,0.0,1.4130596,1.3352509657275622,1.130850946789015,0.011533586,0.9165159,0.1581584503541801,0.0521739864519882,nerve,immune,immune-nerve,nerve_to_immune,nerve_c19,dendritic,0.9467,4.0,0.054,False,0.0815,25.0,0.7859,True,False
immune_dendritic,nerve_c2,HBEGF,CD9,1.4816746,0.0,1.0105008,1.0694503976316,1.205374819883272,0.019859724,0.9027593,0.0432774260187414,0.0523018303815254,immune,nerve,immune-nerve,immune_to_nerve,nerve_c2,dendritic,0.25,13.0,0.5666,True,0.0815,25.0,0.7859,True,True
malignant,nerve_c0,PSAP,GPR37,1.2563584,0.0,1.4381652,1.9477142312617857,0.3294640297536072,0.010859294,0.91718715,0.3349138117988191,0.0524554451407892,tumor,nerve,nerve-tumor,tumor_to_nerve,nerve_c0,,0.4029,19.0,0.5772,True,,,,,True
nerve_c20,immune_dendritic,HMGB1,HAVCR2,1.2805583,0.0,1.0093427,0.256494451343065,0.2814646689315609,0.012440412,0.902709,0.2143664484106152,0.0525836128554668,nerve,immune,immune-nerve,nerve_to_immune,nerve_c20,dendritic,0.3415,15.0,0.5197,True,0.0815,25.0,0.7859,True,True
immune_nk_cell,nerve_c7,IL16,CD9,1.5168289,0.0,1.0093286,1.3532689293595652,1.5635566150206206,0.027831875,0.9027084,0.0432774260187414,0.0526092718179953,immune,nerve,immune-nerve,immune_to_nerve,nerve_c7,nk_cell,0.1793,26.0,0.7072,True,0.0794,26.0,0.7523,True,True
immune_t_cell,nerve_c0,HLA-A,APLP2,1.8666095,0.0,1.0058578,0.2521006145172604,0.3663245820148251,0.007993476,0.902557,0.7652759532889299,0.0531751020773316,immune,nerve,immune-nerve,immune_to_nerve,nerve_c0,t_cell,0.4029,19.0,0.5772,True,0.0821,23.0,0.7277,True,True
immune_t_cell,nerve_c22,TNFSF14,LTBR,0.12719725,0.03,0.010603721,0.2384059509359599,0.1508416502917109,0.023238504,0.48744485,0.95320024592032,0.0532104389464348,immune,nerve,immune-nerve,immune_to_nerve,nerve_c22,t_cell,0.2879,24.0,0.4767,True,0.0821,23.0,0.7277,True,True
nerve_c10,immune_tam,EDIL3,ITGAV,1.4604013,0.0,1.0053064,2.0395874212561953,1.544579497036637,0.013052196,0.9025329,0.0349302619368041,0.0533040932257384,nerve,immune,immune-nerve,nerve_to_immune,nerve_c10,tam,0.2572,14.0,0.5531,True,0.1165,25.0,0.7417,True,True
immune_nk_cell,nerve_c2,TIMP1,CD63,1.6747147,0.0,1.0022198,0.2871903218485036,-0.1297832724872485,0.005520633,0.9023976,1.0,0.0536919578738869,immune,nerve,immune-nerve,immune_to_nerve,nerve_c2,nk_cell,0.25,13.0,0.5666,True,0.0794,26.0,0.7523,True,True
immune_nk_cell,nerve_c10,CALM3,PDE1C,1.2527784,0.0,1.182801,1.7836852644856092,1.588770471715968,0.014247164,0.90945405,0.0290027431247252,0.0538474777162611,immune,nerve,immune-nerve,immune_to_nerve,nerve_c10,nk_cell,0.2572,14.0,0.5531,True,0.0794,26.0,0.7523,True,True
immune_t_cell,nerve_c2,IL16,CD9,1.4797558,0.0,1.0006374,1.3204944596724242,1.4712271237114998,0.02759222,0.90232795,0.0432774260187414,0.0539253169099201,immune,nerve,immune-nerve,immune_to_nerve,nerve_c2,t_cell,0.25,13.0,0.5666,True,0.0821,23.0,0.7277,True,True
immune_nk_cell,nerve_c0,HLA-A,APLP2,1.856899,0.0,1.0001807,0.2448185244880347,0.1504286576804203,0.00794836,0.90230787,0.7745240344981836,0.053951271776263,immune,nerve,immune-nerve,immune_to_nerve,nerve_c0,nk_cell,0.4029,19.0,0.5772,True,0.0794,26.0,0.7523,True,True
nerve_c19,immune_nk_cell,COL4A5,CD44,1.2511883,0.0,1.5459172,1.9264435868211591,1.582103431191574,0.015738005,0.91989,0.0296953318441697,0.05423719214869,nerve,immune,immune-nerve,nerve_to_immune,nerve_c19,nk_cell,0.9467,4.0,0.054,False,0.0794,26.0,0.7523,True,False
immune_dendritic,nerve_c11,PSAP,GPR37,1.2510023,0.0,1.5148777,1.3146206018917062,0.608346272439737,0.011374921,0.91913944,0.2883203059869042,0.0543152954535142,immune,nerve,immune-nerve,immune_to_nerve,nerve_c11,dendritic,0.1876,18.0,0.5976,True,0.0815,25.0,0.7859,True,True
malignant,nerve_c2,FGF14,FGFR2,1.2697091,0.0,0.9957486,2.4098791282604077,2.1491424609550585,0.07116257,0.90211195,0.0017217941352158,0.0543934515596294,tumor,nerve,nerve-tumor,tumor_to_nerve,nerve_c2,,0.25,13.0,0.5666,True,,,,,True
immune_microglia,nerve_c20,APOE,LRP2,2.0679708,0.0,0.9952594,0.7965936510853985,1.983205809887871,0.0070423577,0.90209025,0.2208866303101072,0.0544455783850782,immune,nerve,immune-nerve,immune_to_nerve,nerve_c20,microglia,0.3415,15.0,0.5197,True,0.0187,44.0,0.9088,True,True
immune_tam,nerve_c14,S100A4,EGFR,1.5898856,0.0,0.9929138,0.7180907653456622,0.4270360498720321,0.018765414,0.90198594,0.0537739341423615,0.0549420122092296,immune,nerve,immune-nerve,immune_to_nerve,nerve_c14,tam,0.4198,6.0,0.3596,True,0.1165,25.0,0.7417,True,True
immune_t_cell,nerve_c21,CALM1,PDE1C,1.2784096,0.0,0.992469,0.626070706996753,0.9610880630299544,0.0044552893,0.90196615,0.4069164897766191,0.0549681957942591,immune,nerve,immune-nerve,immune_to_nerve,nerve_c21,t_cell,0.8488,6.0,0.1222,False,0.0821,23.0,0.7277,True,False
immune_dendritic,nerve_c2,S100A4,ERBB3,1.2494382,0.0,1.2318205,1.429909184075454,1.085650553531481,0.009482522,0.9111121,0.1872224929234442,0.0549943852377462,immune,nerve,immune-nerve,immune_to_nerve,nerve_c2,dendritic,0.25,13.0,0.5666,True,0.0815,25.0,0.7859,True,True
immune_tam,nerve_c20,PSAP,GPR37,1.4901571,0.0,0.99094105,0.8307131852212282,0.9722223729068796,0.0074407835,0.90189797,0.4069164897766191,0.0552566316240604,immune,nerve,immune-nerve,immune_to_nerve,nerve_c20,tam,0.3415,15.0,0.5197,True,0.1165,25.0,0.7417,True,True
nerve_c6,immune_microglia,APOE,TREM2,1.2482777,1.0,1.4791735,0.0379015149405616,-0.1492963120722281,0.02878161,0.91824865,1.0,0.0553091551659493,nerve,immune,immune-nerve,nerve_to_immune,nerve_c6,microglia,0.2107,18.0,0.6248,True,0.0187,44.0,0.9088,True,True
immune_t_cell,nerve_c9,VIM,CD44,1.3734133,0.0,0.9903209,0.042184463479705,-0.4698149297598586,0.012187744,0.9018703,1.0,0.0554142625871667,immune,nerve,immune-nerve,immune_to_nerve,nerve_c9,t_cell,0.8791,5.0,0.1446,False,0.0821,23.0,0.7277,True,False
immune_dendritic,nerve_c5,TIMP1,FGFR2,1.2477363,0.0,1.4688101,1.7113578738459592,1.1938852328638254,0.009757492,0.91798437,0.1268200229771066,0.055545776107524,immune,nerve,immune-nerve,immune_to_nerve,nerve_c5,dendritic,0.226,19.0,0.6259,True,0.0815,25.0,0.7859,True,True
immune_tam,nerve_c14,IL18,IL1RAPL1,1.4024105,0.0,0.98883504,1.139290707366319,1.080302909707527,0.009902794,0.90180385,0.1913334248561234,0.055624758446783,immune,nerve,immune-nerve,immune_to_nerve,nerve_c14,tam,0.4198,6.0,0.3596,True,0.1165,25.0,0.7417,True,True
immune_nk_cell,nerve_c3,ARF6,PLD1,1.2473574,0.0,1.3787074,2.2957125324357186,1.689691517178118,0.0310144,0.9155695,0.0183527862849469,0.0557037934635866,immune,nerve,immune-nerve,immune_to_nerve,nerve_c3,nk_cell,0.3912,13.0,0.4608,True,0.0794,26.0,0.7523,True,True
immune_t_cell,nerve_c20,CALM1,PTPRA,1.2772703,0.0,0.9877305,0.3010937175756109,0.5512053852676597,0.005825188,0.9017543,0.9220192669672214,0.0558356288786537,immune,nerve,immune-nerve,immune_to_nerve,nerve_c20,t_cell,0.3415,15.0,0.5197,True,0.0821,23.0,0.7277,True,True
immune_nk_cell,nerve_c7,TIMP1,CD63,1.6523862,0.0,0.9873864,0.2698377498468183,-0.1184297297723484,0.0054389248,0.90173894,1.0,0.0559148043281833,immune,nerve,immune-nerve,immune_to_nerve,nerve_c7,nk_cell,0.1793,26.0,0.7072,True,0.0794,26.0,0.7523,True,True
nerve_c6,immune_tam,ADAM10,CD44,1.246203,0.0,1.3394973,0.8684489491602165,1.1282250708322907,0.014744858,0.9144476,0.1142828311218531,0.0559940324280335,nerve,immune,immune-nerve,nerve_to_immune,nerve_c6,tam,0.2107,18.0,0.6248,True,0.1165,25.0,0.7417,True,True
nerve_c6,immune_t_cell,MIF,CD74_CXCR4,1.32436,1.0,0.9869399,-0.2136375600166088,-0.9771197812579708,0.0030472327,0.9017189,1.0,0.056020450161283,nerve,immune,immune-nerve,nerve_to_immune,nerve_c6,t_cell,0.2107,18.0,0.6248,True,0.0821,23.0,0.7277,True,True
immune_nk_cell,nerve_c10,NCAM1,NCAM2,1.5087085,0.0,0.98449886,1.283254898880082,1.360399397331746,0.017090322,0.90160906,0.0663983521915195,0.0562585029123911,immune,nerve,immune-nerve,immune_to_nerve,nerve_c10,nk_cell,0.2572,14.0,0.5531,True,0.0794,26.0,0.7523,True,True
immune_nk_cell,nerve_c3,GNAI2,IGF1R,1.2447252,0.0,1.2649356,1.467917239758954,1.2092217020471572,0.017239183,0.91218054,0.0642820113151355,0.056311461161342,immune,nerve,immune-nerve,immune_to_nerve,nerve_c3,nk_cell,0.3912,13.0,0.4608,True,0.0794,26.0,0.7523,True,True
immune_nk_cell,nerve_c4,CALM3,PDE1C,1.243726,0.0,1.1713775,1.765703415776215,1.4363710283907896,0.014109565,0.9090536,0.0528828015398011,0.0564439791202548,immune,nerve,immune-nerve,immune_to_nerve,nerve_c4,nk_cell,0.1409,18.0,0.5987,True,0.0794,26.0,0.7523,True,True
immune_dendritic,nerve_c0,AREG,ERBB3,1.2427104,0.0,1.438835,2.2520096996207246,2.293003238841279,0.021926237,0.9172048,0.0044524185772466,0.0567891874394988,immune,nerve,immune-nerve,immune_to_nerve,nerve_c0,dendritic,0.4029,19.0,0.5772,True,0.0815,25.0,0.7859,True,True
nerve_c11,immune_microglia,SPP1,CD44,1.2427015,1.0,1.0095984,-0.1767312616547988,-1.2873872126426344,0.0033315113,0.9027201,1.0,0.0568157905574612,nerve,immune,immune-nerve,nerve_to_immune,nerve_c11,microglia,0.1876,18.0,0.5976,True,0.0187,44.0,0.9088,True,True
malignant,nerve_c2,LAMB1,ITGA6_ITGB4,0.10848549,0.0,0.010725647,0.0864992212236186,0.1057202718057351,0.034156356,0.48887318,0.717358098873079,0.0569744221759851,tumor,nerve,nerve-tumor,tumor_to_nerve,nerve_c2,,0.25,13.0,0.5666,True,,,,,True
malignant,nerve_c2,LAMB1,ITGA6_ITGB1,0.10848549,0.0,0.010725647,0.0864992212236186,0.1057202718057351,0.034156356,0.48887318,0.717358098873079,0.0569744221759851,tumor,nerve,nerve-tumor,tumor_to_nerve,nerve_c2,,0.25,13.0,0.5666,True,,,,,True
immune_t_cell,nerve_c13,S100A4,ERBB3,1.3143225,0.0,0.97940916,1.1996578090219585,1.3725756687357231,0.007539466,0.901379,0.1350204927243254,0.0570287653659623,immune,nerve,immune-nerve,immune_to_nerve,nerve_c13,t_cell,0.9595,1.0,0.0572,False,0.0821,23.0,0.7277,True,False
immune_dendritic,nerve_c22,HLA-DRA,CD4,2.1987882,0.0,0.8227873,0.5474927498471508,0.9394015427265228,0.16043437,0.8933585,0.0432774260187414,0.0570619175494215,immune,nerve,immune-nerve,immune_to_nerve,nerve_c22,dendritic,0.2879,24.0,0.4767,True,0.0815,25.0,0.7859,True,True
nerve_c3,immune_nk_cell,PTN,NCL,1.2419767,0.0,1.5324545,0.3641831851766608,-0.0890140705171362,0.008599777,0.9195671,0.8779322632102685,0.0572154273533801,nerve,immune,immune-nerve,nerve_to_immune,nerve_c3,nk_cell,0.3912,13.0,0.4608,True,0.0794,26.0,0.7523,True,True
nerve_c3,immune_nk_cell,LAMA2,RPSA,1.3345945,0.0,0.9778891,0.585944421471591,0.8045060533709201,0.017768027,0.9013099,0.0570041287800092,0.0574023753219818,nerve,immune,immune-nerve,nerve_to_immune,nerve_c3,nk_cell,0.3912,13.0,0.4608,True,0.0794,26.0,0.7523,True,True
immune_nk_cell,nerve_c2,IL16,CD9,1.4752997,0.0,0.97773206,1.3092909613980557,1.4146376787191317,0.026960611,0.9013027,0.0432774260187414,0.057429102624945,immune,nerve,immune-nerve,immune_to_nerve,nerve_c2,nk_cell,0.25,13.0,0.5666,True,0.0794,26.0,0.7523,True,True
immune_microglia,nerve_c14,PSAP,SORT1,1.3835611,0.0,0.9761793,0.3840648927999752,1.0606011515408365,0.0042638355,0.90123206,0.5924606760433283,0.0575360802853635,immune,nerve,immune-nerve,immune_to_nerve,nerve_c14,microglia,0.4198,6.0,0.3596,True,0.0187,44.0,0.9088,True,True
immune_dendritic,nerve_c11,CALM3,PDE1C,1.2822216,0.0,0.9760392,1.8949299973731932,1.40904195782188,0.01175666,0.9012256,0.0585373616071475,0.0576029874505086,immune,nerve,immune-nerve,immune_to_nerve,nerve_c11,dendritic,0.1876,18.0,0.5976,True,0.0815,25.0,0.7859,True,True
immune_microglia,nerve_c20,SPP1,CD44,2.1429105,0.0,0.97482336,0.1743484036130903,1.4160584954290805,0.014610182,0.9011702,0.3912195127734611,0.0577771288254608,immune,nerve,immune-nerve,immune_to_nerve,nerve_c20,microglia,0.3415,15.0,0.5197,True,0.0187,44.0,0.9088,True,True
nerve_c1,immune_dendritic,COL4A5,CD47,1.2401937,0.0,1.0089793,2.508618397540732,1.552324456434505,0.021769272,0.9026932,0.0337434701298295,0.0578039377726865,nerve,immune,immune-nerve,nerve_to_immune,nerve_c1,dendritic,0.1983,17.0,0.5642,True,0.0815,25.0,0.7859,True,True
immune_t_cell,nerve_c7,CALM1,INSR,1.2740659,0.0,0.97440237,0.550369753791472,0.627229683981219,0.006260014,0.9011509,0.4069164897766191,0.057830752548953,immune,nerve,immune-nerve,immune_to_nerve,nerve_c7,t_cell,0.1793,26.0,0.7072,True,0.0821,23.0,0.7277,True,True
immune_dendritic,nerve_c6,CALM1,PDE1C,1.239903,0.0,1.5276237,0.9551829400304006,0.7492279068506438,0.00685765,0.9194502,0.4069164897766191,0.0578844097386055,immune,nerve,immune-nerve,immune_to_nerve,nerve_c6,dendritic,0.2107,18.0,0.6248,True,0.0815,25.0,0.7859,True,True
immune_nk_cell,nerve_c9,TGS1,RXRA,0.12278417,1.0,0.010744579,-0.0643738444357795,-0.0728955210058816,0.006874701,0.4890935,1.0,0.0579367841814534,immune,nerve,immune-nerve,immune_to_nerve,nerve_c9,nk_cell,0.8791,5.0,0.1446,False,0.0794,26.0,0.7523,True,False
nerve_c1,immune_microglia,COL4A5,CD44,1.2395254,0.0,1.0063496,2.3550451668044072,1.2598797235487509,0.010245008,0.90257853,0.0994001612046528,0.0580455009002179,nerve,immune,immune-nerve,nerve_to_immune,nerve_c1,microglia,0.1983,17.0,0.5642,True,0.0187,44.0,0.9088,True,True
nerve_c19,immune_dendritic,SPP1,CD44,1.2393072,1.0,1.3822038,-0.0819877375723541,-1.6635521821052497,0.004561049,0.9156673,1.0,0.0580992513545902,nerve,immune,immune-nerve,nerve_to_immune,nerve_c19,dendritic,0.9467,4.0,0.054,False,0.0815,25.0,0.7859,True,False
immune_nk_cell,malignant,MIF,EGFR,1.238297,0.0,1.4238408,0.3892091145811379,1.8160840838282504,0.011020805,0.9168062,0.3193506016210636,0.058449161770385,immune,tumor,immune-tumor,immune_to_tumor,,nk_cell,,,,,0.0794,26.0,0.7523,True,True
nerve_c10,immune_nk_cell,NCAM1,PTPRA,1.2980804,0.0,0.97058976,0.880139332222811,1.075518968576185,0.0116147995,0.9009761,0.2679316174838053,0.0585840134260886,nerve,immune,immune-nerve,nerve_to_immune,nerve_c10,nk_cell,0.2572,14.0,0.5531,True,0.0794,26.0,0.7523,True,True
immune_dendritic,nerve_neuron,GNAI2,IGF1R,1.2366407,0.0,1.459541,1.3681823444360122,1.29999645831325,0.019891363,0.9177457,0.0432774260187414,0.0589352863947742,immune,nerve,immune-nerve,immune_to_nerve,nerve_neuron,dendritic,0.4,10.0,0.5084,True,0.0815,25.0,0.7859,True,True
malignant,immune_t_cell,COPA,CD74,1.3200364,1.0,0.96791506,-0.0016719611489157,-0.7301759240207987,0.0023678965,0.90085304,1.0,0.0590164922056724,tumor,immune,immune-tumor,tumor_to_immune,,t_cell,,,,,0.0821,23.0,0.7277,True,True
immune_t_cell,nerve_c5,HLA-A,APLP2,1.8610909,0.0,0.96788013,0.245636683048023,0.3862223577842926,0.00769167,0.9008514,0.8347971439553518,0.0590435792764999,immune,nerve,immune-nerve,immune_to_nerve,nerve_c5,t_cell,0.226,19.0,0.6259,True,0.0821,23.0,0.7277,True,True
nerve_c14,immune_t_cell,VCAN,ITGA4,1.2361476,0.0,1.1428254,1.2581799843237604,1.5074946442176231,0.06869525,0.9080284,0.0055009581205792,0.0592061726333708,nerve,immune,immune-nerve,nerve_to_immune,nerve_c14,t_cell,0.4198,6.0,0.3596,True,0.0821,23.0,0.7277,True,True
nerve_c10,immune_microglia,LRP1B,PLAUR,1.2360132,0.0,1.5148659,0.6534192798090539,1.2974609092526386,0.014787127,0.91913915,0.1130614988447817,0.0592604237880437,nerve,immune,immune-nerve,nerve_to_immune,nerve_c10,microglia,0.2572,14.0,0.5531,True,0.0187,44.0,0.9088,True,True
immune_nk_cell,nerve_c14,CALM1,KCNQ5,1.3226621,0.0,0.96647793,0.7285867713085821,0.8154262483505823,0.024669973,0.9007866,0.0432774260187414,0.0592875529572921,immune,nerve,immune-nerve,immune_to_nerve,nerve_c14,nk_cell,0.4198,6.0,0.3596,True,0.0794,26.0,0.7523,True,True
nerve_c11,immune_dendritic,COL4A5,CD44,1.2355863,0.0,1.3758986,2.088104506358442,1.3313654602626883,0.014007153,0.9154906,0.0767303880457593,0.0593689856196934,nerve,immune,immune-nerve,nerve_to_immune,nerve_c11,dendritic,0.1876,18.0,0.5976,True,0.0815,25.0,0.7859,True,True
nerve_c20,malignant,APP,LRP1,1.2355682,0.0,1.1269386,0.744932666828631,1.0886648063547113,0.014196048,0.9074422,0.1312475760052156,0.0593961380451721,nerve,tumor,nerve-tumor,nerve_to_tumor,nerve_c20,,0.3415,15.0,0.5197,True,,,,,True
immune_dendritic,nerve_c0,HBEGF,CD9,1.4240277,0.0,0.9651716,1.0084022092051106,1.200716317948176,0.018968854,0.9007262,0.0441576160322058,0.0595048161557738,immune,nerve,immune-nerve,immune_to_nerve,nerve_c0,dendritic,0.4029,19.0,0.5772,True,0.0815,25.0,0.7859,True,True
immune_dendritic,nerve_c13,TIMP1,CD63,1.2346563,0.579,1.4439312,-0.0041267371104596,-0.2501983063463344,0.007953759,0.91733897,1.0,0.0596680128489965,immune,nerve,immune-nerve,immune_to_nerve,nerve_c13,dendritic,0.9595,1.0,0.0572,False,0.0815,25.0,0.7859,True,False
nerve_c13,immune_nk_cell,MIF,CD74_CXCR4,1.2345657,1.0,1.2885548,-0.1930543637715477,-1.0096493031188405,0.0039784857,0.9129187,1.0,0.0596952292069751,nerve,immune,immune-nerve,nerve_to_immune,nerve_c13,nk_cell,0.9595,1.0,0.0572,False,0.0794,26.0,0.7523,True,False
immune_nk_cell,nerve_c5,HLA-A,APLP2,1.8513805,0.0,0.9624173,0.2383545930187974,0.1703264334498878,0.0076482575,0.9005983,0.8442749138852894,0.0596952292069751,immune,nerve,immune-nerve,immune_to_nerve,nerve_c5,nk_cell,0.226,19.0,0.6259,True,0.0794,26.0,0.7523,True,True
malignant,nerve_c2,GDF11,ACVR1C,0.10478991,0.0,0.010894148,0.4730540322894046,0.1974478108630641,0.023033036,0.49082085,0.2257837339153401,0.0598608829017282,tumor,nerve,nerve-tumor,tumor_to_nerve,nerve_c2,,0.25,13.0,0.5666,True,,,,,True
immune_dendritic,nerve_c14,APOE,LRP6,1.2334433,0.238,1.5143055,0.8286270723964514,0.060222263502767,0.014200813,0.9191254,1.0,0.0600496117608677,immune,nerve,immune-nerve,immune_to_nerve,nerve_c14,dendritic,0.4198,6.0,0.3596,True,0.0815,25.0,0.7859,True,True
immune_t_cell,nerve_c4,PSAP,SORT1,1.233052,0.0,1.1574553,0.8478320345084485,0.1472384173907678,0.005055628,0.9085582,1.0,0.0601588476470259,immune,nerve,immune-nerve,immune_to_nerve,nerve_c4,t_cell,0.1409,18.0,0.5987,True,0.0821,23.0,0.7277,True,True
immune_dendritic,malignant,POMC,RAMP2,0.10521759,0.0,0.010911147,0.2706923526278534,0.1869297069582933,0.044063684,0.49101573,0.2411589747215979,0.0602106292535408,immune,tumor,immune-tumor,immune_to_tumor,,dendritic,,,,,0.0815,25.0,0.7859,True,True
malignant,nerve_c0,PTN,PTPRS,1.3565941,0.0,0.9590568,0.6359944512270491,1.903667371001192,0.028408226,0.90044165,0.0432774260187414,0.060268176432717,tumor,nerve,nerve-tumor,tumor_to_nerve,nerve_c0,,0.4029,19.0,0.5772,True,,,,,True
nerve_c14,immune_t_cell,PTN,NCL,1.2311367,0.0,1.4879515,0.2988930929794245,0.0747172873606905,0.008350036,0.91847044,0.6866456058657006,0.0604323489383536,nerve,immune,immune-nerve,nerve_to_immune,nerve_c14,t_cell,0.4198,6.0,0.3596,True,0.0821,23.0,0.7277,True,True
immune_t_cell,nerve_c0,IL16,CD9,1.4221089,0.0,0.9557507,1.259446271245935,1.466568621776404,0.026354486,0.90028673,0.0432774260187414,0.0605967200110061,immune,nerve,immune-nerve,immune_to_nerve,nerve_c0,t_cell,0.4029,19.0,0.5772,True,0.0821,23.0,0.7277,True,True
malignant,nerve_c6,NTRK3,PTPRD,1.3317484,0.0,0.9532326,1.4408904211379456,1.8583968890456255,0.057320982,0.90016824,0.0057457680684538,0.0610635945892007,tumor,nerve,nerve-tumor,tumor_to_nerve,nerve_c6,,0.2107,18.0,0.6248,True,,,,,True
immune_dendritic,malignant,FARP2,PLXNA1,0.1052421,0.4,0.0109716775,0.0222859086432664,0.0106712812446449,0.0010889343,0.491707,1.0,0.0610848758516449,immune,tumor,immune-tumor,immune_to_tumor,,dendritic,,,,,0.0815,25.0,0.7859,True,True
nerve_c14,immune_nk_cell,VCAN,ITGA4,1.2288314,0.0,1.1156555,1.2430173098301298,1.3783168316104752,0.067062065,0.9070187,0.0059128626123949,0.0611736891311371,nerve,immune,immune-nerve,nerve_to_immune,nerve_c14,nk_cell,0.4198,6.0,0.3596,True,0.0794,26.0,0.7523,True,True
malignant,immune_microglia,HLA-A,APLP2,1.2286615,1.0,1.4216176,-0.0919270832388665,-0.2042345534908112,0.004649562,0.91674656,1.0,0.0612563235029842,tumor,immune,immune-tumor,tumor_to_immune,,microglia,,,,,0.0187,44.0,0.9088,True,True
immune_nk_cell,nerve_c6,HSPA8,LRP2,1.2282078,0.0,1.3266389,1.5602356639252106,1.0895604051480845,0.010395448,0.91406953,0.1840916205558814,0.0614769298527152,immune,nerve,immune-nerve,immune_to_nerve,nerve_c6,nk_cell,0.2107,18.0,0.6248,True,0.0794,26.0,0.7523,True,True
nerve_c4,immune_microglia,TXLNA,STX3,0.1049712,0.141,0.011018202,0.0171072387645846,0.0423869672539651,0.006591852,0.4922358,1.0,0.0619589449748298,nerve,immune,immune-nerve,nerve_to_immune,nerve_c4,microglia,0.1409,18.0,0.5987,True,0.0187,44.0,0.9088,True,True
malignant,nerve_c6,CALM1,GRM3,1.2250569,0.0,1.4340533,1.5355916615979297,1.189797398159111,0.009805525,0.9170783,0.1288023289172148,0.062446453167087,tumor,nerve,nerve-tumor,tumor_to_nerve,nerve_c6,,0.2107,18.0,0.6248,True,,,,,True
nerve_c14,immune_microglia,VCAN,TLR2,1.2247071,0.0,1.1003395,1.0246091527594114,1.5316700186517451,0.07635957,0.9064342,0.0184450547411065,0.0625298864987435,nerve,immune,immune-nerve,nerve_to_immune,nerve_c14,microglia,0.4198,6.0,0.3596,True,0.0187,44.0,0.9088,True,True
immune_dendritic,nerve_c7,PSAP,GPR37,1.2235996,0.0,1.434045,1.2359083680857152,0.5228188565145654,0.010767965,0.91707814,0.3438798542013782,0.0628083699380424,immune,nerve,immune-nerve,immune_to_nerve,nerve_c7,dendritic,0.1793,26.0,0.7072,True,0.0815,25.0,0.7859,True,True
nerve_c6,immune_tam,COL4A5,CD44,1.2227741,0.0,1.259451,1.3967186670543583,1.4685647567158713,0.012821674,0.9120063,0.0728348274204553,0.0629199230593092,nerve,immune,immune-nerve,nerve_to_immune,nerve_c6,tam,0.2107,18.0,0.6248,True,0.1165,25.0,0.7417,True,True
nerve_c3,immune_nk_cell,ADAM10,CD44,1.2224276,0.0,1.4819909,0.9771372437467012,1.0155611714439383,0.016313393,0.91832006,0.0793615193692259,0.0630315686401497,nerve,immune,immune-nerve,nerve_to_immune,nerve_c3,nk_cell,0.3912,13.0,0.4608,True,0.0794,26.0,0.7523,True,True
immune_microglia,nerve_c21,C3,CD81,1.221328,0.0,1.1560074,0.2152650790728734,1.0805791883966434,0.021773355,0.90850616,0.2899456006848901,0.0632551371101588,immune,nerve,immune-nerve,immune_to_nerve,nerve_c21,microglia,0.8488,6.0,0.1222,False,0.0187,44.0,0.9088,True,False
nerve_c6,immune_tam,EDIL3,ITGAV,1.3754468,0.0,0.9375841,1.8887420823496357,1.480689857925385,0.012172937,0.89942205,0.0444626424543564,0.063423061335391,nerve,immune,immune-nerve,nerve_to_immune,nerve_c6,tam,0.2107,18.0,0.6248,True,0.1165,25.0,0.7417,True,True
malignant,nerve_c6,NCAM1,ROBO1,1.2201868,0.0,1.4775158,1.2529551348659873,1.8509697429874936,0.05733831,0.9182066,0.0057365766143752,0.0636192321140144,tumor,nerve,nerve-tumor,tumor_to_nerve,nerve_c6,,0.2107,18.0,0.6248,True,,,,,True
immune_dendritic,nerve_c6,GRN,SORT1,1.2200328,0.0,1.4857247,0.9438267799932816,1.0270959128560069,0.01140019,0.91841435,0.2856121690057154,0.0637314551750317,immune,nerve,immune-nerve,immune_to_nerve,nerve_c6,dendritic,0.2107,18.0,0.6248,True,0.0815,25.0,0.7859,True,True
immune_nk_cell,nerve_c0,IL16,CD9,1.4176528,0.0,0.9338729,1.2482427729715662,1.4099791767840355,0.025751209,0.8992425,0.0432774260187414,0.0640686782796049,immune,nerve,immune-nerve,immune_to_nerve,nerve_c0,nk_cell,0.4029,19.0,0.5772,True,0.0794,26.0,0.7523,True,True
immune_t_cell,nerve_c13,CALM1,GRM7,1.2642956,0.0,0.9337666,0.968413723742018,1.0241073664175109,0.028012212,0.8992374,0.0432774260187414,0.0641249682120106,immune,nerve,immune-nerve,immune_to_nerve,nerve_c13,t_cell,0.9595,1.0,0.0572,False,0.0821,23.0,0.7277,True,False
nerve_c4,immune_nk_cell,COL4A5,CD47,1.2186315,0.0,1.17757,2.37596886352111,1.6414630520380369,0.025406707,0.90927136,0.0229521668980183,0.0642657779881232,nerve,immune,immune-nerve,nerve_to_immune,nerve_c4,nk_cell,0.1409,18.0,0.5987,True,0.0794,26.0,0.7523,True,True
nerve_c19,immune_microglia,ADAM10,TREM2,1.2184846,0.0,1.3880432,0.7766588971223084,1.829386185909766,0.034238227,0.91582996,0.0432774260187414,0.0643503373062641,nerve,immune,immune-nerve,nerve_to_immune,nerve_c19,microglia,0.9467,4.0,0.054,False,0.0187,44.0,0.9088,True,False
malignant,immune_dendritic,ADAM15,ITGA5,0.10650175,0.001,0.01119806,0.0207511399572292,-0.0180827714891917,0.0016286108,0.4942594,1.0,0.0644054181483012,tumor,immune,immune-tumor,tumor_to_immune,,dendritic,,,,,0.0815,25.0,0.7859,True,True
nerve_c0,immune_dendritic,HMGB1,HAVCR2,1.2178478,0.0,0.94832206,0.1976790806340174,0.0457718831955562,0.011688318,0.899936,0.5041073714867131,0.064576075341297,nerve,immune,immune-nerve,nerve_to_immune,nerve_c0,dendritic,0.4029,19.0,0.5772,True,0.0815,25.0,0.7859,True,True
nerve_c13,immune_t_cell,CXCL14,CXCR4,1.3375751,0.0,0.9296167,1.0266256224435577,1.6796596578123644,0.10012833,0.8990354,0.0182592980030624,0.0648304794826029,nerve,immune,immune-nerve,nerve_to_immune,nerve_c13,t_cell,0.9595,1.0,0.0572,False,0.0821,23.0,0.7277,True,False
malignant,nerve_c21,PTN,NCL,1.3497784,0.0,0.92776763,0.2480444885091832,1.4881343580308315,0.020314917,0.89894503,0.2285329714728937,0.0651987615050861,tumor,nerve,nerve-tumor,tumor_to_nerve,nerve_c21,,0.8488,6.0,0.1222,False,,,,,False
nerve_c3,immune_dendritic,FN1,ITGA5_ITGB1,0.10675928,1.0,0.011259109,-0.1188747948853355,-0.5833229923701233,0.0037934568,0.49493894,1.0,0.0654534925387389,nerve,immune,immune-nerve,nerve_to_immune,nerve_c3,dendritic,0.3912,13.0,0.4608,True,0.0815,25.0,0.7859,True,True
immune_nk_cell,nerve_c0,AREG,ERBB3,1.2146783,0.0,1.387373,2.2166844458091406,1.9899013721930705,0.021142013,0.91581136,0.0051878074393355,0.0658242338388213,immune,nerve,immune-nerve,immune_to_nerve,nerve_c0,nk_cell,0.4029,19.0,0.5772,True,0.0794,26.0,0.7523,True,True
nerve_c11,immune_dendritic,LRP1B,PLAUR,1.2118793,0.0,1.4090495,0.6229560202991357,0.7179124184241811,0.013754217,0.91640705,0.147844308783735,0.0671122826784688,nerve,immune,immune-nerve,nerve_to_immune,nerve_c11,dendritic,0.1876,18.0,0.5976,True,0.0815,25.0,0.7859,True,True
immune_dendritic,nerve_c10,TIMP1,FGFR2,1.2115219,0.0,1.3999282,1.6291862502718375,1.2036675808950843,0.0092999,0.916158,0.1224702593456292,0.0671697928867083,immune,nerve,immune-nerve,immune_to_nerve,nerve_c10,dendritic,0.2572,14.0,0.5531,True,0.0815,25.0,0.7859,True,True
immune_tam,nerve_c14,VCAN,ITGB1,1.292249,0.0,0.9168369,0.8653748893959607,1.2999111026366434,0.021111928,0.8984054,0.0432774260187414,0.0672561121097237,immune,nerve,immune-nerve,immune_to_nerve,nerve_c14,tam,0.4198,6.0,0.3596,True,0.1165,25.0,0.7417,True,True
immune_dendritic,nerve_c20,LGALS1,ITGB1,1.2108163,0.0,1.297385,0.252047922153472,0.3223959040179123,0.010967203,0.91318977,0.3243490068057386,0.0674000958511153,immune,nerve,immune-nerve,immune_to_nerve,nerve_c20,dendritic,0.3415,15.0,0.5197,True,0.0815,25.0,0.7859,True,True
immune_dendritic,nerve_c14,AREG,ERBB3,1.2106667,0.0,1.3383776,2.145550017928624,2.3404546191796296,0.020395378,0.9144149,0.0065456224022841,0.067428905447709,immune,nerve,immune-nerve,immune_to_nerve,nerve_c14,dendritic,0.4198,6.0,0.3596,True,0.0815,25.0,0.7859,True,True
immune_dendritic,nerve_c20,HLA-A,APLP2,1.4321296,0.214,0.9145918,-0.0583669254467448,-0.2104233801887164,0.0072681922,0.8982935,1.0,0.0677751005561469,immune,nerve,immune-nerve,immune_to_nerve,nerve_c20,dendritic,0.3415,15.0,0.5197,True,0.0815,25.0,0.7859,True,True
immune_dendritic,nerve_c10,CALM1,INSR,1.2090545,0.0,1.4450378,0.8046425779011982,0.6756161718010172,0.009283595,0.917368,0.4069164897766191,0.0680352967695977,immune,nerve,immune-nerve,immune_to_nerve,nerve_c10,dendritic,0.2572,14.0,0.5531,True,0.0815,25.0,0.7859,True,True
nerve_neuron,immune_tam,LAMA4,CD44,1.2090489,0.0,1.2125572,1.4872422642887142,1.507559493352414,0.053207036,0.91047186,0.008786785176414,0.0680642324618832,nerve,immune,immune-nerve,nerve_to_immune,nerve_neuron,tam,0.4,10.0,0.5084,True,0.1165,25.0,0.7417,True,True
nerve_c14,immune_microglia,WNT5A,RYK,0.10704325,1.0,0.011363514,-0.0618419093030198,-0.1313336805425933,0.037765726,0.49609265,1.0,0.0682471338173699,nerve,immune,immune-nerve,nerve_to_immune,nerve_c14,microglia,0.4198,6.0,0.3596,True,0.0187,44.0,0.9088,True,True
nerve_c14,immune_dendritic,PTN,NCL,1.208512,0.0,1.424706,0.2731697508377514,-0.066280662525874,0.007995117,0.91682935,0.806842163167458,0.0683249443194888,nerve,immune,immune-nerve,nerve_to_immune,nerve_c14,dendritic,0.4198,6.0,0.3596,True,0.0815,25.0,0.7859,True,True
immune_t_cell,nerve_c14,CALM1,KCNQ5,1.2586931,0.0,0.9104649,0.6715472636901556,0.7857723943397181,0.023240205,0.8980867,0.0432774260187414,0.0684989989630702,immune,nerve,immune-nerve,immune_to_nerve,nerve_c14,t_cell,0.4198,6.0,0.3596,True,0.0821,23.0,0.7277,True,True
nerve_c19,immune_microglia,TF,TFRC,1.207174,0.0,0.9739187,1.577548512929202,1.7121816718357472,0.01152581,0.90112877,0.043283105517166,0.0688186471775223,nerve,immune,immune-nerve,nerve_to_immune,nerve_c19,microglia,0.9467,4.0,0.054,False,0.0187,44.0,0.9088,True,False
nerve_c10,immune_nk_cell,COPA,CD74,1.2071269,1.0,1.1941677,0.0735394008720614,-0.7244760884779762,0.0044756685,0.909847,1.0,0.068876844434592,nerve,immune,immune-nerve,nerve_to_immune,nerve_c10,nk_cell,0.2572,14.0,0.5531,True,0.0794,26.0,0.7523,True,True
nerve_c6,malignant,CNTN2,NRCAM,1.2069724,0.0,1.4560685,1.8293294770308104,2.333164766074031,0.044467144,0.91765577,0.0205511045063703,0.068935053566898,nerve,tumor,nerve-tumor,nerve_to_tumor,nerve_c6,,0.2107,18.0,0.6248,True,,,,,True
nerve_c14,immune_dendritic,VCAN,ITGB1,1.2061973,0.0,1.0316005,0.7801227561571632,0.8264786131037565,0.029082248,0.9036626,0.0432774260187414,0.0692264754689822,nerve,immune,immune-nerve,nerve_to_immune,nerve_c14,dendritic,0.4198,6.0,0.3596,True,0.0815,25.0,0.7859,True,True
nerve_c4,immune_microglia,PSEN1,CD44,1.2060285,0.0,0.9720845,1.3630116284938605,0.9715657546556722,0.007934287,0.9010448,0.2879557515055872,0.069284832892272,nerve,immune,immune-nerve,nerve_to_immune,nerve_c4,microglia,0.1409,18.0,0.5987,True,0.0187,44.0,0.9088,True,True
nerve_c5,immune_dendritic,HLA-A,APLP2,1.2054912,1.0,0.97951555,-0.1966106850671729,-0.5577368830753217,0.008251631,0.90138376,1.0,0.0694308099428526,nerve,immune,immune-nerve,nerve_to_immune,nerve_c5,dendritic,0.226,19.0,0.6259,True,0.0815,25.0,0.7859,True,True
immune_nk_cell,malignant,VIM,CD44,1.2046568,0.998,1.0656761,-0.0360368516663838,-0.4129885768830509,0.0070922635,0.905068,1.0,0.0695184691881056,immune,tumor,immune-tumor,immune_to_tumor,,nk_cell,,,,,0.0794,26.0,0.7523,True,True
immune_nk_cell,nerve_c22,CALM1,KCNQ3,1.3088689,0.0,0.90558076,0.4532987541204799,0.4971619357516662,0.030822942,0.89784026,0.0432774260187414,0.0696939419914327,immune,nerve,immune-nerve,immune_to_nerve,nerve_c22,nk_cell,0.2879,24.0,0.4767,True,0.0794,26.0,0.7523,True,True
immune_dendritic,nerve_c20,PSAP,SORT1,1.2039015,0.0,1.3759401,0.4546483188645654,0.3320663108608601,0.0060099433,0.9154918,0.7019254481530732,0.0696939419914327,immune,nerve,immune-nerve,immune_to_nerve,nerve_c20,dendritic,0.3415,15.0,0.5197,True,0.0815,25.0,0.7859,True,True
nerve_neuron,immune_t_cell,VCAN,CD44,1.2037524,0.0,1.4292749,0.7080334688426897,1.0008930387892965,0.027126152,0.91695136,0.0432774260187414,0.0697232037681242,nerve,immune,immune-nerve,nerve_to_immune,nerve_neuron,t_cell,0.4,10.0,0.5084,True,0.0821,23.0,0.7277,True,True
nerve_c21,immune_dendritic,HMGB1,HAVCR2,1.2035844,0.001,0.934443,0.1843005345168417,0.070755048346099,0.011517255,0.8992702,0.7156879396163709,0.0697524712570144,nerve,immune,immune-nerve,nerve_to_immune,nerve_c21,dendritic,0.8488,6.0,0.1222,False,0.0815,25.0,0.7859,True,False
nerve_c14,immune_dendritic,IGSF11,VSIR,1.20235,0.0,1.1189253,1.7974515725536664,1.42720623915752,0.023441678,0.9071421,0.0432774260187414,0.0700748238566119,nerve,immune,immune-nerve,nerve_to_immune,nerve_c14,dendritic,0.4198,6.0,0.3596,True,0.0815,25.0,0.7859,True,True
immune_nk_cell,nerve_c7,VIM,CD44,1.2018158,0.985,1.0553032,-0.0390212673027571,-0.4886670919696567,0.012987471,0.90464693,1.0,0.0703390868804606,immune,nerve,immune-nerve,immune_to_nerve,nerve_c7,nk_cell,0.1793,26.0,0.7072,True,0.0794,26.0,0.7523,True,True
immune_nk_cell,malignant,NCAM1,PTPRZ1,1.3985102,0.0,0.9024722,0.4288217007707929,1.5951030342178176,0.0012317735,0.8976825,0.4598093201902785,0.0703978673756486,immune,tumor,immune-tumor,immune_to_tumor,,nk_cell,,,,,0.0794,26.0,0.7523,True,True
immune_t_cell,nerve_c5,HSPA8,LRP2,1.200725,0.0,0.92095155,1.086862583745575,1.0297007243259588,0.007216511,0.8986096,0.2300822307315808,0.070810014386512,immune,nerve,immune-nerve,immune_to_nerve,nerve_c5,t_cell,0.226,19.0,0.6259,True,0.0821,23.0,0.7277,True,True
malignant,nerve_c6,CALM1,INSR,1.2005094,0.0,1.3612287,0.7143047447732421,0.8882895793510035,0.008678722,0.91507506,0.4069164897766191,0.0708984786560814,tumor,nerve,nerve-tumor,tumor_to_nerve,nerve_c6,,0.2107,18.0,0.6248,True,,,,,True
nerve_neuron,immune_tam,COL9A1,CD44,1.2004042,0.0,1.1830223,2.294254559408623,1.6387944299884991,0.060792077,0.90946174,0.0041443962897914,0.0709574870705185,nerve,immune,immune-nerve,nerve_to_immune,nerve_neuron,tam,0.4,10.0,0.5084,True,0.1165,25.0,0.7417,True,True
immune_tam,nerve_c14,SPP1,ITGAV_ITGB1,1.4038771,1.0,0.89976656,-0.0956739395138741,-0.4357531517329225,0.005991819,0.89754444,1.0,0.0710165071286816,immune,nerve,immune-nerve,immune_to_nerve,nerve_c14,tam,0.4198,6.0,0.3596,True,0.1165,25.0,0.7417,True,True
nerve_c19,immune_dendritic,CD22,PTPRC,1.2002664,0.0,1.4361352,2.4426932320053147,1.1882164496613217,0.018336462,0.9171335,0.050516608111282,0.0710460257080539,nerve,immune,immune-nerve,nerve_to_immune,nerve_c19,dendritic,0.9467,4.0,0.054,False,0.0815,25.0,0.7859,True,False
nerve_c4,immune_t_cell,ADAM10,CD44,1.1997803,0.0,1.4185959,0.8856728200349343,1.026340869016174,0.015615556,0.9166653,0.0928927297079302,0.0712232792362511,nerve,immune,immune-nerve,nerve_to_immune,nerve_c4,t_cell,0.1409,18.0,0.5987,True,0.0821,23.0,0.7277,True,True
nerve_c3,immune_microglia,TF,TFRC,1.1991941,0.0,0.96574825,1.564153579412383,1.6534740148695868,0.011429117,0.9007529,0.0448847528844701,0.0714303306149016,nerve,immune,immune-nerve,nerve_to_immune,nerve_c3,microglia,0.3912,13.0,0.4608,True,0.0187,44.0,0.9088,True,True
immune_microglia,nerve_c20,PSAP,GPR37,1.3666844,0.0,0.8967878,0.7332596418647388,1.4215736980906273,0.006733805,0.8973919,0.4069164897766191,0.0716080286336972,immune,nerve,immune-nerve,immune_to_nerve,nerve_c20,microglia,0.3415,15.0,0.5197,True,0.0187,44.0,0.9088,True,True
immune_t_cell,nerve_c11,PSAP,SORT1,1.1986048,0.0,1.1140113,0.7923873902677678,0.0928642058318122,0.004865869,0.90695655,1.0,0.0716969545433507,immune,nerve,immune-nerve,immune_to_nerve,nerve_c11,t_cell,0.1876,18.0,0.5976,True,0.0821,23.0,0.7277,True,True
nerve_c19,immune_t_cell,ALCAM,CD6,1.1979072,0.0,1.1277897,1.5321515342618444,1.5932509472610397,0.04034054,0.9074739,0.0331054095779931,0.0720531594341482,nerve,immune,immune-nerve,nerve_to_immune,nerve_c19,t_cell,0.9467,4.0,0.054,False,0.0821,23.0,0.7277,True,False
immune_t_cell,nerve_c6,S100A4,ERBB3,1.2946048,0.0,0.893471,1.1341491251744935,1.4245426359061857,0.0068779164,0.8972212,0.1656429867707423,0.0723804033941921,immune,nerve,immune-nerve,immune_to_nerve,nerve_c6,t_cell,0.2107,18.0,0.6248,True,0.0821,23.0,0.7277,True,True
immune_tam,nerve_c14,PSAP,LRP1,1.4713992,0.0,0.893436,0.3001243604276536,0.3489142015810291,0.026049959,0.89721936,0.1531196210319114,0.0724101839090815,immune,nerve,immune-nerve,immune_to_nerve,nerve_c14,tam,0.4198,6.0,0.3596,True,0.1165,25.0,0.7417,True,True
nerve_c1,immune_microglia,IRAK4,TLR6,0.10813178,0.0,0.011674077,0.0998680117373742,0.1126702859190414,0.017153688,0.49946296,0.6574585660272291,0.0729573828457147,nerve,immune,immune-nerve,nerve_to_immune,nerve_c1,microglia,0.1983,17.0,0.5642,True,0.0187,44.0,0.9088,True,True
nerve_c10,immune_dendritic,COL4A5,CD44,1.1933762,0.0,1.3043703,1.979230713189138,1.37785407951056,0.01327897,0.9134024,0.0647296869001385,0.0731566236581293,nerve,immune,immune-nerve,nerve_to_immune,nerve_c10,dendritic,0.2572,14.0,0.5531,True,0.0815,25.0,0.7859,True,True
immune_t_cell,nerve_c3,CALM3,PDE1C,1.1929038,0.0,1.217648,1.6301999527949276,1.3762823349133992,0.014666905,0.91064245,0.06495777055305,0.0733363013677669,immune,nerve,immune-nerve,immune_to_nerve,nerve_c3,t_cell,0.3912,13.0,0.4608,True,0.0821,23.0,0.7277,True,True
nerve_neuron,immune_tam,ADAM10,CD44,1.1922767,0.0,1.1552538,0.7855829904223102,0.9126835744733262,0.012716751,0.9084791,0.1958033364855896,0.0735761821536849,nerve,immune,immune-nerve,nerve_to_immune,nerve_neuron,tam,0.4,10.0,0.5084,True,0.1165,25.0,0.7417,True,True
immune_tam,nerve_c21,AGTRAP,RACK1,1.1909049,0.013,0.96979284,0.3770195489958213,0.274809147186783,0.028157745,0.9009395,0.8768530055300874,0.0741473578971521,immune,nerve,immune-nerve,immune_to_nerve,nerve_c21,tam,0.8488,6.0,0.1222,False,0.1165,25.0,0.7417,True,False
immune_dendritic,nerve_c7,PSAP,SORT1,1.1908822,0.0,1.3375357,0.4336930602133886,0.1930137405686581,0.0058421977,0.91439027,1.0,0.0741774849152608,immune,nerve,immune-nerve,immune_to_nerve,nerve_c7,dendritic,0.1793,26.0,0.7072,True,0.0815,25.0,0.7859,True,True
nerve_c6,immune_dendritic,LRP1B,PLAUR,1.1901288,0.0,1.3669518,0.6035854857703704,0.7110677592260509,0.013343286,0.9152379,0.1652732894404871,0.0744789758537127,nerve,immune,immune-nerve,nerve_to_immune,nerve_c6,dendritic,0.2107,18.0,0.6248,True,0.0815,25.0,0.7859,True,True
nerve_c21,immune_dendritic,SPP1,ITGA4_ITGB1,1.5655819,0.007,0.8821294,0.2493999911684063,-0.6397632998793428,0.00921933,0.8966307,1.0,0.0748415315811733,nerve,immune,immune-nerve,nerve_to_immune,nerve_c21,dendritic,0.8488,6.0,0.1222,False,0.0815,25.0,0.7859,True,False
nerve_c3,immune_microglia,DLL1,NOTCH2,0.11032416,0.044,0.011800196,0.0426748503796313,-0.0451732112282408,0.004688618,0.50080615,1.0,0.0752234809635141,nerve,immune,immune-nerve,nerve_to_immune,nerve_c3,microglia,0.3912,13.0,0.4608,True,0.0187,44.0,0.9088,True,True
nerve_c4,immune_t_cell,ALCAM,CD6,1.1883056,0.0,1.1154294,1.5206353727588158,1.5452786400650091,0.039898414,0.9070102,0.0346269142582476,0.0753261930933673,nerve,immune,immune-nerve,nerve_to_immune,nerve_c4,t_cell,0.1409,18.0,0.5987,True,0.0821,23.0,0.7277,True,True
immune_nk_cell,nerve_c14,CALM1,INSR,1.3028479,0.0,0.8789979,0.5400690565157685,0.6322750802967658,0.005647092,0.8964658,0.4069164897766191,0.0754779557178379,immune,nerve,immune-nerve,immune_to_nerve,nerve_c14,nk_cell,0.4198,6.0,0.3596,True,0.0794,26.0,0.7523,True,True
nerve_c3,immune_t_cell,COL4A5,CD44,1.187974,0.0,1.3868542,1.5852963984180422,1.3067742768272748,0.014118685,0.91579694,0.0829507474753395,0.0755083206304371,nerve,immune,immune-nerve,nerve_to_immune,nerve_c3,t_cell,0.3912,13.0,0.4608,True,0.0821,23.0,0.7277,True,True
malignant,nerve_c0,CALM1,PDE1C,1.1868728,0.0,1.3207735,0.77060007936284,0.8416264200494175,0.005975724,0.91389537,0.4069164897766191,0.0759340695418245,tumor,nerve,nerve-tumor,tumor_to_nerve,nerve_c0,,0.4029,19.0,0.5772,True,,,,,True
nerve_c14,immune_nk_cell,APP,CD74,1.1867771,1.0,1.124167,-0.1416794169732939,-1.1623964884182465,0.0017869821,0.90733874,1.0,0.0759949747470676,nerve,immune,immune-nerve,nerve_to_immune,nerve_c14,nk_cell,0.4198,6.0,0.3596,True,0.0794,26.0,0.7523,True,True
nerve_c11,immune_dendritic,PSEN1,CD44,1.1857314,0.0,1.2914156,1.2094195648089838,1.0195245624304985,0.01054071,0.91300684,0.2381858870015624,0.0763914560009384,nerve,immune,immune-nerve,nerve_to_immune,nerve_c11,dendritic,0.1876,18.0,0.5976,True,0.0815,25.0,0.7859,True,True
immune_nk_cell,nerve_c22,VIM,CD44,1.1852627,0.825,0.994866,-0.0564035056905979,-0.4637138087755549,0.01224368,0.9020727,1.0,0.0765747713404403,immune,nerve,immune-nerve,immune_to_nerve,nerve_c22,nk_cell,0.2879,24.0,0.4767,True,0.0794,26.0,0.7523,True,True
nerve_c4,immune_t_cell,COL4A5,CD47,1.1850892,0.0,1.0586188,2.323607658578174,1.5987096825445368,0.02284027,0.9047821,0.0276714711100985,0.0766053398203294,nerve,immune,immune-nerve,nerve_to_immune,nerve_c4,t_cell,0.1409,18.0,0.5987,True,0.0821,23.0,0.7277,True,True
nerve_c14,immune_microglia,VCAN,CD44,1.1841425,0.0,0.9496967,0.7196546670953499,0.6578745556917315,0.018024256,0.90000117,0.0539607841791613,0.077033937942436,nerve,immune,immune-nerve,nerve_to_immune,nerve_c14,microglia,0.4198,6.0,0.3596,True,0.0187,44.0,0.9088,True,True
immune_t_cell,nerve_c3,GNAI2,IGF1R,1.183891,0.0,1.0486069,1.395281761571223,1.1013775965302677,0.014290945,0.90437204,0.1280463460921787,0.0771872719659467,immune,nerve,immune-nerve,immune_to_nerve,nerve_c3,t_cell,0.3912,13.0,0.4608,True,0.0821,23.0,0.7277,True,True
immune_dendritic,nerve_c21,HBEGF,CD9,1.3018653,0.0,0.8691123,0.8790340105315051,1.105682411845028,0.017080968,0.89593965,0.0666025985512136,0.0775558679188356,immune,nerve,immune-nerve,immune_to_nerve,nerve_c21,dendritic,0.8488,6.0,0.1222,False,0.0815,25.0,0.7859,True,False
immune_nk_cell,nerve_c14,AREG,ERBB3,1.1826346,0.0,1.2905086,2.1102247641170395,2.037352752531421,0.019665908,0.91297895,0.0077392446396214,0.0776481322281121,immune,nerve,immune-nerve,immune_to_nerve,nerve_c14,nk_cell,0.4198,6.0,0.3596,True,0.0794,26.0,0.7523,True,True
nerve_c10,immune_dendritic,PSEN1,CD44,1.1826295,0.0,1.286159,1.2039834776633331,1.138610132472043,0.010497806,0.9128447,0.1542368624898331,0.0776789099191221,nerve,immune,immune-nerve,nerve_to_immune,nerve_c10,dendritic,0.2572,14.0,0.5531,True,0.0815,25.0,0.7859,True,True
nerve_c10,immune_microglia,ADAM10,TREM2,1.1824653,0.0,1.2778684,0.7213104900376117,1.8767165681874916,0.031520598,0.9125871,0.0432774260187414,0.0778328364135922,nerve,immune,immune-nerve,nerve_to_immune,nerve_c10,microglia,0.2572,14.0,0.5531,True,0.0187,44.0,0.9088,True,True
malignant,nerve_c22,CD99,CD81,1.1824075,0.0,1.3354137,0.2515638427909522,0.4555001813068999,0.011650836,0.9143281,0.2651215314823685,0.077894453479015,tumor,nerve,nerve-tumor,tumor_to_nerve,nerve_c22,,0.2879,24.0,0.4767,True,,,,,True
immune_t_cell,nerve_c20,CD99,CD81,1.1824048,0.0,1.3150514,0.2804640354199955,0.4345497231729198,0.013865926,0.91372436,0.1788401306787221,0.0779560814418027,immune,nerve,immune-nerve,immune_to_nerve,nerve_c20,t_cell,0.3415,15.0,0.5197,True,0.0821,23.0,0.7277,True,True
immune_nk_cell,nerve_c6,NCAM1,NCAM2,1.3513465,0.0,0.8673656,1.0982992443270485,1.323069181756046,0.0150569575,0.89584583,0.1058964216456138,0.0780485773290678,immune,nerve,immune-nerve,immune_to_nerve,nerve_c6,nk_cell,0.2107,18.0,0.6248,True,0.0794,26.0,0.7523,True,True
immune_microglia,nerve_c21,SPP1,ITGAV_ITGB1,2.1102524,0.0,0.71062964,0.1630144658129087,1.4974804302080476,0.0047322977,0.88617396,0.6464257282128832,0.0783592227019469,immune,nerve,immune-nerve,immune_to_nerve,nerve_c21,microglia,0.8488,6.0,0.1222,False,0.0187,44.0,0.9088,True,False
nerve_c4,immune_microglia,APP,LRP1,1.1815512,0.0,0.9935587,0.6772753054742711,0.7975225467755668,0.012466595,0.9020147,0.2089778963707636,0.0784808877434956,nerve,immune,immune-nerve,nerve_to_immune,nerve_c4,microglia,0.1409,18.0,0.5987,True,0.0187,44.0,0.9088,True,True
immune_dendritic,nerve_c22,TGS1,RXRA,0.111408286,0.941,0.011941413,-0.0883955965857841,-0.0871935636967011,0.0076404708,0.5022931,1.0,0.0785333629987903,immune,nerve,immune-nerve,immune_to_nerve,nerve_c22,dendritic,0.2879,24.0,0.4767,True,0.0815,25.0,0.7859,True,True
nerve_c10,immune_tam,COL4A5,CD93,1.1804503,0.0,1.2645723,2.633210540358727,2.0545799761344012,0.057495806,0.91216904,0.0030733311297913,0.0788213331698702,nerve,immune,immune-nerve,nerve_to_immune,nerve_c10,tam,0.2572,14.0,0.5531,True,0.1165,25.0,0.7417,True,True
immune_dendritic,nerve_c7,LGALS1,ITGB1,1.1802865,0.0,1.1983747,0.2118772304001775,0.0591229118438755,0.010130239,0.9099912,0.4714092604952,0.0789143023070986,immune,nerve,immune-nerve,immune_to_nerve,nerve_c7,dendritic,0.1793,26.0,0.7072,True,0.0815,25.0,0.7859,True,True
immune_t_cell,nerve_c1,S100A4,EGFR,1.2876273,0.0,0.8630603,0.4703966098753763,-0.008620735186823,0.01631127,0.8956135,0.6079938091217112,0.0789763020604263,immune,nerve,immune-nerve,immune_to_nerve,nerve_c1,t_cell,0.1983,17.0,0.5642,True,0.0821,23.0,0.7277,True,True
immune_t_cell,nerve_c6,S100A4,EGFR,1.2875999,0.0,0.8629408,0.4703749256350901,0.0989272176792667,0.016309012,0.89560705,0.3849203615656221,0.0790383360603819,immune,nerve,immune-nerve,immune_to_nerve,nerve_c6,t_cell,0.2107,18.0,0.6248,True,0.0821,23.0,0.7277,True,True
nerve_c11,immune_microglia,LAMA2,RPSA,1.1801028,0.0,1.2732645,0.7159357093277393,0.6674464315989576,0.023134932,0.91244304,0.0432774260187414,0.0790693556357794,nerve,immune,immune-nerve,nerve_to_immune,nerve_c11,microglia,0.1876,18.0,0.5976,True,0.0187,44.0,0.9088,True,True
nerve_c3,immune_dendritic,GRN,SORT1,0.110391,1.0,0.011968191,-0.4975558879053122,-1.1501292781113297,0.0021856222,0.50257313,1.0,0.0792298632239134,nerve,immune,immune-nerve,nerve_to_immune,nerve_c3,dendritic,0.3912,13.0,0.4608,True,0.0815,25.0,0.7859,True,True
immune_t_cell,nerve_c21,IL16,CD9,1.2999465,0.0,0.860629,1.1300780725723292,1.371534715673256,0.02373154,0.8954815,0.0432774260187414,0.0796287288182982,immune,nerve,immune-nerve,immune_to_nerve,nerve_c21,t_cell,0.8488,6.0,0.1222,False,0.0821,23.0,0.7277,True,False
malignant,nerve_c22,PTN,NCL,1.3349746,0.0,0.8598073,0.2312141001248702,1.4464804144593082,0.018826818,0.8954368,0.257991320287579,0.0797532801381238,tumor,nerve,nerve-tumor,tumor_to_nerve,nerve_c22,,0.2879,24.0,0.4767,True,,,,,True
malignant,nerve_c0,PSAP,SORT1,1.1777431,0.0,1.2995143,0.6557715063330443,-0.065849151338992,0.005620585,0.91325474,1.0,0.0798467556075208,tumor,nerve,nerve-tumor,tumor_to_nerve,nerve_c0,,0.4029,19.0,0.5772,True,,,,,True
immune_nk_cell,nerve_c20,CALM1,PDE1C,1.2983519,0.0,0.8591478,0.5956545193201609,0.8091718496733951,0.0038567975,0.89540094,0.4069164897766191,0.0799091046268376,immune,nerve,immune-nerve,immune_to_nerve,nerve_c20,nk_cell,0.3415,15.0,0.5197,True,0.0794,26.0,0.7523,True,True
immune_tam,nerve_c21,GRN,SORT1,1.1766231,0.0,1.0662162,0.736850822236788,0.9389819014269556,0.008181239,0.90508974,0.4069164897766191,0.080189923919592,immune,nerve,immune-nerve,immune_to_nerve,nerve_c21,tam,0.8488,6.0,0.1222,False,0.1165,25.0,0.7417,True,False
immune_dendritic,nerve_c6,APOE,ABCA1,1.1749547,1.0,1.3601803,0.0601123159823058,-0.3714795473569868,0.00871298,0.9150451,1.0,0.0807842680185167,immune,nerve,immune-nerve,immune_to_nerve,nerve_c6,dendritic,0.2107,18.0,0.6248,True,0.0815,25.0,0.7859,True,True
immune_nk_cell,nerve_c0,PSAP,GPR37,1.173684,0.0,1.1684998,1.8824584794164665,0.4409315374456175,0.0087740375,0.90895194,0.4174345463994644,0.0810978990776676,immune,nerve,immune-nerve,immune_to_nerve,nerve_c0,nk_cell,0.4029,19.0,0.5772,True,0.0794,26.0,0.7523,True,True
malignant,nerve_c0,NCAM1,FGFR2,1.1735736,0.0,1.3736898,1.6062380801046088,1.732505653829682,0.03309979,0.91542846,0.0397248109890398,0.0812235062304183,tumor,nerve,nerve-tumor,tumor_to_nerve,nerve_c0,,0.4029,19.0,0.5772,True,,,,,True
immune_t_cell,nerve_c22,CALM1,KCNQ3,1.2448999,0.0,0.8530971,0.3962592465020534,0.467508081740802,0.029036574,0.89506954,0.06853667426949,0.0813492031281968,immune,nerve,immune-nerve,immune_to_nerve,nerve_c22,t_cell,0.2879,24.0,0.4767,True,0.0821,23.0,0.7277,True,True
immune_dendritic,nerve_c5,HBEGF,CD9,1.2806823,0.0,0.85245556,0.8566024741548036,1.0324238837352515,0.016753606,0.89503413,0.0717400476539051,0.0816008779981379,immune,nerve,immune-nerve,immune_to_nerve,nerve_c5,dendritic,0.226,19.0,0.6259,True,0.0815,25.0,0.7859,True,True
immune_nk_cell,nerve_c2,HSPA8,LRP2,1.1717808,0.0,1.139905,1.3530908351108448,0.7740474976184804,0.008932213,0.9079215,0.4069164897766191,0.0818528997442816,immune,nerve,immune-nerve,immune_to_nerve,nerve_c2,nk_cell,0.25,13.0,0.5666,True,0.0794,26.0,0.7523,True,True
nerve_c6,immune_dendritic,B2M,CD1C,1.5014877,1.0,0.8480472,1.3501784679901934,0.1601912979879651,0.047068667,0.89479035,0.2244551158004598,0.0823896455090531,nerve,immune,immune-nerve,nerve_to_immune,nerve_c6,dendritic,0.2107,18.0,0.6248,True,0.0815,25.0,0.7859,True,True
nerve_c10,immune_dendritic,SPP1,CD44,1.1698592,1.0,1.2645189,-0.1150597515949831,-1.3252359504496942,0.004172708,0.9121673,1.0,0.0825794624389721,nerve,immune,immune-nerve,nerve_to_immune,nerve_c10,dendritic,0.2572,14.0,0.5531,True,0.0815,25.0,0.7859,True,True
immune_nk_cell,nerve_c6,S100A4,ERBB3,1.2372011,0.0,0.8464003,1.0872285498572394,1.0548844773621038,0.006515567,0.89469886,0.210296151026576,0.0827694928449298,immune,nerve,immune-nerve,immune_to_nerve,nerve_c6,nk_cell,0.2107,18.0,0.6248,True,0.0794,26.0,0.7523,True,True
nerve_c3,immune_dendritic,PSEN1,CD44,1.167292,0.0,1.2601686,1.177098003034149,0.9099190752233206,0.010285668,0.9120292,0.3634280369988104,0.0833725685129127,nerve,immune,immune-nerve,nerve_to_immune,nerve_c3,dendritic,0.3912,13.0,0.4608,True,0.0815,25.0,0.7859,True,True
nerve_c1,immune_dendritic,IRAK4,TLR7,0.1104559,0.088,0.012196642,0.0166194496326663,-0.0092147151732867,0.013526962,0.5049365,1.0,0.0834065317575375,nerve,immune,immune-nerve,nerve_to_immune,nerve_c1,dendritic,0.1983,17.0,0.5642,True,0.0815,25.0,0.7859,True,True
immune_t_cell,nerve_c5,IL16,CD9,1.2787635,0.0,0.8441349,1.1076465361956278,1.2982761875634794,0.023276718,0.8945725,0.0432774260187414,0.0834997884005613,immune,nerve,immune-nerve,immune_to_nerve,nerve_c5,t_cell,0.226,19.0,0.6259,True,0.0821,23.0,0.7277,True,True
immune_nk_cell,nerve_c20,CD99,CD81,1.1668689,0.0,1.2872653,0.2640278913774896,0.3213334475429069,0.013572949,0.91287893,0.2029831594999762,0.0837545084967003,immune,nerve,immune-nerve,immune_to_nerve,nerve_c20,nk_cell,0.3415,15.0,0.5197,True,0.0794,26.0,0.7523,True,True
immune_t_cell,nerve_c13,CD99,CD81,1.16645,0.004,1.2681267,0.2652982945280165,0.3325487112869478,0.01337115,0.9122814,0.7890102990574948,0.0839457681725442,immune,nerve,immune-nerve,immune_to_nerve,nerve_c13,t_cell,0.9595,1.0,0.0572,False,0.0821,23.0,0.7277,True,False
nerve_c21,malignant,APP,LRP1,1.1661283,0.0,1.0431445,0.6679706469320092,0.8846278902745313,0.013140492,0.90414596,0.1749506304037992,0.0840414794488888,nerve,tumor,nerve-tumor,nerve_to_tumor,nerve_c21,,0.8488,6.0,0.1222,False,,,,,False
immune_nk_cell,nerve_c21,IL16,CD9,1.2954905,0.0,0.8409286,1.1188745742979609,1.3149452706808875,0.023188306,0.8943929,0.0432774260187414,0.0843928427157313,immune,nerve,immune-nerve,immune_to_nerve,nerve_c21,nk_cell,0.8488,6.0,0.1222,False,0.0794,26.0,0.7523,True,False
immune_t_cell,nerve_c21,HLA-A,APLP2,1.8421766,0.0,0.83771604,0.223482883258868,0.3698056142129927,0.006657266,0.89421195,1.0,0.0850655055759374,immune,nerve,immune-nerve,immune_to_nerve,nerve_c21,t_cell,0.8488,6.0,0.1222,False,0.0821,23.0,0.7277,True,False
malignant,nerve_c7,EFNB2,EPHB2,0.11075233,0.0,0.01226595,0.0947148384634653,0.0739314951505535,0.011202728,0.50564474,0.6799474912337838,0.0853195125450734,tumor,nerve,nerve-tumor,tumor_to_nerve,nerve_c7,,0.1793,26.0,0.7072,True,,,,,True
immune_nk_cell,nerve_c14,NCAM1,NCAM2,1.3088214,0.0,0.8357119,1.0483152966981402,1.0937544875497598,0.014507468,0.89409864,0.120949331646014,0.0855153137459696,immune,nerve,immune-nerve,immune_to_nerve,nerve_c14,nk_cell,0.4198,6.0,0.3596,True,0.0794,26.0,0.7523,True,True
immune_microglia,nerve_c14,SPP1,ITGAV_ITGB5,2.0844965,0.0,0.50227535,0.4033892261229613,1.925816378535568,0.025723081,0.86746645,0.0644956140264764,0.0856672328547683,immune,nerve,immune-nerve,immune_to_nerve,nerve_c14,microglia,0.4198,6.0,0.3596,True,0.0187,44.0,0.9088,True,True
immune_microglia,nerve_c21,C1QB,C1QBP,1.6779362,0.0,0.8330567,0.3052419910761957,1.91033527103281,0.019196779,0.89394796,0.1478974400203523,0.0861920735094797,immune,nerve,immune-nerve,immune_to_nerve,nerve_c21,microglia,0.8488,6.0,0.1222,False,0.0187,44.0,0.9088,True,False
immune_nk_cell,nerve_c21,HLA-A,APLP2,1.8324661,0.0,0.83298784,0.2162007932296423,0.1539096898785879,0.006619692,0.89394397,1.0,0.0862566479038321,immune,nerve,immune-nerve,immune_to_nerve,nerve_c21,nk_cell,0.8488,6.0,0.1222,False,0.0794,26.0,0.7523,True,False
immune_t_cell,nerve_c7,CD99,CD81,1.1600456,0.0,1.2492907,0.2592107513291596,0.1844230825344747,0.013172543,0.91168076,0.2446667541499523,0.0864505290893727,immune,nerve,immune-nerve,immune_to_nerve,nerve_c7,t_cell,0.1793,26.0,0.7072,True,0.0821,23.0,0.7277,True,True
nerve_c10,immune_dendritic,LRP1B,PLAUR,1.1585858,0.0,1.3059007,0.5754935475532098,0.6355918921321037,0.012747346,0.91344875,0.194527562491531,0.0868712880194875,nerve,immune,immune-nerve,nerve_to_immune,nerve_c10,dendritic,0.2572,14.0,0.5531,True,0.0815,25.0,0.7859,True,True
nerve_c14,immune_nk_cell,COPA,CD74,1.1580505,1.0,1.0253501,-0.0014962896799408,-0.8810814209442345,0.00384295,0.9033978,1.0,0.0870009385646045,nerve,immune,immune-nerve,nerve_to_immune,nerve_c14,nk_cell,0.4198,6.0,0.3596,True,0.0794,26.0,0.7523,True,True
immune_tam,nerve_c21,LGALS1,ITGB1,1.5316901,0.0,0.8289026,0.3390513364367881,0.4113837484861856,0.0070069744,0.8937107,0.7527556491717051,0.0875854726559642,immune,nerve,immune-nerve,immune_to_nerve,nerve_c21,tam,0.8488,6.0,0.1222,False,0.1165,25.0,0.7417,True,False
nerve_c6,immune_microglia,ADAM10,TREM2,1.1567523,0.0,1.199218,0.6817982846898221,1.7979901274831374,0.029580565,0.91002,0.0432774260187414,0.0876830597543811,nerve,immune,immune-nerve,nerve_to_immune,nerve_c6,microglia,0.2107,18.0,0.6248,True,0.0187,44.0,0.9088,True,True
immune_t_cell,nerve_c14,CALM1,INSR,1.238879,0.0,0.8280549,0.483029548897342,0.6026212262859016,0.00531981,0.8936621,0.4069164897766191,0.0878132782572306,immune,nerve,immune-nerve,immune_to_nerve,nerve_c14,t_cell,0.4198,6.0,0.3596,True,0.0821,23.0,0.7277,True,True
malignant,nerve_c5,PSAP,GPR37,1.1560072,0.0,1.2611796,1.6594676313381052,0.2353674064082224,0.009522911,0.91206133,0.4845372002254498,0.0881391761982098,tumor,nerve,nerve-tumor,tumor_to_nerve,nerve_c5,,0.226,19.0,0.6259,True,,,,,True
nerve_c4,immune_dendritic,CD22,PTPRC,1.1547489,0.0,1.3207592,2.2564230627963355,1.064408666125591,0.01686335,0.91389495,0.0700563517853212,0.08859638040671,nerve,immune,immune-nerve,nerve_to_immune,nerve_c4,dendritic,0.1409,18.0,0.5987,True,0.0815,25.0,0.7859,True,True
immune_nk_cell,nerve_c5,IL16,CD9,1.2743075,0.0,0.824812,1.096443037921259,1.241686742571111,0.022743896,0.89347553,0.0432774260187414,0.0886617893497947,immune,nerve,immune-nerve,immune_to_nerve,nerve_c5,nk_cell,0.226,19.0,0.6259,True,0.0794,26.0,0.7523,True,True
immune_t_cell,malignant,CALM3,EGFR,1.1544938,0.0,1.1608226,0.5071952822433496,2.183013935376488,0.015969636,0.90867877,0.0860778916793764,0.0887926614074484,immune,tumor,immune-tumor,immune_to_tumor,,t_cell,,,,,0.0821,23.0,0.7277,True,True
nerve_c14,immune_tam,PTN,NCL,1.1538348,0.0,1.2718606,0.2110090885678409,-0.1569350148824108,0.0071373843,0.91239893,1.0,0.0890219040475167,nerve,immune,immune-nerve,nerve_to_immune,nerve_c14,tam,0.4198,6.0,0.3596,True,0.1165,25.0,0.7417,True,True
immune_dendritic,nerve_c6,CALM1,GRM3,1.1526719,0.0,1.2940937,1.4710469491901683,0.8010182877191607,0.008844662,0.91308904,0.4069164897766191,0.0893826893684673,immune,nerve,immune-nerve,immune_to_nerve,nerve_c6,dendritic,0.2107,18.0,0.6248,True,0.0815,25.0,0.7859,True,True
nerve_c6,immune_dendritic,PTN,NCL,1.1524162,0.0,1.3103474,0.2326088545764096,-0.1355977699727886,0.0073533636,0.91358304,1.0,0.0894812039654278,nerve,immune,immune-nerve,nerve_to_immune,nerve_c6,dendritic,0.2107,18.0,0.6248,True,0.0815,25.0,0.7859,True,True
immune_nk_cell,nerve_c6,S100A4,EGFR,1.2301962,0.0,0.81747854,0.423454350317836,-0.2707309408648152,0.015449805,0.8930497,0.6903954471587505,0.0907664022397727,immune,nerve,immune-nerve,immune_to_nerve,nerve_c6,nk_cell,0.2107,18.0,0.6248,True,0.0794,26.0,0.7523,True,True
malignant,nerve_c0,FN1,MAG,1.4684687,0.0,0.8173536,2.821619429846235,1.8000316720084495,0.016370319,0.8930425,0.0112563235942642,0.090865601516306,tumor,nerve,nerve-tumor,tumor_to_nerve,nerve_c0,,0.4029,19.0,0.5772,True,,,,,True
immune_t_cell,nerve_c3,VIM,CD44,1.3359684,0.0,0.8165798,0.0028637301652566,-0.404448128859781,0.010049534,0.8929972,1.0,0.0910972849425357,immune,nerve,immune-nerve,immune_to_nerve,nerve_c3,t_cell,0.3912,13.0,0.4608,True,0.0821,23.0,0.7277,True,True
malignant,nerve_c0,TIMP1,FGFR2,1.1484098,0.0,1.3116133,1.4113885179214205,1.284841913572652,0.0087357005,0.9136211,0.0905025334143824,0.0911635353081808,tumor,nerve,nerve-tumor,tumor_to_nerve,nerve_c0,,0.4029,19.0,0.5772,True,,,,,True
malignant,nerve_c5,FN1,MAG,1.4609962,0.0,0.8127012,2.8051291029018888,1.763876881728121,0.016277138,0.8927695,0.0132423126868266,0.0918272038946318,tumor,nerve,nerve-tumor,tumor_to_nerve,nerve_c5,,0.226,19.0,0.6259,True,,,,,True
immune_nk_cell,nerve_c14,NCAM1,PTPRZ1,1.2770907,0.0,0.8120929,0.342863045279291,0.1137011336230608,0.026334345,0.89273363,0.3582062780098495,0.09212656631481,immune,nerve,immune-nerve,immune_to_nerve,nerve_c14,nk_cell,0.4198,6.0,0.3596,True,0.0794,26.0,0.7523,True,True
nerve_c13,immune_dendritic,C3,LRP1,0.11380031,1.0,0.012521999,-0.5764164899095352,-1.6176576513958727,0.0024163432,0.50822675,1.0,0.0924423263119545,nerve,immune,immune-nerve,nerve_to_immune,nerve_c13,dendritic,0.9595,1.0,0.0572,False,0.0815,25.0,0.7859,True,False
immune_nk_cell,nerve_c7,CD99,CD81,1.1445098,0.0,1.2228941,0.2427746072866537,0.0712068069044618,0.012894216,0.9108172,0.4434680327090406,0.0930607950906317,immune,nerve,immune-nerve,immune_to_nerve,nerve_c7,nk_cell,0.1793,26.0,0.7072,True,0.0794,26.0,0.7523,True,True
immune_t_cell,nerve_c20,CALM1,PDE1C,1.2343829,0.0,0.8093552,0.5386150117017344,0.7795179956625309,0.0036332735,0.8925719,0.4069164897766191,0.0930942367028148,immune,nerve,immune-nerve,immune_to_nerve,nerve_c20,t_cell,0.3415,15.0,0.5197,True,0.0821,23.0,0.7277,True,True
nerve_c1,immune_microglia,LAMA2,RPSA,1.1443578,0.0,1.1641982,0.6420391355235394,0.55901749987758,0.02115322,0.9087992,0.0432774260187414,0.0931946072427467,nerve,immune,immune-nerve,nerve_to_immune,nerve_c1,microglia,0.1983,17.0,0.5642,True,0.0187,44.0,0.9088,True,True
nerve_neuron,immune_nk_cell,NCAM1,PTPRA,1.1442299,0.0,0.8312488,0.7125007080360612,0.7618302143842144,0.009947342,0.89384484,0.4069164897766191,0.0932615400333164,nerve,immune,immune-nerve,nerve_to_immune,nerve_neuron,nk_cell,0.4,10.0,0.5084,True,0.0794,26.0,0.7523,True,True
immune_dendritic,nerve_c22,ICAM2,ITGAM_ITGB2,0.11259307,0.337,0.012566187,0.058221641612175,-0.0123806208536672,0.047034673,0.50866693,1.0,0.0938307911981245,immune,nerve,immune-nerve,immune_to_nerve,nerve_c22,dendritic,0.2879,24.0,0.4767,True,0.0815,25.0,0.7859,True,True
nerve_c4,immune_dendritic,COL4A5,CD47,1.142976,0.0,0.90927285,2.257863477304853,1.421754866202385,0.019618051,0.8980267,0.0432774260187414,0.0938649894750371,nerve,immune,immune-nerve,nerve_to_immune,nerve_c4,dendritic,0.1409,18.0,0.5987,True,0.0815,25.0,0.7859,True,True
immune_nk_cell,nerve_c22,CALM1,PDE1A,1.2860668,0.0,0.80490905,0.8002581083728778,0.8812507674988616,0.0068645994,0.89230746,0.4069164897766191,0.0939993428028215,immune,nerve,immune-nerve,immune_to_nerve,nerve_c22,nk_cell,0.2879,24.0,0.4767,True,0.0794,26.0,0.7523,True,True
nerve_c4,immune_microglia,COL4A5,CD44,1.1423078,0.0,0.9069029,2.1042902465685285,1.1293101333166309,0.009232606,0.89790714,0.1595205775851824,0.0941673891755224,nerve,immune,immune-nerve,nerve_to_immune,nerve_c4,microglia,0.1409,18.0,0.5987,True,0.0187,44.0,0.9088,True,True
immune_nk_cell,nerve_c14,CALM1,PDE1C,1.2856879,0.0,0.8032363,0.5704984496609866,0.692390178887484,0.0036058053,0.8922075,0.4069164897766191,0.0944702216343772,immune,nerve,immune-nerve,immune_to_nerve,nerve_c14,nk_cell,0.4198,6.0,0.3596,True,0.0794,26.0,0.7523,True,True
malignant,immune_dendritic,CCL4,CCR1,0.114528306,1.0,0.012659628,-0.3786680994332422,-2.251482195604825,0.002625177,0.50959265,1.0,0.094871845629436,tumor,immune,immune-tumor,tumor_to_immune,,dendritic,,,,,0.0815,25.0,0.7859,True,True
nerve_c6,immune_dendritic,MIF,CD74_CXCR4,1.1404047,0.0,0.82190233,0.2008190090150305,0.2386432579071128,0.0046442295,0.8933072,1.0,0.0950097081778851,nerve,immune,immune-nerve,nerve_to_immune,nerve_c6,dendritic,0.2107,18.0,0.6248,True,0.0815,25.0,0.7859,True,True
immune_nk_cell,malignant,GNAI2,EGFR,1.1403458,0.0,1.1164187,0.3663932976309634,1.9441772869110816,0.012947399,0.90704757,0.1844817345002127,0.0950434687970507,immune,tumor,immune-tumor,immune_to_tumor,,nk_cell,,,,,0.0794,26.0,0.7523,True,True
malignant,nerve_c0,COL9A3,MAG,1.4654238,0.0,0.80136466,3.0005951062951004,2.237098902156082,0.07375923,0.8920953,0.0010540192065835,0.0951447963829352,tumor,nerve,nerve-tumor,tumor_to_nerve,nerve_c0,,0.4029,19.0,0.5772,True,,,,,True
nerve_c19,immune_microglia,CD22,PTPRC,1.140085,0.0,1.2997458,2.386451863242278,1.2700556566419243,0.016595054,0.91326183,0.0743381274628174,0.0951785789682736,nerve,immune,immune-nerve,nerve_to_immune,nerve_c19,microglia,0.9467,4.0,0.054,False,0.0187,44.0,0.9088,True,False
immune_dendritic,nerve_c5,AREG,ERBB3,1.1400349,0.0,1.1169457,1.9108870548863712,2.1738454552378284,0.017021004,0.9070675,0.0154069083038545,0.0952123798289738,immune,nerve,immune-nerve,immune_to_nerve,nerve_c5,dendritic,0.226,19.0,0.6259,True,0.0815,25.0,0.7859,True,True
nerve_c3,immune_dendritic,FN1,ITGA4_ITGB7,0.11436212,1.0,0.012703546,0.0691796254880001,-0.4561438033811294,0.0051565,0.5100254,1.0,0.096259536890194,nerve,immune,immune-nerve,nerve_to_immune,nerve_c3,dendritic,0.3912,13.0,0.4608,True,0.0815,25.0,0.7859,True,True
immune_t_cell,malignant,GSTP1,EGFR,1.1377478,0.0,1.1082646,0.240755799990333,1.7149701365361247,0.008763492,0.9067381,0.4116289439213877,0.0964665245181985,immune,tumor,immune-tumor,immune_to_tumor,,t_cell,,,,,0.0821,23.0,0.7277,True,True
malignant,nerve_c5,COL9A3,MAG,1.4579513,0.0,0.7968033,2.984104779350754,2.2009441118757533,0.073339395,0.8918202,0.001275591693388,0.0966706116208708,tumor,nerve,nerve-tumor,tumor_to_nerve,nerve_c5,,0.226,19.0,0.6259,True,,,,,True
immune_dendritic,nerve_c13,S100A4,ERBB3,1.136348,0.0,0.8194341,1.054185007755578,0.9547618478536912,0.006307982,0.89316386,0.3076759216483229,0.0970793646668388,immune,nerve,immune-nerve,immune_to_nerve,nerve_c13,dendritic,0.9595,1.0,0.0572,False,0.0815,25.0,0.7859,True,False
nerve_c19,immune_t_cell,NCAM1,PTPRA,1.3716358,0.0,0.7951281,0.9403235525857008,1.002695091678486,0.009515095,0.8917187,0.3160519031752467,0.0971134597957714,nerve,immune,immune-nerve,nerve_to_immune,nerve_c19,t_cell,0.9467,4.0,0.054,False,0.0821,23.0,0.7277,True,False
nerve_c4,immune_dendritic,SPP1,CD44,1.1350484,1.0,1.2055293,-0.1316371686660378,-1.6335479393610055,0.0039780517,0.9102347,1.0,0.0975230670664295,nerve,immune,immune-nerve,nerve_to_immune,nerve_c4,dendritic,0.1409,18.0,0.5987,True,0.0815,25.0,0.7859,True,True
immune_t_cell,nerve_c0,PSAP,GPR37,1.1307377,0.0,1.0284188,1.8485599942610464,0.3170129833228962,0.0077221957,0.9035281,0.4414525494906754,0.0992382603961614,immune,nerve,immune-nerve,immune_to_nerve,nerve_c0,t_cell,0.4029,19.0,0.5772,True,0.0821,23.0,0.7277,True,True
nerve_c3,immune_microglia,VEGFD,ITGA5,0.11985789,0.0,0.012836257,0.493652491921087,0.2008366231701912,0.020544065,0.51132387,0.2209695038135185,0.0993802222629131,nerve,immune,immune-nerve,nerve_to_immune,nerve_c3,microglia,0.3912,13.0,0.4608,True,0.0187,44.0,0.9088,True,True
immune_dendritic,nerve_c6,CALM1,INSR,1.1281245,0.0,1.2283766,0.6497600323654812,0.4995104689110532,0.007891663,0.91099876,0.4069164897766191,0.1005162996675938,immune,nerve,immune-nerve,immune_to_nerve,nerve_c6,dendritic,0.2107,18.0,0.6248,True,0.0815,25.0,0.7859,True,True
malignant,nerve_c22,HLA-A,APLP2,1.1256435,1.0,1.1073517,-0.2125845118274492,-0.4685567036834981,0.006524051,0.90670323,1.0,0.1019063425171139,tumor,nerve,nerve-tumor,tumor_to_nerve,nerve_c22,,0.2879,24.0,0.4767,True,,,,,True
immune_t_cell,nerve_c14,HLA-A,APLP2,1.8339366,0.0,0.7810102,0.2138315983580198,0.302677370646556,0.0062066293,0.8908507,1.0,0.1020807050128957,immune,nerve,immune-nerve,immune_to_nerve,nerve_c14,t_cell,0.4198,6.0,0.3596,True,0.0821,23.0,0.7277,True,True
immune_t_cell,nerve_c21,TIMP1,CD63,1.296854,0.271,0.77998585,-0.0052549325368221,-0.3966300562566839,0.004296479,0.8907869,1.0,0.1022552166148819,immune,nerve,immune-nerve,immune_to_nerve,nerve_c21,t_cell,0.8488,6.0,0.1222,False,0.0821,23.0,0.7277,True,False
immune_microglia,nerve_c21,APOE,LRP2,2.034407,0.0,0.73484546,0.6733798838018927,1.8656606459583491,0.005199694,0.8878531,0.295515725328944,0.1028450317563234,immune,nerve,immune-nerve,immune_to_nerve,nerve_c21,microglia,0.8488,6.0,0.1222,False,0.0187,44.0,0.9088,True,False
nerve_c21,malignant,PSAP,LRP1,1.1233382,0.112,0.9915091,0.1027674782629088,0.0470962313017272,0.012843265,0.90192336,1.0,0.1029545817664276,nerve,tumor,nerve-tumor,nerve_to_tumor,nerve_c21,,0.8488,6.0,0.1222,False,,,,,False
immune_microglia,nerve_c21,APOE,ABCA1,2.0332909,0.0,0.72618586,0.2059921210303061,1.268059861605513,0.004651767,0.88726157,0.9574478110226524,0.1033645089400376,immune,nerve,immune-nerve,immune_to_nerve,nerve_c21,microglia,0.8488,6.0,0.1222,False,0.0187,44.0,0.9088,True,False
immune_nk_cell,nerve_c14,HLA-A,APLP2,1.8242261,0.0,0.7766021,0.2065495083287941,0.0867814463121512,0.006171598,0.89057523,1.0,0.1033752434104916,immune,nerve,immune-nerve,immune_to_nerve,nerve_c14,nk_cell,0.4198,6.0,0.3596,True,0.0794,26.0,0.7523,True,True
immune_dendritic,nerve_c6,TIMP1,CD63,1.1220921,1.0,1.2298279,-0.0916127025335353,-0.2162774976133346,0.0067743915,0.91104656,1.0,0.1035507596884053,immune,nerve,immune-nerve,immune_to_nerve,nerve_c6,dendritic,0.2107,18.0,0.6248,True,0.0815,25.0,0.7859,True,True
nerve_c10,immune_t_cell,ALCAM,CD6,1.1218482,0.0,1.0298777,1.4409227918882357,1.5972603031529895,0.03683827,0.90358984,0.0432774260187414,0.1036912623897292,nerve,immune,immune-nerve,nerve_to_immune,nerve_c10,t_cell,0.2572,14.0,0.5531,True,0.0821,23.0,0.7277,True,True
immune_dendritic,nerve_c7,IL16,CD9,1.4726118,0.0,0.77469075,1.2420930200296514,1.411986150876973,0.021361822,0.8904551,0.0432774260187414,0.1037615529307442,immune,nerve,immune-nerve,immune_to_nerve,nerve_c7,dendritic,0.1793,26.0,0.7072,True,0.0815,25.0,0.7859,True,True
nerve_c19,immune_microglia,SPP1,ITGAV_ITGB1,1.1217699,1.0,0.99872077,-0.1322109491962512,-1.4980851685427865,0.010325086,0.90224344,1.0,0.1037615529307442,nerve,immune,immune-nerve,nerve_to_immune,nerve_c19,microglia,0.9467,4.0,0.054,False,0.0187,44.0,0.9088,True,False
immune_dendritic,nerve_c14,ITGB3BP,ITGB5,0.11421117,1.0,0.012944864,-0.055248321634944,-0.0652416406758263,0.009632692,0.5123764,1.0,0.1038839322104031,immune,nerve,immune-nerve,immune_to_nerve,nerve_c14,dendritic,0.4198,6.0,0.3596,True,0.0815,25.0,0.7859,True,True
nerve_neuron,immune_nk_cell,COPA,CD74,1.1202762,1.0,0.8954106,-0.0592513321656886,-1.0222025066686382,0.0033559448,0.89732116,1.0,0.1045008396998807,nerve,immune,immune-nerve,nerve_to_immune,nerve_neuron,nk_cell,0.4,10.0,0.5084,True,0.0794,26.0,0.7523,True,True
immune_dendritic,nerve_c6,PSAP,GPR37,1.1197717,0.0,1.127774,0.9376715568003872,0.4912365321140229,0.008468236,0.9074733,0.4069164897766191,0.1046772233723532,immune,nerve,immune-nerve,immune_to_nerve,nerve_c6,dendritic,0.2107,18.0,0.6248,True,0.0815,25.0,0.7859,True,True
nerve_c19,immune_dendritic,COL4A5,CD44,1.119158,0.0,1.1786019,1.787798504389997,1.2488503201671604,0.0119986,0.9093075,0.1041021456659289,0.1050303835399934,nerve,immune,immune-nerve,nerve_to_immune,nerve_c19,dendritic,0.9467,4.0,0.054,False,0.0815,25.0,0.7859,True,False
malignant,nerve_c22,NCAM1,PTPRZ1,1.1189761,0.0,1.2520798,0.3724278791902266,0.5620408762651468,0.045208607,0.9117705,0.0843733882167532,0.1051010725159189,tumor,nerve,nerve-tumor,tumor_to_nerve,nerve_c22,,0.2879,24.0,0.4767,True,,,,,True
immune_t_cell,nerve_c7,S100A4,ERBB3,1.2661572,0.0,0.7694844,1.0396361213677456,1.2927428702354549,0.005923471,0.8901258,0.2279355481689595,0.1051364251211697,immune,nerve,immune-nerve,immune_to_nerve,nerve_c7,t_cell,0.1793,26.0,0.7072,True,0.0821,23.0,0.7277,True,True
malignant,nerve_c5,PSAP,SORT1,1.118842,0.0,1.1956328,0.560967504942594,-0.1089241654789584,0.0051712827,0.9098973,1.0,0.1051717965165893,tumor,nerve,nerve-tumor,tumor_to_nerve,nerve_c5,,0.226,19.0,0.6259,True,,,,,True
nerve_c4,immune_dendritic,ANGPTL2,LILRB2,0.1145455,0.0,0.012989396,0.1860663136031017,0.1063009453387401,0.0038861511,0.51280546,1.0,0.1054418212588284,nerve,immune,immune-nerve,nerve_to_immune,nerve_c4,dendritic,0.1409,18.0,0.5987,True,0.0815,25.0,0.7859,True,True
nerve_c1,immune_dendritic,CD22,PTPRC,1.1179011,0.0,1.2273586,2.1056268057887566,1.007611388362771,0.015670817,0.91096514,0.0920706752049452,0.1055611319820513,nerve,immune,immune-nerve,nerve_to_immune,nerve_c1,dendritic,0.1983,17.0,0.5642,True,0.0815,25.0,0.7859,True,True
nerve_c6,immune_dendritic,SPP1,PTGER4,1.2470592,0.999,0.7682782,0.0312181474956046,-0.969814510479606,0.007676775,0.8900491,1.0,0.1056674304233719,nerve,immune,immune-nerve,nerve_to_immune,nerve_c6,dendritic,0.2107,18.0,0.6248,True,0.0815,25.0,0.7859,True,True
nerve_c14,immune_microglia,NUCB2,ERAP1,0.11626667,1.0,0.012997304,-0.1067021176679779,-0.1092304559618692,0.005104106,0.51288146,1.0,0.1057879393002216,nerve,immune,immune-nerve,nerve_to_immune,nerve_c14,microglia,0.4198,6.0,0.3596,True,0.0187,44.0,0.9088,True,True
immune_microglia,nerve_c21,APOE,LRP4,2.0286186,0.0,0.6899354,0.4276252844891773,1.663990566238307,0.008842199,0.88467497,0.4587396074148163,0.1061340379320679,immune,nerve,immune-nerve,immune_to_nerve,nerve_c21,microglia,0.8488,6.0,0.1222,False,0.0187,44.0,0.9088,True,False
nerve_neuron,immune_tam,APP,LRP1,1.1157987,0.0,1.0347298,0.6196526340049496,0.6125375237686475,0.012983185,0.9037944,0.1822341724353178,0.106555125056459,nerve,immune,immune-nerve,nerve_to_immune,nerve_neuron,tam,0.4,10.0,0.5084,True,0.1165,25.0,0.7417,True,True
immune_dendritic,nerve_c13,SPP1,ITGAV_ITGB1,1.115138,1.0,1.132798,-0.0669619853369153,-0.9689592435712748,0.0075436453,0.90765977,1.0,0.1068398972831139,immune,nerve,immune-nerve,immune_to_nerve,nerve_c13,dendritic,0.9595,1.0,0.0572,False,0.0815,25.0,0.7859,True,False
immune_t_cell,nerve_c14,S100A4,EGFR,1.2651092,0.0,0.7649168,0.4526239062587289,0.245437849487404,0.014456422,0.88983434,0.1684142012078309,0.1068755147404678,immune,nerve,immune-nerve,immune_to_nerve,nerve_c14,t_cell,0.4198,6.0,0.3596,True,0.0821,23.0,0.7277,True,True
immune_t_cell,malignant,CD99,CD81,1.1147132,0.0,1.1159632,0.2161198143369261,0.0650862566228117,0.008347282,0.90703034,0.6872340361184017,0.106982412980851,immune,tumor,immune-tumor,immune_to_tumor,,t_cell,,,,,0.0821,23.0,0.7277,True,True
immune_dendritic,nerve_c0,CALM1,PDE1C,1.1144879,0.0,1.1918697,0.7060553669550791,0.4528473096094672,0.0053504184,0.90976804,0.415806842230288,0.1071963552062474,immune,nerve,immune-nerve,immune_to_nerve,nerve_c0,dendritic,0.4029,19.0,0.5772,True,0.0815,25.0,0.7859,True,True
nerve_c21,malignant,MIF,CD44_CD74,1.1529962,1.0,0.76404583,0.0170346262694059,-1.5733912207388092,0.0019755752,0.8897785,1.0,0.1074104782005231,nerve,tumor,nerve-tumor,nerve_to_tumor,nerve_c21,,0.8488,6.0,0.1222,False,,,,,False
nerve_c10,immune_dendritic,CD22,PTPRC,1.1132568,0.0,1.2155867,2.086623476010573,1.1496375556960785,0.015520515,0.9105735,0.0950291397539403,0.107803557127615,nerve,immune,immune-nerve,nerve_to_immune,nerve_c10,dendritic,0.2572,14.0,0.5531,True,0.0815,25.0,0.7859,True,True
immune_t_cell,nerve_c6,HLA-A,APLP2,1.8313413,0.0,0.7631495,0.2107917145937825,0.3445884345876896,0.0060646916,0.8897209,1.0,0.1079108761726188,immune,nerve,immune-nerve,immune_to_nerve,nerve_c6,t_cell,0.2107,18.0,0.6248,True,0.0821,23.0,0.7277,True,True
immune_nk_cell,nerve_c5,AREG,ERBB3,1.1120028,0.0,1.0769966,1.8755618010747872,1.87074358858962,0.016412223,0.905521,0.0175069168732329,0.1081972884446275,immune,nerve,immune-nerve,immune_to_nerve,nerve_c5,nk_cell,0.226,19.0,0.6259,True,0.0794,26.0,0.7523,True,True
immune_t_cell,nerve_c5,TIMP1,CD63,1.2717882,0.16,0.7625802,-0.0247360380193872,-0.6336584494205205,0.004200601,0.8896843,1.0,0.108233124395953,immune,nerve,immune-nerve,immune_to_nerve,nerve_c5,t_cell,0.226,19.0,0.6259,True,0.0821,23.0,0.7277,True,True
nerve_c13,immune_microglia,HMGB1,HAVCR2,1.1118655,0.148,1.1693697,0.1719469184866571,0.5421092412537785,0.014412787,0.9089827,1.0,0.1084123307572444,nerve,immune,immune-nerve,nerve_to_immune,nerve_c13,microglia,0.9595,1.0,0.0572,False,0.0187,44.0,0.9088,True,False
immune_nk_cell,nerve_c6,HLA-A,APLP2,1.8216308,0.0,0.7588422,0.2035096245645568,0.1286925102532848,0.0060304618,0.8894429,1.0,0.1094184067458761,immune,nerve,immune-nerve,immune_to_nerve,nerve_c6,nk_cell,0.2107,18.0,0.6248,True,0.0794,26.0,0.7523,True,True
immune_t_cell,nerve_c22,CALM1,PDE1A,1.2220979,0.0,0.75825995,0.7432186007544513,0.8515969134879974,0.006466756,0.8894052,0.4069164897766191,0.1096705849468774,immune,nerve,immune-nerve,immune_to_nerve,nerve_c22,t_cell,0.2879,24.0,0.4767,True,0.0821,23.0,0.7277,True,True
immune_t_cell,nerve_c13,HLA-A,ERBB2,1.8305595,0.0,0.75777,1.023867632902264,1.1194598378132363,0.061426308,0.88937336,0.0185334686674553,0.1098508677125602,immune,nerve,immune-nerve,immune_to_nerve,nerve_c13,t_cell,0.9595,1.0,0.0572,False,0.0821,23.0,0.7277,True,False
immune_t_cell,nerve_c14,CALM1,PDE1C,1.2217189,0.0,0.7566841,0.5134589420425602,0.6627363248766198,0.003396828,0.88930285,0.4069164897766191,0.1102841028068235,immune,nerve,immune-nerve,immune_to_nerve,nerve_c14,t_cell,0.4198,6.0,0.3596,True,0.0821,23.0,0.7277,True,True
malignant,nerve_c20,FGF14,FGFR2,1.1040685,0.0,0.8352131,2.0340398878278196,2.1603102359384105,0.05968967,0.8940704,0.0046258078239361,0.1120611944681767,tumor,nerve,nerve-tumor,tumor_to_nerve,nerve_c20,,0.3415,15.0,0.5197,True,,,,,True
immune_t_cell,nerve_c10,CALM3,PDE1A,1.1034269,0.0,1.0852717,2.21506676025475,1.7293631837798835,0.024835028,0.90584785,0.0156157490654682,0.1125348328184861,immune,nerve,immune-nerve,immune_to_nerve,nerve_c10,t_cell,0.2572,14.0,0.5531,True,0.0821,23.0,0.7277,True,True
nerve_neuron,immune_microglia,ADAM10,TREM2,1.1028261,0.0,1.0342695,0.5989323259519156,1.5824486311241728,0.025511853,0.90377504,0.0432774260187414,0.113192126448933,nerve,immune,immune-nerve,nerve_to_immune,nerve_neuron,microglia,0.4,10.0,0.5084,True,0.0187,44.0,0.9088,True,True
immune_dendritic,nerve_c20,GRN,SORT1,1.102715,0.0,1.187145,0.7549988661318983,0.8759114833228255,0.009109144,0.90960485,0.4069164897766191,0.1132286897651311,immune,nerve,immune-nerve,immune_to_nerve,nerve_c20,dendritic,0.3415,15.0,0.5197,True,0.0815,25.0,0.7859,True,True
nerve_c14,immune_t_cell,NCAM1,PTPRA,1.3001289,0.0,0.74801946,0.8624073214906476,1.0771350106891562,0.008951358,0.8887347,0.4069164897766191,0.1135214165489154,nerve,immune,immune-nerve,nerve_to_immune,nerve_c14,t_cell,0.4198,6.0,0.3596,True,0.0821,23.0,0.7277,True,True
immune_t_cell,nerve_c0,TIMP1,CD63,1.2500077,0.723,0.7474559,-0.0416634087433833,-0.6906580969209525,0.0041172905,0.8886974,1.0,0.1137411931969028,immune,nerve,immune-nerve,immune_to_nerve,nerve_c0,t_cell,0.4029,19.0,0.5772,True,0.0821,23.0,0.7277,True,True
immune_dendritic,nerve_c0,LGALS1,ITGB1,1.1016926,0.0,0.9434889,0.1084643791868701,-0.0674260018497575,0.007975608,0.89970565,0.8106425259358001,0.1139611484542243,immune,nerve,immune-nerve,immune_to_nerve,nerve_c0,dendritic,0.4029,19.0,0.5772,True,0.0815,25.0,0.7859,True,True
nerve_neuron,immune_tam,SPP1,CD44,1.1014795,1.0,0.84503824,0.0994331556372639,-1.785170229778378,0.0027884895,0.894623,1.0,0.1140712051778151,nerve,immune,immune-nerve,nerve_to_immune,nerve_neuron,tam,0.4,10.0,0.5084,True,0.1165,25.0,0.7417,True,True
immune_nk_cell,nerve_c21,TIMP1,CD63,1.2893351,0.311,0.74620336,-0.0123307169990071,-0.3666824096882315,0.004110391,0.8886144,1.0,0.114291462914372,immune,nerve,immune-nerve,immune_to_nerve,nerve_c21,nk_cell,0.8488,6.0,0.1222,False,0.0794,26.0,0.7523,True,False
nerve_neuron,immune_microglia,APOE,TREM2,1.100734,1.0,1.0278704,-0.036573895228619,-0.4028697653437849,0.020000197,0.90350485,1.0,0.1145119129872629,nerve,immune,immune-nerve,nerve_to_immune,nerve_neuron,microglia,0.4,10.0,0.5084,True,0.0187,44.0,0.9088,True,True
nerve_neuron,immune_microglia,HMGB1,CXCR4,1.0999169,1.0,1.206052,-0.1335427639233478,-0.2158733794799785,0.004459027,0.9102524,1.0,0.1149901957732241,nerve,immune,immune-nerve,nerve_to_immune,nerve_neuron,microglia,0.4,10.0,0.5084,True,0.0187,44.0,0.9088,True,True
nerve_c14,immune_microglia,PTN,NCL,1.0997908,0.0,1.1207851,0.1495639175341632,-0.1521785975442565,0.006289584,0.907212,1.0,0.1151375422669877,nerve,immune,immune-nerve,nerve_to_immune,nerve_c14,microglia,0.4198,6.0,0.3596,True,0.0187,44.0,0.9088,True,True
immune_dendritic,nerve_c5,LGALS1,ITGB1,1.099422,0.0,0.9361252,0.105477415418166,-0.0260505725012205,0.007913361,0.8993516,0.7823718111726362,0.1152481116529783,immune,nerve,immune-nerve,immune_to_nerve,nerve_c5,dendritic,0.226,19.0,0.6259,True,0.0815,25.0,0.7859,True,True
nerve_c21,malignant,CNTN2,NRCAM,1.0971553,0.0,1.1851078,1.538678703975041,2.153325686877567,0.036192227,0.9095342,0.0432774260187414,0.1164304814916537,nerve,tumor,nerve-tumor,nerve_to_tumor,nerve_c21,,0.8488,6.0,0.1222,False,,,,,False
nerve_c19,immune_microglia,JAM3,ITGAM_ITGB2,1.41047,0.0,0.73936915,2.518803435651627,2.1831068035749235,0.029071487,0.88815826,0.0014085156897981,0.1171350900286032,nerve,immune,immune-nerve,nerve_to_immune,nerve_c19,microglia,0.9467,4.0,0.054,False,0.0187,44.0,0.9088,True,False
immune_nk_cell,nerve_c7,CALM1,GRM3,1.2711779,0.0,0.739174,0.8168967608104365,0.714940150826872,0.0050519872,0.88814515,0.4069164897766191,0.1171722382705169,immune,nerve,immune-nerve,immune_to_nerve,nerve_c7,nk_cell,0.1793,26.0,0.7072,True,0.0794,26.0,0.7523,True,True
nerve_c14,immune_dendritic,VCAN,SELL,1.126584,0.0,0.73594534,1.2769959420589807,1.2873683905737108,0.07073063,0.88792753,0.0050109475772239,0.1182515557733044,nerve,immune,immune-nerve,nerve_to_immune,nerve_c14,dendritic,0.4198,6.0,0.3596,True,0.0815,25.0,0.7859,True,True
immune_dendritic,nerve_c0,TIMP1,FGFR2,1.0922393,0.0,1.173046,1.3585308640047038,0.9032949624343372,0.0077926926,0.90911245,0.3705258824693214,0.1189611145673749,immune,nerve,immune-nerve,immune_to_nerve,nerve_c0,dendritic,0.4029,19.0,0.5772,True,0.0815,25.0,0.7859,True,True
nerve_c10,immune_microglia,APP,LRP1,1.09112,0.0,0.89460546,0.5770487179652679,0.8429129308998743,0.011224987,0.89727974,0.3006555188058712,0.1195601210228331,nerve,immune,immune-nerve,nerve_to_immune,nerve_c10,microglia,0.2572,14.0,0.5531,True,0.0187,44.0,0.9088,True,True
nerve_c10,immune_t_cell,ADAM10,CD44,1.0899055,0.0,1.1231931,0.716834190680477,1.0139861500294414,0.012363835,0.9073023,0.2155975014152969,0.1202356331445904,nerve,immune,immune-nerve,nerve_to_immune,nerve_c10,t_cell,0.2572,14.0,0.5531,True,0.0821,23.0,0.7277,True,True
immune_dendritic,nerve_c7,GRN,SORT1,1.0896957,0.0,1.1540102,0.7340436074807214,0.7368589130306236,0.008854896,0.9084343,0.4069164897766191,0.1204611901623572,immune,nerve,immune-nerve,immune_to_nerve,nerve_c7,dendritic,0.1793,26.0,0.7072,True,0.0815,25.0,0.7859,True,True
immune_nk_cell,nerve_c5,TIMP1,CD63,1.2642694,0.336,0.7295516,-0.0318118224815722,-0.6037108028520681,0.0040186658,0.88749266,1.0,0.1206869378731084,immune,nerve,immune-nerve,immune_to_nerve,nerve_c5,nk_cell,0.226,19.0,0.6259,True,0.0794,26.0,0.7523,True,True
immune_nk_cell,nerve_c7,S100A4,ERBB3,1.2087536,0.0,0.72894573,0.9927155460504916,0.9230847116913732,0.005611405,0.8874512,0.3453513266062978,0.120912861965639,immune,nerve,immune-nerve,immune_to_nerve,nerve_c7,nk_cell,0.1793,26.0,0.7072,True,0.0794,26.0,0.7523,True,True
nerve_c14,immune_t_cell,VEGFA,CD44,1.0892148,0.0,1.121336,0.5040810903853935,0.6250758896953692,0.027675372,0.9072327,0.0432774260187414,0.120912861965639,nerve,immune,immune-nerve,nerve_to_immune,nerve_c14,t_cell,0.4198,6.0,0.3596,True,0.0821,23.0,0.7277,True,True
nerve_neuron,immune_nk_cell,VCAN,CD44,1.0872924,0.0,1.1816261,0.5857400902775671,0.8642569225482697,0.022426033,0.9094131,0.0432774260187414,0.1220075731953434,nerve,immune,immune-nerve,nerve_to_immune,nerve_neuron,nk_cell,0.4,10.0,0.5084,True,0.0794,26.0,0.7523,True,True
immune_dendritic,nerve_c14,CKLF,LRP6,1.0840027,0.0,1.1707956,1.4225872787793192,1.357581695865826,0.025459824,0.9090331,0.0432774260187414,0.1235628269134666,immune,nerve,immune-nerve,immune_to_nerve,nerve_c14,dendritic,0.4198,6.0,0.3596,True,0.0815,25.0,0.7859,True,True
immune_t_cell,malignant,GNAI2,EGFR,1.0795118,0.0,0.92548925,0.2937578194432324,1.8363331813941923,0.010733142,0.8988333,0.316295280190207,0.1258164315013717,immune,tumor,immune-tumor,immune_to_tumor,,t_cell,,,,,0.0821,23.0,0.7277,True,True
nerve_neuron,immune_nk_cell,PTN,NCL,1.079098,0.0,1.095211,0.24641055570178,-0.1107644911869067,0.0061460687,0.90623593,1.0,0.1262002181287179,nerve,immune,immune-nerve,nerve_to_immune,nerve_neuron,nk_cell,0.4,10.0,0.5084,True,0.0794,26.0,0.7523,True,True
nerve_neuron,immune_dendritic,ANGPT2,ITGA5_ITGB1,0.11731967,0.0,0.013762452,0.1516745926426,0.0479255333615291,0.006453538,0.5200239,1.0,0.1266770168885199,nerve,immune,immune-nerve,nerve_to_immune,nerve_neuron,dendritic,0.4,10.0,0.5084,True,0.0815,25.0,0.7859,True,True
nerve_c19,immune_dendritic,CD59,STAB1,0.11757338,1.0,0.013822397,-0.3526924223285036,-0.6894660130866923,0.0009860231,0.5205663,1.0,0.1280545523888198,nerve,immune,immune-nerve,nerve_to_immune,nerve_c19,dendritic,0.9467,4.0,0.054,False,0.0815,25.0,0.7859,True,False
nerve_c11,immune_dendritic,SPP1,PTGER4,1.1669683,1.0,0.7106132,-0.0069217412399331,-0.9780427127361028,0.007100576,0.88617283,1.0,0.1291341395346983,nerve,immune,immune-nerve,nerve_to_immune,nerve_c11,dendritic,0.1876,18.0,0.5976,True,0.0815,25.0,0.7859,True,True
malignant,nerve_c21,PTN,PTPRZ1,1.3018321,0.0,0.7076591,0.2457751831684763,0.6709670307048929,0.015490861,0.88596255,0.2327598018202394,0.1301058561420524,tumor,nerve,nerve-tumor,tumor_to_nerve,nerve_c21,,0.8488,6.0,0.1222,False,,,,,False
immune_t_cell,nerve_c20,TIMP1,CD63,1.1879332,0.923,0.7043514,-0.0899093678433741,-0.5160452717037752,0.0038798538,0.8857257,1.0,0.1315891118235244,immune,nerve,immune-nerve,immune_to_nerve,nerve_c20,t_cell,0.3415,15.0,0.5197,True,0.0821,23.0,0.7277,True,True
immune_dendritic,nerve_c5,HLA-A,APLP2,1.3897196,0.868,0.7026985,-0.1080408738832858,-0.4294543519828487,0.005584292,0.8856067,1.0,0.1324512861125814,immune,nerve,immune-nerve,immune_to_nerve,nerve_c5,dendritic,0.226,19.0,0.6259,True,0.0815,25.0,0.7859,True,True
nerve_c11,immune_dendritic,COL4A5,CD47,1.0683421,0.0,0.8327282,2.06535567843451,1.3618554320045335,0.01796656,0.89392924,0.0544363169742202,0.1327261298399505,nerve,immune,immune-nerve,nerve_to_immune,nerve_c11,dendritic,0.1876,18.0,0.5976,True,0.0815,25.0,0.7859,True,True
malignant,nerve_c5,CALM1,PDE1C,1.0676209,0.0,0.9669904,0.5337154520810407,0.6790616279882686,0.004375064,0.9008103,0.4069164897766191,0.133237277734364,tumor,nerve,nerve-tumor,tumor_to_nerve,nerve_c5,,0.226,19.0,0.6259,True,,,,,True
immune_t_cell,nerve_c7,CALM1,GRM3,1.2072089,0.0,0.6963346,0.75985725319201,0.6852862968160078,0.004759195,0.88514507,0.4069164897766191,0.135607707226513,immune,nerve,immune-nerve,immune_to_nerve,nerve_c7,t_cell,0.1793,26.0,0.7072,True,0.0821,23.0,0.7277,True,True
immune_nk_cell,nerve_c22,CALM1,PTPRA,1.2607127,0.0,0.69297004,0.2443426011278919,0.2962506090747061,0.004086824,0.88489866,1.0,0.1370788045559307,immune,nerve,immune-nerve,immune_to_nerve,nerve_c22,nk_cell,0.2879,24.0,0.4767,True,0.0794,26.0,0.7523,True,True
nerve_neuron,immune_microglia,APP,LRP1,1.0607387,0.0,0.86136115,0.5433758635404725,0.6229909904941955,0.010807857,0.89552134,0.3400934628064688,0.1374376863129267,nerve,immune,immune-nerve,nerve_to_immune,nerve_neuron,microglia,0.4,10.0,0.5084,True,0.0187,44.0,0.9088,True,True
immune_t_cell,nerve_c6,VIM,CD44,1.3088622,0.0,0.69080925,-0.0256003556082058,-0.4506937310548892,0.008501694,0.88473946,1.0,0.1381167648134424,immune,nerve,immune-nerve,immune_to_nerve,nerve_c6,t_cell,0.2107,18.0,0.6248,True,0.0821,23.0,0.7277,True,True
immune_dendritic,nerve_c22,HLA-DRB1,CD4,1.8544577,0.0,0.6879338,0.5327682915910975,0.883607059370411,0.15955885,0.88452667,0.0432774260187414,0.1397607032860891,immune,nerve,immune-nerve,immune_to_nerve,nerve_c22,dendritic,0.2879,24.0,0.4767,True,0.0815,25.0,0.7859,True,True
immune_t_cell,nerve_c21,CD99,CD81,1.0562708,0.008,0.94407785,0.1605686619481646,0.1045577076909173,0.009954373,0.89973384,0.8386148925245904,0.1404045781596931,immune,nerve,immune-nerve,immune_to_nerve,nerve_c21,t_cell,0.8488,6.0,0.1222,False,0.0821,23.0,0.7277,True,False
immune_dendritic,nerve_c14,VCL,ITGB5,0.11940847,0.817,0.01423564,-0.0131186237507175,-0.0313865077496701,0.010035994,0.52424115,1.0,0.1411192560609347,immune,nerve,immune-nerve,immune_to_nerve,nerve_c14,dendritic,0.4198,6.0,0.3596,True,0.0815,25.0,0.7859,True,True
immune_dendritic,nerve_c14,CALM1,PTPRA,1.0549709,0.0,1.032534,0.1801455464718765,0.0740421963905205,0.006089418,0.903702,1.0,0.141211293025134,immune,nerve,immune-nerve,immune_to_nerve,nerve_c14,dendritic,0.4198,6.0,0.3596,True,0.0815,25.0,0.7859,True,True
nerve_c10,immune_microglia,CD22,PTPRC,1.0530754,0.0,1.1001427,2.0303821072475365,1.2314767626766812,0.014046537,0.9064266,0.1113366954997805,0.1424252122496215,nerve,immune,immune-nerve,nerve_to_immune,nerve_c10,microglia,0.2572,14.0,0.5531,True,0.0187,44.0,0.9088,True,True
nerve_c10,immune_microglia,SPP1,ITGAV_ITGB1,1.0523219,1.0,0.9136867,-0.1652829632188803,-1.159768936887231,0.009445977,0.89824826,1.0,0.1427091129551796,nerve,immune,immune-nerve,nerve_to_immune,nerve_c10,microglia,0.2572,14.0,0.5531,True,0.0187,44.0,0.9088,True,True
immune_dendritic,nerve_c22,RPS19,C5AR1,1.9031925,0.0,0.5681966,0.1628762248626576,-0.0055921762521523,0.041514657,0.8743961,0.6340268466364872,0.1430069063282731,immune,nerve,immune-nerve,immune_to_nerve,nerve_c22,dendritic,0.2879,24.0,0.4767,True,0.0815,25.0,0.7859,True,True
immune_nk_cell,nerve_c7,CALM1,PDE1C,1.2576945,0.0,0.6796446,0.5148917001110727,0.5217648892138931,0.0030509904,0.8839061,0.4069164897766191,0.1433996739921208,immune,nerve,immune-nerve,immune_to_nerve,nerve_c7,nk_cell,0.1793,26.0,0.7072,True,0.0794,26.0,0.7523,True,True
nerve_c10,immune_microglia,LAMA2,RPSA,1.0472834,0.0,0.8680018,0.4413558783673181,0.4683760321656447,0.015771398,0.89588004,0.0899844861194363,0.1460127210635603,nerve,immune,immune-nerve,nerve_to_immune,nerve_c10,microglia,0.2572,14.0,0.5531,True,0.0187,44.0,0.9088,True,True
nerve_c14,immune_nk_cell,CLEC2D,KLRB1,1.1051533,0.0,0.6739099,2.150965033517663,1.782447808110348,0.15579408,0.88347065,0.0001923559428385,0.1460947082273617,nerve,immune,immune-nerve,nerve_to_immune,nerve_c14,nk_cell,0.4198,6.0,0.3596,True,0.0794,26.0,0.7523,True,True
immune_nk_cell,nerve_c20,TIMP1,CD63,1.1804143,0.94,0.6738448,-0.0969851523055592,-0.4860976251353228,0.0037118108,0.88346565,1.0,0.1461767158569318,immune,nerve,immune-nerve,immune_to_nerve,nerve_c20,nk_cell,0.3415,15.0,0.5197,True,0.0794,26.0,0.7523,True,True
immune_dendritic,nerve_c22,RNASE2,TLR2,0.12044948,0.998,0.01442732,-0.1794728866776021,-0.3239385350550627,0.029744193,0.5259088,1.0,0.1472939417962381,immune,nerve,immune-nerve,immune_to_nerve,nerve_c22,dendritic,0.2879,24.0,0.4767,True,0.0815,25.0,0.7859,True,True
immune_t_cell,nerve_c7,HSPA8,LRP2,1.1356311,0.0,0.67068106,0.8479002855958391,0.8701626401859481,0.005255409,0.8832232,0.4069164897766191,0.1479450286733039,immune,nerve,immune-nerve,immune_to_nerve,nerve_c7,t_cell,0.1793,26.0,0.7072,True,0.0821,23.0,0.7277,True,True
immune_dendritic,nerve_c21,PSAP,SORT1,1.043703,0.003,0.90338683,0.1968013970156235,-0.010212005551565,0.0039458866,0.897729,1.0,0.1483163403712796,immune,nerve,immune-nerve,immune_to_nerve,nerve_c21,dendritic,0.8488,6.0,0.1222,False,0.0815,25.0,0.7859,True,False
nerve_c14,immune_t_cell,IGSF11,VSIR,1.0758611,0.0,0.6701565,1.635837497161456,1.2284515462476675,0.014039895,0.8831828,0.1120369835715583,0.1483988998070879,nerve,immune,immune-nerve,nerve_to_immune,nerve_c14,t_cell,0.4198,6.0,0.3596,True,0.0821,23.0,0.7277,True,True
immune_dendritic,nerve_c22,LGALS1,ITGB1,1.0424979,0.032,0.7515161,0.030577566891572,-0.0693821096257445,0.006352802,0.8889651,1.0,0.1492257099866521,immune,nerve,immune-nerve,immune_to_nerve,nerve_c22,dendritic,0.2879,24.0,0.4767,True,0.0815,25.0,0.7859,True,True
malignant,nerve_c5,CALM1,GRM3,1.0416285,0.0,0.88987935,0.9309293390505812,0.7652992271851817,0.006084665,0.8970353,0.4069164897766191,0.1498886135349901,tumor,nerve,nerve-tumor,tumor_to_nerve,nerve_c5,,0.226,19.0,0.6259,True,,,,,True
nerve_neuron,immune_microglia,TIMP1,CD63,1.1417568,1.0,0.66754395,-0.1260459231903693,-0.6292476602022794,0.0077549354,0.8829812,1.0,0.1499715603127979,nerve,immune,immune-nerve,nerve_to_immune,nerve_neuron,microglia,0.4,10.0,0.5084,True,0.0187,44.0,0.9088,True,True
immune_nk_cell,nerve_c21,CD99,CD81,1.0407349,0.019,0.92413014,0.1441325179056587,-0.0086585679390955,0.009744044,0.8987664,0.9095860502001232,0.1504697313803024,immune,nerve,immune-nerve,immune_to_nerve,nerve_c21,nk_cell,0.8488,6.0,0.1222,False,0.0794,26.0,0.7523,True,False
immune_nk_cell,nerve_c22,TNFSF14,LTBR,0.16465192,0.0,0.014538596,0.3930444656364297,0.1958379959181235,0.03186195,0.52686656,0.2279443722300816,0.1510629732808929,immune,nerve,immune-nerve,immune_to_nerve,nerve_c22,nk_cell,0.2879,24.0,0.4767,True,0.0794,26.0,0.7523,True,True
immune_nk_cell,nerve_c21,CALM1,INSR,1.2537769,0.0,0.66234857,0.4461576965392909,0.5270483409198263,0.004255235,0.88257694,0.416346543070769,0.1530133679240947,immune,nerve,immune-nerve,immune_to_nerve,nerve_c21,nk_cell,0.8488,6.0,0.1222,False,0.0794,26.0,0.7523,True,False
malignant,nerve_c22,NLGN1,NRXN1,1.0359744,0.0,1.0101906,0.4612080711375593,1.3444059542575135,0.061532233,0.90274584,0.0432774260187414,0.1535788522905297,tumor,nerve,nerve-tumor,tumor_to_nerve,nerve_c22,,0.2879,24.0,0.4767,True,,,,,True
immune_t_cell,nerve_c22,TIMP1,CD63,1.1262236,0.949,0.6615004,-0.1378707825880123,-0.6344538780383985,0.0036438126,0.8825105,1.0,0.1536417585374243,immune,nerve,immune-nerve,immune_to_nerve,nerve_c22,t_cell,0.2879,24.0,0.4767,True,0.0821,23.0,0.7277,True,True
malignant,nerve_c7,AGRN,DAG1,0.12134544,0.0,0.014721917,0.1136783331202141,0.1058481714189459,0.01989009,0.528428,0.5991497041759607,0.1567103097818747,tumor,nerve,nerve-tumor,tumor_to_nerve,nerve_c7,,0.1793,26.0,0.7072,True,,,,,True
malignant,nerve_c20,LGALS1,ITGB1,1.0299644,0.006,1.0079873,0.1202680568456451,0.2810863497702269,0.006732849,0.90265,1.0,0.1581571928607696,tumor,nerve,nerve-tumor,tumor_to_nerve,nerve_c20,,0.3415,15.0,0.5197,True,,,,,True
immune_t_cell,nerve_c22,CALM1,PTPRA,1.1967437,0.0,0.6528084,0.1873030935094654,0.2665967550638419,0.0038499688,0.88182306,1.0,0.1585396393038617,immune,nerve,immune-nerve,immune_to_nerve,nerve_c22,t_cell,0.2879,24.0,0.4767,True,0.0821,23.0,0.7277,True,True
nerve_neuron,immune_t_cell,LAMA4,CD44,1.0270383,0.0,0.95417243,1.2961153004611852,1.3145941318452103,0.041869104,0.9002126,0.028176765143968,0.1604579213083,nerve,immune,immune-nerve,nerve_to_immune,nerve_neuron,t_cell,0.4,10.0,0.5084,True,0.0821,23.0,0.7277,True,True
immune_tam,nerve_c21,VCAN,ITGB1,1.2299999,0.0,0.6479158,0.7834688294240664,1.2150717856919824,0.014919504,0.8814305,0.1096683392164674,0.1611852678150002,immune,nerve,immune-nerve,immune_to_nerve,nerve_c21,tam,0.8488,6.0,0.1222,False,0.1165,25.0,0.7417,True,False
nerve_c10,immune_dendritic,COL4A5,CD47,1.026132,0.0,0.7894375,1.9564818852652075,1.4083440512524057,0.01703254,0.8913714,0.0587115373919711,0.1613137755838299,nerve,immune,immune-nerve,nerve_to_immune,nerve_c10,dendritic,0.2572,14.0,0.5531,True,0.0815,25.0,0.7859,True,True
immune_dendritic,nerve_c21,IL16,CD9,1.2512734,0.0,0.6454386,1.0076986649680468,1.1633748065372405,0.01779774,0.8812302,0.0567575897307786,0.1625583337118584,immune,nerve,immune-nerve,immune_to_nerve,nerve_c21,dendritic,0.8488,6.0,0.1222,False,0.0815,25.0,0.7859,True,False
immune_dendritic,nerve_c7,APOE,ABCA1,1.0238886,1.0,0.9621007,-0.1188792041968266,-0.7003569418542128,0.00616298,0.9005836,1.0,0.1629884509807492,immune,nerve,immune-nerve,immune_to_nerve,nerve_c7,dendritic,0.1793,26.0,0.7072,True,0.0815,25.0,0.7859,True,True
immune_nk_cell,nerve_c22,HMGB1,HAVCR2,1.1520247,0.004,0.6432323,0.1035010017779298,0.0212573135635572,0.029288294,0.8810509,0.7890102990574948,0.1636776929361281,immune,nerve,immune-nerve,immune_to_nerve,nerve_c22,nk_cell,0.2879,24.0,0.4767,True,0.0794,26.0,0.7523,True,True
immune_dendritic,nerve_c14,LGALS1,ITGB1,1.0229945,0.0,0.68826544,0.0049155031116486,-0.185792306507556,0.0058181244,0.8845513,1.0,0.1637639627223463,immune,nerve,immune-nerve,immune_to_nerve,nerve_c14,dendritic,0.4198,6.0,0.3596,True,0.0815,25.0,0.7859,True,True
immune_nk_cell,nerve_c20,NCAM1,FGFR2,1.0478625,0.0,0.6414657,1.758273651016091,1.3475072385329858,0.015416668,0.8809067,0.0725944365184399,0.1648869635678756,immune,nerve,immune-nerve,immune_to_nerve,nerve_c20,nk_cell,0.3415,15.0,0.5197,True,0.0794,26.0,0.7523,True,True
immune_dendritic,nerve_c14,S100A4,EGFR,1.0871347,0.0,0.63997656,0.3071511049923484,-0.1723759713946279,0.012095134,0.8807847,1.0,0.1657531308985472,immune,nerve,immune-nerve,immune_to_nerve,nerve_c14,dendritic,0.4198,6.0,0.3596,True,0.0815,25.0,0.7859,True,True
malignant,nerve_c21,FN1,MAG,1.183538,0.0,0.63995755,2.192939914095964,1.490894083074786,0.012817351,0.88078314,0.0430188140554704,0.1657965031561879,tumor,nerve,nerve-tumor,tumor_to_nerve,nerve_c21,,0.8488,6.0,0.1222,False,,,,,False
malignant,nerve_c20,FN1,MAG,1.1831036,0.0,0.63968706,2.1919818318317734,1.591405573897585,0.012811935,0.88076097,0.028752816243058,0.1659699764521857,tumor,nerve,nerve-tumor,tumor_to_nerve,nerve_c20,,0.3415,15.0,0.5197,True,,,,,True
nerve_neuron,immune_t_cell,COL9A1,CD44,1.0183938,0.0,0.9309311,2.1031275955810944,1.4458290684812958,0.047837842,0.8990995,0.0151454395076677,0.1669691110039962,nerve,immune,immune-nerve,nerve_to_immune,nerve_neuron,t_cell,0.4,10.0,0.5084,True,0.0821,23.0,0.7277,True,True
immune_nk_cell,nerve_c22,TIMP1,CD63,1.1187047,0.955,0.6328497,-0.1449465670501973,-0.6045062314699461,0.0034859928,0.8801955,1.0,0.1690627363455174,immune,nerve,immune-nerve,immune_to_nerve,nerve_c22,nk_cell,0.2879,24.0,0.4767,True,0.0794,26.0,0.7523,True,True
malignant,nerve_c7,CALM1,PTPRA,1.0143623,0.0,0.80898947,0.0850216424606171,0.1682645020005747,0.0045906533,0.89255023,1.0,0.169806942871413,tumor,nerve,nerve-tumor,tumor_to_nerve,nerve_c7,,0.1793,26.0,0.7072,True,,,,,True
nerve_c19,immune_dendritic,CD59,CD2,0.1233901,1.0,0.015177969,-0.2765739712164875,-0.6381523065332508,0.0005201003,0.53222746,1.0,0.170028874720118,nerve,immune,immune-nerve,nerve_to_immune,nerve_c19,dendritic,0.9467,4.0,0.054,False,0.0815,25.0,0.7859,True,False
nerve_neuron,immune_nk_cell,VCAN,ITGB1,1.0127063,0.0,1.0230209,0.5987408891010193,0.875312722050798,0.02884038,0.9032985,0.0432774260187414,0.1708161423321872,nerve,immune,immune-nerve,nerve_to_immune,nerve_neuron,nk_cell,0.4,10.0,0.5084,True,0.0794,26.0,0.7523,True,True
nerve_neuron,immune_dendritic,GRN,SORT1,0.12339787,1.0,0.015223947,-0.4842384076893105,-1.09804742501527,0.002780186,0.532604,1.0,0.171222079615315,nerve,immune,immune-nerve,nerve_to_immune,nerve_neuron,dendritic,0.4,10.0,0.5084,True,0.0815,25.0,0.7859,True,True
immune_dendritic,nerve_c20,SPP1,ITGAV_ITGB1,1.0109442,1.0,0.83107203,-0.200359090357632,-1.040935995768911,0.005534361,0.89383477,1.0,0.1719601357573902,immune,nerve,immune-nerve,immune_to_nerve,nerve_c20,dendritic,0.3415,15.0,0.5197,True,0.0815,25.0,0.7859,True,True
malignant,nerve_c21,COL9A3,MAG,1.1804931,0.0,0.6274388,2.3719155905448295,1.9279613132224185,0.057750735,0.879742,0.0055009581205792,0.1723568838984758,tumor,nerve,nerve-tumor,tumor_to_nerve,nerve_c21,,0.8488,6.0,0.1222,False,,,,,False
nerve_neuron,immune_t_cell,ADAM10,CD44,1.0102662,0.0,0.9090798,0.5944560265947809,0.7197182129661226,0.010006928,0.898017,0.4069164897766191,0.172401006599569,nerve,immune,immune-nerve,nerve_to_immune,nerve_neuron,t_cell,0.4,10.0,0.5084,True,0.0821,23.0,0.7277,True,True
malignant,nerve_c20,COL9A3,MAG,1.1800587,0.0,0.6271736,2.3709575082806387,2.0284728040452173,0.05772633,0.8797197,0.0035201794673871,0.1726216275611723,tumor,nerve,nerve-tumor,tumor_to_nerve,nerve_c20,,0.3415,15.0,0.5197,True,,,,,True
immune_t_cell,nerve_c21,CALM1,INSR,1.1898079,0.0,0.6239616,0.3891181889208644,0.4973944869089621,0.0040086196,0.87944776,0.57520425162571,0.174701564232753,immune,nerve,immune-nerve,immune_to_nerve,nerve_c21,t_cell,0.8488,6.0,0.1222,False,0.0821,23.0,0.7277,True,False
malignant,nerve_c7,LGALS1,ITGB1,0.9994346,0.001,0.93106246,0.0800973650923506,0.0178133575961901,0.00621903,0.8991059,1.0,0.1811869515470982,tumor,nerve,nerve-tumor,tumor_to_nerve,nerve_c7,,0.1793,26.0,0.7072,True,,,,,True
malignant,nerve_c7,APP,CD74,0.99890685,1.0,0.94717896,-0.0605699619531204,-1.177930212045123,0.017022967,0.89988166,1.0,0.1816380075036374,tumor,nerve,nerve-tumor,tumor_to_nerve,nerve_c7,,0.1793,26.0,0.7072,True,,,,,True
immune_dendritic,nerve_c20,VIM,CD44,1.3886445,0.001,0.61125857,0.0148607256038127,-0.3232895243209301,0.007522675,0.8783531,1.0,0.1830847332185212,immune,nerve,immune-nerve,immune_to_nerve,nerve_c20,dendritic,0.3415,15.0,0.5197,True,0.0815,25.0,0.7859,True,True
malignant,nerve_c20,CSF1,SIRPA,0.12723038,0.982,0.015629414,-0.0629364385202477,-0.0715650058660245,0.0072831856,0.5358742,1.0,0.1844952530156575,tumor,nerve,nerve-tumor,tumor_to_nerve,nerve_c20,,0.3415,15.0,0.5197,True,,,,,True
immune_dendritic,nerve_c21,HLA-A,APLP2,1.3708053,0.767,0.60819703,-0.1301946736724409,-0.4458710955541486,0.004833296,0.87808466,1.0,0.1849001263512964,immune,nerve,immune-nerve,immune_to_nerve,nerve_c21,dendritic,0.8488,6.0,0.1222,False,0.0815,25.0,0.7859,True,False
immune_nk_cell,nerve_c6,ADAM10,CADM1,0.9952423,0.0,0.635405,0.5947689949820093,0.806672296527907,0.011529092,0.8804078,0.2749276462379915,0.1849456240100459,immune,nerve,immune-nerve,immune_to_nerve,nerve_c6,nk_cell,0.2107,18.0,0.6248,True,0.0794,26.0,0.7523,True,True
nerve_neuron,immune_dendritic,ANGPTL1,LILRB2,0.1274117,0.0,0.015642095,0.4826466185886741,0.190912982126615,0.03173354,0.53597504,0.2358362113899638,0.1853446852661521,nerve,immune,immune-nerve,nerve_to_immune,nerve_neuron,dendritic,0.4,10.0,0.5084,True,0.0815,25.0,0.7859,True,True
nerve_c14,immune_dendritic,FN1,ITGA5_ITGB1,0.12539992,1.0,0.015677875,-0.09411603690815,-0.4897238503404473,0.0052822423,0.5362591,1.0,0.1868732199000883,nerve,immune,immune-nerve,nerve_to_immune,nerve_c14,dendritic,0.4198,6.0,0.3596,True,0.0815,25.0,0.7859,True,True
nerve_neuron,immune_t_cell,NCAM1,PTPRA,1.0825071,0.0,0.60465044,0.6252817621560688,0.6203980877993456,0.007235697,0.87777126,0.4069164897766191,0.1872718375544599,nerve,immune,immune-nerve,nerve_to_immune,nerve_neuron,t_cell,0.4,10.0,0.5084,True,0.0821,23.0,0.7277,True,True
immune_t_cell,nerve_c22,RPS19,C5AR1,1.7750361,0.0,0.52830446,0.0833889886808395,0.0297354386395506,0.038599983,0.8703439,0.7331612622797998,0.1873826030884154,immune,nerve,immune-nerve,immune_to_nerve,nerve_c22,t_cell,0.2879,24.0,0.4767,True,0.0821,23.0,0.7277,True,True
immune_t_cell,nerve_c6,CD99,CD81,0.9914423,0.0,0.75341034,0.0989465450431878,0.0030421555540895,0.007943972,0.8890892,0.7756283608833169,0.1880958495054542,immune,nerve,immune-nerve,immune_to_nerve,nerve_c6,t_cell,0.2107,18.0,0.6248,True,0.0821,23.0,0.7277,True,True
immune_t_cell,nerve_c22,HMGB1,HAVCR2,1.0893204,0.06,0.6024714,0.0446914016890137,0.0169872530766475,0.027432328,0.8775775,1.0,0.1886919488277198,immune,nerve,immune-nerve,immune_to_nerve,nerve_c22,t_cell,0.2879,24.0,0.4767,True,0.0821,23.0,0.7277,True,True
immune_t_cell,nerve_c20,TIMP1,FGFR2,1.0353732,0.0,0.5984141,1.630431230167902,0.7835439330928903,0.0039753406,0.877214,0.4069164897766191,0.190946208057417,immune,nerve,immune-nerve,immune_to_nerve,nerve_c20,t_cell,0.3415,15.0,0.5197,True,0.0821,23.0,0.7277,True,True
immune_nk_cell,nerve_c22,CALM1,INSR,1.2386138,0.0,0.5954033,0.417138876479047,0.6864409787334042,0.0038251479,0.8769421,0.4911465662166801,0.192980307743018,immune,nerve,immune-nerve,immune_to_nerve,nerve_c22,nk_cell,0.2879,24.0,0.4767,True,0.0794,26.0,0.7523,True,True
malignant,nerve_c21,CALM1,PDE1C,0.98029417,0.0,0.7079198,0.3602476109968941,0.7298182912317794,0.0032029212,0.88598114,0.6741223585354087,0.197357139437024,tumor,nerve,nerve-tumor,tumor_to_nerve,nerve_c21,,0.8488,6.0,0.1222,False,,,,,False
malignant,nerve_c7,FN1,MAG,1.1015726,0.0,0.58892643,2.012090029676151,1.433275413348364,0.011795278,0.8763507,0.0534654654135147,0.1983876316890173,tumor,nerve,nerve-tumor,tumor_to_nerve,nerve_c7,,0.1793,26.0,0.7072,True,,,,,True
malignant,nerve_c20,CALM1,PTPRA,0.9791548,0.121,0.70453984,0.0352706215757519,0.3199356134694848,0.0039979485,0.8857392,1.0,0.198481418141308,tumor,nerve,nerve-tumor,tumor_to_nerve,nerve_c20,,0.3415,15.0,0.5197,True,,,,,True
nerve_neuron,immune_nk_cell,APP,PTGER2,0.97898364,0.0,0.6039376,1.2606047448412383,0.9781366281520392,0.018488774,0.87770796,0.0489561865084682,0.198622151486301,nerve,immune,immune-nerve,nerve_to_immune,nerve_neuron,nk_cell,0.4,10.0,0.5084,True,0.0794,26.0,0.7523,True,True
malignant,nerve_c7,CALM1,INSR,0.9759503,0.0,0.695033,0.2845466577916131,0.3959599121830442,0.0044312896,0.88504994,0.9972569879668972,0.202248954296791,tumor,nerve,nerve-tumor,tumor_to_nerve,nerve_c7,,0.1793,26.0,0.7072,True,,,,,True
immune_nk_cell,nerve_c21,AGTRAP,RACK1,1.0865463,0.271,0.58145857,0.1361987378663428,0.1210800356978782,0.016882535,0.8756576,1.0,0.2042391434224584,immune,nerve,immune-nerve,immune_to_nerve,nerve_c21,nk_cell,0.8488,6.0,0.1222,False,0.0794,26.0,0.7523,True,False
immune_nk_cell,nerve_c20,LGALS1,ITGB1,0.96911097,0.338,0.9106101,0.07592028078896,0.0332948329620641,0.0076976735,0.898094,1.0,0.2094912661020533,immune,nerve,immune-nerve,immune_to_nerve,nerve_c20,nk_cell,0.3415,15.0,0.5197,True,0.0794,26.0,0.7523,True,True
immune_dendritic,nerve_c20,HBEGF,CD9,0.9674983,0.0,0.6061912,0.5249430864444434,0.8204663152702389,0.011913689,0.8779077,0.2462985724962777,0.2109817180845745,immune,nerve,immune-nerve,immune_to_nerve,nerve_c20,dendritic,0.3415,15.0,0.5197,True,0.0815,25.0,0.7859,True,True
immune_nk_cell,nerve_c20,TIMP1,FGFR2,1.0278543,0.0,0.5724958,1.6233554457057169,0.8134915796613427,0.003803162,0.87480944,0.4069164897766191,0.2116563272382391,immune,nerve,immune-nerve,immune_to_nerve,nerve_c20,nk_cell,0.3415,15.0,0.5197,True,0.0794,26.0,0.7523,True,True
malignant,nerve_c21,ADAM15,ITGAV,0.13508368,1.0,0.016598804,-0.2075869341681506,-0.3798517287733468,0.0026011115,0.54334885,1.0,0.2132799576008746,tumor,nerve,nerve-tumor,tumor_to_nerve,nerve_c21,,0.8488,6.0,0.1222,False,,,,,False
immune_t_cell,nerve_c20,IL16,CD9,0.9655795,0.0,0.6002743,0.7759871484852675,1.0863186190984668,0.016552351,0.8773811,0.0751183437066769,0.2134436762571125,immune,nerve,immune-nerve,immune_to_nerve,nerve_c20,t_cell,0.3415,15.0,0.5197,True,0.0821,23.0,0.7277,True,True
immune_dendritic,nerve_c21,PSAP,GPR37,0.9649409,0.0,0.67105496,0.4929337362458154,0.1463090229239404,0.005038821,0.8832519,1.0,0.2138794169780994,immune,nerve,immune-nerve,immune_to_nerve,nerve_c21,dendritic,0.8488,6.0,0.1222,False,0.0815,25.0,0.7859,True,False
immune_nk_cell,nerve_c20,TGFB1,ITGB1,0.9638958,0.0,0.9022648,0.7277560992710292,1.1506471511462242,0.020832961,0.89767194,0.0432774260187414,0.2149461392478491,immune,nerve,immune-nerve,immune_to_nerve,nerve_c20,nk_cell,0.3415,15.0,0.5197,True,0.0794,26.0,0.7523,True,True
immune_nk_cell,nerve_c20,SPP1,ITGAV_ITGB1,0.96377087,1.0,0.77691865,-0.2228233116230695,-1.342773205470712,0.0051737367,0.8905951,1.0,0.2150917808479698,immune,nerve,immune-nerve,immune_to_nerve,nerve_c20,nk_cell,0.3415,15.0,0.5197,True,0.0794,26.0,0.7523,True,True
immune_t_cell,nerve_c20,VIM,CD44,1.2804809,0.147,0.5591225,-0.0554033734885762,-0.5194088710538245,0.006881044,0.8735094,1.0,0.2210009929264389,immune,nerve,immune-nerve,immune_to_nerve,nerve_c20,t_cell,0.3415,15.0,0.5197,True,0.0821,23.0,0.7277,True,True
nerve_neuron,immune_dendritic,VCAN,CD44,0.9552622,0.0,0.90086764,0.4470950078464052,0.531003811523856,0.01709753,0.89760065,0.0662672992596582,0.2236602007664654,nerve,immune,immune-nerve,nerve_to_immune,nerve_neuron,dendritic,0.4,10.0,0.5084,True,0.0815,25.0,0.7859,True,True
immune_t_cell,nerve_c14,CALM1,PDE1A,1.1732967,0.0,0.5552888,0.5990407150910404,0.6974222227583091,0.004735734,0.8731288,0.4069164897766191,0.2244012966188971,immune,nerve,immune-nerve,immune_to_nerve,nerve_c14,t_cell,0.4198,6.0,0.3596,True,0.0821,23.0,0.7277,True,True
immune_t_cell,nerve_c14,CKLF,LRP6,0.9499482,0.0,0.86265266,1.2406901205169707,1.2006814078668122,0.018759029,0.89559144,0.0463322369641574,0.2296180485982001,immune,nerve,immune-nerve,immune_to_nerve,nerve_c14,t_cell,0.4198,6.0,0.3596,True,0.0821,23.0,0.7277,True,True
immune_t_cell,nerve_c20,S100A4,ERBB3,1.2146248,0.0,0.5448841,0.8684279319467509,1.2687504024910303,0.004194503,0.8720774,0.4069164897766191,0.2332749402516264,immune,nerve,immune-nerve,immune_to_nerve,nerve_c20,t_cell,0.3415,15.0,0.5197,True,0.0821,23.0,0.7277,True,True
nerve_neuron,immune_microglia,HMGB1,HAVCR2,0.9459086,1.0,0.88615996,0.0162958870248015,0.2357747150955442,0.010922152,0.89684176,1.0,0.2333754630973328,nerve,immune,immune-nerve,nerve_to_immune,nerve_neuron,microglia,0.4,10.0,0.5084,True,0.0187,44.0,0.9088,True,True
immune_dendritic,nerve_c21,GRN,SORT1,0.9425163,0.0,0.77943164,0.4971519442829563,0.5336331669104003,0.005980697,0.8907523,0.4069164897766191,0.2372093419904301,immune,nerve,immune-nerve,immune_to_nerve,nerve_c21,dendritic,0.8488,6.0,0.1222,False,0.0815,25.0,0.7859,True,False
nerve_neuron,immune_t_cell,PTN,NCL,0.9402629,0.0,0.8686433,0.0885716290279844,-0.2946045098211636,0.004874623,0.8959145,1.0,0.2398985971180443,nerve,immune,immune-nerve,nerve_to_immune,nerve_neuron,t_cell,0.4,10.0,0.5084,True,0.0821,23.0,0.7277,True,True
immune_nk_cell,nerve_c21,CALM1,PTPRA,1.224642,0.0,0.5337175,0.1933720110436522,0.2156622108591762,0.003147625,0.870918,1.0,0.2436747927819919,immune,nerve,immune-nerve,immune_to_nerve,nerve_c21,nk_cell,0.8488,6.0,0.1222,False,0.0794,26.0,0.7523,True,False
malignant,nerve_c21,NCAM1,FGFR2,0.9363699,0.0,0.84534377,1.0680180000809627,1.4676673815697914,0.020369008,0.8946399,0.0432774260187414,0.2449561590482408,tumor,nerve,nerve-tumor,tumor_to_nerve,nerve_c21,,0.8488,6.0,0.1222,False,,,,,False
nerve_neuron,immune_dendritic,SERPING1,LRP1,0.13259298,1.0,0.017577259,-0.289773353595173,-0.5109673512984068,0.009556477,0.55044514,1.0,0.2463901515416921,nerve,immune,immune-nerve,nerve_to_immune,nerve_neuron,dendritic,0.4,10.0,0.5084,True,0.0815,25.0,0.7859,True,True
immune_dendritic,nerve_c20,PSAP,GPR37,0.9280847,0.0,0.56233656,0.3870672152542905,0.157048360122336,0.004222476,0.8738257,1.0,0.2545781229921422,immune,nerve,immune-nerve,immune_to_nerve,nerve_c20,dendritic,0.3415,15.0,0.5197,True,0.0815,25.0,0.7859,True,True
nerve_neuron,immune_t_cell,SPP1,CD44,0.9194691,1.0,0.6649684,-0.0916938081902652,-1.9781355912855816,0.002194288,0.8827813,1.0,0.2638254570232344,nerve,immune,immune-nerve,nerve_to_immune,nerve_neuron,t_cell,0.4,10.0,0.5084,True,0.0821,23.0,0.7277,True,True
nerve_neuron,immune_dendritic,PTN,NCL,0.9176382,0.007,0.8317215,0.0628482868863113,-0.4356024597077281,0.0046674265,0.89387184,1.0,0.2658400983359731,nerve,immune,immune-nerve,nerve_to_immune,nerve_neuron,dendritic,0.4,10.0,0.5084,True,0.0815,25.0,0.7859,True,True
immune_t_cell,nerve_c20,LGALS1,ITGB1,0.91313213,0.944,0.8210332,0.0351286313636324,-0.0603231163254467,0.0069404515,0.8932568,1.0,0.2699954233003638,immune,nerve,immune-nerve,immune_to_nerve,nerve_c20,t_cell,0.3415,15.0,0.5197,True,0.0821,23.0,0.7277,True,True
malignant,nerve_c21,COL9A2,ITGAV_ITGB8,0.13947862,1.0,0.018143091,-0.1880587818466226,-0.3528084709544858,0.0043979185,0.55436206,1.0,0.2707587406545066,tumor,nerve,nerve-tumor,tumor_to_nerve,nerve_c21,,0.8488,6.0,0.1222,False,,,,,False
malignant,nerve_c21,TIMP1,FGFR2,0.9112061,0.0,0.807143,0.8731684378977743,1.0200036413127611,0.0053757913,0.8924406,0.4022082949315359,0.2724585731475121,tumor,nerve,nerve-tumor,tumor_to_nerve,nerve_c21,,0.8488,6.0,0.1222,False,,,,,False
nerve_neuron,immune_nk_cell,LAMA4,CD44,0.91057837,0.0,0.7888441,1.1738219218960626,1.177958015604184,0.034614492,0.891335,0.0432774260187414,0.2731026277843456,nerve,immune,immune-nerve,nerve_to_immune,nerve_neuron,nk_cell,0.4,10.0,0.5084,True,0.0794,26.0,0.7523,True,True
immune_t_cell,nerve_c21,CALM1,PTPRA,1.160673,0.0,0.5027855,0.1363325034252257,0.186008356848312,0.0029652019,0.86752474,1.0,0.275577474641117,immune,nerve,immune-nerve,immune_to_nerve,nerve_c21,t_cell,0.8488,6.0,0.1222,False,0.0821,23.0,0.7277,True,False
immune_dendritic,nerve_c21,CALM1,PDE1C,0.9079092,0.0,0.6388289,0.2957028985891331,0.3410391807918291,0.0028677643,0.88069046,0.9454307477465403,0.2762245749628711,immune,nerve,immune-nerve,immune_to_nerve,nerve_c21,dendritic,0.8488,6.0,0.1222,False,0.0815,25.0,0.7859,True,False
immune_dendritic,nerve_c21,LGALS1,ITGB1,0.9607456,0.473,0.48638752,-0.0769905568602457,-0.270631623452217,0.0041115866,0.8656078,1.0,0.2957066753244812,immune,nerve,immune-nerve,immune_to_nerve,nerve_c21,dendritic,0.8488,6.0,0.1222,False,0.0815,25.0,0.7859,True,False
immune_nk_cell,nerve_c21,CALM1,PDE1A,1.212726,0.0,0.48110768,0.5835801792525603,0.7065652507160767,0.0041030864,0.8649717,0.4069164897766191,0.3021722242446084,immune,nerve,immune-nerve,immune_to_nerve,nerve_c21,nk_cell,0.8488,6.0,0.1222,False,0.0794,26.0,0.7523,True,False
immune_dendritic,nerve_c21,PDGFB,ITGAV,0.14205314,1.0,0.019047722,-0.2669384595998505,-0.4949805739403549,0.0028718517,0.5603642,1.0,0.3040714364953541,immune,nerve,immune-nerve,immune_to_nerve,nerve_c21,dendritic,0.8488,6.0,0.1222,False,0.0815,25.0,0.7859,True,False
immune_nk_cell,nerve_c21,CALM1,GRM3,1.2098289,0.0,0.46831682,0.6146629701729913,0.632600892822814,0.0032007764,0.8633903,0.4069164897766191,0.3175556528841788,immune,nerve,immune-nerve,immune_to_nerve,nerve_c21,nk_cell,0.8488,6.0,0.1222,False,0.0794,26.0,0.7523,True,False
immune_t_cell,nerve_c21,CALM1,PDE1A,1.148757,0.0,0.45322472,0.5265406716341339,0.6769113967052125,0.0038652886,0.861447,0.4069164897766191,0.3375099477248717,immune,nerve,immune-nerve,immune_to_nerve,nerve_c21,t_cell,0.8488,6.0,0.1222,False,0.0821,23.0,0.7277,True,False
immune_t_cell,nerve_c21,CALM1,GRM3,1.1458598,0.0,0.44117516,0.5576234625545649,0.6029470388119498,0.0030152728,0.85983104,0.4069164897766191,0.3547177993274827,immune,nerve,immune-nerve,immune_to_nerve,nerve_c21,t_cell,0.8488,6.0,0.1222,False,0.0821,23.0,0.7277,True,False
immune_t_cell,nerve_c21,SPP1,ITGAV_ITGB1,0.5300878,1.0,0.15539458,-0.5894749664659138,-2.2207977982009335,0.0010348196,0.7845109,1.0,0.3819775520678987,immune,nerve,immune-nerve,immune_to_nerve,nerve_c21,t_cell,0.8488,6.0,0.1222,False,0.0821,23.0,0.7277,True,False
