cluster,names,gene_symbol,scores,logfoldchanges,pvals,pvals_adj,dominant_sample_fraction,n_contributing_samples,normalised_entropy,batch_qc_pass
17,ENSG00000123560,PLP1,34.176975,3.9266372,5.316114110356952e-256,1.2784191212586398e-251,0.6072,12,0.3472,False
17,ENSG00000136541,ERMN,32.500023,3.4061944,1.0654265023772709e-231,1.2810688264584307e-227,0.6072,12,0.3472,False
17,ENSG00000080822,CLDND1,30.05936,2.8315969,1.6473921461325538e-198,1.3205495443398553e-194,0.6072,12,0.3472,False
17,ENSG00000116133,DHCR24,29.57298,3.7102125,3.326516710797419e-192,1.9999018465314082e-188,0.6072,12,0.3472,False
17,ENSG00000065534,MYLK,29.494263,3.0685806,3.41044739926194e-191,1.640288781149023e-187,0.6072,12,0.3472,False
17,ENSG00000011426,ANLN,29.483349,2.3548625,4.707095425877052e-191,1.8866038466915224e-187,0.6072,12,0.3472,False
17,ENSG00000139433,GLTP,29.139544,2.6192122,1.1334693117910385e-186,3.893952858564414e-183,0.6072,12,0.3472,False
17,ENSG00000250722,SELENOP,28.981041,3.2218084,1.1407342221646269e-184,3.4290470718268684e-181,0.6072,12,0.3472,False
17,ENSG00000104833,TUBB4A,28.9701,2.940292,1.5667923801211118e-184,4.1864692396836114e-181,0.6072,12,0.3472,False
17,ENSG00000138593,SECISBP2L,28.576807,2.2568574,1.3049967960980841e-179,3.138256295256672e-176,0.6072,12,0.3472,False
17,ENSG00000186318,BACE1,28.528938,2.5804281,5.127691330450457e-179,1.1210065555879327e-175,0.6072,12,0.3472,False
17,ENSG00000175130,MARCKSL1,28.36157,3.213605,6.0264562752821415e-177,1.2077018375665411e-173,0.6072,12,0.3472,False
17,ENSG00000179292,TMEM151A,27.970228,2.796322,3.742004611868996e-172,6.922132838940433e-169,0.6072,12,0.3472,False
17,ENSG00000132702,HAPLN2,27.865007,2.7500408,7.087069142153571e-171,1.2173559909322076e-167,0.6072,12,0.3472,False
17,ENSG00000148826,NKX6-2,27.764482,2.817232,1.1650883905423152e-169,1.8678697077174395e-166,0.6072,12,0.3472,False
17,ENSG00000129757,CDKN1C,27.664297,2.8558438,1.8783942902638404e-168,2.823226618266552e-165,0.6072,12,0.3472,False
17,ENSG00000169562,GJB1,27.524633,2.858672,8.906542804730341e-167,1.2599090668715013e-163,0.6072,12,0.3472,False
17,ENSG00000099194,SCD,27.461788,2.6912234,5.024438921049587e-166,6.712650398522247e-163,0.6072,12,0.3472,False
17,ENSG00000162734,PEA15,27.447462,2.7498517,7.449643405637758e-166,9.4288960325672e-163,0.6072,12,0.3472,False
17,ENSG00000174607,UGT8,27.29399,2.143333,4.998906923797722e-164,6.010685685174381e-161,0.6072,12,0.3472,False
17,ENSG00000143153,ATP1B1,27.274439,2.207714,8.528275853908376e-164,9.766094177847076e-161,0.6072,12,0.3472,False
17,ENSG00000160307,S100B,27.263487,3.335645,1.1500644688583769e-163,1.2571250157775567e-160,0.6072,12,0.3472,False
17,ENSG00000173786,CNP,27.182577,2.861567,1.0437365405624562e-162,1.0912946229324325e-159,0.6072,12,0.3472,False
17,ENSG00000105355,PLIN3,27.136044,2.7423394,3.7000231814213045e-162,3.7074232277841474e-159,0.6072,12,0.3472,False
17,ENSG00000091513,TF,27.097555,2.2250414,1.052180655120752e-161,1.0121136157737538e-158,0.6072,12,0.3472,False
17,ENSG00000101265,RASSF2,27.069433,2.4628723,2.2558914989254867e-161,2.0865261063907734e-158,0.6072,12,0.3472,False
17,ENSG00000167588,GPD1,27.06724,3.282268,2.394118549051053e-161,2.1323615876881373e-158,0.6072,12,0.3472,False
17,ENSG00000164106,SCRG1,27.053621,2.8838952,3.4625761271566934e-161,2.9738582394951488e-158,0.6072,12,0.3472,False
17,ENSG00000198835,GJC2,26.930874,3.0424457,9.556040949116057e-160,7.924264577391134e-157,0.6072,12,0.3472,False
17,ENSG00000167552,TUBA1A,26.890783,2.6830611,2.814953682173792e-159,2.2564668716305113e-156,0.6072,12,0.3472,False
17,ENSG00000136274,NACAD,26.790241,2.69709,4.198382805902235e-158,3.2568616037528044e-155,0.6072,12,0.3472,False
17,ENSG00000130962,PRRG1,26.774208,2.7650623,6.45414913433525e-158,4.850293074452941e-155,0.6072,12,0.3472,False
17,ENSG00000129968,ABHD17A,26.755852,2.5959392,1.0556116474688906e-157,7.692529969191479e-155,0.6072,12,0.3472,False
17,ENSG00000105695,MAG,26.715292,2.6011302,3.1269035494350665e-157,2.211640486965132e-154,0.6072,12,0.3472,False
17,ENSG00000149557,FEZ1,26.636942,2.258397,2.5355887395178815e-156,1.7421668002264574e-153,0.6072,12,0.3472,False
17,ENSG00000066322,ELOVL1,26.610538,2.605422,5.126262540397175e-156,3.424343376985313e-153,0.6072,12,0.3472,False
17,ENSG00000126803,HSPA2,26.606852,2.6982317,5.655507921397468e-156,3.6757744457774684e-153,0.6072,12,0.3472,False
17,ENSG00000015592,STMN4,26.59257,2.6791844,8.27356710648374e-156,5.235861625703185e-153,0.6072,12,0.3472,False
17,ENSG00000123095,BHLHE41,26.58949,2.6454263,8.980335169217831e-156,5.537412824342318e-153,0.6072,12,0.3472,False
17,ENSG00000100399,CHADL,26.581457,2.564912,1.1121922348135908e-155,6.686499715699308e-153,0.6072,12,0.3472,False
17,ENSG00000170915,PAQR8,26.543001,2.4860914,3.093307445579466e-155,1.814337986616951e-152,0.6072,12,0.3472,False
17,ENSG00000167614,TTYH1,26.531984,2.520012,4.1455323190745044e-155,2.3736133621215165e-152,0.6072,12,0.3472,False
17,ENSG00000177807,KCNJ10,26.45821,2.4880815,2.9355060491550062e-154,1.6416988248855714e-151,0.6072,12,0.3472,False
17,ENSG00000196361,ELAVL3,26.378601,2.1866207,2.411927705433778e-153,1.3182281240970797e-150,0.6072,12,0.3472,False
17,ENSG00000166963,MAP1A,26.298635,2.4782333,1.9879259169620552e-152,1.0623476100245225e-149,0.6072,12,0.3472,False
17,ENSG00000021300,PLEKHB1,26.250008,2.5047817,7.14630428609685e-152,3.735963597218632e-149,0.6072,12,0.3472,False
17,ENSG00000046653,GPM6B,26.13051,1.630765,1.6414926075445683e-150,8.39885409068761e-148,0.6072,12,0.3472,False
17,ENSG00000130294,KIF1A,25.964027,2.2903693,1.2626789577475022e-148,6.326021578314986e-146,0.6072,12,0.3472,False
17,ENSG00000121653,MAPK8IP1,25.871626,2.3969386,1.3896956877505105e-147,6.820286101841689e-145,0.6072,12,0.3472,False
17,ENSG00000105290,APLP1,25.869982,2.5978513,1.4501476604598742e-147,6.974630187747811e-145,0.6072,12,0.3472,False
5,ENSG00000167641,PPP1R14A,56.085136,3.4914746,0.0,0.0,0.226,19,0.6259,True
5,ENSG00000143933,CALM2,55.736256,3.2553456,0.0,0.0,0.226,19,0.6259,True
5,ENSG00000075624,ACTB,54.901443,2.924712,0.0,0.0,0.226,19,0.6259,True
5,ENSG00000160307,S100B,53.15731,3.293157,0.0,0.0,0.226,19,0.6259,True
5,ENSG00000205542,TMSB4X,52.386,3.263277,0.0,0.0,0.226,19,0.6259,True
5,ENSG00000118785,SPP1,51.90919,2.78604,0.0,0.0,0.226,19,0.6259,True
5,ENSG00000189058,APOD,51.862022,3.030262,0.0,0.0,0.226,19,0.6259,True
5,ENSG00000080822,CLDND1,51.843174,2.5640254,0.0,0.0,0.226,19,0.6259,True
5,ENSG00000243449,NICOL1,51.728558,2.9547575,0.0,0.0,0.226,19,0.6259,True
5,ENSG00000107317,PTGDS,51.7173,2.9886484,0.0,0.0,0.226,19,0.6259,True
5,ENSG00000173786,CNP,49.8365,2.704267,0.0,0.0,0.226,19,0.6259,True
5,ENSG00000175130,MARCKSL1,49.787697,2.9335837,0.0,0.0,0.226,19,0.6259,True
5,ENSG00000123560,PLP1,49.507275,3.0306933,0.0,0.0,0.226,19,0.6259,True
5,ENSG00000115268,RPS15,49.220898,3.01829,0.0,0.0,0.226,19,0.6259,True
5,ENSG00000117632,STMN1,48.87545,2.6522994,0.0,0.0,0.226,19,0.6259,True
5,ENSG00000170315,UBB,48.774147,2.9968739,0.0,0.0,0.226,19,0.6259,True
5,ENSG00000142541,RPL13A,48.15389,3.0162747,0.0,0.0,0.226,19,0.6259,True
5,ENSG00000124172,ATP5F1E,47.847027,2.6612475,0.0,0.0,0.226,19,0.6259,True
5,ENSG00000111640,GAPDH,47.341373,2.7700024,0.0,0.0,0.226,19,0.6259,True
5,ENSG00000105290,APLP1,47.299156,2.4464014,0.0,0.0,0.226,19,0.6259,True
5,ENSG00000087086,FTL,47.181347,3.0870771,0.0,0.0,0.226,19,0.6259,True
5,ENSG00000250722,SELENOP,47.13598,2.6841753,0.0,0.0,0.226,19,0.6259,True
5,ENSG00000147403,RPL10,47.021442,2.9376593,0.0,0.0,0.226,19,0.6259,True
5,ENSG00000125534,PPDPF,46.778687,2.7418725,0.0,0.0,0.226,19,0.6259,True
5,ENSG00000122026,RPL21,46.61673,3.0113096,0.0,0.0,0.226,19,0.6259,True
5,ENSG00000109475,RPL34,46.610676,2.919422,0.0,0.0,0.226,19,0.6259,True
5,ENSG00000167996,FTH1,46.60751,3.2707603,0.0,0.0,0.226,19,0.6259,True
5,ENSG00000169020,ATP5ME,46.351814,2.6769536,0.0,0.0,0.226,19,0.6259,True
5,ENSG00000105254,TBCB,46.1776,2.3619657,0.0,0.0,0.226,19,0.6259,True
5,ENSG00000164587,RPS14,46.146408,2.8393185,0.0,0.0,0.226,19,0.6259,True
5,ENSG00000229117,RPL41,46.0601,2.8638942,0.0,0.0,0.226,19,0.6259,True
5,ENSG00000214253,FIS1,46.050854,2.4479227,0.0,0.0,0.226,19,0.6259,True
5,ENSG00000233927,RPS28,45.610058,2.799213,0.0,0.0,0.226,19,0.6259,True
5,ENSG00000197971,MBP,45.33985,1.8470836,0.0,0.0,0.226,19,0.6259,True
5,ENSG00000167526,RPL13,45.304108,2.643729,0.0,0.0,0.226,19,0.6259,True
5,ENSG00000187514,PTMA,45.277092,2.768964,0.0,0.0,0.226,19,0.6259,True
5,ENSG00000135940,COX5B,45.205902,2.4708652,0.0,0.0,0.226,19,0.6259,True
5,ENSG00000144713,RPL32,45.16132,2.8070402,0.0,0.0,0.226,19,0.6259,True
5,ENSG00000108107,RPL28,45.079464,2.6626992,0.0,0.0,0.226,19,0.6259,True
5,ENSG00000143947,RPS27A,44.98747,2.799271,0.0,0.0,0.226,19,0.6259,True
5,ENSG00000105372,RPS19,44.909374,2.6545534,0.0,0.0,0.226,19,0.6259,True
5,ENSG00000170889,RPS9,44.769814,2.6551402,0.0,0.0,0.226,19,0.6259,True
5,ENSG00000109846,CRYAB,44.753757,3.2571023,0.0,0.0,0.226,19,0.6259,True
5,ENSG00000117691,NENF,44.747288,2.4027066,0.0,0.0,0.226,19,0.6259,True
5,ENSG00000108298,RPL19,44.424866,2.7584941,0.0,0.0,0.226,19,0.6259,True
5,ENSG00000137818,RPLP1,44.326084,2.7272613,0.0,0.0,0.226,19,0.6259,True
5,ENSG00000112306,RPS12,44.190712,2.793893,0.0,0.0,0.226,19,0.6259,True
5,ENSG00000149557,FEZ1,44.12216,1.9828339,0.0,0.0,0.226,19,0.6259,True
5,ENSG00000177954,RPS27,43.928036,2.852746,0.0,0.0,0.226,19,0.6259,True
5,ENSG00000240972,MIF,43.809338,2.8351514,0.0,0.0,0.226,19,0.6259,True
0,ENSG00000173786,CNP,74.36396,3.1979651,0.0,0.0,0.4029,19,0.5772,True
0,ENSG00000170315,UBB,70.84345,3.5299673,0.0,0.0,0.4029,19,0.5772,True
0,ENSG00000129538,RNASE1,68.77239,3.220633,0.0,0.0,0.4029,19,0.5772,True
0,ENSG00000107317,PTGDS,67.67029,3.131919,0.0,0.0,0.4029,19,0.5772,True
0,ENSG00000123560,PLP1,67.65514,3.2653582,0.0,0.0,0.4029,19,0.5772,True
0,ENSG00000189058,APOD,66.93589,3.138225,0.0,0.0,0.4029,19,0.5772,True
0,ENSG00000143933,CALM2,65.62039,3.1608114,0.0,0.0,0.4029,19,0.5772,True
0,ENSG00000187514,PTMA,65.46958,3.1278794,0.0,0.0,0.4029,19,0.5772,True
0,ENSG00000167641,PPP1R14A,65.07188,3.3116336,0.0,0.0,0.4029,19,0.5772,True
0,ENSG00000166925,TSC22D4,63.082375,2.7475362,0.0,0.0,0.4029,19,0.5772,True
0,ENSG00000105290,APLP1,61.612453,2.5591702,0.0,0.0,0.4029,19,0.5772,True
0,ENSG00000109846,CRYAB,60.935093,3.5235484,0.0,0.0,0.4029,19,0.5772,True
0,ENSG00000159176,CSRP1,60.80155,2.5936253,0.0,0.0,0.4029,19,0.5772,True
0,ENSG00000167996,FTH1,60.34067,3.3762197,0.0,0.0,0.4029,19,0.5772,True
0,ENSG00000159228,CBR1,60.029423,2.4993532,0.0,0.0,0.4029,19,0.5772,True
0,ENSG00000204389,HSPA1A,59.612854,3.4284868,0.0,0.0,0.4029,19,0.5772,True
0,ENSG00000108387,SEPTIN4,59.59847,2.421648,0.0,0.0,0.4029,19,0.5772,True
0,ENSG00000237949,LINC00844,59.58461,3.685998,0.0,0.0,0.4029,19,0.5772,True
0,ENSG00000198763,MT-ND2,58.792953,3.2419543,0.0,0.0,0.4029,19,0.5772,True
0,ENSG00000198888,MT-ND1,58.14104,3.174018,0.0,0.0,0.4029,19,0.5772,True
0,ENSG00000087086,FTL,58.108406,3.1130724,0.0,0.0,0.4029,19,0.5772,True
0,ENSG00000099194,SCD,57.024826,2.3960547,0.0,0.0,0.4029,19,0.5772,True
0,ENSG00000136541,ERMN,56.99848,2.5225496,0.0,0.0,0.4029,19,0.5772,True
0,ENSG00000220205,VAMP2,56.810688,2.4328334,0.0,0.0,0.4029,19,0.5772,True
0,ENSG00000102934,PLLP,56.55987,2.2015343,0.0,0.0,0.4029,19,0.5772,True
0,ENSG00000214253,FIS1,56.10907,2.402596,0.0,0.0,0.4029,19,0.5772,True
0,ENSG00000167552,TUBA1A,55.846214,2.3764412,0.0,0.0,0.4029,19,0.5772,True
0,ENSG00000104833,TUBB4A,55.378014,2.3959599,0.0,0.0,0.4029,19,0.5772,True
0,ENSG00000170345,FOS,55.268715,3.3230324,0.0,0.0,0.4029,19,0.5772,True
0,ENSG00000198886,MT-ND4,55.200535,2.9982934,0.0,0.0,0.4029,19,0.5772,True
0,ENSG00000080822,CLDND1,55.132328,2.2824817,0.0,0.0,0.4029,19,0.5772,True
0,ENSG00000136717,BIN1,55.05886,2.017218,0.0,0.0,0.4029,19,0.5772,True
0,ENSG00000163041,H3-3A,55.043446,2.441639,0.0,0.0,0.4029,19,0.5772,True
0,ENSG00000156508,EEF1A1,55.032394,2.5443244,0.0,0.0,0.4029,19,0.5772,True
0,ENSG00000102760,RGCC,54.843987,2.6025517,0.0,0.0,0.4029,19,0.5772,True
0,ENSG00000198712,MT-CO2,54.736794,2.9260433,0.0,0.0,0.4029,19,0.5772,True
0,ENSG00000010278,CD9,54.518612,2.4111335,0.0,0.0,0.4029,19,0.5772,True
0,ENSG00000126803,HSPA2,54.316936,2.4513576,0.0,0.0,0.4029,19,0.5772,True
0,ENSG00000172005,MAL,54.302456,2.3510225,0.0,0.0,0.4029,19,0.5772,True
0,ENSG00000165175,MID1IP1,54.194786,2.8274925,0.0,0.0,0.4029,19,0.5772,True
0,ENSG00000151552,QDPR,54.159164,2.204209,0.0,0.0,0.4029,19,0.5772,True
0,ENSG00000155368,DBI,54.052628,2.3868365,0.0,0.0,0.4029,19,0.5772,True
0,ENSG00000105695,MAG,53.86757,2.2272646,0.0,0.0,0.4029,19,0.5772,True
0,ENSG00000149557,FEZ1,53.85342,1.9507072,0.0,0.0,0.4029,19,0.5772,True
0,ENSG00000198804,MT-CO1,53.611862,2.9246075,0.0,0.0,0.4029,19,0.5772,True
0,ENSG00000176485,PLAAT3,53.60744,2.02231,0.0,0.0,0.4029,19,0.5772,True
0,ENSG00000169020,ATP5ME,53.44093,2.4546785,0.0,0.0,0.4029,19,0.5772,True
0,ENSG00000126860,EVI2A,53.438248,2.5404227,0.0,0.0,0.4029,19,0.5772,True
0,ENSG00000089220,PEBP1,53.374767,2.268118,0.0,0.0,0.4029,19,0.5772,True
0,ENSG00000142541,RPL13A,53.264793,2.7376037,0.0,0.0,0.4029,19,0.5772,True
9,ENSG00000115310,RTN4,48.941746,2.0755405,0.0,0.0,0.8791,5,0.1446,False
9,ENSG00000169504,CLIC4,45.91945,3.0980644,0.0,0.0,0.8791,5,0.1446,False
9,ENSG00000166086,JAM3,45.726562,2.901634,0.0,0.0,0.8791,5,0.1446,False
9,ENSG00000178053,MLF1,44.86642,4.169368,0.0,0.0,0.8791,5,0.1446,False
9,ENSG00000125740,FOSB,44.68995,3.7529697,0.0,0.0,0.8791,5,0.1446,False
9,ENSG00000086061,DNAJA1,44.67707,3.05906,0.0,0.0,0.8791,5,0.1446,False
9,ENSG00000099860,GADD45B,44.675835,3.7292495,0.0,0.0,0.8791,5,0.1446,False
9,ENSG00000008405,CRY1,44.542103,4.0410776,0.0,0.0,0.8791,5,0.1446,False
9,ENSG00000164924,YWHAZ,44.370815,2.6379972,0.0,0.0,0.8791,5,0.1446,False
9,ENSG00000122042,UBL3,43.112434,2.610314,0.0,0.0,0.8791,5,0.1446,False
9,ENSG00000163660,CCNL1,43.106464,2.7694468,0.0,0.0,0.8791,5,0.1446,False
9,ENSG00000159388,BTG2,43.08464,3.365956,0.0,0.0,0.8791,5,0.1446,False
9,ENSG00000096384,HSP90AB1,42.70895,2.7448473,0.0,0.0,0.8791,5,0.1446,False
9,ENSG00000171223,JUNB,42.573994,3.316423,0.0,0.0,0.8791,5,0.1446,False
9,ENSG00000105835,NAMPT,42.348106,3.2850814,0.0,0.0,0.8791,5,0.1446,False
9,ENSG00000054267,ARID4B,42.2997,2.1977859,0.0,0.0,0.8791,5,0.1446,False
9,ENSG00000166233,ARIH1,42.05673,2.7550569,0.0,0.0,0.8791,5,0.1446,False
9,ENSG00000080824,HSP90AA1,41.899223,2.5005271,0.0,0.0,0.8791,5,0.1446,False
9,ENSG00000087074,PPP1R15A,41.885307,3.1490633,0.0,0.0,0.8791,5,0.1446,False
9,ENSG00000185022,MAFF,40.791527,3.3095512,0.0,0.0,0.8791,5,0.1446,False
9,ENSG00000132002,DNAJB1,40.43428,2.97491,0.0,0.0,0.8791,5,0.1446,False
9,ENSG00000161011,SQSTM1,40.22548,2.4933045,0.0,0.0,0.8791,5,0.1446,False
9,ENSG00000111266,DUSP16,39.989765,2.9717672,0.0,0.0,0.8791,5,0.1446,False
9,ENSG00000160888,IER2,39.878353,3.1079268,0.0,0.0,0.8791,5,0.1446,False
9,ENSG00000121101,TEX14,39.41196,4.916005,0.0,0.0,0.8791,5,0.1446,False
9,ENSG00000072364,AFF4,39.282845,2.2181208,0.0,0.0,0.8791,5,0.1446,False
9,ENSG00000109846,CRYAB,38.9297,3.5889797,0.0,0.0,0.8791,5,0.1446,False
9,ENSG00000104765,BNIP3L,38.3197,2.3382318,0.0,0.0,0.8791,5,0.1446,False
9,ENSG00000006652,IFRD1,37.96745,2.6993163,0.0,0.0,0.8791,5,0.1446,False
9,ENSG00000146278,PNRC1,37.953075,2.505891,0.0,0.0,0.8791,5,0.1446,False
9,ENSG00000115053,NCL,37.779922,2.4143827,0.0,0.0,0.8791,5,0.1446,False
9,ENSG00000160789,LMNA,37.77584,2.383924,0.0,0.0,0.8791,5,0.1446,False
9,ENSG00000126524,SBDS,37.57839,2.4421413,4.846632650683263e-309,3.427994764224444e-306,0.8791,5,0.1446,False
9,ENSG00000184557,SOCS3,37.501015,2.6502392,8.866816280867029e-308,6.092262797779722e-305,0.8791,5,0.1446,False
9,ENSG00000125347,IRF1,37.405243,2.7735107,3.2111318273257557e-306,2.145036060653605e-303,0.8791,5,0.1446,False
9,ENSG00000215301,DDX3X,37.180275,2.270886,1.4219233785136205e-302,9.241733353106904e-300,0.8791,5,0.1446,False
9,ENSG00000153113,CAST,37.16635,2.3295581,2.386848081707651e-302,1.5104979649711998e-299,0.8791,5,0.1446,False
9,ENSG00000100664,EIF5,37.063305,2.2719393,1.0964471543669667e-300,6.760861838004312e-298,0.8791,5,0.1446,False
9,ENSG00000160584,SIK3,37.040134,2.2588098,2.589047637175388e-300,1.556535439469843e-297,0.8791,5,0.1446,False
9,ENSG00000169902,TPST1,36.93257,2.621512,1.387249621008878e-298,8.13672655756622e-296,0.8791,5,0.1446,False
9,ENSG00000115875,SRSF7,36.896114,2.4084997,5.334066841299806e-298,3.0541342714185175e-295,0.8791,5,0.1446,False
9,ENSG00000120694,HSPH1,36.826313,2.8623405,7.003535410495206e-297,3.916767896548575e-294,0.8791,5,0.1446,False
9,ENSG00000165029,ABCA1,36.680443,2.6053636,1.4974638842131094e-294,8.184320792626558e-292,0.8791,5,0.1446,False
9,ENSG00000140941,MAP1LC3B,36.671997,2.342711,2.0418343878432337e-294,1.0911562968634242e-291,0.8791,5,0.1446,False
9,ENSG00000116731,PRDM2,36.653114,2.3114488,4.0821928480454865e-294,2.1340994262999537e-291,0.8791,5,0.1446,False
9,ENSG00000075785,RAB7A,36.592396,1.9964522,3.778756008074381e-293,1.9334366911100582e-290,0.8791,5,0.1446,False
9,ENSG00000167552,TUBA1A,36.578835,2.468665,6.208493854399656e-293,3.1104554210542284e-290,0.8791,5,0.1446,False
9,ENSG00000198668,CALM1,36.547062,2.2451203,1.9853824307711572e-292,9.743770754119345e-290,0.8791,5,0.1446,False
9,ENSG00000157483,MYO1E,36.35659,2.5082066,2.067584743588201e-289,9.944255582761811e-287,0.8791,5,0.1446,False
9,ENSG00000136826,KLF4,36.1359,3.8470073,6.195708349005669e-286,2.92145871327232e-283,0.8791,5,0.1446,False
11,ENSG00000137941,TTLL7,31.138603,1.6613388,7.235983047396238e-213,1.740109203237847e-208,0.1876,18,0.5976,True
11,ENSG00000187164,SHTN1,28.4552,1.5392168,4.202113271488174e-178,5.05262099763738e-174,0.1876,18,0.5976,True
11,ENSG00000155886,SLC24A2,27.61492,1.715013,7.36663430288773e-168,5.9050940571948046e-164,0.1876,18,0.5976,True
11,ENSG00000167123,CERCAM,27.55911,1.847405,3.441776783977079e-167,2.06919620252702e-163,0.1876,18,0.5976,True
11,ENSG00000151150,ANK3,26.374271,1.6117741,2.704184085318223e-153,1.3006043776746521e-149,0.1876,18,0.5976,True
11,ENSG00000154678,PDE1C,26.031855,1.7882234,2.1595183535402425e-149,8.655349560989293e-146,0.1876,18,0.5976,True
11,ENSG00000183230,CTNNA3,25.51128,2.228203,1.4777432242385006e-143,5.076681293783923e-140,0.1876,18,0.5976,True
11,ENSG00000168314,MOBP,25.24768,1.7981194,1.2009574296439213e-140,3.6100780335096274e-137,0.1876,18,0.5976,True
11,ENSG00000054690,PLEKHH1,24.872486,1.4798442,1.4771843815191107e-136,3.947036667419063e-133,0.1876,18,0.5976,True
11,ENSG00000112531,QKI,24.838205,1.1514674,3.4678652907814534e-136,8.33952245127124e-133,0.1876,18,0.5976,True
11,ENSG00000184226,PCDH9,24.694286,1.3815002,1.2318411520295528e-134,2.6930287294551535e-131,0.1876,18,0.5976,True
11,ENSG00000147488,ST18,24.40035,1.9329783,1.6955616924833067e-131,3.3979056317365467e-128,0.1876,18,0.5976,True
11,ENSG00000112893,MAN2A1,24.34262,1.7435596,6.94020471475712e-131,1.28383109984984e-127,0.1876,18,0.5976,True
11,ENSG00000070214,SLC44A1,24.306156,1.1001463,1.6875182325939268e-130,2.8986741755299104e-127,0.1876,18,0.5976,True
11,ENSG00000146122,DAAM2,23.777744,1.6739194,5.676134994047248e-125,9.099979622456549e-122,0.1876,18,0.5976,True
11,ENSG00000164124,TMEM144,23.760368,1.3869474,8.585057496689755e-125,1.29033414175247e-121,0.1876,18,0.5976,True
11,ENSG00000047365,ARAP2,23.633465,1.4707882,1.7461060827680478e-123,2.4700211222591774e-120,0.1876,18,0.5976,True
11,ENSG00000169306,IL1RAPL1,23.597042,1.7606688,4.133263639206829e-123,5.522040221980323e-120,0.1876,18,0.5976,True
11,ENSG00000182168,UNC5C,23.500954,1.9460878,3.988202405282889e-122,5.047804812749627e-119,0.1876,18,0.5976,True
11,ENSG00000163539,CLASP2,23.427357,1.1824968,2.2496501292625677e-121,2.704979315425312e-118,0.1876,18,0.5976,True
11,ENSG00000149571,KIRREL3,23.379595,2.0832362,6.893620484360193e-121,7.8941802575187575e-118,0.1876,18,0.5976,True
11,ENSG00000154027,AK5,23.36966,1.6093067,8.699569914098457e-121,9.509420786101804e-118,0.1876,18,0.5976,True
11,ENSG00000075539,FRYL,23.20852,1.3773355,3.734939517134648e-119,3.9051228481762624e-116,0.1876,18,0.5976,True
11,ENSG00000198597,ZNF536,22.957188,1.5678893,1.2489748294410642e-116,1.2514727790999464e-113,0.1876,18,0.5976,True
11,ENSG00000188153,COL4A5,22.870192,1.69827,9.20297311447294e-116,8.85252389827381e-113,0.1876,18,0.5976,True
11,ENSG00000188580,NKAIN2,22.847908,1.8914505,1.5331101650803248e-115,1.4180089711481407e-112,0.1876,18,0.5976,True
11,ENSG00000153707,PTPRD,22.499317,1.3703045,4.215078407391202e-112,3.7542298348497643e-109,0.1876,18,0.5976,True
11,ENSG00000183960,KCNH8,22.406834,1.771509,3.3760520488699726e-111,2.899546416829468e-108,0.1876,18,0.5976,True
11,ENSG00000146592,CREB5,22.331966,1.376158,1.807915187862665e-110,1.4991980840593576e-107,0.1876,18,0.5976,True
11,ENSG00000187147,RNF220,22.310667,1.8532178,2.911264114426683e-110,2.3336693141244284e-107,0.1876,18,0.5976,True
11,ENSG00000164176,EDIL3,22.309185,1.1509825,3.009258672726796e-110,2.3344081471527095e-107,0.1876,18,0.5976,True
11,ENSG00000084453,SLCO1A2,22.301235,1.6964298,3.594366144665669e-110,2.7011661577162505e-107,0.1876,18,0.5976,True
11,ENSG00000198121,LPAR1,22.286695,1.5917933,4.97374365869105e-110,3.6245026516424955e-107,0.1876,18,0.5976,True
11,ENSG00000150867,PIP4K2A,22.089874,1.1159908,3.954878347697e-108,2.7972621913358076e-105,0.1876,18,0.5976,True
11,ENSG00000229989,MIR181A1HG,22.02734,1.645595,1.5756049165242284e-107,1.0825756295021328e-104,0.1876,18,0.5976,True
11,ENSG00000155849,ELMO1,21.999975,1.5235897,2.881301983200897e-107,1.924709724778199e-104,0.1876,18,0.5976,True
11,ENSG00000253877,LINC01608,21.973671,2.187466,5.14387241505521e-107,3.3432390226283155e-104,0.1876,18,0.5976,True
11,ENSG00000120594,PLXDC2,21.961746,1.7582444,6.687904558339397e-107,4.2323876004985744e-104,0.1876,18,0.5976,True
11,ENSG00000169554,ZEB2,21.900888,1.1434035,2.547669308106339e-106,1.570932090290801e-103,0.1876,18,0.5976,True
11,ENSG00000147459,DOCK5,21.808159,1.4922812,1.9413544030146488e-105,1.1671422670924068e-102,0.1876,18,0.5976,True
11,ENSG00000109654,TRIM2,21.695486,1.4085232,2.2631720661700742e-104,1.3274332157867789e-101,0.1876,18,0.5976,True
11,ENSG00000114757,PEX5L,21.645002,1.3448706,6.773961793572976e-104,3.878576981234355e-101,0.1876,18,0.5976,True
11,ENSG00000196104,SPOCK3,21.579607,1.2576373,2.792352554357915e-103,1.5616394006325382e-100,0.1876,18,0.5976,True
11,ENSG00000135905,DOCK10,21.440334,1.4364214,5.620927357156795e-102,3.072092297384241e-99,0.1876,18,0.5976,True
11,ENSG00000149294,NCAM1,21.385693,0.9419467,1.8156927697000716e-101,9.703062161277182e-99,0.1876,18,0.5976,True
11,ENSG00000154654,NCAM2,21.364235,1.5565667,2.8752302026345965e-101,1.503120345933843e-98,0.1876,18,0.5976,True
11,ENSG00000144339,TMEFF2,21.232973,1.474481,4.736998134592839e-100,2.4237304498018847e-97,0.1876,18,0.5976,True
11,ENSG00000123684,LPGAT1,21.027557,1.360032,3.6706603477121295e-98,1.8390008342037768e-95,0.1876,18,0.5976,True
11,ENSG00000164161,HHIP,21.016289,1.5017611,4.6543650742156594e-98,2.2842483939742487e-95,0.1876,18,0.5976,True
11,ENSG00000109458,GAB1,20.927147,1.4183823,3.0310975321151377e-97,1.4578366690460967e-94,0.1876,18,0.5976,True
1,ENSG00000183230,CTNNA3,68.08242,3.6639872,0.0,0.0,0.1983,17,0.5642,True
1,ENSG00000169306,IL1RAPL1,65.91505,3.2104678,0.0,0.0,0.1983,17,0.5642,True
1,ENSG00000188580,NKAIN2,63.97138,3.2254405,0.0,0.0,0.1983,17,0.5642,True
1,ENSG00000184226,PCDH9,63.3816,2.2057421,0.0,0.0,0.1983,17,0.5642,True
1,ENSG00000182168,UNC5C,63.29774,3.163656,0.0,0.0,0.1983,17,0.5642,True
1,ENSG00000112893,MAN2A1,63.14873,2.7521694,0.0,0.0,0.1983,17,0.5642,True
1,ENSG00000155886,SLC24A2,61.589577,2.3411713,0.0,0.0,0.1983,17,0.5642,True
1,ENSG00000147488,ST18,61.56647,2.9598856,0.0,0.0,0.1983,17,0.5642,True
1,ENSG00000137941,TTLL7,61.45697,2.040533,0.0,0.0,0.1983,17,0.5642,True
1,ENSG00000154654,NCAM2,60.10905,2.6814902,0.0,0.0,0.1983,17,0.5642,True
1,ENSG00000187391,MAGI2,59.910385,2.5691638,0.0,0.0,0.1983,17,0.5642,True
1,ENSG00000135905,DOCK10,59.56755,2.387364,0.0,0.0,0.1983,17,0.5642,True
1,ENSG00000075539,FRYL,58.013084,2.1075413,0.0,0.0,0.1983,17,0.5642,True
1,ENSG00000187164,SHTN1,57.92386,1.9057009,0.0,0.0,0.1983,17,0.5642,True
1,ENSG00000140262,TCF12,57.893223,2.2870376,0.0,0.0,0.1983,17,0.5642,True
1,ENSG00000150672,DLG2,56.9586,2.4655435,0.0,0.0,0.1983,17,0.5642,True
1,ENSG00000153707,PTPRD,56.721252,2.1303616,0.0,0.0,0.1983,17,0.5642,True
1,ENSG00000145416,MARCHF1,56.403194,2.3805,0.0,0.0,0.1983,17,0.5642,True
1,ENSG00000188153,COL4A5,56.157898,2.563164,0.0,0.0,0.1983,17,0.5642,True
1,ENSG00000196104,SPOCK3,55.77873,1.966736,0.0,0.0,0.1983,17,0.5642,True
1,ENSG00000081913,PHLPP1,55.49744,2.3102233,0.0,0.0,0.1983,17,0.5642,True
1,ENSG00000163539,CLASP2,55.330437,1.7246741,0.0,0.0,0.1983,17,0.5642,True
1,ENSG00000135525,MAP7,55.26302,1.8755237,0.0,0.0,0.1983,17,0.5642,True
1,ENSG00000151150,ANK3,55.20406,2.0639117,0.0,0.0,0.1983,17,0.5642,True
1,ENSG00000149571,KIRREL3,55.057644,2.8882546,0.0,0.0,0.1983,17,0.5642,True
1,ENSG00000229989,MIR181A1HG,54.94456,2.4511368,0.0,0.0,0.1983,17,0.5642,True
1,ENSG00000152894,PTPRK,54.708054,2.3855727,0.0,0.0,0.1983,17,0.5642,True
1,ENSG00000187147,RNF220,54.695385,2.7975795,0.0,0.0,0.1983,17,0.5642,True
1,ENSG00000047365,ARAP2,54.309578,2.0543878,0.0,0.0,0.1983,17,0.5642,True
1,ENSG00000070214,SLC44A1,54.302616,1.4920354,0.0,0.0,0.1983,17,0.5642,True
1,ENSG00000156475,PPP2R2B,54.212185,2.4585123,0.0,0.0,0.1983,17,0.5642,True
1,ENSG00000154027,AK5,53.79576,2.2426639,0.0,0.0,0.1983,17,0.5642,True
1,ENSG00000114757,PEX5L,53.420628,2.0277352,0.0,0.0,0.1983,17,0.5642,True
1,ENSG00000184005,ST6GALNAC3,52.954845,2.6325555,0.0,0.0,0.1983,17,0.5642,True
1,ENSG00000112531,QKI,52.799435,1.4814768,0.0,0.0,0.1983,17,0.5642,True
1,ENSG00000124406,ATP8A1,52.7788,1.8670129,0.0,0.0,0.1983,17,0.5642,True
1,ENSG00000154678,PDE1C,52.28983,2.1922884,0.0,0.0,0.1983,17,0.5642,True
1,ENSG00000155849,ELMO1,52.17406,2.243642,0.0,0.0,0.1983,17,0.5642,True
1,ENSG00000033170,FUT8,51.838467,1.9671491,0.0,0.0,0.1983,17,0.5642,True
1,ENSG00000154493,C10orf90,51.643383,2.3278105,0.0,0.0,0.1983,17,0.5642,True
1,ENSG00000183960,KCNH8,51.554882,2.4300504,0.0,0.0,0.1983,17,0.5642,True
1,ENSG00000075711,DLG1,51.332043,1.8481232,0.0,0.0,0.1983,17,0.5642,True
1,ENSG00000181722,ZBTB20,51.32614,1.8657688,0.0,0.0,0.1983,17,0.5642,True
1,ENSG00000150867,PIP4K2A,50.841263,1.5950795,0.0,0.0,0.1983,17,0.5642,True
1,ENSG00000171877,FRMD5,50.749596,2.3150496,0.0,0.0,0.1983,17,0.5642,True
1,ENSG00000253877,LINC01608,50.62475,3.018559,0.0,0.0,0.1983,17,0.5642,True
1,ENSG00000179104,TMTC2,50.576763,2.422652,0.0,0.0,0.1983,17,0.5642,True
1,ENSG00000186231,KLHL32,50.12714,2.1251798,0.0,0.0,0.1983,17,0.5642,True
1,ENSG00000259070,LINC00639,49.957508,2.5905106,0.0,0.0,0.1983,17,0.5642,True
1,ENSG00000109458,GAB1,49.928837,2.0365486,0.0,0.0,0.1983,17,0.5642,True
7,ENSG00000132475,H3-3B,52.554276,3.1367066,0.0,0.0,0.1793,26,0.7072,True
7,ENSG00000173812,EIF1,50.935123,3.2162716,0.0,0.0,0.1793,26,0.7072,True
7,ENSG00000166710,B2M,50.522636,3.6105876,0.0,0.0,0.1793,26,0.7072,True
7,ENSG00000125148,MT2A,49.038174,3.67703,0.0,0.0,0.1793,26,0.7072,True
7,ENSG00000135404,CD63,47.25814,2.943026,0.0,0.0,0.1793,26,0.7072,True
7,ENSG00000156508,EEF1A1,46.362984,2.8827648,0.0,0.0,0.1793,26,0.7072,True
7,ENSG00000167996,FTH1,45.98443,3.5501075,0.0,0.0,0.1793,26,0.7072,True
7,ENSG00000197746,PSAP,45.905148,2.2120948,0.0,0.0,0.1793,26,0.7072,True
7,ENSG00000204525,HLA-C,44.12771,2.808153,0.0,0.0,0.1793,26,0.7072,True
7,ENSG00000111640,GAPDH,44.110188,3.019025,0.0,0.0,0.1793,26,0.7072,True
7,ENSG00000034510,TMSB10,43.9644,3.1164474,0.0,0.0,0.1793,26,0.7072,True
7,ENSG00000135821,GLUL,43.647568,2.8389225,0.0,0.0,0.1793,26,0.7072,True
7,ENSG00000184009,ACTG1,43.178963,2.5603428,0.0,0.0,0.1793,26,0.7072,True
7,ENSG00000100316,RPL3,43.12467,2.992165,0.0,0.0,0.1793,26,0.7072,True
7,ENSG00000206503,HLA-A,43.03937,2.5319433,0.0,0.0,0.1793,26,0.7072,True
7,ENSG00000149806,FAU,42.572094,2.5775604,0.0,0.0,0.1793,26,0.7072,True
7,ENSG00000087086,FTL,42.20465,3.1950788,0.0,0.0,0.1793,26,0.7072,True
7,ENSG00000150991,UBC,41.979042,2.560376,0.0,0.0,0.1793,26,0.7072,True
7,ENSG00000120885,CLU,41.740356,2.5542076,0.0,0.0,0.1793,26,0.7072,True
7,ENSG00000010278,CD9,41.68819,2.5663226,0.0,0.0,0.1793,26,0.7072,True
7,ENSG00000147403,RPL10,41.643898,2.95513,0.0,0.0,0.1793,26,0.7072,True
7,ENSG00000197956,S100A6,41.492947,3.5147266,0.0,0.0,0.1793,26,0.7072,True
7,ENSG00000177954,RPS27,41.459442,3.0545669,0.0,0.0,0.1793,26,0.7072,True
7,ENSG00000187514,PTMA,41.285496,2.830997,0.0,0.0,0.1793,26,0.7072,True
7,ENSG00000133112,TPT1,41.269676,2.564407,0.0,0.0,0.1793,26,0.7072,True
7,ENSG00000174748,RPL15,41.217186,2.8062303,0.0,0.0,0.1793,26,0.7072,True
7,ENSG00000143947,RPS27A,40.783714,2.8559468,0.0,0.0,0.1793,26,0.7072,True
7,ENSG00000140988,RPS2,40.767395,2.8070416,0.0,0.0,0.1793,26,0.7072,True
7,ENSG00000198763,MT-ND2,40.677307,3.0936546,0.0,0.0,0.1793,26,0.7072,True
7,ENSG00000164587,RPS14,40.426083,2.7959285,0.0,0.0,0.1793,26,0.7072,True
7,ENSG00000137818,RPLP1,40.39081,2.787868,0.0,0.0,0.1793,26,0.7072,True
7,ENSG00000137154,RPS6,40.279663,2.8107412,0.0,0.0,0.1793,26,0.7072,True
7,ENSG00000122026,RPL21,40.164024,2.9329865,0.0,0.0,0.1793,26,0.7072,True
7,ENSG00000198712,MT-CO2,40.134872,2.999985,0.0,0.0,0.1793,26,0.7072,True
7,ENSG00000204628,RACK1,39.911438,2.3911104,0.0,0.0,0.1793,26,0.7072,True
7,ENSG00000074800,ENO1,39.89054,2.5651276,0.0,0.0,0.1793,26,0.7072,True
7,ENSG00000161970,RPL26,39.848373,2.9364033,0.0,0.0,0.1793,26,0.7072,True
7,ENSG00000147604,RPL7,39.84636,2.790251,0.0,0.0,0.1793,26,0.7072,True
7,ENSG00000198727,MT-CYB,39.66915,2.8743255,0.0,0.0,0.1793,26,0.7072,True
7,ENSG00000108298,RPL19,39.66877,2.7478366,0.0,0.0,0.1793,26,0.7072,True
7,ENSG00000161016,RPL8,39.554783,2.6238172,0.0,0.0,0.1793,26,0.7072,True
7,ENSG00000142676,RPL11,39.52004,2.6731408,0.0,0.0,0.1793,26,0.7072,True
7,ENSG00000186468,RPS23,39.48573,2.7402415,0.0,0.0,0.1793,26,0.7072,True
7,ENSG00000142937,RPS8,39.414734,2.6941602,0.0,0.0,0.1793,26,0.7072,True
7,ENSG00000196531,NACA,39.398357,2.2879255,0.0,0.0,0.1793,26,0.7072,True
7,ENSG00000198886,MT-ND4,39.39192,2.984976,0.0,0.0,0.1793,26,0.7072,True
7,ENSG00000145425,RPS3A,39.354603,2.742523,0.0,0.0,0.1793,26,0.7072,True
7,ENSG00000198804,MT-CO1,39.335598,3.009961,0.0,0.0,0.1793,26,0.7072,True
7,ENSG00000163682,RPL9,39.167732,2.7572849,0.0,0.0,0.1793,26,0.7072,True
7,ENSG00000156482,RPL30,39.024323,2.6260424,0.0,0.0,0.1793,26,0.7072,True
2,ENSG00000135404,CD63,62.9998,3.147801,0.0,0.0,0.25,13,0.5666,True
2,ENSG00000120885,CLU,59.508976,3.0028863,0.0,0.0,0.25,13,0.5666,True
2,ENSG00000160307,S100B,59.456043,3.344518,0.0,0.0,0.25,13,0.5666,True
2,ENSG00000108518,PFN1,59.273052,2.9592202,0.0,0.0,0.25,13,0.5666,True
2,ENSG00000250722,SELENOP,58.96822,2.986984,0.0,0.0,0.25,13,0.5666,True
2,ENSG00000111640,GAPDH,58.651546,3.1104267,0.0,0.0,0.25,13,0.5666,True
2,ENSG00000184009,ACTG1,58.5835,2.7376163,0.0,0.0,0.25,13,0.5666,True
2,ENSG00000148180,GSN,58.472725,2.2681668,0.0,0.0,0.25,13,0.5666,True
2,ENSG00000205542,TMSB4X,58.45168,3.359402,0.0,0.0,0.25,13,0.5666,True
2,ENSG00000167755,KLK6,58.065754,2.8799095,0.0,0.0,0.25,13,0.5666,True
2,ENSG00000124172,ATP5F1E,57.786762,2.8761945,0.0,0.0,0.25,13,0.5666,True
2,ENSG00000166710,B2M,57.360336,3.3449337,0.0,0.0,0.25,13,0.5666,True
2,ENSG00000240972,MIF,57.34917,3.2276964,0.0,0.0,0.25,13,0.5666,True
2,ENSG00000243449,NICOL1,56.90381,2.8948467,0.0,0.0,0.25,13,0.5666,True
2,ENSG00000108679,LGALS3BP,55.96446,2.5862534,0.0,0.0,0.25,13,0.5666,True
2,ENSG00000172757,CFL1,55.87957,2.6709132,0.0,0.0,0.25,13,0.5666,True
2,ENSG00000075624,ACTB,55.832176,2.7584877,0.0,0.0,0.25,13,0.5666,True
2,ENSG00000064300,NGFR,55.54366,3.799749,0.0,0.0,0.25,13,0.5666,True
2,ENSG00000034510,TMSB10,55.114124,2.911305,0.0,0.0,0.25,13,0.5666,True
2,ENSG00000206503,HLA-A,55.076786,2.5717576,0.0,0.0,0.25,13,0.5666,True
2,ENSG00000135940,COX5B,55.003082,2.6692846,0.0,0.0,0.25,13,0.5666,True
2,ENSG00000117450,PRDX1,54.984344,2.6791863,0.0,0.0,0.25,13,0.5666,True
2,ENSG00000142669,SH3BGRL3,54.80333,2.7701325,0.0,0.0,0.25,13,0.5666,True
2,ENSG00000090266,NDUFB2,54.37156,2.5548391,0.0,0.0,0.25,13,0.5666,True
2,ENSG00000175130,MARCKSL1,53.817123,2.8595912,0.0,0.0,0.25,13,0.5666,True
2,ENSG00000105695,MAG,53.56905,2.4622731,0.0,0.0,0.25,13,0.5666,True
2,ENSG00000169020,ATP5ME,53.530678,2.648379,0.0,0.0,0.25,13,0.5666,True
2,ENSG00000230989,HSBP1,52.943336,2.481373,0.0,0.0,0.25,13,0.5666,True
2,ENSG00000162734,PEA15,52.743603,2.5614161,0.0,0.0,0.25,13,0.5666,True
2,ENSG00000125868,DSTN,52.65153,2.3619092,0.0,0.0,0.25,13,0.5666,True
2,ENSG00000136810,TXN,52.60796,2.6474624,0.0,0.0,0.25,13,0.5666,True
2,ENSG00000162704,ARPC5,52.51724,2.3158472,0.0,0.0,0.25,13,0.5666,True
2,ENSG00000204525,HLA-C,52.18009,2.571655,0.0,0.0,0.25,13,0.5666,True
2,ENSG00000167641,PPP1R14A,52.122364,3.0375865,0.0,0.0,0.25,13,0.5666,True
2,ENSG00000178980,SELENOW,51.916718,2.3829722,0.0,0.0,0.25,13,0.5666,True
2,ENSG00000010278,CD9,51.901974,2.5313923,0.0,0.0,0.25,13,0.5666,True
2,ENSG00000167468,GPX4,51.733936,2.5192518,0.0,0.0,0.25,13,0.5666,True
2,ENSG00000171867,PRNP,51.60714,2.239671,0.0,0.0,0.25,13,0.5666,True
2,ENSG00000088986,DYNLL1,51.49149,2.4507058,0.0,0.0,0.25,13,0.5666,True
2,ENSG00000123416,TUBA1B,51.41942,2.4273763,0.0,0.0,0.25,13,0.5666,True
2,ENSG00000127184,COX7C,51.353176,2.4371743,0.0,0.0,0.25,13,0.5666,True
2,ENSG00000177556,ATOX1,51.23958,2.3494484,0.0,0.0,0.25,13,0.5666,True
2,ENSG00000148826,NKX6-2,51.055286,2.4090605,0.0,0.0,0.25,13,0.5666,True
2,ENSG00000105290,APLP1,50.824547,2.4029915,0.0,0.0,0.25,13,0.5666,True
2,ENSG00000164919,COX6C,50.640633,2.3694804,0.0,0.0,0.25,13,0.5666,True
2,ENSG00000092841,MYL6,50.40387,2.3081007,0.0,0.0,0.25,13,0.5666,True
2,ENSG00000162545,CAMK2N1,50.289135,2.2740195,0.0,0.0,0.25,13,0.5666,True
2,ENSG00000198668,CALM1,50.11401,2.189169,0.0,0.0,0.25,13,0.5666,True
2,ENSG00000112695,COX7A2,49.627075,2.3675332,0.0,0.0,0.25,13,0.5666,True
2,ENSG00000189043,NDUFA4,49.451447,2.337105,0.0,0.0,0.25,13,0.5666,True
14,ENSG00000185565,LSAMP,45.345505,4.3935084,0.0,0.0,0.4198,6,0.3596,True
14,ENSG00000110693,SOX6,45.30278,5.812608,0.0,0.0,0.4198,6,0.3596,True
14,ENSG00000136205,TNS3,43.123257,7.106737,0.0,0.0,0.4198,6,0.3596,True
14,ENSG00000175161,CADM2,41.78501,3.7352347,0.0,0.0,0.4198,6,0.3596,True
14,ENSG00000171587,DSCAM,41.714226,5.7333393,0.0,0.0,0.4198,6,0.3596,True
14,ENSG00000148737,TCF7L2,41.699696,5.104891,0.0,0.0,0.4198,6,0.3596,True
14,ENSG00000010810,FYN,40.38781,3.7462118,0.0,0.0,0.4198,6,0.3596,True
14,ENSG00000187416,LHFPL3,39.038845,4.939341,0.0,0.0,0.4198,6,0.3596,True
14,ENSG00000227036,LINC00511,38.555542,3.9338253,0.0,0.0,0.4198,6,0.3596,True
14,ENSG00000198732,SMOC1,38.46335,4.4181004,0.0,0.0,0.4198,6,0.3596,True
14,ENSG00000134376,CRB1,38.27634,4.897367,0.0,0.0,0.4198,6,0.3596,True
14,ENSG00000114279,FGF12,37.998196,4.8526244,0.0,0.0,0.4198,6,0.3596,True
14,ENSG00000182621,PLCB1,37.96087,4.722396,0.0,0.0,0.4198,6,0.3596,True
14,ENSG00000078018,MAP2,37.91935,3.935831,0.0,0.0,0.4198,6,0.3596,True
14,ENSG00000132692,BCAN,37.84106,4.9595675,0.0,0.0,0.4198,6,0.3596,True
14,ENSG00000150471,ADGRL3,37.72181,3.551849,0.0,0.0,0.4198,6,0.3596,True
14,ENSG00000124766,SOX4,36.956596,5.1833973,5.707021608799633e-299,5.718435652017233e-296,0.4198,6,0.3596,True
14,ENSG00000038427,VCAN,36.5846,4.4562035,5.027294056877106e-293,4.8358546991912263e-290,0.4198,6,0.3596,True
14,ENSG00000151474,FRMD4A,36.198517,4.0051775,6.42413879376909e-287,5.721766285650338e-284,0.4198,6,0.3596,True
14,ENSG00000154928,EPHB1,36.084995,5.1769447,3.8997354129662605e-285,3.3493156146790228e-282,0.4198,6,0.3596,True
14,ENSG00000116147,TNR,35.75162,4.482403,6.24264326443001e-280,5.176658111138375e-277,0.4198,6,0.3596,True
14,ENSG00000150625,GPM6A,35.463135,3.7281845,1.8201451555670618e-275,1.3678390844086472e-272,0.4198,6,0.3596,True
14,ENSG00000152128,TMEM163,35.090572,5.509933,9.387444436898325e-270,6.6396842299567904e-267,0.4198,6,0.3596,True
14,ENSG00000139364,TMEM132B,34.69105,3.9491558,1.0748576536032957e-263,6.6277376548338615e-261,0.4198,6,0.3596,True
14,ENSG00000172985,SH3RF3,34.68562,5.490598,1.2980054045263499e-263,7.8036084920124155e-261,0.4198,6,0.3596,True
14,ENSG00000120251,GRIA2,34.561516,3.2278821,9.57070109688914e-262,5.479909999475953e-259,0.4198,6,0.3596,True
14,ENSG00000184384,MAML2,34.52005,3.112294,4.013067973073181e-261,2.244331595731718e-258,0.4198,6,0.3596,True
14,ENSG00000183715,OPCML,34.427933,4.658116,9.634131497476861e-260,5.2654907784391706e-257,0.4198,6,0.3596,True
14,ENSG00000164418,GRIK2,33.8825,4.0436544,1.2060862988915782e-251,6.042492357446807e-249,0.4198,6,0.3596,True
14,ENSG00000169760,NLGN1,33.502327,2.8996549,4.457964369389725e-246,2.1878597378588594e-243,0.4198,6,0.3596,True
14,ENSG00000106278,PTPRZ1,33.44003,3.2282927,3.593643630046658e-245,1.6945086669678827e-242,0.4198,6,0.3596,True
14,ENSG00000179915,NRXN1,33.165306,3.5239944,3.4077801276076745e-241,1.5759672405521032e-238,0.4198,6,0.3596,True
14,ENSG00000164619,BMPER,33.041687,5.687837,2.0478131341409885e-239,9.119594490707868e-237,0.4198,6,0.3596,True
14,ENSG00000038382,TRIO,32.340992,3.1278012,1.8571114565759972e-229,7.443302717956596e-227,0.4198,6,0.3596,True
14,ENSG00000144868,TMEM108,32.20309,4.515204,1.59757514678866e-227,6.298112644257983e-225,0.4198,6,0.3596,True
14,ENSG00000136267,DGKB,32.08478,4.459976,7.188880868717057e-226,2.7883581795307708e-223,0.4198,6,0.3596,True
14,ENSG00000111962,UST,31.521341,4.7710414,4.430829592354243e-218,1.5221798576704976e-215,0.4198,6,0.3596,True
14,ENSG00000170579,DLGAP1,30.914547,3.9268463,7.615391041926263e-210,2.4096700496874046e-207,0.4198,6,0.3596,True
14,ENSG00000151229,SLC2A13,30.639399,3.8401248,3.6584596329882624e-206,1.0997329656762716e-203,0.4198,6,0.3596,True
14,ENSG00000082684,SEMA5B,30.469788,5.916947,6.552119516926737e-204,1.913145342774024e-201,0.4198,6,0.3596,True
14,ENSG00000160007,ARHGAP35,30.469534,2.9930518,6.603088134158516e-204,1.913145342774024e-201,0.4198,6,0.3596,True
14,ENSG00000156103,MMP16,30.224964,3.605006,1.1131801581100161e-200,3.0078378024977148e-198,0.4198,6,0.3596,True
14,ENSG00000089041,P2RX7,29.667799,3.096331,1.9992686127941283e-193,5.169721677470237e-191,0.4198,6,0.3596,True
14,ENSG00000116117,PARD3B,29.614382,3.3699129,9.756366168829422e-193,2.4696957224001044e-190,0.4198,6,0.3596,True
14,ENSG00000167654,ATCAY,29.480679,4.8215866,5.093104108046949e-191,1.2758225790657608e-188,0.4198,6,0.3596,True
14,ENSG00000134532,SOX5,29.150572,3.242572,8.215596749113255e-187,1.9369477512027015e-184,0.4198,6,0.3596,True
14,ENSG00000171132,PRKCE,29.043211,3.214828,1.87471678774097e-185,4.334922049191812e-183,0.4198,6,0.3596,True
14,ENSG00000079482,OPHN1,28.846638,3.3497627,5.583708504939739e-183,1.2549254404372977e-180,0.4198,6,0.3596,True
14,ENSG00000187122,SLIT1,28.846285,5.03226,5.640898617941252e-183,1.2560400922615853e-180,0.4198,6,0.3596,True
14,ENSG00000152208,GRID2,28.675735,3.1706161,7.659297146476043e-181,1.6593763763824852e-178,0.4198,6,0.3596,True
6,ENSG00000112851,ERBIN,27.463484,1.3643078,4.7954524734930065e-166,1.153210410825598e-161,0.2107,18,0.6248,True
6,ENSG00000179104,TMTC2,26.524828,1.6890627,5.013606640584045e-155,6.028360624638255e-151,0.2107,18,0.6248,True
6,ENSG00000245532,NEAT1,26.366764,1.209516,3.2971837738053635e-153,2.643022513082379e-149,0.2107,18,0.6248,True
6,ENSG00000152894,PTPRK,23.971025,1.3993183,5.578374126514437e-127,3.35371852486048e-123,0.2107,18,0.6248,True
6,ENSG00000070214,SLC44A1,22.147408,0.8410081,1.1049861029415654e-108,5.3145411607077534e-105,0.2107,18,0.6248,True
6,ENSG00000147459,DOCK5,20.552238,1.170902,7.349584973363402e-94,2.945713657324051e-90,0.2107,18,0.6248,True
6,ENSG00000164741,DLC1,20.058697,1.2682424,1.6946566399746082e-89,5.094137859763672e-86,0.2107,18,0.6248,True
6,ENSG00000106772,PRUNE2,19.095695,0.9542085,2.741847278586871e-81,6.593594335545706e-78,0.2107,18,0.6248,True
6,ENSG00000118515,SGK1,18.750875,0.87278783,1.9042821562716815e-78,4.163107026729218e-75,0.2107,18,0.6248,True
6,ENSG00000160584,SIK3,18.689789,0.99825144,5.99499188987218e-78,1.2013963747303848e-74,0.2107,18,0.6248,True
6,ENSG00000135643,KCNMB4,18.677542,0.834895,7.5413276908461e-78,1.3950296023805154e-74,0.2107,18,0.6248,True
6,ENSG00000169306,IL1RAPL1,18.34928,1.3146653,3.345199989918746e-75,5.027835584847876e-72,0.2107,18,0.6248,True
6,ENSG00000197959,DNM3,17.536139,0.8719676,7.59132063408771e-69,1.014200436714118e-65,0.2107,18,0.6248,True
6,ENSG00000120658,ENOX1,17.511938,1.2132179,1.1617237570194295e-68,1.4703754162528024e-65,0.2107,18,0.6248,True
6,ENSG00000155849,ELMO1,17.362696,1.0159914,1.5812388414987804e-67,1.9012815830181336e-64,0.2107,18,0.6248,True
6,ENSG00000171877,FRMD5,17.265997,1.0809374,8.482756297454929e-67,9.713967782914102e-64,0.2107,18,0.6248,True
6,ENSG00000187147,RNF220,16.87694,1.198423,6.650489611656782e-64,6.953520616570535e-61,0.2107,18,0.6248,True
6,ENSG00000188641,DPYD,16.727255,1.102249,8.297658104811909e-63,7.981683284180673e-60,0.2107,18,0.6248,True
6,ENSG00000178568,ERBB4,16.626505,1.2413044,4.479728431165034e-62,3.989944789357657e-59,0.2107,18,0.6248,True
6,ENSG00000151572,ANO4,16.350367,1.2029436,4.323734422394895e-60,3.4659055129917484e-57,0.2107,18,0.6248,True
6,ENSG00000151322,NPAS3,16.262533,0.99414295,1.8205527898742077e-59,1.368145421590467e-56,0.2107,18,0.6248,True
6,ENSG00000155886,SLC24A2,16.166557,0.8126531,8.68169681530336e-59,6.14051308865927e-56,0.2107,18,0.6248,True
6,ENSG00000163629,PTPN13,15.758573,0.9778391,5.997258470049792e-56,3.897893829398848e-53,0.2107,18,0.6248,True
6,ENSG00000251562,MALAT1,15.614978,0.9219585,5.756508981657149e-55,3.549551999766439e-52,0.2107,18,0.6248,True
6,ENSG00000107863,ARHGAP21,15.441827,0.55638915,8.564036340897771e-54,5.0231206323392577e-51,0.2107,18,0.6248,True
6,ENSG00000100242,SUN2,15.063808,0.91610086,2.8017029853544643e-51,1.4646815954740036e-48,0.2107,18,0.6248,True
6,ENSG00000173193,PARP14,14.787051,1.9217219,1.775635175538729e-49,8.714382592113338e-47,0.2107,18,0.6248,True
6,ENSG00000175161,CADM2,14.589917,0.7941277,3.2559174419612754e-48,1.423605502623359e-45,0.2107,18,0.6248,True
6,ENSG00000181722,ZBTB20,14.567904,0.7463437,4.494652221754183e-48,1.9301320826561538e-45,0.2107,18,0.6248,True
6,ENSG00000169855,ROBO1,14.43771,1.0044769,2.9963281239788254e-47,1.200928312090713e-44,0.2107,18,0.6248,True
6,ENSG00000176463,SLCO3A1,14.333647,0.7521637,1.3484976107294707e-46,5.066979772315988e-44,0.2107,18,0.6248,True
6,ENSG00000184588,PDE4B,14.30168,0.97759694,2.135911706340804e-46,7.902216109859026e-44,0.2107,18,0.6248,True
6,ENSG00000145416,MARCHF1,14.296964,0.87424934,2.285665798427527e-46,8.32813501827048e-44,0.2107,18,0.6248,True
6,ENSG00000075711,DLG1,14.065765,0.6588824,6.165261572018663e-45,1.9254832504403217e-42,0.2107,18,0.6248,True
6,ENSG00000154654,NCAM2,13.989581,0.8720433,1.8047209435675926e-44,5.292674298891886e-42,0.2107,18,0.6248,True
6,ENSG00000071991,CDH19,13.933405,1.008495,3.9697056675351344e-44,1.1501624324443966e-41,0.2107,18,0.6248,True
6,ENSG00000116675,DNAJC6,13.750855,0.6642515,5.03306891520369e-43,1.3912096698025094e-40,0.2107,18,0.6248,True
6,ENSG00000154493,C10orf90,13.666115,0.8911103,1.618076278719659e-42,4.275988829741798e-40,0.2107,18,0.6248,True
6,ENSG00000145362,ANK2,13.269648,0.6763399,3.4720846058705532e-40,7.660246844217896e-38,0.2107,18,0.6248,True
6,ENSG00000157827,FMNL2,13.230464,0.5651229,5.852532038194221e-40,1.2345762320569705e-37,0.2107,18,0.6248,True
6,ENSG00000186231,KLHL32,13.0358925,0.7930089,7.646718186537605e-39,1.4711062315988509e-36,0.2107,18,0.6248,True
6,ENSG00000049759,NEDD4L,12.913352,1.3174461,3.784624555901774e-38,6.595119660893178e-36,0.2107,18,0.6248,True
6,ENSG00000150760,DOCK1,12.857651,0.7564285,7.790828869497721e-38,1.3010684212061193e-35,0.2107,18,0.6248,True
6,ENSG00000206503,HLA-A,12.450825,0.7930551,1.3840688289230282e-35,1.935121348717499e-33,0.2107,18,0.6248,True
6,ENSG00000138670,RASGEF1B,12.342091,1.620291,5.374208692022675e-35,7.023857099226157e-33,0.2107,18,0.6248,True
6,ENSG00000169760,NLGN1,12.297749,0.8793595,9.313356057468174e-35,1.1976876281817895e-32,0.2107,18,0.6248,True
6,ENSG00000143772,ITPKB,12.203784,0.9518877,2.967081426230525e-34,3.532295749405528e-32,0.2107,18,0.6248,True
6,ENSG00000109046,WSB1,12.147597,0.34263065,5.9076269276420285e-34,6.863121369851957e-32,0.2107,18,0.6248,True
6,ENSG00000140262,TCF12,12.110388,0.69524455,9.305331186524353e-34,1.0605431486897515e-31,0.2107,18,0.6248,True
6,ENSG00000114757,PEX5L,11.949063,0.5949284,6.566115208207378e-33,6.806118039955648e-31,0.2107,18,0.6248,True
4,ENSG00000187147,RNF220,56.79678,3.244745,0.0,0.0,0.1409,18,0.5987,True
4,ENSG00000158865,SLC5A11,56.31436,3.2982628,0.0,0.0,0.1409,18,0.5987,True
4,ENSG00000147488,ST18,53.63415,2.9568887,0.0,0.0,0.1409,18,0.5987,True
4,ENSG00000257585,LINC00609,53.5034,3.184205,0.0,0.0,0.1409,18,0.5987,True
4,ENSG00000184005,ST6GALNAC3,53.29063,3.0532908,0.0,0.0,0.1409,18,0.5987,True
4,ENSG00000112893,MAN2A1,52.722027,2.6548922,0.0,0.0,0.1409,18,0.5987,True
4,ENSG00000188580,NKAIN2,52.149338,3.039238,0.0,0.0,0.1409,18,0.5987,True
4,ENSG00000054690,PLEKHH1,50.526577,2.122534,0.0,0.0,0.1409,18,0.5987,True
4,ENSG00000183230,CTNNA3,50.39124,3.2067027,0.0,0.0,0.1409,18,0.5987,True
4,ENSG00000157827,FMNL2,48.565235,1.924348,0.0,0.0,0.1409,18,0.5987,True
4,ENSG00000157851,DPYSL5,48.552532,2.3989608,0.0,0.0,0.1409,18,0.5987,True
4,ENSG00000113319,RASGRF2,47.996017,2.7047005,0.0,0.0,0.1409,18,0.5987,True
4,ENSG00000154493,C10orf90,47.45127,2.4515786,0.0,0.0,0.1409,18,0.5987,True
4,ENSG00000177103,DSCAML1,47.188442,2.395541,0.0,0.0,0.1409,18,0.5987,True
4,ENSG00000182667,NTM,46.985367,1.9699461,0.0,0.0,0.1409,18,0.5987,True
4,ENSG00000140479,PCSK6,46.966972,2.3029325,0.0,0.0,0.1409,18,0.5987,True
4,ENSG00000196814,MVB12B,45.52859,1.9597404,0.0,0.0,0.1409,18,0.5987,True
4,ENSG00000156475,PPP2R2B,45.091522,2.3602808,0.0,0.0,0.1409,18,0.5987,True
4,ENSG00000182168,UNC5C,44.967854,2.5967972,0.0,0.0,0.1409,18,0.5987,True
4,ENSG00000133195,SLC39A11,44.552895,2.4671962,0.0,0.0,0.1409,18,0.5987,True
4,ENSG00000135905,DOCK10,44.224403,2.0765498,0.0,0.0,0.1409,18,0.5987,True
4,ENSG00000114541,FRMD4B,44.194317,1.9724839,0.0,0.0,0.1409,18,0.5987,True
4,ENSG00000183783,KCTD8,44.080093,2.7534902,0.0,0.0,0.1409,18,0.5987,True
4,ENSG00000169918,OTUD7A,44.02544,2.20805,0.0,0.0,0.1409,18,0.5987,True
4,ENSG00000026652,AGPAT4,43.967464,2.112343,0.0,0.0,0.1409,18,0.5987,True
4,ENSG00000117266,CDK18,43.733967,1.8308743,0.0,0.0,0.1409,18,0.5987,True
4,ENSG00000078269,SYNJ2,43.726254,1.9661738,0.0,0.0,0.1409,18,0.5987,True
4,ENSG00000115896,PLCL1,42.715954,2.1436818,0.0,0.0,0.1409,18,0.5987,True
4,ENSG00000176771,NCKAP5,42.705715,2.331814,0.0,0.0,0.1409,18,0.5987,True
4,ENSG00000176658,MYO1D,42.60687,2.0881197,0.0,0.0,0.1409,18,0.5987,True
4,ENSG00000155849,ELMO1,42.543114,2.1222305,0.0,0.0,0.1409,18,0.5987,True
4,ENSG00000144283,PKP4,42.436302,2.0227337,0.0,0.0,0.1409,18,0.5987,True
4,ENSG00000150672,DLG2,42.354107,2.2019777,0.0,0.0,0.1409,18,0.5987,True
4,ENSG00000088538,DOCK3,42.352306,2.0591125,0.0,0.0,0.1409,18,0.5987,True
4,ENSG00000080815,PSEN1,42.339775,1.8425871,0.0,0.0,0.1409,18,0.5987,True
4,ENSG00000058335,RASGRF1,42.15812,2.854585,0.0,0.0,0.1409,18,0.5987,True
4,ENSG00000078328,RBFOX1,42.14409,3.2298281,0.0,0.0,0.1409,18,0.5987,True
4,ENSG00000177570,SAMD12,41.629116,2.2252922,0.0,0.0,0.1409,18,0.5987,True
4,ENSG00000135525,MAP7,41.59745,1.6341623,0.0,0.0,0.1409,18,0.5987,True
4,ENSG00000048471,SNX29,41.400475,2.042277,0.0,0.0,0.1409,18,0.5987,True
4,ENSG00000188641,DPYD,41.397564,2.2286243,0.0,0.0,0.1409,18,0.5987,True
4,ENSG00000170581,STAT2,41.0728,2.017919,0.0,0.0,0.1409,18,0.5987,True
4,ENSG00000134851,TMEM165,41.022182,1.5522486,0.0,0.0,0.1409,18,0.5987,True
4,ENSG00000124406,ATP8A1,40.97596,1.6773189,0.0,0.0,0.1409,18,0.5987,True
4,ENSG00000147459,DOCK5,40.669613,1.977151,0.0,0.0,0.1409,18,0.5987,True
4,ENSG00000135362,PRR5L,40.64946,2.2617188,0.0,0.0,0.1409,18,0.5987,True
4,ENSG00000186153,WWOX,40.551994,2.1453228,0.0,0.0,0.1409,18,0.5987,True
4,ENSG00000149571,KIRREL3,40.47269,2.4270418,0.0,0.0,0.1409,18,0.5987,True
4,ENSG00000112531,QKI,40.25746,1.3327923,0.0,0.0,0.1409,18,0.5987,True
4,ENSG00000227110,LMCD1-AS1,40.196243,2.3108704,0.0,0.0,0.1409,18,0.5987,True
12,ENSG00000109846,CRYAB,38.5272,3.682031,0.0,0.0,0.8072,7,0.2013,False
12,ENSG00000161011,SQSTM1,36.739666,2.3315902,1.7001156434611846e-295,1.362812699798486e-291,0.8072,7,0.2013,False
12,ENSG00000126524,SBDS,36.68177,2.4679675,1.4262315069977568e-294,8.574503820070514e-291,0.8072,7,0.2013,False
12,ENSG00000104765,BNIP3L,36.192425,2.2779956,8.009953056423434e-287,3.852467022017415e-283,0.8072,7,0.2013,False
12,ENSG00000089220,PEBP1,36.07667,2.4589608,5.266739281177194e-285,2.1109091038958193e-281,0.8072,7,0.2013,False
12,ENSG00000080824,HSP90AA1,36.041523,2.219966,1.8724491390128646e-284,6.432665270711624e-281,0.8072,7,0.2013,False
12,ENSG00000198668,CALM1,35.41005,2.26875,1.195963921055267e-274,3.595067546692132e-271,0.8072,7,0.2013,False
12,ENSG00000153113,CAST,34.546734,2.1778774,1.595755389993954e-261,4.263858402063845e-258,0.8072,7,0.2013,False
12,ENSG00000176171,BNIP3,34.44219,2.6213758,5.8946021326310275e-260,1.4175339208551094e-256,0.8072,7,0.2013,False
12,ENSG00000149218,ENDOD1,34.17299,2.1674788,6.092601411512833e-256,1.3319534431278237e-252,0.8072,7,0.2013,False
12,ENSG00000118785,SPP1,33.426193,2.4789338,5.7097170094682554e-245,1.1442272886974383e-241,0.8072,7,0.2013,False
12,ENSG00000132718,SYT11,33.335106,1.9553217,1.1975119127059425e-243,2.2152128059040384e-240,0.8072,7,0.2013,False
12,ENSG00000021355,SERPINB1,33.117306,2.5548174,1.6748154863787158e-240,2.87685448688824e-237,0.8072,7,0.2013,False
12,ENSG00000260916,CCPG1,33.068428,2.417793,8.454045968803803e-240,1.3553526497186254e-236,0.8072,7,0.2013,False
12,ENSG00000225921,NOL7,32.68323,2.1349845,2.7035720358754974e-234,4.063468769920872e-231,0.8072,7,0.2013,False
12,ENSG00000065534,MYLK,32.515312,2.241753,6.478997967083196e-232,9.165114300730394e-229,0.8072,7,0.2013,False
12,ENSG00000131711,MAP1B,32.464146,1.6965575,3.4207311731569627e-231,4.570096847337702e-228,0.8072,7,0.2013,False
12,ENSG00000104205,SGK3,32.44014,2.2431393,7.461344578446131e-231,9.443706022235397e-228,0.8072,7,0.2013,False
12,ENSG00000015592,STMN4,32.136364,2.2264318,1.3696087114117731e-226,1.6468175146015164e-223,0.8072,7,0.2013,False
12,ENSG00000148834,GSTO1,31.922512,2.0775032,1.3008038689017472e-223,1.4896062590166294e-220,0.8072,7,0.2013,False
12,ENSG00000144746,ARL6IP5,31.723488,1.9752499,7.371673592093752e-221,8.057909388303208e-218,0.8072,7,0.2013,False
12,ENSG00000173726,TOMM20,31.567276,1.9836166,1.0389471953771468e-218,1.0862870501925924e-215,0.8072,7,0.2013,False
12,ENSG00000140905,GCSH,31.519384,2.0887172,4.713110676944026e-218,4.722536898297915e-215,0.8072,7,0.2013,False
12,ENSG00000069275,NUCKS1,31.497538,1.724505,9.387840148881443e-218,9.03035119601204e-215,0.8072,7,0.2013,False
12,ENSG00000130294,KIF1A,31.45253,1.8984212,3.876194854599784e-217,3.585182071669831e-214,0.8072,7,0.2013,False
12,ENSG00000140941,MAP1LC3B,31.357353,2.1341503,7.723978511783933e-216,6.879490194495558e-213,0.8072,7,0.2013,False
12,ENSG00000135821,GLUL,31.319324,2.3233285,2.5464959355996856e-215,2.1870762235464733e-212,0.8072,7,0.2013,False
12,ENSG00000172005,MAL,31.297905,2.1081576,4.982973908001514e-215,4.132088156538635e-212,0.8072,7,0.2013,False
12,ENSG00000187735,TCEA1,31.24489,2.1032865,2.619456650658257e-214,2.099756451167659e-211,0.8072,7,0.2013,False
12,ENSG00000022277,RTF2,31.18863,1.9584223,1.5196559283544247e-213,1.1788608311312002e-210,0.8072,7,0.2013,False
12,ENSG00000087086,FTL,31.177717,2.943733,2.136325643345965e-213,1.605448720974493e-210,0.8072,7,0.2013,False
12,ENSG00000162704,ARPC5,31.03813,1.9701006,1.649858894177025e-211,1.2022971723384576e-208,0.8072,7,0.2013,False
12,ENSG00000125977,EIF2S2,30.991648,1.9429646,6.98507820982006e-211,4.940504729110375e-208,0.8072,7,0.2013,False
12,ENSG00000096384,HSP90AB1,30.839432,2.0363722,7.763132936937427e-209,5.333937739070607e-206,0.8072,7,0.2013,False
12,ENSG00000166963,MAP1A,30.831604,1.9833287,9.88482519672502e-209,6.603063231412311e-206,0.8072,7,0.2013,False
12,ENSG00000136156,ITM2B,30.602455,2.0550754,1.1352595104978328e-205,7.378573164446454e-203,0.8072,7,0.2013,False
12,ENSG00000107731,UNC5B,30.533741,1.8973767,9.295819102476849e-205,5.882785730956927e-202,0.8072,7,0.2013,False
12,ENSG00000136810,TXN,30.439608,2.1312993,1.6442382173456156e-203,1.0138625807878812e-200,0.8072,7,0.2013,False
12,ENSG00000123240,OPTN,30.42206,2.0406752,2.8062899053221103e-203,1.6871414910796532e-200,0.8072,7,0.2013,False
12,ENSG00000154277,UCHL1,30.303566,2.2786765,1.0288189095635904e-201,6.0343993017524945e-199,0.8072,7,0.2013,False
12,ENSG00000068912,ERLEC1,30.039371,1.9191388,3.005749188979752e-198,1.7210061070615494e-195,0.8072,7,0.2013,False
12,ENSG00000176485,PLAAT3,30.031286,1.8719786,3.8328479123240234e-198,2.1435424789667004e-195,0.8072,7,0.2013,False
12,ENSG00000100664,EIF5,29.917952,1.8917094,1.149562647842296e-196,6.282882398934438e-194,0.8072,7,0.2013,False
12,ENSG00000117632,STMN1,29.900654,2.2189412,1.9296900557278314e-196,1.0312263657809531e-193,0.8072,7,0.2013,False
12,ENSG00000092621,PHGDH,29.896524,2.1049025,2.1835004591940482e-196,1.1414960661456188e-193,0.8072,7,0.2013,False
12,ENSG00000113013,HSPA9,29.843798,2.0163138,1.0566303615631833e-195,5.406350411674772e-193,0.8072,7,0.2013,False
12,ENSG00000111276,CDKN1B,29.778763,1.879024,7.359588723088215e-195,3.687153950267196e-192,0.8072,7,0.2013,False
12,ENSG00000164111,ANXA5,29.736874,1.9077911,2.563449212635699e-194,1.2580780952135363e-191,0.8072,7,0.2013,False
12,ENSG00000121766,ZCCHC17,29.725758,1.9272584,3.568747997108122e-194,1.7164250366891225e-191,0.8072,7,0.2013,False
12,ENSG00000143653,SCCPDH,29.655947,2.1237376,2.8426052164779035e-193,1.3403719656051103e-190,0.8072,7,0.2013,False
18,ENSG00000106278,PTPRZ1,29.768166,5.068048,1.0093285086678169e-194,2.427233197644366e-190,0.1828,17,0.5635,True
18,ENSG00000150625,GPM6A,27.69788,4.071427,7.405072700588823e-169,8.903859415188001e-165,0.1828,17,0.5635,True
18,ENSG00000187398,LUZP2,27.34579,5.737319,1.2118319359933446e-164,9.714044798922652e-161,0.1828,17,0.5635,True
18,ENSG00000038427,VCAN,27.250702,4.85358,1.6303130709395994e-163,9.801442182488872e-160,0.1828,17,0.5635,True
18,ENSG00000196376,SLC35F1,27.190037,4.572861,8.519256045849526e-163,4.097421387811788e-159,0.1828,17,0.5635,True
18,ENSG00000116147,TNR,26.965424,5.0396843,3.761594857322792e-160,1.507647218814975e-156,0.1828,17,0.5635,True
18,ENSG00000134121,CHL1,26.669777,4.3741736,1.0555529048820723e-156,3.626276608086297e-153,0.1828,17,0.5635,True
18,ENSG00000091129,NRCAM,26.490244,4.0435767,1.2556056528290943e-154,3.7743505924042575e-151,0.1828,17,0.5635,True
18,ENSG00000179915,NRXN1,25.91286,4.250542,4.7701735959769e-148,1.2745903848450276e-144,0.1828,17,0.5635,True
18,ENSG00000154975,CA10,24.8385,4.7833686,3.442657616682413e-136,6.368386951229128e-133,0.1828,17,0.5635,True
18,ENSG00000150275,PCDH15,24.205786,5.5371003,1.933593503412967e-129,2.9061910356296888e-126,0.1828,17,0.5635,True
18,ENSG00000139910,NOVA1,23.930246,2.6260014,1.483956477288774e-126,1.982565853657802e-123,0.1828,17,0.5635,True
18,ENSG00000112902,SEMA5A,23.43712,3.2316825,1.7888221778231064e-121,2.2640839859100036e-118,0.1828,17,0.5635,True
18,ENSG00000148948,LRRC4C,23.110468,3.5419123,3.633694031900471e-118,4.161098765673453e-115,0.1828,17,0.5635,True
18,ENSG00000110693,SOX6,22.939857,3.652019,1.860389140418188e-116,2.033574456762572e-113,0.1828,17,0.5635,True
18,ENSG00000187416,LHFPL3,22.555563,4.178045,1.1842509152137576e-112,1.1866194170441852e-109,0.1828,17,0.5635,True
18,ENSG00000018236,CNTN1,22.534187,3.511585,1.919255233461369e-112,1.8461699941711602e-109,0.1828,17,0.5635,True
18,ENSG00000157890,MEGF11,22.255503,4.486409,9.977041266332369e-110,8.568853156170029e-107,0.1828,17,0.5635,True
18,ENSG00000122584,NXPH1,22.22525,4.594276,1.957860092474306e-109,1.6235386035800727e-106,0.1828,17,0.5635,True
18,ENSG00000171587,DSCAM,22.15217,4.4395633,9.941131391405912e-109,7.968810923350981e-106,0.1828,17,0.5635,True
18,ENSG00000147481,SNTG1,22.094566,3.8198469,3.564781470725377e-108,2.765350477677544e-105,0.1828,17,0.5635,True
18,ENSG00000156103,MMP16,22.03569,3.7919812,1.310347609535974e-107,9.349016000209762e-105,0.1828,17,0.5635,True
18,ENSG00000123384,LRP1,21.876657,3.766025,4.3348097394601505e-106,2.8956529059593797e-103,0.1828,17,0.5635,True
18,ENSG00000148516,ZEB1,21.573502,3.601167,3.1863437386853916e-103,1.7819812611140998e-100,0.1828,17,0.5635,True
18,ENSG00000078018,MAP2,21.568256,3.0625978,3.569016707936495e-103,1.9506298589194737e-100,0.1828,17,0.5635,True
18,ENSG00000168461,RAB31,21.41279,3.3879073,1.0154543766303616e-101,5.308618880262378e-99,0.1828,17,0.5635,True
18,ENSG00000171310,CHST11,21.352732,3.9719229,3.677952898800095e-101,1.842654402298848e-98,0.1828,17,0.5635,True
18,ENSG00000183715,OPCML,21.334826,3.9743016,5.394628173120137e-101,2.647551394024348e-98,0.1828,17,0.5635,True
18,ENSG00000107518,ATRNL1,21.26402,3.6575453,2.4454361398131857e-100,1.17615696580455e-97,0.1828,17,0.5635,True
18,ENSG00000162670,BRINP3,21.07969,4.6126723,1.2218060988301752e-98,5.342180557212374e-96,0.1828,17,0.5635,True
18,ENSG00000132692,BCAN,21.073868,3.9237597,1.3817103169934583e-98,5.9334588755461945e-96,0.1828,17,0.5635,True
18,ENSG00000102466,FGF14,21.04272,3.8139994,2.666319638361647e-98,1.1249062221635242e-95,0.1828,17,0.5635,True
18,ENSG00000058866,DGKG,21.030975,3.3872943,3.4156277042283694e-98,1.41618991433248e-95,0.1828,17,0.5635,True
18,ENSG00000214548,MEG3,20.855423,2.781968,1.360908454147165e-96,5.546970594123902e-94,0.1828,17,0.5635,True
18,ENSG00000156113,KCNMA1,20.757,3.2276578,1.0598076318414525e-95,4.247708988420541e-93,0.1828,17,0.5635,True
18,ENSG00000164796,CSMD3,20.582857,3.6923587,3.909399488786821e-94,1.516342563005572e-91,0.1828,17,0.5635,True
18,ENSG00000114279,FGF12,20.530407,3.3303282,1.152054312125633e-93,4.3975558885709874e-91,0.1828,17,0.5635,True
18,ENSG00000110436,SLC1A2,20.497414,4.3371944,2.270484830725505e-93,8.531346751451082e-91,0.1828,17,0.5635,True
18,ENSG00000198732,SMOC1,20.418335,3.0076027,1.1491451428932087e-92,4.124573491984461e-90,0.1828,17,0.5635,True
18,ENSG00000141837,CACNA1A,20.390903,3.415919,2.0138939782383372e-92,7.122076821864047e-90,0.1828,17,0.5635,True
18,ENSG00000176204,LRRTM4,20.268946,3.5734036,2.4178299053957473e-91,8.306281937850989e-89,0.1828,17,0.5635,True
18,ENSG00000196083,IL1RAP,20.145012,3.8617182,2.9763291043546793e-90,1.0080952436833991e-87,0.1828,17,0.5635,True
18,ENSG00000120251,GRIA2,20.106258,2.3449543,6.505067845435527e-90,2.1726926603754657e-87,0.1828,17,0.5635,True
18,ENSG00000103489,XYLT1,19.868137,3.4198403,7.679990953925285e-88,2.4301108218420427e-85,0.1828,17,0.5635,True
18,ENSG00000144724,PTPRG,19.853205,3.474162,1.0339258381345758e-87,3.2290712409688674e-85,0.1828,17,0.5635,True
18,ENSG00000144285,SCN1A,19.771547,3.627831,5.234660466500396e-87,1.5934571506126776e-84,0.1828,17,0.5635,True
18,ENSG00000184408,KCND2,19.745157,4.137963,8.82911361218576e-87,2.6540315518230395e-84,0.1828,17,0.5635,True
18,ENSG00000152208,GRID2,19.379766,3.0967607,1.1436534211540424e-83,3.31356355083282e-81,0.1828,17,0.5635,True
18,ENSG00000140526,ABHD2,19.374325,2.6431637,1.271159596106858e-83,3.639148329425919e-81,0.1828,17,0.5635,True
18,ENSG00000125462,MIR9-1HG,19.332039,2.5257604,2.887782099744437e-83,7.982228038466e-81,0.1828,17,0.5635,True
10,ENSG00000183230,CTNNA3,30.947172,2.7385924,2.7732766160729872e-210,6.669175606332319e-206,0.2572,14,0.5531,True
10,ENSG00000167123,CERCAM,30.765594,2.2647932,7.565116217824647e-208,9.096295740312354e-204,0.2572,14,0.5531,True
10,ENSG00000184226,PCDH9,28.65936,1.6302813,1.2255067530029508e-180,9.823662132071654e-177,0.2572,14,0.5531,True
10,ENSG00000187147,RNF220,27.085356,2.2117698,1.464936233632792e-161,8.807196636600346e-158,0.2572,14,0.5531,True
10,ENSG00000112893,MAN2A1,26.455854,1.8818616,3.12461413581771e-154,1.5028144147628858e-150,0.2572,14,0.5531,True
10,ENSG00000147488,ST18,26.427372,2.088711,6.642628009278154e-154,2.6623653061186844e-150,0.2572,14,0.5531,True
10,ENSG00000169306,IL1RAPL1,25.70187,2.1740215,1.1139622315346483e-145,3.348570467993154e-142,0.2572,14,0.5531,True
10,ENSG00000155886,SLC24A2,25.22621,1.5645531,2.066441842723175e-140,5.521532603756321e-137,0.2572,14,0.5531,True
10,ENSG00000153707,PTPRD,25.194658,1.5512213,4.583687626499077e-140,1.102285200420498e-136,0.2572,14,0.5531,True
10,ENSG00000188580,NKAIN2,24.003405,2.0353203,2.5622271668477335e-127,4.401174207739592e-124,0.2572,14,0.5531,True
10,ENSG00000137941,TTLL7,23.747526,1.2392278,1.1653467799587128e-124,1.7515162102779454e-121,0.2572,14,0.5531,True
10,ENSG00000112531,QKI,23.52631,1.1041747,2.1947390014495503e-122,2.9321713059365994e-119,0.2572,14,0.5531,True
10,ENSG00000187391,MAGI2,23.45399,1.7252119,1.203577730937687e-121,1.4471818636794752e-118,0.2572,14,0.5531,True
10,ENSG00000147459,DOCK5,23.385544,1.5785887,5.996787944124915e-121,6.867178880015046e-118,0.2572,14,0.5531,True
10,ENSG00000182168,UNC5C,23.316034,1.9231688,3.048726354414509e-120,3.332535062316369e-117,0.2572,14,0.5531,True
10,ENSG00000187164,SHTN1,23.272184,1.236977,8.482853959303814e-120,8.726352758697145e-117,0.2572,14,0.5531,True
10,ENSG00000168314,MOBP,22.877607,1.6756023,7.764368103781992e-116,6.915463857768493e-113,0.2572,14,0.5531,True
10,ENSG00000150672,DLG2,22.615171,1.6994423,3.0733031797224285e-113,2.6395283880701773e-110,0.2572,14,0.5531,True
10,ENSG00000135905,DOCK10,22.458944,1.4997889,1.0464275319799502e-111,8.677410099673741e-109,0.2572,14,0.5531,True
10,ENSG00000150867,PIP4K2A,21.59147,1.0869366,2.160271245258623e-103,1.4040595379994424e-100,0.2572,14,0.5531,True
10,ENSG00000198597,ZNF536,21.578913,1.5099137,2.834557310545688e-103,1.7938272158948082e-100,0.2572,14,0.5531,True
10,ENSG00000135525,MAP7,21.246498,1.1518478,3.551840323758658e-100,1.9412421842215505e-97,0.2572,14,0.5531,True
10,ENSG00000054690,PLEKHH1,21.012953,1.2802334,4.993046478023299e-98,2.501516285489673e-95,0.2572,14,0.5531,True
10,ENSG00000155849,ELMO1,20.57762,1.4387482,4.355575163450915e-94,1.8375942373801329e-91,0.2572,14,0.5531,True
10,ENSG00000154493,C10orf90,20.537386,1.5580826,9.979238749780545e-94,4.0674700585546184e-91,0.2572,14,0.5531,True
10,ENSG00000114541,FRMD4B,20.289536,1.2754098,1.5909041020717574e-91,5.8858556687110195e-89,0.2572,14,0.5531,True
10,ENSG00000134851,TMEM165,19.956297,1.0493526,1.32151234219147e-88,4.413851222919509e-86,0.2572,14,0.5531,True
10,ENSG00000075539,FRYL,19.810387,1.175614,2.4221935809870533e-87,7.564793666958007e-85,0.2572,14,0.5531,True
10,ENSG00000171877,FRMD5,19.721653,1.4911284,1.4056010989662017e-86,4.122182344870636e-84,0.2572,14,0.5531,True
10,ENSG00000163539,CLASP2,19.423115,0.96974254,4.921211745028329e-84,1.3004978026861675e-81,0.2572,14,0.5531,True
10,ENSG00000149571,KIRREL3,19.394344,1.7461439,8.61427113879528e-84,2.227483788663966e-81,0.2572,14,0.5531,True
10,ENSG00000183960,KCNH8,19.345688,1.6225101,2.216290708342899e-83,5.447517626871081e-81,0.2572,14,0.5531,True
10,ENSG00000154678,PDE1C,19.329895,1.3947916,3.0102970802617125e-83,7.239162418613367e-81,0.2572,14,0.5531,True
10,ENSG00000081913,PHLPP1,19.152098,1.3327292,9.296572538442195e-82,2.0700368185597956e-79,0.2572,14,0.5531,True
10,ENSG00000188153,COL4A5,19.055468,1.5379621,5.918627547492937e-81,1.2939195932919105e-78,0.2572,14,0.5531,True
10,ENSG00000160584,SIK3,18.869795,1.2153902,2.0208314179374552e-79,4.118385926996603e-77,0.2572,14,0.5531,True
10,ENSG00000157827,FMNL2,18.783451,1.0199121,1.031531236866544e-78,2.0005050954973105e-76,0.2572,14,0.5531,True
10,ENSG00000124406,ATP8A1,18.767035,1.0828776,1.4051258085626283e-78,2.681782971770959e-76,0.2572,14,0.5531,True
10,ENSG00000169554,ZEB2,18.594666,0.92423254,3.549247549896318e-77,6.515443135870737e-75,0.2572,14,0.5531,True
10,ENSG00000154654,NCAM2,18.47749,1.3686563,3.1342985450105396e-76,5.501723460614121e-74,0.2572,14,0.5531,True
10,ENSG00000156475,PPP2R2B,18.240143,1.4620717,2.478123864994726e-74,4.1384668545411923e-72,0.2572,14,0.5531,True
10,ENSG00000179104,TMTC2,18.142542,1.4567478,1.4707124063901175e-73,2.422444654032161e-71,0.2572,14,0.5531,True
10,ENSG00000073417,PDE8A,18.08666,1.2939005,4.059586979153022e-73,6.508329844978125e-71,0.2572,14,0.5531,True
10,ENSG00000070214,SLC44A1,17.99192,0.832394,2.254116312303472e-72,3.519934355732071e-70,0.2572,14,0.5531,True
10,ENSG00000115252,PDE1A,17.766676,1.849816,1.2805694914995379e-70,1.8440200677593344e-68,0.2572,14,0.5531,True
10,ENSG00000154027,AK5,17.71571,1.259609,3.171985044803572e-70,4.4870527269080175e-68,0.2572,14,0.5531,True
10,ENSG00000033170,FUT8,17.579199,1.10779,3.555675077816672e-69,4.8583451290531436e-67,0.2572,14,0.5531,True
10,ENSG00000140262,TCF12,17.476889,1.1704614,2.149130453513993e-68,2.839686216818929e-66,0.2572,14,0.5531,True
10,ENSG00000158321,AUTS2,17.475204,1.2984397,2.2134905131656976e-68,2.908744254678071e-66,0.2572,14,0.5531,True
10,ENSG00000151150,ANK3,17.302008,1.0123476,4.542812380546211e-67,5.631214027184293e-65,0.2572,14,0.5531,True
22,ENSG00000101439,CST3,9.959065,3.678181,2.3021549774883434e-23,2.768111144931984e-19,0.2879,24,0.4767,True
22,ENSG00000026025,VIM,9.16916,3.965039,4.767184617621172e-20,2.8660313921138486e-16,0.2879,24,0.4767,True
22,ENSG00000034510,TMSB10,8.620548,4.0245852,6.663448785779519e-18,1.780473515560287e-14,0.2879,24,0.4767,True
22,ENSG00000163191,S100A11,7.9822545,5.306199,1.4368422605945097e-15,1.5189258982374905e-12,0.2879,24,0.4767,True
22,ENSG00000130203,APOE,7.5210147,3.0426865,5.43527540219706e-14,2.562892213177155e-11,0.2879,24,0.4767,True
22,ENSG00000130066,SAT1,7.497521,2.9920163,6.503598506703639e-14,2.9299772656279226e-11,0.2879,24,0.4767,True
22,ENSG00000162244,RPL29,7.4947476,2.758407,6.642603247229728e-14,2.9299772656279226e-11,0.2879,24,0.4767,True
22,ENSG00000167526,RPL13,7.3916936,2.5959446,1.4497052101565351e-13,5.533731887911802e-11,0.2879,24,0.4767,True
22,ENSG00000136942,RPL35,7.3608384,2.7018814,1.827588064980921e-13,6.761513505640181e-11,0.2879,24,0.4767,True
22,ENSG00000130255,RPL36,7.318668,2.8208559,2.5044430138465884e-13,8.989081432385486e-11,0.2879,24,0.4767,True
22,ENSG00000140988,RPS2,7.2310524,2.707084,4.792655652777628e-13,1.5367171085066183e-10,0.2879,24,0.4767,True
22,ENSG00000198918,RPL39,7.213069,3.3593178,5.47047056535176e-13,1.7309720546786727e-10,0.2879,24,0.4767,True
22,ENSG00000105372,RPS19,7.175664,2.6693952,7.195723111936923e-13,2.110277431656819e-10,0.2879,24,0.4767,True
22,ENSG00000197956,S100A6,7.14202,3.1360147,9.196893498832948e-13,2.6019634689404083e-10,0.2879,24,0.4767,True
22,ENSG00000186468,RPS23,7.026655,2.6207125,2.115434118447364e-12,5.405258242311683e-10,0.2879,24,0.4767,True
22,ENSG00000145592,RPL37,7.0140343,2.8145008,2.3154267571769923e-12,5.681773740468602e-10,0.2879,24,0.4767,True
22,ENSG00000108107,RPL28,6.989914,2.3982377,2.750552817794008e-12,6.549039025971315e-10,0.2879,24,0.4767,True
22,ENSG00000171863,RPS7,6.9774256,2.5137312,3.0063776472828036e-12,7.087977417829103e-10,0.2879,24,0.4767,True
22,ENSG00000229117,RPL41,6.928078,2.9760575,4.265958174686339e-12,9.678090772156327e-10,0.2879,24,0.4767,True
22,ENSG00000182899,RPL35A,6.8700194,2.578488,6.419317952053206e-12,1.4162546615685824e-09,0.2879,24,0.4767,True
22,ENSG00000137818,RPLP1,6.824714,2.7125835,8.810055605363692e-12,1.780371573090639e-09,0.2879,24,0.4767,True
22,ENSG00000135390,ATP5MC2,6.812669,1.9124597,9.58046292016944e-12,1.9199247692019552e-09,0.2879,24,0.4767,True
22,ENSG00000138326,RPS24,6.7723203,2.69318,1.267331660200068e-11,2.45780578745897e-09,0.2879,24,0.4767,True
22,ENSG00000177954,RPS27,6.72866,2.7576954,1.7123265009152433e-11,3.217033413594513e-09,0.2879,24,0.4767,True
22,ENSG00000166441,RPL27A,6.7233934,2.5797474,1.775404890957622e-11,3.309685024631697e-09,0.2879,24,0.4767,True
22,ENSG00000144713,RPL32,6.668735,2.712545,2.5801775892887793e-11,4.582119776246379e-09,0.2879,24,0.4767,True
22,ENSG00000125148,MT2A,6.6681004,2.8310122,2.5913518362005468e-11,4.582119776246379e-09,0.2879,24,0.4767,True
22,ENSG00000133112,TPT1,6.661462,2.1269002,2.7111707329104535e-11,4.743044178795419e-09,0.2879,24,0.4767,True
22,ENSG00000100097,LGALS1,6.660887,3.5636263,2.7218067892289084e-11,4.743044178795419e-09,0.2879,24,0.4767,True
22,ENSG00000197958,RPL12,6.6487746,2.7352211,2.955430330629495e-11,5.113107092876122e-09,0.2879,24,0.4767,True
22,ENSG00000177600,RPLP2,6.6282096,2.5204515,3.3978289195179246e-11,5.671956128384701e-09,0.2879,24,0.4767,True
22,ENSG00000197747,S100A10,6.6195054,4.7485313,3.604023884383819e-11,5.856051781869061e-09,0.2879,24,0.4767,True
22,ENSG00000197756,RPL37A,6.597369,2.5856383,4.185175110691812e-11,6.709672737461113e-09,0.2879,24,0.4767,True
22,ENSG00000105193,RPS16,6.578663,2.359405,4.7469744970886034e-11,7.543064506192473e-09,0.2879,24,0.4767,True
22,ENSG00000147403,RPL10,6.578014,2.3606658,4.767738709835562e-11,7.543064506192473e-09,0.2879,24,0.4767,True
22,ENSG00000159335,PTMS,6.5218062,3.6888351,6.946562467869209e-11,1.0506348064611245e-08,0.2879,24,0.4767,True
22,ENSG00000142937,RPS8,6.5062943,2.3568425,7.70273652610595e-11,1.136413545888318e-08,0.2879,24,0.4767,True
22,ENSG00000172809,RPL38,6.443861,2.4294946,1.1647169765331878e-10,1.6379598743666727e-08,0.2879,24,0.4767,True
22,ENSG00000156482,RPL30,6.440756,2.5694783,1.1888011960917202e-10,1.643005239288143e-08,0.2879,24,0.4767,True
22,ENSG00000143947,RPS27A,6.416554,2.3902333,1.3939349592582103e-10,1.872701000013489e-08,0.2879,24,0.4767,True
22,ENSG00000134419,RPS15A,6.3899107,2.678945,1.6598251157383195e-10,2.193157933146984e-08,0.2879,24,0.4767,True
22,ENSG00000233927,RPS28,6.3640127,2.5234003,1.9654994315321335e-10,2.5276112475660292e-08,0.2879,24,0.4767,True
22,ENSG00000112306,RPS12,6.355943,2.5993047,2.0715186573650672e-10,2.6228952923904288e-08,0.2879,24,0.4767,True
22,ENSG00000115268,RPS15,6.355884,2.2589767,2.0723141448527176e-10,2.6228952923904288e-08,0.2879,24,0.4767,True
22,ENSG00000115457,IGFBP2,6.221731,4.5060077,4.916988644467685e-10,5.3992576676784886e-08,0.2879,24,0.4767,True
22,ENSG00000131469,RPL27,6.20897,2.44278,5.333292766262551e-10,5.8033947711801743e-08,0.2879,24,0.4767,True
22,ENSG00000241343,RPL36A,6.204043,3.35073,5.503079097456097e-10,5.961173249352446e-08,0.2879,24,0.4767,True
22,ENSG00000198034,RPS4X,6.202988,2.3468144,5.540105111612147e-10,5.974369853096363e-08,0.2879,24,0.4767,True
22,ENSG00000087086,FTL,6.194122,2.3495817,5.861091809806087e-10,6.29230070724182e-08,0.2879,24,0.4767,True
22,ENSG00000171858,RPS21,6.136963,2.7841625,8.411407881754719e-10,8.428230697518228e-08,0.2879,24,0.4767,True
20,ENSG00000160307,S100B,18.345257,4.1437693,3.6022525923265003e-75,8.662697034026768e-71,0.3415,15,0.5197,True
20,ENSG00000205542,TMSB4X,16.641134,3.6150446,3.5090745840807473e-62,2.109655639949345e-58,0.3415,15,0.5197,True
20,ENSG00000167996,FTH1,15.854162,3.6554723,1.315711711540583e-56,3.9550294048909923e-53,0.3415,15,0.5197,True
20,ENSG00000156508,EEF1A1,15.764216,2.9141812,5.484837224542728e-56,1.4655485063978168e-52,0.3415,15,0.5197,True
20,ENSG00000133112,TPT1,15.635966,3.0454485,4.1414662645265574e-55,9.959398072933468e-52,0.3415,15,0.5197,True
20,ENSG00000087086,FTL,14.800779,3.314428,1.4479479679259214e-49,2.6784809794371198e-46,0.3415,15,0.5197,True
20,ENSG00000123560,PLP1,14.423664,2.9352467,3.6731445100256002e-47,5.195987010417389e-44,0.3415,15,0.5197,True
20,ENSG00000178980,SELENOW,14.255135,2.5233135,4.1649580547210966e-46,4.7694719666634735e-43,0.3415,15,0.5197,True
20,ENSG00000162734,PEA15,14.066788,3.1968434,6.076722418008225e-45,6.088875862844242e-42,0.3415,15,0.5197,True
20,ENSG00000089220,PEBP1,13.867074,2.4387033,1.0028432932775806e-43,8.038791838913085e-41,0.3415,15,0.5197,True
20,ENSG00000124172,ATP5F1E,13.763887,2.6840463,4.2030604447826896e-43,3.0628847750343667e-40,0.3415,15,0.5197,True
20,ENSG00000198668,CALM1,13.408516,2.2274246,5.39066018858254e-41,2.94624082306893e-38,0.3415,15,0.5197,True
20,ENSG00000167641,PPP1R14A,13.054795,2.801762,5.96704086661487e-39,2.759526899237585e-36,0.3415,15,0.5197,True
20,ENSG00000149806,FAU,12.972312,2.3855512,1.756514166540169e-38,7.542973692313927e-36,0.3415,15,0.5197,True
20,ENSG00000109846,CRYAB,12.714166,3.1326249,4.933470152168751e-37,1.944919511792691e-34,0.3415,15,0.5197,True
20,ENSG00000088986,DYNLL1,12.602846,2.2846262,2.0366106191403497e-36,7.774033677632878e-34,0.3415,15,0.5197,True
20,ENSG00000250722,SELENOP,12.582737,2.425343,2.6276477992765807e-36,9.76775316244409e-34,0.3415,15,0.5197,True
20,ENSG00000214253,FIS1,12.450404,2.3543446,1.3913893305915665e-35,4.6472403641758306e-33,0.3415,15,0.5197,True
20,ENSG00000117450,PRDX1,12.438952,2.3574224,1.6059535940567385e-35,5.2904071273803355e-33,0.3415,15,0.5197,True
20,ENSG00000160678,S100A1,12.392388,3.1624627,2.873541848595812e-35,9.213724583337611e-33,0.3415,15,0.5197,True
20,ENSG00000173812,EIF1,12.385217,2.4135814,3.142331197288403e-35,9.8138676145963e-33,0.3415,15,0.5197,True
20,ENSG00000172757,CFL1,12.30205,2.3038704,8.830458135576056e-35,2.654435715554163e-32,0.3415,15,0.5197,True
20,ENSG00000175130,MARCKSL1,12.297943,2.5199575,9.290957777250501e-35,2.7503146531517356e-32,0.3415,15,0.5197,True
20,ENSG00000092841,MYL6,11.965221,2.195134,5.4053038549196323e-33,1.354028615657368e-30,0.3415,15,0.5197,True
20,ENSG00000131711,MAP1B,11.930596,1.9470335,8.19841459011165e-33,2.027027716205204e-30,0.3415,15,0.5197,True
20,ENSG00000021300,PLEKHB1,11.908612,2.3967838,1.0673845669028299e-32,2.5927741479676013e-30,0.3415,15,0.5197,True
20,ENSG00000111640,GAPDH,11.837576,2.37427,2.495621825366311e-32,5.883795456510691e-30,0.3415,15,0.5197,True
20,ENSG00000075624,ACTB,11.836653,2.2403867,2.5232438967614387e-32,5.8911620610989406e-30,0.3415,15,0.5197,True
20,ENSG00000140264,SERF2,11.8188925,2.2275424,3.117687553381238e-32,7.209052911895385e-30,0.3415,15,0.5197,True
20,ENSG00000221983,UBA52,11.748202,2.2273946,7.213716959813844e-32,1.6062543097185497e-29,0.3415,15,0.5197,True
20,ENSG00000135940,COX5B,11.685518,2.2121234,1.5115445469272415e-31,3.2747408346402076e-29,0.3415,15,0.5197,True
20,ENSG00000196262,PPIA,11.474724,2.056868,1.767410657003542e-30,3.483827170460753e-28,0.3415,15,0.5197,True
20,ENSG00000189043,NDUFA4,11.399777,2.2042668,4.1918726728028544e-30,7.8144305453924815e-28,0.3415,15,0.5197,True
20,ENSG00000243449,NICOL1,11.306734,2.2931128,1.2152932925363865e-29,2.117780659341668e-27,0.3415,15,0.5197,True
20,ENSG00000169567,HINT1,11.280334,2.1222005,1.6411991203612258e-29,2.7991174784714017e-27,0.3415,15,0.5197,True
20,ENSG00000179010,MRFAP1,11.242508,2.2209513,2.521160998445305e-29,4.2696394148318795e-27,0.3415,15,0.5197,True
20,ENSG00000068903,SIRT2,11.145977,1.8427477,7.491761035882686e-29,1.2091400630262205e-26,0.3415,15,0.5197,True
20,ENSG00000142168,SOD1,11.060353,2.1195881,1.9532694164086743e-28,2.954227856968289e-26,0.3415,15,0.5197,True
20,ENSG00000108953,YWHAE,11.043048,1.7479091,2.368609307362125e-28,3.5379078648102107e-26,0.3415,15,0.5197,True
20,ENSG00000197982,C1orf122,10.950763,2.3104494,6.589021581576584e-28,9.266245087354018e-26,0.3415,15,0.5197,True
20,ENSG00000107902,LHPP,10.863724,2.1145368,1.7160581186018103e-27,2.31841379978294e-25,0.3415,15,0.5197,True
20,ENSG00000087250,MT3,10.810607,2.394749,3.066352585824117e-27,4.0294889062239543e-25,0.3415,15,0.5197,True
20,ENSG00000143933,CALM2,10.797975,2.203094,3.5188098257126486e-27,4.5740723615533925e-25,0.3415,15,0.5197,True
20,ENSG00000140319,SRP14,10.691891,2.022024,1.110835012689757e-26,1.376977339441406e-24,0.3415,15,0.5197,True
20,ENSG00000125534,PPDPF,10.675414,2.290582,1.326643813654294e-26,1.6280393781753623e-24,0.3415,15,0.5197,True
20,ENSG00000166710,B2M,10.675396,2.4183717,1.3269116688388682e-26,1.6280393781753623e-24,0.3415,15,0.5197,True
20,ENSG00000187514,PTMA,10.583823,2.2551367,3.5420200862135764e-26,4.1959851740524195e-24,0.3415,15,0.5197,True
20,ENSG00000113558,SKP1,10.580782,1.9271966,3.658934720599595e-26,4.271362240824226e-24,0.3415,15,0.5197,True
20,ENSG00000105254,TBCB,10.566771,1.9175389,4.248720932272434e-26,4.865392427585119e-24,0.3415,15,0.5197,True
20,ENSG00000131143,COX4I1,10.471955,1.9930876,1.1621715503543096e-25,1.2820138276569008e-23,0.3415,15,0.5197,True
3,ENSG00000179104,TMTC2,59.57861,3.167015,0.0,0.0,0.3912,13,0.4608,True
3,ENSG00000155849,ELMO1,58.648045,2.7425423,0.0,0.0,0.3912,13,0.4608,True
3,ENSG00000245532,NEAT1,57.91958,2.2862475,0.0,0.0,0.3912,13,0.4608,True
3,ENSG00000188641,DPYD,56.309902,2.861775,0.0,0.0,0.3912,13,0.4608,True
3,ENSG00000152894,PTPRK,56.17021,2.715093,0.0,0.0,0.3912,13,0.4608,True
3,ENSG00000198825,INPP5F,55.794304,3.1365588,0.0,0.0,0.3912,13,0.4608,True
3,ENSG00000197959,DNM3,54.81347,2.1849694,0.0,0.0,0.3912,13,0.4608,True
3,ENSG00000164741,DLC1,54.72797,2.8032947,0.0,0.0,0.3912,13,0.4608,True
3,ENSG00000157827,FMNL2,53.787197,2.0916724,0.0,0.0,0.3912,13,0.4608,True
3,ENSG00000147459,DOCK5,53.671352,2.512942,0.0,0.0,0.3912,13,0.4608,True
3,ENSG00000166833,NAV2,53.434155,2.6650307,0.0,0.0,0.3912,13,0.4608,True
3,ENSG00000116675,DNAJC6,52.881184,2.1818855,0.0,0.0,0.3912,13,0.4608,True
3,ENSG00000140479,PCSK6,52.876286,2.57658,0.0,0.0,0.3912,13,0.4608,True
3,ENSG00000184588,PDE4B,52.835354,2.6827676,0.0,0.0,0.3912,13,0.4608,True
3,ENSG00000150760,DOCK1,52.457417,2.3352838,0.0,0.0,0.3912,13,0.4608,True
3,ENSG00000187147,RNF220,52.24679,2.9670894,0.0,0.0,0.3912,13,0.4608,True
3,ENSG00000145362,ANK2,51.718903,2.1727586,0.0,0.0,0.3912,13,0.4608,True
3,ENSG00000112851,ERBIN,51.459587,2.1580355,0.0,0.0,0.3912,13,0.4608,True
3,ENSG00000120658,ENOX1,51.005253,2.7350323,0.0,0.0,0.3912,13,0.4608,True
3,ENSG00000151322,NPAS3,50.751923,2.5221515,0.0,0.0,0.3912,13,0.4608,True
3,ENSG00000140873,ADAMTS18,50.138275,3.6628304,0.0,0.0,0.3912,13,0.4608,True
3,ENSG00000171877,FRMD5,50.06535,2.5690193,0.0,0.0,0.3912,13,0.4608,True
3,ENSG00000111596,CNOT2,50.0347,2.411998,0.0,0.0,0.3912,13,0.4608,True
3,ENSG00000176463,SLCO3A1,49.755424,2.1338992,0.0,0.0,0.3912,13,0.4608,True
3,ENSG00000112137,PHACTR1,49.59059,2.5764484,0.0,0.0,0.3912,13,0.4608,True
3,ENSG00000109381,ELF2,49.41827,2.2000976,0.0,0.0,0.3912,13,0.4608,True
3,ENSG00000020577,SAMD4A,49.038677,2.8083858,0.0,0.0,0.3912,13,0.4608,True
3,ENSG00000163629,PTPN13,48.584015,2.2718403,0.0,0.0,0.3912,13,0.4608,True
3,ENSG00000115183,TANC1,48.131153,2.1504707,0.0,0.0,0.3912,13,0.4608,True
3,ENSG00000145349,CAMK2D,48.078243,2.536356,0.0,0.0,0.3912,13,0.4608,True
3,ENSG00000107863,ARHGAP21,48.023697,1.5818642,0.0,0.0,0.3912,13,0.4608,True
3,ENSG00000115896,PLCL1,47.875923,2.3488603,0.0,0.0,0.3912,13,0.4608,True
3,ENSG00000182240,BACE2,47.712852,3.3148766,0.0,0.0,0.3912,13,0.4608,True
3,ENSG00000160584,SIK3,47.577816,2.1721115,0.0,0.0,0.3912,13,0.4608,True
3,ENSG00000183580,FBXL7,47.411682,2.4387317,0.0,0.0,0.3912,13,0.4608,True
3,ENSG00000150672,DLG2,47.195873,2.3267686,0.0,0.0,0.3912,13,0.4608,True
3,ENSG00000151320,AKAP6,47.10032,2.0215037,0.0,0.0,0.3912,13,0.4608,True
3,ENSG00000169306,IL1RAPL1,46.74926,2.7767665,0.0,0.0,0.3912,13,0.4608,True
3,ENSG00000157985,AGAP1,46.447468,1.9251785,0.0,0.0,0.3912,13,0.4608,True
3,ENSG00000071054,MAP4K4,45.964733,1.6597321,0.0,0.0,0.3912,13,0.4608,True
3,ENSG00000075651,PLD1,45.9515,2.3216403,0.0,0.0,0.3912,13,0.4608,True
3,ENSG00000151914,DST,45.757774,1.379541,0.0,0.0,0.3912,13,0.4608,True
3,ENSG00000068024,HDAC4,45.499176,2.1997232,0.0,0.0,0.3912,13,0.4608,True
3,ENSG00000154655,L3MBTL4,45.493374,2.3259292,0.0,0.0,0.3912,13,0.4608,True
3,ENSG00000163625,WDFY3,45.466946,1.8296152,0.0,0.0,0.3912,13,0.4608,True
3,ENSG00000033327,GAB2,45.268314,2.1007025,0.0,0.0,0.3912,13,0.4608,True
3,ENSG00000153317,ASAP1,45.222717,2.0512958,0.0,0.0,0.3912,13,0.4608,True
3,ENSG00000128512,DOCK4,45.13365,2.0221562,0.0,0.0,0.3912,13,0.4608,True
3,ENSG00000142599,RERE,45.056194,1.9103568,0.0,0.0,0.3912,13,0.4608,True
3,ENSG00000187391,MAGI2,45.053013,2.2916775,0.0,0.0,0.3912,13,0.4608,True
15,ENSG00000103489,XYLT1,44.433777,5.821882,0.0,0.0,0.9903,1,0.0149,False
15,ENSG00000134532,SOX5,43.905922,6.131382,0.0,0.0,0.9903,1,0.0149,False
15,ENSG00000224184,MIR3681HG,43.81313,9.261315,0.0,0.0,0.9903,1,0.0149,False
15,ENSG00000106278,PTPRZ1,43.67216,5.7921195,0.0,0.0,0.9903,1,0.0149,False
15,ENSG00000242808,SOX2-OT,43.636093,5.870147,0.0,0.0,0.9903,1,0.0149,False
15,ENSG00000156103,MMP16,43.546402,5.925411,0.0,0.0,0.9903,1,0.0149,False
15,ENSG00000116147,TNR,42.760685,6.357491,0.0,0.0,0.9903,1,0.0149,False
15,ENSG00000139910,NOVA1,42.187572,3.658493,0.0,0.0,0.9903,1,0.0149,False
15,ENSG00000072134,EPN2,42.07882,3.4333448,0.0,0.0,0.9903,1,0.0149,False
15,ENSG00000110693,SOX6,41.936077,5.5610914,0.0,0.0,0.9903,1,0.0149,False
15,ENSG00000187416,LHFPL3,41.927067,5.929779,0.0,0.0,0.9903,1,0.0149,False
15,ENSG00000196376,SLC35F1,41.873222,5.381646,0.0,0.0,0.9903,1,0.0149,False
15,ENSG00000169851,PCDH7,41.811794,5.462713,0.0,0.0,0.9903,1,0.0149,False
15,ENSG00000139915,MDGA2,41.655327,4.829685,0.0,0.0,0.9903,1,0.0149,False
15,ENSG00000164418,GRIK2,41.60349,5.3465776,0.0,0.0,0.9903,1,0.0149,False
15,ENSG00000058866,DGKG,41.425236,4.8771105,0.0,0.0,0.9903,1,0.0149,False
15,ENSG00000155052,CNTNAP5,41.35611,5.711974,0.0,0.0,0.9903,1,0.0149,False
15,ENSG00000148516,ZEB1,40.997643,5.013305,0.0,0.0,0.9903,1,0.0149,False
15,ENSG00000176204,LRRTM4,40.95345,5.219558,0.0,0.0,0.9903,1,0.0149,False
15,ENSG00000112280,COL9A1,40.91948,6.641368,0.0,0.0,0.9903,1,0.0149,False
15,ENSG00000150471,ADGRL3,40.864403,4.227956,0.0,0.0,0.9903,1,0.0149,False
15,ENSG00000112902,SEMA5A,40.846966,4.3838916,0.0,0.0,0.9903,1,0.0149,False
15,ENSG00000038382,TRIO,40.68423,4.2551794,0.0,0.0,0.9903,1,0.0149,False
15,ENSG00000188107,EYS,40.331818,6.9616146,0.0,0.0,0.9903,1,0.0149,False
15,ENSG00000171310,CHST11,40.320847,5.210258,0.0,0.0,0.9903,1,0.0149,False
15,ENSG00000078018,MAP2,40.253685,4.408235,0.0,0.0,0.9903,1,0.0149,False
15,ENSG00000169760,NLGN1,40.24388,3.8391175,0.0,0.0,0.9903,1,0.0149,False
15,ENSG00000140443,IGF1R,40.215965,3.747112,0.0,0.0,0.9903,1,0.0149,False
15,ENSG00000148948,LRRC4C,40.20885,4.028086,0.0,0.0,0.9903,1,0.0149,False
15,ENSG00000140538,NTRK3,40.171505,4.748045,0.0,0.0,0.9903,1,0.0149,False
15,ENSG00000102466,FGF14,40.094063,5.301195,0.0,0.0,0.9903,1,0.0149,False
15,ENSG00000112769,LAMA4,39.996338,6.083778,0.0,0.0,0.9903,1,0.0149,False
15,ENSG00000214548,MEG3,39.952553,5.0264096,0.0,0.0,0.9903,1,0.0149,False
15,ENSG00000198732,SMOC1,39.86228,4.798398,0.0,0.0,0.9903,1,0.0149,False
15,ENSG00000258399,MIR493HG,39.8442,5.357342,0.0,0.0,0.9903,1,0.0149,False
15,ENSG00000151952,TMEM132D,39.575363,5.7266994,0.0,0.0,0.9903,1,0.0149,False
15,ENSG00000204442,NALF1,39.544075,5.204349,0.0,0.0,0.9903,1,0.0149,False
15,ENSG00000134121,CHL1,39.46945,4.910015,0.0,0.0,0.9903,1,0.0149,False
15,ENSG00000147408,CSGALNACT1,39.215046,5.197407,0.0,0.0,0.9903,1,0.0149,False
15,ENSG00000171587,DSCAM,39.080086,5.44809,0.0,0.0,0.9903,1,0.0149,False
15,ENSG00000144868,TMEM108,38.92621,4.906902,0.0,0.0,0.9903,1,0.0149,False
15,ENSG00000224078,SNHG14,38.727566,4.1904254,0.0,0.0,0.9903,1,0.0149,False
15,ENSG00000229807,XIST,38.466537,3.41516,0.0,0.0,0.9903,1,0.0149,False
15,ENSG00000148219,ASTN2,38.00867,3.6953433,0.0,0.0,0.9903,1,0.0149,False
15,ENSG00000227036,LINC00511,37.991222,3.90337,0.0,0.0,0.9903,1,0.0149,False
15,ENSG00000100505,TRIM9,37.99019,3.1643631,0.0,0.0,0.9903,1,0.0149,False
15,ENSG00000009694,TENM1,37.868397,4.9571037,0.0,0.0,0.9903,1,0.0149,False
15,ENSG00000185942,NKAIN3,37.73746,5.730724,0.0,0.0,0.9903,1,0.0149,False
15,ENSG00000152492,CCDC50,37.66623,3.7795439,1.77490115730774e-310,8.71078021039521e-308,0.9903,1,0.0149,False
15,ENSG00000156395,SORCS3,37.592102,4.749396,2.89340745611938e-309,1.3916132500951772e-306,0.9903,1,0.0149,False
21,ENSG00000080824,HSP90AA1,15.705659,4.248198,1.3833205888637887e-55,3.326609352099639e-51,0.8488,6,0.1222,False
21,ENSG00000204389,HSPA1A,15.233085,6.511536,2.132874224496532e-52,2.5645679675346294e-48,0.8488,6,0.1222,False
21,ENSG00000204388,HSPA1B,14.927465,6.5529814,2.1841084576741384e-50,1.7507813396715896e-46,0.8488,6,0.1222,False
21,ENSG00000132002,DNAJB1,14.860891,5.4300456,5.913323723881187e-50,3.555090222797369e-46,0.8488,6,0.1222,False
21,ENSG00000120694,HSPH1,14.791291,5.428852,1.6672323062718996e-49,8.018720500245328e-46,0.8488,6,0.1222,False
21,ENSG00000106211,HSPB1,14.7120285,7.237359,5.396537512727554e-49,2.162932235101204e-45,0.8488,6,0.1222,False
21,ENSG00000170315,UBB,14.1286125,5.0896993,2.530819532211204e-45,8.694449730087863e-42,0.8488,6,0.1222,False
21,ENSG00000096384,HSP90AB1,13.78713,3.7128232,3.046382580252778e-43,9.157426036239849e-40,0.8488,6,0.1222,False
21,ENSG00000109971,HSPA8,13.579942,3.983875,5.266854149629342e-42,1.40730342878096e-38,0.8488,6,0.1222,False
21,ENSG00000115541,HSPE1,13.3950405,4.1633053,6.464055785847397e-41,1.554476135380582e-37,0.8488,6,0.1222,False
21,ENSG00000144381,HSPD1,13.220987,4.222138,6.638712072129656e-40,1.4513431628233995e-36,0.8488,6,0.1222,False
21,ENSG00000173110,HSPA6,13.180935,8.019462,1.1298180953459084e-39,2.264155463073201e-36,0.8488,6,0.1222,False
21,ENSG00000150991,UBC,13.032402,3.8350694,8.004776800154961e-39,1.4807605576163578e-35,0.8488,6,0.1222,False
21,ENSG00000109475,RPL34,12.454235,3.7112043,1.3261742866019004e-35,2.2779885174430354e-32,0.8488,6,0.1222,False
21,ENSG00000170345,FOS,12.427156,4.606052,1.8613854781549444e-35,2.984173198578006e-32,0.8488,6,0.1222,False
21,ENSG00000147604,RPL7,12.413226,3.736669,2.2154266254580632e-35,3.3297862180634687e-32,0.8488,6,0.1222,False
21,ENSG00000151929,BAG3,12.375042,6.474061,3.5670595224800774e-35,5.04592043509417e-32,0.8488,6,0.1222,False
21,ENSG00000087074,PPP1R15A,12.282333,4.903686,1.1270004569248652e-34,1.50567261045162e-31,0.8488,6,0.1222,False
21,ENSG00000177954,RPS27,12.058635,3.6361082,1.7465366288610688e-33,2.2105638342553155e-30,0.8488,6,0.1222,False
21,ENSG00000109846,CRYAB,12.052403,3.872821,1.8837567979859176e-33,2.2650291738982674e-30,0.8488,6,0.1222,False
21,ENSG00000100316,RPL3,12.033852,3.3974464,2.3589429158697627e-33,2.701326630516002e-30,0.8488,6,0.1222,False
21,ENSG00000122026,RPL21,11.854504,3.5264785,2.039296284383935e-32,2.2291362294029485e-29,0.8488,6,0.1222,False
21,ENSG00000140988,RPS2,11.793734,3.357934,4.204768448881299e-32,4.396359637334674e-29,0.8488,6,0.1222,False
21,ENSG00000147403,RPL10,11.75151,3.3356996,6.936805626278339e-32,6.950679237530895e-29,0.8488,6,0.1222,False
21,ENSG00000198918,RPL39,11.330771,3.3767943,9.238775586421449e-30,8.88696301209052e-27,0.8488,6,0.1222,False
21,ENSG00000086061,DNAJA1,11.223744,3.4457037,3.117845783716733e-29,2.883767515646923e-26,0.8488,6,0.1222,False
21,ENSG00000198034,RPS4X,11.182813,3.2285724,4.9495738372947505e-29,4.408420431083858e-26,0.8488,6,0.1222,False
21,ENSG00000156508,EEF1A1,11.021817,2.7431602,2.999430415106933e-28,2.5760822365175546e-25,0.8488,6,0.1222,False
21,ENSG00000161016,RPL8,11.002366,2.9908152,3.722341680441188e-28,3.086719749353438e-25,0.8488,6,0.1222,False
21,ENSG00000229117,RPL41,10.979205,3.1067379,4.811385357828517e-28,3.8568065028353393e-25,0.8488,6,0.1222,False
21,ENSG00000120738,EGR1,10.781939,4.0106583,4.189619812166638e-27,3.250063782031719e-24,0.8488,6,0.1222,False
21,ENSG00000105372,RPS19,10.723406,2.8888376,7.903838635505114e-27,5.9397347345820936e-24,0.8488,6,0.1222,False
21,ENSG00000167526,RPL13,10.673541,2.90268,1.3536710110220627e-26,9.864569840320777e-24,0.8488,6,0.1222,False
21,ENSG00000105640,RPL18A,10.651718,3.109064,1.7117611509921076e-26,1.2107185929134765e-23,0.8488,6,0.1222,False
21,ENSG00000143947,RPS27A,10.641841,2.993333,1.903311865569993e-26,1.307738392663634e-23,0.8488,6,0.1222,False
21,ENSG00000174748,RPL15,10.44906,2.9015691,1.479839943569853e-25,9.618159719721032e-23,0.8488,6,0.1222,False
21,ENSG00000144713,RPL32,10.436461,2.9697073,1.6899243577730643e-25,1.0694552883085962e-22,0.8488,6,0.1222,False
21,ENSG00000115268,RPS15,10.341426,2.9241278,4.576768392480755e-25,2.8221058026250563e-22,0.8488,6,0.1222,False
21,ENSG00000132475,H3-3B,10.229589,2.6470046,1.4613759436804615e-24,8.367421117530415e-22,0.8488,6,0.1222,False
21,ENSG00000116161,CACYBP,10.082395,3.5300272,6.609564075599443e-24,3.696437136977103e-21,0.8488,6,0.1222,False
21,ENSG00000137154,RPS6,10.066117,2.8643475,7.799651569900529e-24,4.262864112567453e-21,0.8488,6,0.1222,False
21,ENSG00000142541,RPL13A,10.018767,2.8872519,1.2606516353057424e-23,6.736922339073887e-21,0.8488,6,0.1222,False
21,ENSG00000167658,EEF2,10.011424,2.5367608,1.3578352302287915e-23,7.09852643837869e-21,0.8488,6,0.1222,False
21,ENSG00000164587,RPS14,9.973635,2.841147,1.9881676342345482e-23,1.0172650057036684e-20,0.8488,6,0.1222,False
21,ENSG00000105993,DNAJB6,9.905076,2.7757583,3.956693208413853e-23,1.950279738824261e-20,0.8488,6,0.1222,False
21,ENSG00000149273,RPS3,9.904643,2.7216387,3.973873386659547e-23,1.950279738824261e-20,0.8488,6,0.1222,False
21,ENSG00000142676,RPL11,9.793963,2.6882863,1.1951677556930391e-22,5.422904563944566e-20,0.8488,6,0.1222,False
21,ENSG00000161970,RPL26,9.763059,2.894741,1.621886977237445e-22,7.222803338630754e-20,0.8488,6,0.1222,False
21,ENSG00000083845,RPS5,9.752677,2.7790248,1.796667507228472e-22,7.855683675241872e-20,0.8488,6,0.1222,False
21,ENSG00000145425,RPS3A,9.729251,2.8176339,2.262528572301221e-22,9.715944126196388e-20,0.8488,6,0.1222,False
16,ENSG00000214548,MEG3,40.546787,5.829797,0.0,0.0,0.3624,10,0.3836,True
16,ENSG00000174469,CNTNAP2,40.13146,5.285304,0.0,0.0,0.3624,10,0.3836,True
16,ENSG00000185737,NRG3,39.7174,6.213391,0.0,0.0,0.3624,10,0.3836,True
16,ENSG00000170579,DLGAP1,39.68291,5.4836564,0.0,0.0,0.3624,10,0.3836,True
16,ENSG00000185008,ROBO2,38.9791,6.7154717,0.0,0.0,0.3624,10,0.3836,True
16,ENSG00000151474,FRMD4A,38.70021,4.787905,0.0,0.0,0.3624,10,0.3836,True
16,ENSG00000021645,NRXN3,37.916523,4.4306464,0.0,0.0,0.3624,10,0.3836,True
16,ENSG00000184305,CCSER1,37.393024,5.752416,5.07257361830639e-306,1.5248156296629008e-302,0.3624,10,0.3836,True
16,ENSG00000078328,RBFOX1,37.315033,5.4774203,9.361847576406783e-305,2.5014856724158923e-301,0.3624,10,0.3836,True
16,ENSG00000186487,MYT1L,37.122402,5.550327,1.2226943648821556e-301,2.940335408668608e-298,0.3624,10,0.3836,True
16,ENSG00000067715,SYT1,37.101818,5.618502,2.62617149656124e-301,5.7412883772095176e-298,0.3624,10,0.3836,True
16,ENSG00000145934,TENM2,36.933567,6.2257495,1.3370476457344264e-298,2.67944348205179e-295,0.3624,10,0.3836,True
16,ENSG00000164418,GRIK2,36.80803,4.909085,1.373515199787191e-296,2.359306680320169e-293,0.3624,10,0.3836,True
16,ENSG00000173406,DAB1,36.60488,4.7672,2.3917942532603764e-293,3.834524546827035e-290,0.3624,10,0.3836,True
16,ENSG00000182621,PLCB1,36.573112,4.7159257,7.65438875191425e-293,1.1504546294127117e-289,0.3624,10,0.3836,True
16,ENSG00000204442,NALF1,36.449684,5.0104556,6.958649898696097e-291,9.296756264657984e-288,0.3624,10,0.3836,True
16,ENSG00000183117,CSMD1,36.300884,5.07829,1.5668577088817366e-288,1.8839897091594e-285,0.3624,10,0.3836,True
16,ENSG00000176406,RIMS2,36.245216,4.7494054,1.1820376783649332e-287,1.3536020042533292e-284,0.3624,10,0.3836,True
16,ENSG00000206579,XKR4,35.56409,5.7433767,5.032279492243075e-277,5.261576401280934e-274,0.3624,10,0.3836,True
16,ENSG00000151789,ZNF385D,35.312805,6.4373064,3.735402139896833e-273,3.742872944176627e-270,0.3624,10,0.3836,True
16,ENSG00000151067,CACNA1C,35.24861,4.767452,3.6033961382287724e-272,3.4661788132850205e-269,0.3624,10,0.3836,True
16,ENSG00000102466,FGF14,35.19486,4.6041384,2.3966352598100107e-271,2.2167032587658135e-268,0.3624,10,0.3836,True
16,ENSG00000132932,ATP8A2,34.908623,4.4702077,5.501047416589884e-267,4.7246138669340545e-264,0.3624,10,0.3836,True
16,ENSG00000155974,GRIP1,34.854282,5.759553,3.666895381892147e-266,3.0407413842669775e-263,0.3624,10,0.3836,True
16,ENSG00000163618,CADPS,34.528057,4.7703776,3.0432778358231507e-261,2.439491513195838e-258,0.3624,10,0.3836,True
16,ENSG00000169933,FRMPD4,34.439884,5.5104313,6.3815472623409205e-260,4.795732767649202e-257,0.3624,10,0.3836,True
16,ENSG00000133083,DCLK1,34.35395,4.8604445,1.22954256474541e-258,8.960011999090187e-256,0.3624,10,0.3836,True
16,ENSG00000155511,GRIA1,34.25182,5.018535,4.097903790190885e-257,2.8156111527574398e-254,0.3624,10,0.3836,True
16,ENSG00000156113,KCNMA1,34.094986,4.046391,8.752418891169174e-255,5.846615819301008e-252,0.3624,10,0.3836,True
16,ENSG00000144290,SLC4A10,34.063465,5.0973864,2.564825477517217e-254,1.6669979211711898e-251,0.3624,10,0.3836,True
16,ENSG00000273079,GRIN2B,33.803986,4.787564,1.7234537664807808e-250,1.0906741099034165e-247,0.3624,10,0.3836,True
16,ENSG00000164830,OXR1,33.614437,3.737106,1.03226331551619e-247,6.365094413213677e-245,0.3624,10,0.3836,True
16,ENSG00000166006,KCNC2,33.559937,6.541488,6.448200613680289e-247,3.87665820894459e-244,0.3624,10,0.3836,True
16,ENSG00000145087,STXBP5L,33.46772,4.5443597,1.4217386696205525e-245,8.339017445618304e-243,0.3624,10,0.3836,True
16,ENSG00000185274,GALNT17,33.43522,5.292026,4.2210850286270436e-245,2.416872684962456e-242,0.3624,10,0.3836,True
16,ENSG00000218336,TENM3,33.23502,6.0023904,3.3603097104239458e-242,1.8365619980971604e-239,0.3624,10,0.3836,True
16,ENSG00000141837,CACNA1A,33.22175,4.4427633,5.2248338057069004e-242,2.7921511857697677e-239,0.3624,10,0.3836,True
16,ENSG00000186094,AGBL4,33.191837,4.4555354,1.411996879159307e-241,7.38167411957022e-239,0.3624,10,0.3836,True
16,ENSG00000182901,RGS7,33.16381,3.844807,3.581286363981895e-241,1.8323994570433322e-238,0.3624,10,0.3836,True
16,ENSG00000114279,FGF12,32.913506,4.1122117,1.4087040838425814e-237,7.057607460051333e-235,0.3624,10,0.3836,True
16,ENSG00000144619,CNTN4,32.797802,6.0466123,6.329078734166185e-236,3.044033707984569e-233,0.3624,10,0.3836,True
16,ENSG00000147481,SNTG1,32.579098,4.1579657,8.110607685388673e-233,3.824390070945623e-230,0.3624,10,0.3836,True
16,ENSG00000183715,OPCML,32.49806,4.2308755,1.1357467242412244e-231,5.2523917739524936e-229,0.3624,10,0.3836,True
16,ENSG00000183454,GRIN2A,32.44831,4.618987,5.721834767129599e-231,2.5962015562251428e-228,0.3624,10,0.3836,True
16,ENSG00000160145,KALRN,32.352585,3.9821436,1.2758932884717929e-229,5.578669418394487e-227,0.3624,10,0.3836,True
16,ENSG00000184156,KCNQ3,32.11964,4.2454596,2.3452888863756268e-226,1.0071340560635907e-223,0.3624,10,0.3836,True
16,ENSG00000081189,MEF2C,32.00868,4.6046224,8.257299402316093e-225,3.4837111583666207e-222,0.3624,10,0.3836,True
16,ENSG00000078018,MAP2,31.97951,3.3685524,2.1016345060929376e-224,8.713811483193614e-222,0.3624,10,0.3836,True
16,ENSG00000132639,SNAP25,31.87083,4.1402307,6.7741638115796836e-223,2.6705752678830857e-220,0.3624,10,0.3836,True
16,ENSG00000155093,PTPRN2,31.812775,4.3286014,4.309955324123309e-222,1.6717065424922152e-219,0.3624,10,0.3836,True
8,ENSG00000048740,CELF2,59.939167,5.800688,0.0,0.0,0.3603,9,0.3694,True
8,ENSG00000067715,SYT1,59.298325,6.860329,0.0,0.0,0.3603,9,0.3694,True
8,ENSG00000214548,MEG3,58.925865,6.373901,0.0,0.0,0.3603,9,0.3694,True
8,ENSG00000185774,KCNIP4,58.63675,7.015056,0.0,0.0,0.3603,9,0.3694,True
8,ENSG00000185737,NRG3,58.217064,6.9693856,0.0,0.0,0.3603,9,0.3694,True
8,ENSG00000078328,RBFOX1,58.02471,6.1402736,0.0,0.0,0.3603,9,0.3694,True
8,ENSG00000198626,RYR2,57.635445,5.550168,0.0,0.0,0.3603,9,0.3694,True
8,ENSG00000183117,CSMD1,57.49999,6.0169644,0.0,0.0,0.3603,9,0.3694,True
8,ENSG00000183049,CAMK1D,57.441055,6.104088,0.0,0.0,0.3603,9,0.3694,True
8,ENSG00000151067,CACNA1C,57.236652,6.2475777,0.0,0.0,0.3603,9,0.3694,True
8,ENSG00000184672,RALYL,57.00835,7.3770714,0.0,0.0,0.3603,9,0.3694,True
8,ENSG00000186094,AGBL4,56.87317,6.31509,0.0,0.0,0.3603,9,0.3694,True
8,ENSG00000145087,STXBP5L,55.942345,6.2537074,0.0,0.0,0.3603,9,0.3694,True
8,ENSG00000160145,KALRN,55.868687,5.414525,0.0,0.0,0.3603,9,0.3694,True
8,ENSG00000204442,NALF1,55.682785,5.7199054,0.0,0.0,0.3603,9,0.3694,True
8,ENSG00000145934,TENM2,55.630043,7.050741,0.0,0.0,0.3603,9,0.3694,True
8,ENSG00000156113,KCNMA1,55.594555,4.9118032,0.0,0.0,0.3603,9,0.3694,True
8,ENSG00000184156,KCNQ3,55.310177,5.787353,0.0,0.0,0.3603,9,0.3694,True
8,ENSG00000176406,RIMS2,55.17243,5.5028825,0.0,0.0,0.3603,9,0.3694,True
8,ENSG00000186487,MYT1L,54.935726,6.161308,0.0,0.0,0.3603,9,0.3694,True
8,ENSG00000151474,FRMD4A,54.81488,4.7026143,0.0,0.0,0.3603,9,0.3694,True
8,ENSG00000179915,NRXN1,54.50163,4.9607124,0.0,0.0,0.3603,9,0.3694,True
8,ENSG00000148408,CACNA1B,54.190495,6.757207,0.0,0.0,0.3603,9,0.3694,True
8,ENSG00000184305,CCSER1,54.133617,6.155161,0.0,0.0,0.3603,9,0.3694,True
8,ENSG00000182901,RGS7,54.066357,4.7038126,0.0,0.0,0.3603,9,0.3694,True
8,ENSG00000132639,SNAP25,53.996735,5.2674212,0.0,0.0,0.3603,9,0.3694,True
8,ENSG00000183715,OPCML,53.89682,5.4329987,0.0,0.0,0.3603,9,0.3694,True
8,ENSG00000185760,KCNQ5,53.681225,5.8202653,0.0,0.0,0.3603,9,0.3694,True
8,ENSG00000144290,SLC4A10,53.463867,6.2386937,0.0,0.0,0.3603,9,0.3694,True
8,ENSG00000133083,DCLK1,53.08902,5.442331,0.0,0.0,0.3603,9,0.3694,True
8,ENSG00000169744,LDB2,52.89849,6.4226236,0.0,0.0,0.3603,9,0.3694,True
8,ENSG00000170579,DLGAP1,52.805817,4.8375545,0.0,0.0,0.3603,9,0.3694,True
8,ENSG00000053108,FSTL4,52.71479,8.707414,0.0,0.0,0.3603,9,0.3694,True
8,ENSG00000283154,IQCJ-SCHIP1,52.637047,4.500695,0.0,0.0,0.3603,9,0.3694,True
8,ENSG00000169933,FRMPD4,52.292873,6.533039,0.0,0.0,0.3603,9,0.3694,True
8,ENSG00000184349,EFNA5,52.245373,7.2721696,0.0,0.0,0.3603,9,0.3694,True
8,ENSG00000183454,GRIN2A,52.152374,5.2436767,0.0,0.0,0.3603,9,0.3694,True
8,ENSG00000112232,KHDRBS2,51.597115,5.8193626,0.0,0.0,0.3603,9,0.3694,True
8,ENSG00000002746,HECW1,51.521057,5.579841,0.0,0.0,0.3603,9,0.3694,True
8,ENSG00000141837,CACNA1A,51.39424,4.6979876,0.0,0.0,0.3603,9,0.3694,True
8,ENSG00000183023,SLC8A1,51.30451,4.8810987,0.0,0.0,0.3603,9,0.3694,True
8,ENSG00000157152,SYN2,51.27193,6.016209,0.0,0.0,0.3603,9,0.3694,True
8,ENSG00000184613,NELL2,50.905205,6.081157,0.0,0.0,0.3603,9,0.3694,True
8,ENSG00000132932,ATP8A2,50.69338,4.7894573,0.0,0.0,0.3603,9,0.3694,True
8,ENSG00000154162,CDH12,50.3632,6.613233,0.0,0.0,0.3603,9,0.3694,True
8,ENSG00000182621,PLCB1,50.240913,4.426511,0.0,0.0,0.3603,9,0.3694,True
8,ENSG00000168959,GRM5,50.172997,5.1369185,0.0,0.0,0.3603,9,0.3694,True
8,ENSG00000144218,AFF3,50.16409,4.4559755,0.0,0.0,0.3603,9,0.3694,True
8,ENSG00000101489,CELF4,50.12515,6.3444004,0.0,0.0,0.3603,9,0.3694,True
8,ENSG00000174469,CNTNAP2,49.89743,4.094721,0.0,0.0,0.3603,9,0.3694,True
13,ENSG00000106278,PTPRZ1,52.576454,5.9328327,0.0,0.0,0.9595,1,0.0572,False
13,ENSG00000102466,FGF14,52.23517,6.6711907,0.0,0.0,0.9595,1,0.0572,False
13,ENSG00000134121,CHL1,51.65351,6.189956,0.0,0.0,0.9595,1,0.0572,False
13,ENSG00000091129,NRCAM,51.40119,5.3946414,0.0,0.0,0.9595,1,0.0572,False
13,ENSG00000134532,SOX5,50.296196,5.7897406,0.0,0.0,0.9595,1,0.0572,False
13,ENSG00000196376,SLC35F1,49.43432,5.6392393,0.0,0.0,0.9595,1,0.0572,False
13,ENSG00000187416,LHFPL3,49.109608,5.819347,0.0,0.0,0.9595,1,0.0572,False
13,ENSG00000168702,LRP1B,48.965393,4.3822026,0.0,0.0,0.9595,1,0.0572,False
13,ENSG00000110693,SOX6,48.24363,5.3466907,0.0,0.0,0.9595,1,0.0572,False
13,ENSG00000148516,ZEB1,48.11911,5.0882945,0.0,0.0,0.9595,1,0.0572,False
13,ENSG00000058866,DGKG,47.915283,4.8641715,0.0,0.0,0.9595,1,0.0572,False
13,ENSG00000038382,TRIO,47.690655,4.1779394,0.0,0.0,0.9595,1,0.0572,False
13,ENSG00000185565,LSAMP,47.67966,3.7662528,0.0,0.0,0.9595,1,0.0572,False
13,ENSG00000169760,NLGN1,47.508995,3.8647842,0.0,0.0,0.9595,1,0.0572,False
13,ENSG00000172915,NBEA,47.206013,4.1647816,0.0,0.0,0.9595,1,0.0572,False
13,ENSG00000150471,ADGRL3,47.180058,4.146124,0.0,0.0,0.9595,1,0.0572,False
13,ENSG00000108018,SORCS1,46.84074,5.2730975,0.0,0.0,0.9595,1,0.0572,False
13,ENSG00000155052,CNTNAP5,46.168873,5.49683,0.0,0.0,0.9595,1,0.0572,False
13,ENSG00000148498,PARD3,46.052006,5.007764,0.0,0.0,0.9595,1,0.0572,False
13,ENSG00000078018,MAP2,45.894268,4.2398834,0.0,0.0,0.9595,1,0.0572,False
13,ENSG00000116147,TNR,45.471687,5.5097136,0.0,0.0,0.9595,1,0.0572,False
13,ENSG00000148948,LRRC4C,45.24424,3.9291406,0.0,0.0,0.9595,1,0.0572,False
13,ENSG00000139910,NOVA1,45.036686,3.11972,0.0,0.0,0.9595,1,0.0572,False
13,ENSG00000156395,SORCS3,44.58126,5.059681,0.0,0.0,0.9595,1,0.0572,False
13,ENSG00000107518,ATRNL1,44.552975,4.70339,0.0,0.0,0.9595,1,0.0572,False
13,ENSG00000147408,CSGALNACT1,44.452644,5.3271165,0.0,0.0,0.9595,1,0.0572,False
13,ENSG00000171310,CHST11,44.443542,4.829835,0.0,0.0,0.9595,1,0.0572,False
13,ENSG00000242808,SOX2-OT,44.21002,4.761168,0.0,0.0,0.9595,1,0.0572,False
13,ENSG00000139364,TMEM132B,44.15649,4.418891,0.0,0.0,0.9595,1,0.0572,False
13,ENSG00000133401,PDZD2,43.762333,4.1877546,0.0,0.0,0.9595,1,0.0572,False
13,ENSG00000182732,RGS6,43.265675,5.335211,0.0,0.0,0.9595,1,0.0572,False
13,ENSG00000095637,SORBS1,43.167625,4.258445,0.0,0.0,0.9595,1,0.0572,False
13,ENSG00000184384,MAML2,43.160206,3.4720483,0.0,0.0,0.9595,1,0.0572,False
13,ENSG00000156103,MMP16,43.128452,4.448618,0.0,0.0,0.9595,1,0.0572,False
13,ENSG00000227036,LINC00511,42.96411,3.7566118,0.0,0.0,0.9595,1,0.0572,False
13,ENSG00000156113,KCNMA1,42.77224,4.072493,0.0,0.0,0.9595,1,0.0572,False
13,ENSG00000148655,LRMDA,42.720596,5.217182,0.0,0.0,0.9595,1,0.0572,False
13,ENSG00000144724,PTPRG,42.653927,4.3223443,0.0,0.0,0.9595,1,0.0572,False
13,ENSG00000196083,IL1RAP,42.610844,5.4120274,0.0,0.0,0.9595,1,0.0572,False
13,ENSG00000038427,VCAN,42.386543,4.7845325,0.0,0.0,0.9595,1,0.0572,False
13,ENSG00000112902,SEMA5A,41.927025,3.740036,0.0,0.0,0.9595,1,0.0572,False
13,ENSG00000118922,KLF12,41.80724,4.2381983,0.0,0.0,0.9595,1,0.0572,False
13,ENSG00000181234,TMEM132C,41.46049,4.212953,0.0,0.0,0.9595,1,0.0572,False
13,ENSG00000176204,LRRTM4,41.357796,4.2814035,0.0,0.0,0.9595,1,0.0572,False
13,ENSG00000237515,SHISA9,41.146816,4.9355593,0.0,0.0,0.9595,1,0.0572,False
13,ENSG00000237238,BMS1P10,41.13591,6.638985,0.0,0.0,0.9595,1,0.0572,False
13,ENSG00000170921,TANC2,40.64216,2.7295122,0.0,0.0,0.9595,1,0.0572,False
13,ENSG00000183715,OPCML,40.56975,4.398702,0.0,0.0,0.9595,1,0.0572,False
13,ENSG00000099204,ABLIM1,40.547752,4.6654687,0.0,0.0,0.9595,1,0.0572,False
13,ENSG00000152492,CCDC50,40.41475,3.6277335,0.0,0.0,0.9595,1,0.0572,False
24,ENSG00000198804,MT-CO1,7.3460565,8.093815,2.0414036445628297e-13,5.131558376426748e-10,1.0,1,-0.0,False
24,ENSG00000198888,MT-ND1,7.3459997,7.6562777,2.0422655345501877e-13,5.131558376426748e-10,1.0,1,-0.0,False
24,ENSG00000198763,MT-ND2,7.3459716,7.8504434,2.042696613594265e-13,5.131558376426748e-10,1.0,1,-0.0,False
24,ENSG00000198712,MT-CO2,7.345746,7.4735045,2.046148465558061e-13,5.131558376426748e-10,1.0,1,-0.0,False
24,ENSG00000198938,MT-CO3,7.3454638,7.246381,2.050471339922795e-13,5.131558376426748e-10,1.0,1,-0.0,False
24,ENSG00000198727,MT-CYB,7.3448424,7.2479634,2.0600132704326446e-13,5.131558376426748e-10,1.0,1,-0.0,False
24,ENSG00000198886,MT-ND4,7.344758,7.042151,2.061317817990147e-13,5.131558376426748e-10,1.0,1,-0.0,False
24,ENSG00000198786,MT-ND5,7.34106,6.3317747,2.119081459074647e-13,5.131558376426748e-10,1.0,1,-0.0,False
24,ENSG00000198840,MT-ND3,7.340298,7.1325417,2.131183100723921e-13,5.131558376426748e-10,1.0,1,-0.0,False
24,ENSG00000198899,MT-ATP6,7.340129,7.257523,2.1338815603903651e-13,5.131558376426748e-10,1.0,1,-0.0,False
24,ENSG00000071082,RPL31,7.309109,5.3039804,2.68919569357834e-13,5.444965074084408e-10,1.0,1,-0.0,False
24,ENSG00000212907,MT-ND4L,7.3031254,5.800457,2.811594016722631e-13,5.444965074084408e-10,1.0,1,-0.0,False
24,ENSG00000197756,RPL37A,7.296958,5.1154776,2.9434691435087033e-13,5.444965074084408e-10,1.0,1,-0.0,False
24,ENSG00000155980,KIF5A,7.241043,6.2857995,4.452474771634722e-13,7.099360472459845e-10,1.0,1,-0.0,False
24,ENSG00000229117,RPL41,7.2392645,4.9644027,4.511238075662392e-13,7.099360472459845e-10,1.0,1,-0.0,False
24,ENSG00000111775,COX6A1,7.233027,4.3824954,4.723460061516863e-13,7.099360472459845e-10,1.0,1,-0.0,False
24,ENSG00000156467,UQCRB,7.1980977,4.311951,6.105841995169955e-13,7.820323816320843e-10,1.0,1,-0.0,False
24,ENSG00000145592,RPL37,7.186751,4.48025,6.635128738743965e-13,7.820323816320843e-10,1.0,1,-0.0,False
24,ENSG00000138326,RPS24,7.184352,4.557924,6.752680526908568e-13,7.820323816320843e-10,1.0,1,-0.0,False
24,ENSG00000172809,RPL38,7.1843233,4.669295,6.754075584875418e-13,7.820323816320843e-10,1.0,1,-0.0,False
24,ENSG00000189043,NDUFA4,7.1828136,4.3677254,6.829125089102533e-13,7.820323816320843e-10,1.0,1,-0.0,False
24,ENSG00000010404,IDS,7.140052,4.4422507,9.329585877391494e-13,1.0198085508159574e-09,1.0,1,-0.0,False
24,ENSG00000131095,GFAP,7.1123905,5.1810846,1.1404998473847065e-12,1.19246697086554e-09,1.0,1,-0.0,False
24,ENSG00000112306,RPS12,7.0620923,4.50705,1.640137608851013e-12,1.6157911242520546e-09,1.0,1,-0.0,False
24,ENSG00000109475,RPL34,7.058776,4.539533,1.679756241945333e-12,1.6157911242520546e-09,1.0,1,-0.0,False
24,ENSG00000196683,TOMM7,6.954567,3.8959484,3.536465799721243e-12,3.2709588289114014e-09,1.0,1,-0.0,False
24,ENSG00000101439,CST3,6.9411597,4.844227,3.888937555303016e-12,3.463747049256553e-09,1.0,1,-0.0,False
24,ENSG00000171858,RPS21,6.9357686,4.323307,4.040181170969058e-12,3.469938457123711e-09,1.0,1,-0.0,False
24,ENSG00000127184,COX7C,6.8890696,3.7483475,5.615852655598055e-12,4.6568974021317945e-09,1.0,1,-0.0,False
24,ENSG00000125462,MIR9-1HG,6.8724585,4.0180936,6.3104673693847066e-12,5.058470643298781e-09,1.0,1,-0.0,False
24,ENSG00000168913,ENHO,6.86464,6.8836102,6.665906569138852e-12,5.171023263698423e-09,1.0,1,-0.0,False
24,ENSG00000241343,RPL36A,6.803687,4.538504,1.01975019899443e-11,7.663422745443142e-09,1.0,1,-0.0,False
24,ENSG00000182774,RPS17,6.7904916,4.431372,1.1175219781008913e-11,8.143687433142493e-09,1.0,1,-0.0,False
24,ENSG00000136942,RPL35,6.7732315,3.934543,1.2593720044217331e-11,8.907464106568776e-09,1.0,1,-0.0,False
24,ENSG00000198695,MT-ND6,6.7392335,5.5292497,1.5922409704478566e-11,1.0820555859707805e-08,1.0,1,-0.0,False
24,ENSG00000147684,NDUFB9,6.736736,3.6741915,1.6198436915730244e-11,1.0820555859707805e-08,1.0,1,-0.0,False
24,ENSG00000118181,RPS25,6.7247963,3.966541,1.7583822962828903e-11,1.1428534448921877e-08,1.0,1,-0.0,False
24,ENSG00000161970,RPL26,6.7155523,4.322575,1.873550409437762e-11,1.1856615854252449e-08,1.0,1,-0.0,False
24,ENSG00000143947,RPS27A,6.707974,4.0036874,1.9734527933379176e-11,1.2168613531843652e-08,1.0,1,-0.0,False
24,ENSG00000144713,RPL32,6.69022,4.0342517,2.22835432115434e-11,1.3396866178779894e-08,1.0,1,-0.0,False
24,ENSG00000122026,RPL21,6.6634903,4.1363325,2.6739974604461894e-11,1.5513365129725758e-08,1.0,1,-0.0,False
24,ENSG00000186468,RPS23,6.6615567,4.021005,2.709420057586834e-11,1.5513365129725758e-08,1.0,1,-0.0,False
24,ENSG00000198242,RPL23A,6.651367,3.9394395,2.9038245401361936e-11,1.6239807567719813e-08,1.0,1,-0.0,False
24,ENSG00000213741,RPS29,6.6019726,3.9717412,4.057226847664176e-11,2.2174588916506387e-08,1.0,1,-0.0,False
24,ENSG00000152082,MZT2B,6.576852,3.5880032,4.805134787041273e-11,2.5678640301948564e-08,1.0,1,-0.0,False
24,ENSG00000124614,RPS10,6.5485554,3.9498205,5.809624664262961e-11,3.037170737525993e-08,1.0,1,-0.0,False
24,ENSG00000163682,RPL9,6.5386343,3.9171183,6.208314431299612e-11,3.1765435200828325e-08,1.0,1,-0.0,False
24,ENSG00000116251,RPL22,6.5290656,3.7820225,6.6181191225223e-11,3.27967958191812e-08,1.0,1,-0.0,False
24,ENSG00000182899,RPL35A,6.527612,3.7903588,6.682647185378737e-11,3.27967958191812e-08,1.0,1,-0.0,False
24,ENSG00000168309,FAM107A,6.4851184,7.5861506,8.866208935376892e-11,4.232036264281342e-08,1.0,1,-0.0,False
23,ENSG00000170290,SLN,11.989334,14.312897,4.041405305497868e-33,4.8827738528628047e-29,0.8542,2,0.0842,False
23,ENSG00000106483,SFRP4,11.988936,11.032,4.0608564977235566e-33,4.8827738528628047e-29,0.8542,2,0.0842,False
23,ENSG00000120885,CLU,11.950527,6.2980247,6.4514503325395e-33,5.171482586563664e-29,0.8542,2,0.0842,False
23,ENSG00000110492,MDK,11.917237,7.5843253,9.624740493685242e-33,5.786393984803567e-29,0.8542,2,0.0842,False
23,ENSG00000197746,PSAP,11.896139,4.687419,1.2395007787128364e-32,5.961502945297257e-29,0.8542,2,0.0842,False
23,ENSG00000026025,VIM,11.729991,6.084033,8.946793223529335e-32,3.585874723990558e-28,0.8542,2,0.0842,False
23,ENSG00000136235,GPNMB,11.684613,8.334978,1.527739460262035e-31,5.248439791483059e-28,0.8542,2,0.0842,False
23,ENSG00000109472,CPE,11.632214,6.148425,2.826714074253108e-31,8.497102507204845e-28,0.8542,2,0.0842,False
23,ENSG00000205542,TMSB4X,11.523593,5.088947,1.0033843176830399e-30,2.6439183619610818e-27,0.8542,2,0.0842,False
23,ENSG00000104763,ASAH1,11.515716,4.68961,1.0994337832506165e-30,2.6439183619610818e-27,0.8542,2,0.0842,False
23,ENSG00000162998,FRZB,11.477946,10.075426,1.7027728705430145e-30,3.722571090074401e-27,0.8542,2,0.0842,False
23,ENSG00000087086,FTL,11.413925,4.8736753,3.5627999476829115e-30,7.139851095156554e-27,0.8542,2,0.0842,False
23,ENSG00000176046,NUPR1,11.311141,5.772835,1.1557651933470552e-29,2.1379877976623063e-26,0.8542,2,0.0842,False
23,ENSG00000137575,SDCBP,11.26175,5.580983,2.0269148605277273e-29,3.4816606118550564e-26,0.8542,2,0.0842,False
23,ENSG00000136156,ITM2B,11.233822,3.6704211,2.7818071486243164e-29,4.459793220674504e-26,0.8542,2,0.0842,False
23,ENSG00000130203,APOE,11.21147,5.0613146,3.58195887508176e-29,5.383684189247884e-26,0.8542,2,0.0842,False
23,ENSG00000100097,LGALS1,11.145373,5.299691,7.542702884249625e-29,1.0077051053357496e-25,0.8542,2,0.0842,False
23,ENSG00000167996,FTH1,11.0252695,4.459886,2.8865148403709038e-28,3.6534162569073426e-25,0.8542,2,0.0842,False
23,ENSG00000092841,MYL6,10.969922,3.6460226,5.331849221621918e-28,6.411015504078195e-25,0.8542,2,0.0842,False
23,ENSG00000106211,HSPB1,10.9139595,4.8202233,9.885441491203089e-28,1.1320242713354852e-24,0.8542,2,0.0842,False
23,ENSG00000145247,OCIAD2,10.87121,6.9141192,1.5808992067322958e-27,1.7280665510681023e-24,0.8542,2,0.0842,False
23,ENSG00000198034,RPS4X,10.796709,4.025564,3.567607712431931e-27,3.7301665334157866e-24,0.8542,2,0.0842,False
23,ENSG00000113140,SPARC,10.736935,4.2855105,6.827401600305214e-27,6.841056403505824e-24,0.8542,2,0.0842,False
23,ENSG00000135046,ANXA1,10.664785,7.8904715,1.487418648585065e-26,1.4307777464469462e-23,0.8542,2,0.0842,False
23,ENSG00000067225,PKM,10.5889015,4.1138754,3.3550641154839135e-26,3.103176224967583e-23,0.8542,2,0.0842,False
23,ENSG00000130066,SAT1,10.459805,4.1093802,1.3212747314029468e-25,1.1768153607695582e-22,0.8542,2,0.0842,False
23,ENSG00000113732,ATP6V0E1,10.414106,3.3056693,2.1379535848060186e-25,1.8361967074076831e-22,0.8542,2,0.0842,False
23,ENSG00000125148,MT2A,10.4010935,4.3514323,2.4510480916696246e-25,2.0325105002921082e-22,0.8542,2,0.0842,False
23,ENSG00000140319,SRP14,10.358257,3.275261,3.838934261088412e-25,2.978022293892069e-22,0.8542,2,0.0842,False
23,ENSG00000112335,SNX3,10.31357,3.5714624,6.118502460465472e-25,4.598054599039802e-22,0.8542,2,0.0842,False
23,ENSG00000244734,HBB,10.273172,6.534431,9.309174551285027e-25,6.783849382100069e-22,0.8542,2,0.0842,False
23,ENSG00000166681,BEX3,10.154963,3.4052386,3.1493099225228012e-24,2.2274883828478914e-21,0.8542,2,0.0842,False
23,ENSG00000197956,S100A6,10.020263,4.0698133,1.2417207734345785e-23,8.531686045587069e-21,0.8542,2,0.0842,False
23,ENSG00000206503,HLA-A,9.92073,3.1918275,3.382733355185961e-23,2.2596658812642215e-20,0.8542,2,0.0842,False
23,ENSG00000075624,ACTB,9.894254,3.1429243,4.408875844309269e-23,2.833196644198107e-20,0.8542,2,0.0842,False
23,ENSG00000197747,S100A10,9.892585,5.773298,4.4830139122801863e-23,2.833196644198107e-20,0.8542,2,0.0842,False
23,ENSG00000135404,CD63,9.868538,3.4196005,5.698920272805922e-23,3.426190868010921e-20,0.8542,2,0.0842,False
23,ENSG00000068697,LAPTM4A,9.82846,4.5172653,8.490711543403497e-23,4.7484797952504023e-20,0.8542,2,0.0842,False
23,ENSG00000101439,CST3,9.812602,3.8048422,9.937263336768184e-23,5.310473527168917e-20,0.8542,2,0.0842,False
23,ENSG00000140988,RPS2,9.678378,3.4793305,3.725803314189581e-22,1.9063429382900222e-19,0.8542,2,0.0842,False
23,ENSG00000108551,RASD1,9.577038,6.681902,9.986831594476849e-22,4.803266523679587e-19,0.8542,2,0.0842,False
23,ENSG00000189043,NDUFA4,9.510708,2.9735167,1.8936902098494066e-21,8.132046815439023e-19,0.8542,2,0.0842,False
23,ENSG00000164733,CTSB,9.478404,3.6290352,2.582024926514735e-21,1.0705609557383852e-18,0.8542,2,0.0842,False
23,ENSG00000166963,MAP1A,9.464439,3.3988426,2.951405000883748e-21,1.182923124354206e-18,0.8542,2,0.0842,False
23,ENSG00000002586,CD99,9.453553,4.931872,3.2752076873074276e-21,1.2911835158093282e-18,0.8542,2,0.0842,False
23,ENSG00000103811,CTSH,9.392428,7.610969,5.863234216495265e-21,2.274178329649647e-18,0.8542,2,0.0842,False
23,ENSG00000182287,AP1S2,9.383617,3.5783653,6.37470788352367e-21,2.433317066396464e-18,0.8542,2,0.0842,False
23,ENSG00000119655,NPC2,9.368132,3.5644796,7.382798826381414e-21,2.7740866590128164e-18,0.8542,2,0.0842,False
23,ENSG00000147604,RPL7,9.352585,3.45734,8.553174584657954e-21,3.1644114217208386e-18,0.8542,2,0.0842,False
23,ENSG00000187193,MT1X,9.316355,4.1676702,1.2040638241804054e-20,4.387170733922786e-18,0.8542,2,0.0842,False
19,ENSG00000151914,DST,20.400394,1.8908472,1.6587348750079528e-92,1.9944628137095624e-88,0.9467,4,0.054,False
19,ENSG00000160584,SIK3,20.170137,2.7619638,1.791434544606877e-90,1.4360139309568729e-86,0.9467,4,0.054,False
19,ENSG00000166086,JAM3,19.188831,2.743589,4.5883697097041616e-82,2.758527869474142e-78,0.9467,4,0.054,False
19,ENSG00000176771,NCKAP5,18.8536,2.8869827,2.7451435310355176e-79,1.3203042326868424e-75,0.9467,4,0.054,False
19,ENSG00000151320,AKAP6,17.99371,2.223478,2.182476703940436e-72,8.747366629393267e-69,0.9467,4,0.054,False
19,ENSG00000114541,FRMD4B,17.947788,2.2924228,4.993958287732843e-72,1.7156386986199915e-68,0.9467,4,0.054,False
19,ENSG00000048471,SNX29,17.593515,2.510455,2.7620163427202424e-69,8.302621126217048e-66,0.9467,4,0.054,False
19,ENSG00000151240,DIP2C,17.557903,2.1282432,5.175150382846735e-69,1.3828001822966477e-65,0.9467,4,0.054,False
19,ENSG00000157985,AGAP1,17.548656,2.120424,6.090385058223337e-69,1.464615798801548e-65,0.9467,4,0.054,False
19,ENSG00000081913,PHLPP1,17.5391,2.5138123,7.205798106217802e-69,1.575318480530234e-65,0.9467,4,0.054,False
19,ENSG00000156475,PPP2R2B,17.49455,2.6222277,1.576512057022404e-68,3.1593301622728987e-65,0.9467,4,0.054,False
19,ENSG00000169918,OTUD7A,17.295025,2.4530878,5.128091910843997e-67,9.486181097844342e-64,0.9467,4,0.054,False
19,ENSG00000164741,DLC1,17.284073,2.5753918,6.201046473387015e-67,1.0651626113715068e-63,0.9467,4,0.054,False
19,ENSG00000197959,DNM3,17.12707,2.0317726,9.323373932856853e-66,1.4947233089156106e-62,0.9467,4,0.054,False
19,ENSG00000157483,MYO1E,16.534826,2.5670793,2.059696720238878e-61,2.913622748723796e-58,0.9467,4,0.054,False
19,ENSG00000165029,ABCA1,16.280071,2.798428,1.3670919027713392e-59,1.7303066356760617e-56,0.9467,4,0.054,False
19,ENSG00000115355,CCDC88A,16.234243,1.6305945,2.8878776690001656e-59,3.4723841092057993e-56,0.9467,4,0.054,False
19,ENSG00000054267,ARID4B,16.228148,2.0401297,3.1894001604145954e-59,3.526747181328585e-56,0.9467,4,0.054,False
19,ENSG00000127603,MACF1,16.22744,1.787082,3.2263987853139083e-59,3.526747181328585e-56,0.9467,4,0.054,False
19,ENSG00000099331,MYO9B,16.038315,2.087395,6.900066337625208e-58,7.214469360313521e-55,0.9467,4,0.054,False
19,ENSG00000188641,DPYD,15.724167,2.3649178,1.0330042044426748e-55,9.936674043374978e-53,0.9467,4,0.054,False
19,ENSG00000198597,ZNF536,15.60291,2.120492,6.955029558332829e-55,6.432867339184149e-52,0.9467,4,0.054,False
19,ENSG00000165959,CLMN,15.587864,2.0727878,8.802871656210389e-55,7.78309886076003e-52,0.9467,4,0.054,False
19,ENSG00000163531,NFASC,15.586009,1.79043,9.062157688842349e-55,7.78309886076003e-52,0.9467,4,0.054,False
19,ENSG00000163697,APBB2,15.574757,1.9692929,1.0806378723129331e-54,8.96109639771773e-52,0.9467,4,0.054,False
19,ENSG00000128512,DOCK4,15.402284,2.054944,1.57989771894371e-53,1.266446011505278e-50,0.9467,4,0.054,False
19,ENSG00000169504,CLIC4,15.382246,2.3942342,2.153459228075736e-53,1.670528629573074e-50,0.9467,4,0.054,False
19,ENSG00000155849,ELMO1,15.269509,2.1648083,1.220890050967553e-52,9.17498873302116e-50,0.9467,4,0.054,False
19,ENSG00000146592,CREB5,15.254231,2.0158677,1.5430087267462272e-52,1.1244325412361596e-49,0.9467,4,0.054,False
19,ENSG00000176658,MYO1D,14.984688,2.0980175,9.245920920868986e-51,6.53958547956051e-48,0.9467,4,0.054,False
19,ENSG00000257585,LINC00609,14.970141,2.5368023,1.1507627522302382e-50,7.906726475895076e-48,0.9467,4,0.054,False
19,ENSG00000140575,IQGAP1,14.935911,2.000945,1.924244424456611e-50,1.285395275537016e-47,0.9467,4,0.054,False
19,ENSG00000088538,DOCK3,14.855434,2.0686262,6.415110058005793e-50,4.1694747749979266e-47,0.9467,4,0.054,False
19,ENSG00000156011,PSD3,14.8141775,1.9389285,1.1863265998116289e-49,7.507574229544751e-47,0.9467,4,0.054,False
19,ENSG00000184792,OSBP2,14.753711,2.2594087,2.912041148613784e-49,1.7956093728683152e-46,0.9467,4,0.054,False
19,ENSG00000116731,PRDM2,14.697423,2.3312635,6.696005224531564e-49,4.025638340988376e-46,0.9467,4,0.054,False
19,ENSG00000243156,MICAL3,14.662916,1.9178404,1.1138496268321416e-48,6.533135567331547e-46,0.9467,4,0.054,False
19,ENSG00000106772,PRUNE2,14.6311455,1.8129624,1.7776983126472412e-48,1.0106302947747804e-45,0.9467,4,0.054,False
19,ENSG00000115896,PLCL1,14.630029,2.079096,1.8070984146421972e-48,1.0106302947747804e-45,0.9467,4,0.054,False
19,ENSG00000054523,KIF1B,14.522494,1.508327,8.72751365669525e-48,4.7699829185501683e-45,0.9467,4,0.054,False
19,ENSG00000152910,CNTNAP4,14.484359,2.2521985,1.5213519631243626e-47,8.130104890936594e-45,0.9467,4,0.054,False
19,ENSG00000145362,ANK2,14.438004,1.8174183,2.9835995120869647e-47,1.5597739362318988e-44,0.9467,4,0.054,False
19,ENSG00000112851,ERBIN,14.421868,1.8238806,3.769992175056678e-47,1.9289525920375106e-44,0.9467,4,0.054,False
19,ENSG00000183960,KCNH8,14.176621,2.1869228,1.2785508180927772e-45,6.274814300713286e-43,0.9467,4,0.054,False
19,ENSG00000054690,PLEKHH1,14.165527,1.7595778,1.4973874429025552e-45,7.20183464538413e-43,0.9467,4,0.054,False
19,ENSG00000183230,CTNNA3,14.153521,2.6512024,1.7763605040243993e-45,8.376062235446816e-43,0.9467,4,0.054,False
19,ENSG00000068878,PSME4,14.000489,2.0813434,1.5480150691160705e-44,7.158974304250628e-42,0.9467,4,0.054,False
19,ENSG00000152377,SPOCK1,13.889776,1.6112486,7.306320888773183e-44,3.3151397119474985e-41,0.9467,4,0.054,False
19,ENSG00000070759,TESK2,13.855111,3.0117707,1.1847263092448565e-43,5.275981163837095e-41,0.9467,4,0.054,False
19,ENSG00000073417,PDE8A,13.764006,1.8620222,4.1962020819167135e-43,1.8347321393806022e-40,0.9467,4,0.054,False
